CASEID,PSU,CASENO,CASENUMBER,CATEGORY,VEHNO,VIN,VINLENGTH,VPICMAKE,VPICMODEL,VPICBODYCLASS,ICFINALBODY,MAKE,MODEL,MODELYR,BODYTYPE,BODYCAT,VEHCLASS,SPECUSE,TRANSTAT,DAMPLANE,DAMSEV,CURBWT,CURBSRC,CARGOWT,CARGOSRC,INSPTYPE,INSPLAG,TOWED,SPEEDLIMIT,DRPRESENT,PARALCOHOL,ALCTEST,ALCTESTRESULT,ALCTESTSRC,PARDRUG,DRUGTEST,ZIP,RACE,ETHNICITY,RELTOJUNCT,TRAFFLOW,RDLANES,INITLANE,SURFTYPE,SURFCOND,ALIGNMENT,PROFILE,LINERIGHT,LINELEFT,RUMBINIT,RUMBROAD,LIGHTCOND,WEATHER,TRAFDEV,TRAFFUNCT,DISTRACT,PREFHE,PREMOVE,CRITCAT,CRITEVENT,MANEUVER,PRESTAB,PRELOC,CRASHCAT,CRASHCONF,CRASHTYPE,ROLLTYPE,ROLLTURN,ROLLINTRPT,ROLLPREMAN,ROLLINITYP,ROLLINLOC,ROLLOBJ,ROLLTRIP,ROLLDIR,ROLLDIST,DVANGTHIS,DVANGOTH,TOWHITCH,TRAJDOC,TREEPOLE,DVEVENT,DVBASIS,DVTOTAL,DVLONG,DVLAT,DVENERGY,DVSPEED,DVMOMENT,DVBES,DVEST,DVCONF,VAIS,VISS,VINJSEV,VINJURED,VTREAT,INITOBJCLASS,HEADANGLECAT,SHLDRWIDTH,STRKLENGTH,STRKWIDTH,STRKHEIGHT,EDGEDISTX,EDGEDISTY,EDGEDISTZ,CASEWGT,PSUSTRAT,VERSION
28259,59,5,1-59-2023-005-06,6,1,1G1JC5SH2E42,17,467,1835,13,0,20,28,2014,4,1,1,0,1,F,2,1245,5,9999,9,5,34,2,48,1,0,0,995,0,0,0,47802,9,9,0,4,2,1,2,2,1,1,1,4,0,0,2,5,5,2,9,1,1,2,13,8,1,4,1,A,1,0,0,0,0,0,0,0,0,0,0,998,998,0,1,0,1,10,999,999,999,9999999,999,999,999,7,0,1,1,0,1,5,0,998,0.0,120,120,999,0.0,0.0,0.0,59.63268043,6,8
28260,59,6,1-59-2023-006-07,7,1,3N1CE2CP5FL4,17,478,1898,5,0,35,50,2015,5,1,2,0,1,F,1,1096,5,0,1,1,26,2,97,1,0,0,995,0,0,0,47858,9,9,0,1,2,1,2,1,1,1,1,3,2,3,2,8,0,0,9,0,1,6,87,2,1,1,1,C,13,0,0,0,0,0,0,0,0,0,0,998,998,0,0,0,1,10,999,999,999,9999999,999,32,22,2,0,0,0,0,0,0,0,998,9.8,998,998,998,99.8,99.8,99.8,106.6438594,6,8
28264,28,2,1-28-2023-002-03,3,1,2CNALDEW5A62,17,467,1847,7,0,20,404,2010,14,3,14,0,1,F,1,1713,5,0,1,1,6,2,56,1,0,0,995,0,0,0,16950,9,9,3,4,2,1,2,1,3,1,0,2,0,0,1,8,0,0,1,0,14,3,50,2,1,1,2,D,20,0,0,0,0,0,0,0,0,0,0,90,90,0,0,0,1,1,24,-24,0,67963,998,-17,31,0,1,0,0,0,0,0,0,995,9.8,998,998,998,99.8,99.8,99.8,58.45560422,3,8
28264,28,2,1-28-2023-002-03,3,2,5TDBRKEC0NS0,17,448,2468,2,0,49,442,2022,20,4,20,0,1,B,1,2096,5,0,1,1,5,2,56,1,0,0,995,0,0,0,16920,7,2,3,4,2,1,2,1,3,1,0,2,0,0,1,8,0,0,1,0,5,3,53,1,1,1,2,D,22,0,0,0,0,0,0,0,0,0,0,90,90,0,0,0,1,1,20,20,0,7245,998,-23,9,0,1,1,1,0,1,4,0,995,9.8,998,998,998,99.8,99.8,99.8,58.45560422,3,8
28266,66,2,1-66-2023-002-07,7,1,4T4BF1FK7GR5,17,448,2469,13,0,49,40,2016,4,1,4,0,1,F,1,1467,5,0,1,1,10,2,113,1,0,0,995,0,7,0,85387,9,9,1,3,1,1,2,1,1,2,1,2,0,0,2,1,2,2,3,0,1,3,52,4,1,1,2,D,28,0,0,0,0,0,0,0,0,0,0,120,110,0,0,0,1,3,17,-17,3,17192,998,-12,17,0,4,99,99,0,0,99,0,995,9.8,998,998,998,99.8,99.8,99.8,166.5525861,6,8
28266,66,2,1-66-2023-002-07,7,2,KNDJT2A63C74,17,499,2460,7,0,63,37,2012,6,1,2,99,1,B,1,1260,5,9999,9,0,998,5,113,1,0,0,995,0,7,0,85387,9,9,1,3,1,1,2,1,1,2,1,2,0,0,2,1,2,2,1,0,2,2,18,1,1,1,2,D,29,0,0,0,0,0,0,0,0,0,0,110,120,0,0,0,1,3,19,19,0,19451,998,-20,19,0,4,95,95,95,95,95,0,995,9.8,998,998,998,99.8,99.8,99.8,166.5525861,6,8
28267,48,2,1-48-2023-002-10,10,1,3D7KU28C34G2,17,476,1938,60,0,7,482,2004,34,5,31,0,1,N,2,2719,5,0,1,4,3,2,121,1,0,0,995,0,0,0,84302,9,9,2,1,1,1,2,1,1,2,1,2,0,0,1,8,0,0,1,0,1,4,62,2,1,1,6,M,0,0,0,0,0,0,0,0,0,0,0,997,997,1,1,0,1,5,999,999,999,9999999,999,999,999,7,0,0,0,0,0,0,0,997,9.8,998,998,998,99.8,99.8,99.8,976.7649458,12,8
28268,18,2,1-18-2023-002-09,9,1,JF1GD29662G5,17,523,2235,13,0,48,38,2002,4,1,1,0,1,T,9,1399,5,9999,9,0,998,2,105,1,0,0,995,0,0,0,54739,1,9,1,1,2,1,1,5,2,9,1,3,2,3,2,10,0,0,1,1,14,1,6,99,3,4,1,A,2,1,4,2,2,1,4,61,1,2,19,997,997,0,0,0,99,0,999,999,999,9999999,999,999,999,9,0,9,97,0,1,99,3,997,9.8,998,998,998,99.8,99.8,99.8,795.1980874,6,8
28269,27,2,1-27-2023-002-03,3,1,1FM5K8D89DGC,17,460,1800,7,0,12,401,2013,14,3,14,0,1,F,1,2146,5,0,1,1,4,2,56,1,8,0,995,0,7,0,01201,1,2,2,4,3,2,2,2,1,1,1,2,0,0,3,2,1,2,9,0,1,2,17,4,1,1,5,L,86,0,0,0,0,0,0,0,0,0,0,295,25,0,0,0,1,1,21,-18,11,89298,998,109,26,0,4,1,1,0,1,4,0,995,9.8,998,998,998,99.8,99.8,99.8,28.60727824,3,8
28269,27,2,1-27-2023-002-03,3,2,3GKALTEV1LL2,17,472,1858,7,0,23,402,2020,14,3,14,0,1,R,2,1643,5,0,2,1,6,2,48,1,8,0,995,0,7,0,01240,1,2,2,4,2,1,2,2,1,1,1,2,0,0,3,2,1,2,1,0,1,4,66,3,1,1,5,L,87,0,0,0,0,0,0,0,0,0,0,25,295,0,0,0,1,1,27,-14,-24,19066,998,-9,17,0,4,1,1,0,1,6,0,995,1.4,52,52,999,1.3,0.7,1.5,28.60727824,3,8
28272,73,3,1-73-2023-003-03,3,1,4S3GKAA60M16,17,523,2235,13,0,48,38,2021,4,1,3,0,1,F,3,1376,5,0,1,1,7,2,72,1,8,0,995,0,7,0,04967,9,9,0,4,2,1,2,3,1,1,1,2,0,0,2,4,0,0,1,0,1,4,62,4,1,1,3,G,51,0,0,0,0,0,0,0,0,0,0,265,70,0,0,0,1,12,999,999,999,9999999,999,999,999,8,0,1,1,0,1,5,0,995,0.3,999,999,999,99.9,99.9,99.9,153.9157712,3,8
28272,73,3,1-73-2023-003-03,3,2,1C4RDJAG6HC9,17,476,3508,7,0,7,422,2017,15,3,15,0,1,F,3,2262,5,0,1,1,7,2,72,1,0,0,995,0,7,0,16915,9,9,0,4,2,1,2,3,1,2,1,2,0,0,2,4,0,0,1,1,1,2,10,99,1,2,3,G,50,0,0,0,0,0,0,0,0,0,0,70,265,0,0,0,1,12,999,999,999,9999999,999,999,999,8,0,0,0,0,0,0,0,995,9.8,998,998,998,99.8,99.8,99.8,153.9157712,3,8
28273,27,4,1-27-2023-004-04,4,1,1G1ZD5ST5NF1,17,467,1834,13,0,20,37,2022,4,1,4,0,1,F,3,1418,5,0,1,1,7,2,64,1,0,0,995,0,0,0,10024,9,9,0,4,2,1,2,1,1,4,1,4,0,0,1,1,0,0,3,1,1,2,13,99,1,4,1,A,1,0,0,0,0,0,0,0,0,0,0,998,998,0,0,0,1,98,999,999,999,9999999,999,999,999,8,0,0,0,0,0,0,0,998,2.2,999,45,86,99.9,99.9,99.9,85.87909038,3,8
28277,12,2,1-12-2023-002-09,9,1,5TBET34136S5,17,448,2467,60,0,49,482,2006,34,5,31,0,1,T,9,2150,5,9999,9,0,998,2,72,1,8,0,995,0,7,0,73401,1,2,0,4,2,1,2,1,1,4,0,0,0,0,1,8,0,0,3,1,1,1,9,99,3,4,1,A,2,1,2,1,2,1,4,61,1,2,12,997,997,0,1,0,1,0,999,999,999,9999999,999,999,999,9,0,0,0,0,0,4,3,997,0.0,120,5,120,10.3,5.8,11.7,332.7000447,9,8
28278,22,2,1-22-2023-002-09,9,1,1G8ZS57N87F1,17,1056,4336,13,0,24,9,2007,4,1,4,0,1,T,2,1601,5,0,1,1,18,2,105,1,0,0,995,0,0,0,99403,1,9,0,4,2,1,2,5,3,4,1,2,0,0,1,5,0,0,9,1,14,1,5,99,2,4,1,B,7,1,2,2,2,1,4,61,1,2,5,997,997,0,0,0,1,6,999,999,999,9999999,999,999,999,7,0,1,1,0,1,4,3,997,9.8,998,998,998,99.8,99.8,99.8,121.4537489,12,8
28279,22,3,1-22-2023-003-09,9,1,3FAHP08118R1,17,460,1780,13,0,12,23,2008,4,1,3,0,1,F,1,1429,5,0,1,1,13,2,89,1,0,0,995,0,0,0,99163,9,9,0,4,2,1,2,5,3,4,1,2,1,0,1,8,0,0,9,1,14,1,6,99,2,4,1,B,7,0,0,0,0,0,0,0,0,0,0,998,998,0,0,0,1,1,14,-14,0,11831,998,-33,14,0,4,9,97,0,1,6,0,998,1.0,120,120,999,9.1,3.9,9.9,121.4537489,12,8
28282,15,3,1-15-2023-003-04,4,1,NMTKHMBX3KR1,17,448,17213,8,0,49,405,2019,14,3,14,0,1,F,1,1497,5,0,1,5,10,2,64,1,8,9,998,8,7,9,11501,1,2,0,4,4,1,2,1,1,1,1,3,0,0,3,1,0,0,1,0,1,4,64,8,1,1,2,F,49,0,0,0,0,0,0,0,0,0,0,270,270,0,0,0,1,98,999,999,999,9999999,999,999,999,6,0,0,0,0,0,0,0,995,9.8,998,998,998,99.8,99.8,99.8,59.14919386,1,8
28282,15,3,1-15-2023-003-04,4,2,5YJ3E1EA9KF3,17,441,17834,13,0,29,5,2019,4,1,4,0,1,B,1,1672,5,0,1,5,11,2,64,1,8,9,998,8,7,9,11001,7,2,0,4,4,1,2,1,1,1,1,3,0,0,3,1,0,0,1,1,8,8,98,99,1,7,2,F,49,0,0,0,0,0,0,0,0,0,0,270,270,0,0,0,1,98,999,999,999,9999999,999,999,999,6,0,0,0,0,0,0,0,995,9.8,998,998,998,99.8,99.8,99.8,59.14919386,1,8
28284,26,2,1-26-2023-002-03,3,1,JTJBARBZ1K21,17,515,3653,7,0,59,405,2019,14,3,14,0,1,R,3,1755,5,9999,9,4,43,2,105,1,1,8,997,8,9,9,95747,9,9,1,2,5,3,2,2,3,9,1,3,0,0,3,8,9,9,9,1,14,2,13,99,9,4,1,A,1,0,0,0,0,0,0,0,0,0,0,998,998,0,1,1,4,12,999,999,999,9999999,999,999,999,8,0,1,1,0,1,4,0,998,2.3,999,999,999,39.6,1.2,39.7,822.1613429,10,8
28288,12,3,1-12-2023-003-07,7,1,3N1CN7AP6EL8,17,478,1894,13,0,35,50,2014,4,1,2,0,1,L,1,1132,5,0,1,1,12,2,40,1,0,0,995,0,0,0,73401,1,2,2,4,2,1,2,1,1,1,0,0,0,0,1,1,2,2,1,0,1,2,17,8,1,1,5,L,89,0,0,0,0,0,0,0,0,0,0,180,270,0,0,0,1,1,19,-3,19,6103,998,76,10,0,1,0,0,0,0,0,0,995,9.8,998,998,998,99.8,99.8,99.8,428.8600139,9,8
28288,12,3,1-12-2023-003-07,7,2,1FT7W2BT4FEC,17,460,1805,60,0,12,481,2015,34,5,31,0,1,F,1,3097,5,0,1,1,34,2,40,1,0,0,995,0,0,0,73446,1,1,2,4,2,1,2,1,1,1,0,0,0,0,1,1,0,0,1,0,1,4,66,2,1,1,5,L,88,0,0,0,0,0,0,0,0,0,0,270,180,0,0,0,1,1,8,-7,-1,24904,998,2,14,0,1,0,0,0,0,0,0,995,9.8,998,998,998,99.8,99.8,99.8,428.8600139,9,8
28289,29,2,1-29-2023-002-06,6,1,3N1AB7AP0HY3,17,478,1907,13,0,35,43,2017,4,1,3,0,1,F,1,1300,5,0,1,1,7,2,105,1,0,0,995,0,0,0,02740,1,9,1,3,4,1,2,1,1,9,1,3,2,3,1,8,0,0,1,1,16,2,10,1,1,2,2,F,47,0,0,0,0,0,0,0,0,0,0,70,90,0,0,0,1,98,999,999,999,9999999,999,999,999,6,0,1,1,0,1,4,0,995,1.5,999,999,999,99.9,1.5,99.9,1430.299664,2,8
28289,29,2,1-29-2023-002-06,6,2,1GCGTCE35G11,17,467,4086,60,0,20,473,2016,34,5,31,0,1,R,9,2001,5,9999,9,0,998,5,105,1,0,0,995,0,0,0,02777,9,9,1,2,4,4,2,1,1,9,3,2,1,3,1,8,0,0,1,0,1,4,61,99,1,1,2,F,45,0,0,0,0,0,0,0,0,0,0,90,70,0,0,0,1,0,999,999,999,9999999,999,999,999,9,0,95,95,95,95,95,0,995,9.8,998,998,998,99.8,99.8,99.8,1430.299664,2,8
28294,15,5,1-15-2023-005-09,9,1,1G6KD54Y44U2,17,469,8844,13,0,19,3,2004,4,1,5,0,1,F,3,1804,5,0,1,1,34,2,48,1,8,9,998,8,7,9,11550,9,9,2,4,4,1,2,1,1,1,1,3,0,0,3,1,0,0,9,0,1,4,66,99,9,1,5,L,86,0,0,0,0,0,0,0,0,0,0,110,170,0,0,0,1,5,999,999,999,9999999,999,999,52,4,0,2,5,0,1,4,0,995,9.8,998,998,998,99.8,99.8,99.8,128.174375,1,8
28294,15,5,1-15-2023-005-09,9,2,1M2LR1GC6MM0,17,490,2034,11,0,86,882,2021,63,8,60,0,1,R,9,,,,,,,5,48,1,8,9,998,8,7,9,11704,9,9,2,4,2,1,2,1,1,1,0,0,0,0,3,1,2,2,9,0,1,2,17,99,9,1,5,L,87,,,,,,,,,,,,,,,,,,,,,,,,,,,95,95,95,95,95,,,9.8,998,998,998,99.8,99.8,99.8,128.174375,1,8
28295,15,6,1-15-2023-006-06,6,1,5FNRL5H63FB1,17,474,1869,2,0,37,441,2015,20,4,20,0,1,F,1,2067,5,9999,9,4,17,2,48,1,8,9,998,8,7,9,11570,1,2,2,4,2,1,2,1,1,1,2,1,0,0,1,1,0,0,9,0,11,2,15,1,1,1,4,J,68,0,0,0,0,0,0,0,0,0,0,150,5,0,0,0,1,12,999,999,999,9999999,999,999,999,6,0,1,1,0,1,4,0,995,9.8,998,998,998,99.8,99.8,99.8,37.22235551,1,8
28295,15,6,1-15-2023-006-06,6,2,4T1BF1FKXHU4,17,448,2469,13,0,49,40,2017,4,1,4,0,1,F,2,1467,5,9999,9,5,11,2,48,1,8,9,998,8,7,9,11580,1,2,2,4,2,1,2,1,1,1,1,2,0,0,1,1,0,0,9,0,1,4,62,1,1,1,4,J,69,0,0,0,0,0,0,0,0,0,0,5,150,0,0,0,1,12,999,999,999,9999999,999,999,999,7,0,0,0,0,0,4,0,995,9.8,998,998,998,99.8,99.8,99.8,37.22235551,1,8
28298,20,4,1-20-2023-004-06,6,1,JF2SJAECXJH4,17,523,2234,7,0,48,401,2018,14,3,14,0,1,N,9,1498,5,0,1,5,17,2,72,1,0,0,995,0,0,0,90230,3,2,0,4,2,1,2,2,1,1,1,2,1,0,2,2,5,2,1,1,1,2,12,1,1,4,6,M,0,0,0,0,0,0,0,0,0,0,0,997,997,0,1,0,,,,,,,,,,,0,1,1,0,1,6,0,997,9.8,998,998,998,99.8,99.8,99.8,110.3069253,11,8
28299,16,4,1-16-2023-004-03,3,1,3GNAXUEV0NL1,17,467,1847,7,0,20,404,2022,14,3,14,0,1,F,1,1572,5,9999,9,4,49,2,89,1,0,0,995,0,0,0,45205,9,1,0,2,5,2,2,1,3,1,3,3,0,3,3,1,0,0,1,1,15,2,10,99,1,2,2,F,47,0,0,0,0,0,0,0,0,0,0,150,175,0,0,0,2,12,999,999,999,9999999,999,999,999,6,0,0,0,0,0,8,0,995,9.8,998,998,998,99.8,99.8,99.8,85.07157391,5,8
28299,16,4,1-16-2023-004-03,3,2,3WKZDP9X6PF2,17,532,2734,66,0,85,881,2023,66,8,68,0,1,R,9,,,,,,,5,89,1,0,0,995,0,0,0,47040,9,9,0,2,5,3,2,1,3,1,3,3,0,3,3,1,0,0,1,1,15,2,11,99,1,2,2,F,46,,,,,,,,,,,,,,,,,,,,,,,,,,,95,95,95,95,95,,,9.8,998,998,998,99.8,99.8,99.8,85.07157391,5,8
28299,16,4,1-16-2023-004-03,3,3,1GAZGMFG6L11,17,467,1848,9,0,20,461,2020,21,4,21,0,1,R,9,2761,5,9999,9,0,998,5,89,1,0,0,995,0,0,0,45050,9,9,0,2,5,3,2,1,1,1,3,1,0,3,3,1,0,0,1,0,14,4,61,99,1,1,6,M,98,0,0,0,0,0,0,0,0,0,0,175,150,0,0,0,2,0,999,999,999,9999999,999,999,999,9,0,95,95,95,95,95,0,995,9.8,998,998,998,99.8,99.8,99.8,85.07157391,5,8
28301,25,4,1-25-2023-004-05,5,1,3VWVH69MX3M1,17,482,3137,13,0,30,40,2003,4,1,1,0,1,F,1,1400,5,0,1,1,11,2,56,1,1,1,0,2,1,2,04530,9,9,0,4,2,1,2,2,1,1,1,2,0,0,1,2,0,0,9,1,1,2,10,99,1,2,3,I,64,0,0,0,0,0,0,0,0,0,0,250,90,0,0,0,1,1,20,-18,7,28335,998,41,21,0,1,3,10,1,1,4,0,995,9.8,998,998,998,99.8,99.8,99.8,39.67447201,2,8
28301,25,4,1-25-2023-004-05,5,2,1FTMF1C84GKE,17,460,1801,60,0,12,481,2016,34,5,30,0,1,L,1,1884,5,82,1,1,28,2,56,1,0,0,995,0,0,0,04011,9,9,0,4,2,1,2,2,1,1,1,2,0,0,1,2,0,0,1,1,1,4,62,8,1,4,3,I,65,0,0,0,0,0,0,0,0,0,0,90,250,0,0,0,1,1,14,-11,9,23966,998,-147,13,0,1,2,4,0,1,3,0,995,9.8,998,998,998,99.8,99.8,99.8,39.67447201,2,8
28305,54,5,1-54-2023-005-01,1,1,WDBWK5EA0AF2,17,449,2080,1,0,42,45,2010,1,1,1,0,1,F,3,1490,5,0,1,1,3,2,89,1,0,1,0,4,0,2,35582,1,9,0,4,2,1,2,2,1,1,1,3,2,3,2,2,0,0,9,1,1,1,6,99,9,4,1,B,7,0,0,0,0,0,0,0,0,0,0,998,998,0,0,2,1,7,999,999,999,9999999,999,999,999,8,0,2,5,1,1,1,0,998,0.2,56,56,120,5.1,4.9,7.0,126.2270126,9,8
28306,54,6,1-54-2023-006-06,6,1,2FMDK3J90DBB,17,460,1797,7,0,12,24,2013,6,1,4,0,1,F,1,1852,5,0,1,4,4,2,40,1,0,0,995,0,0,0,35653,9,9,0,4,2,1,2,2,1,4,0,0,0,0,1,8,0,0,9,1,1,2,10,99,1,2,3,I,64,0,0,0,0,0,0,0,0,0,0,345,180,0,0,0,1,3,15,-14,5,12974,998,34,13,0,4,0,0,0,0,0,0,995,0.0,120,40,999,0.0,0.0,0.0,2692.229381,9,8
28306,54,6,1-54-2023-006-06,6,2,1N4AL3AP7GC2,17,478,1904,13,0,35,47,2016,4,1,4,0,1,L,1,1453,5,0,1,1,19,2,40,1,0,0,995,0,0,0,35653,1,9,0,4,2,1,2,2,1,2,0,0,0,0,1,8,0,0,9,0,1,4,62,4,1,1,3,I,65,0,0,0,0,0,0,0,0,0,0,180,345,0,0,0,1,3,19,-16,9,30225,998,-61,21,0,4,2,5,0,1,4,0,995,0.0,80,110,120,0.0,0.0,0.0,2692.229381,9,8
28307,77,3,1-77-2023-003-06,6,1,JF2SJAEC3JH4,17,523,2234,7,0,48,401,2018,14,3,14,0,1,F,2,1498,5,0,1,1,10,2,72,1,0,0,995,0,0,0,24590,9,9,2,4,2,1,2,1,1,1,0,2,0,0,2,1,2,2,3,1,1,2,14,3,1,4,1,C,14,0,0,0,0,0,0,0,0,0,0,998,998,0,1,1,1,1,32,-32,0,62124,998,-9,32,0,4,99,99,0,0,0,0,998,0.0,44,42,94,0.4,0.4,2.4,814.4528627,9,8
28308,77,4,1-77-2023-004-08,8,1,WDBUF87X38B2,17,449,2081,13,0,42,48,2008,4,1,4,0,1,R,2,1785,5,0,1,1,6,2,105,1,0,0,995,0,0,0,22974,9,9,0,1,2,1,2,1,3,9,1,3,2,3,1,1,0,0,1,1,14,1,1,1,4,2,6,M,98,1,1,2,5,1,4,61,1,1,999,997,997,0,0,0,1,6,999,999,999,9999999,999,999,999,7,0,0,0,0,0,4,3,997,9.8,998,998,998,99.8,99.8,99.8,260.4209499,9,8
28309,59,7,1-59-2023-007-05,5,1,1FTFW1ET4EKD,17,460,1801,60,0,12,481,2014,34,5,31,0,1,L,1,2574,5,0,1,1,19,2,89,1,0,0,995,0,0,0,47850,1,9,2,4,2,1,2,1,1,1,1,2,0,0,2,1,2,2,2,0,1,2,17,4,1,1,5,L,89,0,0,0,0,0,0,0,0,0,0,280,10,0,0,0,1,1,12,-2,12,11347,998,97,9,0,1,2,5,0,1,4,0,995,9.8,998,998,998,99.8,99.8,99.8,49.55652444,6,8
28309,59,7,1-59-2023-007-05,5,2,1GCVKSEJ8FZ2,17,467,1850,60,0,20,481,2015,34,5,31,0,1,F,1,2366,5,0,1,1,10,2,89,1,0,0,995,0,0,0,62454,9,9,2,4,2,1,2,1,1,1,1,2,0,0,2,1,0,0,1,0,1,4,66,2,1,1,5,L,88,0,0,0,0,0,0,0,0,0,0,10,280,0,0,0,1,1,13,-13,-2,26538,998,-43,16,0,1,0,0,0,0,0,0,995,9.8,998,998,998,99.8,99.8,99.8,49.55652444,6,8
28310,59,8,1-59-2023-008-09,9,1,1HTMMMML9HH6,17,526,2649,11,0,84,881,2017,62,8,60,0,1,F,9,,,,,,,2,64,1,8,8,997,8,1,2,43232,9,9,2,1,4,2,2,2,1,1,1,3,0,0,2,2,1,2,9,0,1,2,17,99,9,1,4,K,83,,,,,,,,,,,,,,,,,,,,,,,,,,,95,95,95,95,95,,,9.8,998,998,998,99.8,99.8,99.8,1071.271291,6,8
28310,59,8,1-59-2023-008-09,9,2,WVWMN7AN8CE5,17,482,8121,13,0,30,52,2012,4,1,3,0,1,L,3,1510,5,0,1,1,5,2,64,1,0,1,0,2,0,0,47802,1,9,2,4,4,2,2,2,1,1,1,2,0,0,2,2,1,2,9,0,11,4,66,99,1,1,4,K,82,0,0,0,0,0,0,0,0,0,0,190,315,0,1,0,1,5,999,999,999,9999999,999,999,44,4,0,3,22,1,1,3,0,995,9.8,998,998,998,99.8,99.8,99.8,1071.271291,6,8
28312,19,6,1-19-2023-006-07,7,1,1FM5K7D89FGC,17,460,1800,7,0,12,401,2015,14,3,14,0,1,R,1,2067,5,91,1,1,5,2,72,1,0,0,995,0,0,0,36207,1,9,2,1,3,3,2,1,3,1,1,2,0,0,1,1,1,2,9,0,11,2,15,99,1,1,4,J,68,0,0,0,0,0,0,0,0,0,0,230,100,0,0,0,1,3,10,-7,-6,15547,998,150,9,0,4,0,0,0,0,0,0,995,9.8,998,998,998,99.8,99.8,99.8,926.9505525,9,8
28312,19,6,1-19-2023-006-07,7,2,5TFMU4FN1BX0,17,448,2223,60,0,49,472,2011,34,5,31,0,1,F,1,1900,5,0,1,4,5,2,72,1,0,0,995,0,0,0,35068,1,9,2,1,3,3,2,1,2,4,3,2,0,0,1,1,1,2,9,0,14,4,62,99,1,1,4,J,69,0,0,0,0,0,0,0,0,0,0,100,230,0,0,0,1,3,11,-11,2,9264,998,41,11,0,4,0,0,0,0,0,0,995,9.8,998,998,998,99.8,99.8,99.8,926.9505525,9,8
28313,19,7,1-19-2023-007-03,3,1,1HGCV1F12LA0,17,474,1861,13,0,37,32,2020,4,1,4,0,1,L,9,1433,5,9999,9,4,25,2,72,1,8,0,995,0,1,0,35904,2,9,3,4,2,1,1,1,1,1,0,2,0,0,1,1,0,0,9,1,10,2,10,99,1,2,4,K,78,0,0,0,0,0,0,0,0,0,0,40,60,0,0,0,1,12,999,999,999,9999999,999,999,999,9,0,1,1,0,1,4,0,995,9.8,998,998,998,99.8,99.8,99.8,105.6334655,9,8
28313,19,7,1-19-2023-007-03,3,2,5TDYKRFH0ES0,17,448,2213,7,0,49,403,2014,14,3,14,0,1,F,2,1925,5,0,4,1,5,2,72,1,0,0,995,0,0,0,35901,1,9,3,1,3,2,2,1,2,1,3,2,0,0,1,1,0,0,9,0,14,4,70,3,1,1,4,K,79,0,0,0,0,0,0,0,0,0,0,60,40,0,0,0,1,98,999,999,999,9999999,999,999,999,7,0,0,0,0,0,0,0,995,9.8,998,998,998,99.8,99.8,99.8,105.6334655,9,8
28314,12,4,1-12-2023-004-04,4,1,1GCUYEEL7MZ3,17,467,1850,60,0,20,481,2021,34,5,31,0,1,F,2,2184,5,0,1,1,15,2,89,1,8,0,995,0,7,0,73086,9,9,0,4,2,1,2,1,1,1,1,4,3,3,2,8,0,0,1,0,1,6,87,1,1,1,1,C,13,0,0,0,0,0,0,0,0,0,0,998,998,0,0,0,1,10,999,999,999,9999999,999,999,999,7,0,0,0,0,0,0,0,998,9.8,998,998,998,99.8,99.8,99.8,673.577735,9,8
28315,12,5,1-12-2023-005-04,4,1,5NPE24AF9KH7,17,498,2459,13,0,55,33,2019,4,1,4,0,1,F,1,1475,5,0,1,1,2,2,56,1,1,8,997,8,7,0,73401,1,2,0,4,2,1,2,1,1,1,0,2,0,0,2,1,0,0,1,1,1,2,13,8,1,4,1,A,1,0,0,0,0,0,0,0,0,0,0,998,998,0,0,0,1,12,999,999,999,9999999,999,999,999,6,0,0,0,0,0,0,0,998,0.0,85,96,58,12.8,2.1,13.0,673.577735,9,8
28317,17,5,1-17-2023-005-10,10,1,1GNEK13Z22J2,17,467,1852,7,0,20,421,2002,15,3,15,0,1,F,1,2291,5,0,1,1,11,2,89,1,0,0,995,0,0,0,61282,9,9,0,1,3,1,2,2,1,1,1,1,2,3,3,1,0,0,9,0,1,3,51,2,1,1,2,D,24,0,0,0,0,0,0,0,0,0,0,240,240,0,0,0,1,3,13,-13,0,25853,998,5,16,0,4,0,0,0,0,0,0,995,9.8,998,998,998,99.8,99.8,99.8,290.0965645,4,8
28317,17,5,1-17-2023-005-10,10,2,3GKALMEV9JL3,17,472,1858,7,0,23,402,2018,14,3,14,0,1,B,1,1509,5,9999,9,0,998,5,89,1,0,0,995,0,0,0,61265,9,9,0,1,3,1,2,2,1,1,1,1,2,3,3,1,0,0,9,0,1,3,53,99,1,1,2,D,25,0,0,0,0,0,0,0,0,0,0,240,240,0,0,0,1,3,22,22,0,18188,998,0,18,0,4,95,95,95,95,95,0,995,9.8,998,998,998,99.8,99.8,99.8,290.0965645,4,8
28318,17,6,1-17-2023-006-07,7,1,JTEBU5JR9J54,17,448,2216,7,0,49,401,2018,14,3,14,0,1,T,1,2180,5,0,1,1,3,2,89,1,9,0,995,0,9,0,61232,1,2,0,4,2,1,2,5,1,1,1,4,0,0,1,4,0,0,1,1,1,1,6,99,9,4,1,A,2,1,3,2,2,1,3,61,1,2,20,997,997,0,1,0,2,6,999,999,999,9999999,999,999,999,6,0,0,0,0,0,0,3,997,3.0,120,102,-15,7.6,5.1,9.2,99.91225403,4,8