CASEID,PSU,CASENO,CASENUMBER,CATEGORY,VEHNO,VIN,VINLENGTH,VPICMAKE,VPICMODEL,VPICBODYCLASS,ICFINALBODY,MAKE,MODEL,MODELYR,BODYTYPE,BODYCAT,VEHCLASS,SPECUSE,TRANSTAT,DAMPLANE,DAMSEV,CURBWT,CURBSRC,CARGOWT,CARGOSRC,INSPTYPE,INSPLAG,TOWED,SPEEDLIMIT,DRPRESENT,PARALCOHOL,ALCTEST,ALCTESTRESULT,ALCTESTSRC,PARDRUG,DRUGTEST,ZIP,RACE,ETHNICITY,RELTOJUNCT,TRAFFLOW,RDLANES,INITLANE,SURFTYPE,SURFCOND,ALIGNMENT,PROFILE,LINERIGHT,LINELEFT,RUMBINIT,RUMBROAD,LIGHTCOND,WEATHER,TRAFDEV,TRAFFUNCT,DISTRACT,PREFHE,PREMOVE,CRITCAT,CRITEVENT,MANEUVER,PRESTAB,PRELOC,CRASHCAT,CRASHCONF,CRASHTYPE,ROLLTYPE,ROLLTURN,ROLLINTRPT,ROLLPREMAN,ROLLINITYP,ROLLINLOC,ROLLOBJ,ROLLTRIP,ROLLDIR,ROLLDIST,DVANGTHIS,DVANGOTH,TOWHITCH,TRAJDOC,TREEPOLE,DVEVENT,DVBASIS,DVTOTAL,DVLONG,DVLAT,DVENERGY,DVSPEED,DVMOMENT,DVBES,DVEST,DVCONF,VAIS,VISS,VINJSEV,VINJURED,VTREAT,INITOBJCLASS,HEADANGLECAT,SHLDRWIDTH,STRKLENGTH,STRKWIDTH,STRKHEIGHT,EDGEDISTX,EDGEDISTY,EDGEDISTZ,CASEWGT,PSUSTRAT,VERSION
28323,52,5,1-52-2023-005-09,9,1,KNJLT05H7S61,17,460,6703,5,0,12,36,1995,3,1,1,0,1,F,1,909,5,68,1,1,5,2,40,1,9,0,995,0,9,0,99999,9,9,2,4,4,2,2,1,1,1,3,2,0,0,3,1,1,2,9,1,11,1,9,99,9,4,1,A,2,0,0,0,0,0,0,0,0,0,0,998,998,0,0,2,4,10,999,999,999,9999999,999,48,20,2,0,99,99,0,0,99,0,998,0.0,110,15,15,0.0,0.0,0.0,200.5287183,12,8
28324,52,6,1-52-2023-006-07,7,1,1FMCU9G91GUC,17,460,1798,7,0,12,402,2016,14,3,14,0,1,F,1,1713,5,0,1,1,3,2,56,1,0,0,995,0,0,0,59102,9,9,3,4,2,1,2,1,1,1,0,0,0,0,3,1,0,0,2,0,11,2,15,2,1,1,4,K,82,0,0,0,0,0,0,0,0,0,0,280,15,0,0,0,1,1,14,-11,9,38244,998,131,17,0,4,99,99,0,0,99,0,995,9.8,998,998,998,99.8,99.8,99.8,258.487338,12,8
28324,52,6,1-52-2023-006-07,7,2,JA4MT31X37U0,17,481,2163,7,0,52,47,2007,6,1,3,0,1,F,1,1600,5,0,1,1,4,2,56,1,0,0,995,0,0,0,59102,9,9,3,4,4,1,2,1,1,1,0,3,0,0,3,1,0,0,9,0,1,4,67,99,1,1,4,K,83,0,0,0,0,0,0,0,0,0,0,15,280,0,0,0,1,1,15,-12,-10,10350,998,-96,10,0,4,99,99,0,0,99,0,995,9.8,998,998,998,99.8,99.8,99.8,258.487338,12,8
28326,14,3,1-14-2023-003-06,6,1,JA4AP3AU3HZ0,17,481,13867,7,0,52,47,2017,6,1,3,0,1,F,1,1475,5,0,1,1,23,2,89,1,0,0,995,0,0,0,78130,9,1,0,1,2,2,2,1,1,2,3,2,0,0,1,1,0,0,9,0,1,6,87,1,1,1,1,C,13,0,0,0,0,0,0,0,0,0,0,998,998,0,0,0,1,12,999,999,999,9999999,999,999,999,6,0,9,97,0,1,99,0,998,9.8,998,998,998,99.8,99.8,99.8,2101.47449,8,8
28328,18,3,1-18-2023-003-04,4,1,JF2SKADC4LH4,17,523,2234,7,0,48,401,2020,14,3,14,0,1,F,1,1569,5,0,1,1,13,2,89,1,0,0,995,0,0,0,54703,1,2,0,4,2,1,2,1,2,1,1,2,3,3,2,8,6,2,1,0,14,6,87,98,1,1,1,C,13,0,0,0,0,0,0,0,0,0,0,998,998,0,0,0,1,10,999,999,999,9999999,999,0,15,2,0,1,1,0,1,0,0,998,9.8,998,998,998,99.8,99.8,99.8,822.5715765,6,8
28329,11,4,1-11-2023-004-09,9,1,1GNDT13S8222,17,467,4548,7,0,20,401,2002,14,3,14,0,1,L,1,2099,5,0,1,1,11,2,40,1,9,0,995,0,9,0,23841,9,9,2,4,3,2,2,1,1,9,1,2,0,0,1,1,2,2,3,0,11,2,15,99,1,1,4,K,82,0,0,0,0,0,0,0,0,0,0,230,0,0,0,0,1,3,17,-8,14,35255,998,-2,20,0,1,9,97,0,1,99,0,995,9.8,998,998,998,99.8,99.8,99.8,1072.047264,8,8
28329,11,4,1-11-2023-004-09,9,2,1J7GT26S4ML5,17,483,14905,60,0,2,482,1991,34,5,30,0,1,F,2,1357,5,9999,9,0,998,2,40,1,0,0,995,0,0,0,23860,9,9,2,4,4,1,2,1,1,9,0,3,0,0,1,1,0,0,1,0,1,4,67,99,1,1,4,K,83,0,0,0,0,0,0,0,0,0,0,0,230,0,0,0,1,3,27,-27,5,33524,998,37,24,0,4,99,99,0,0,99,0,995,9.7,999,999,999,0.0,0.0,0.0,1072.047264,8,8
28330,11,5,1-11-2023-005-01,1,1,KM8JN12D75U0,17,498,2058,7,0,55,402,2005,14,3,14,0,1,T,2,1529,5,0,1,4,43,2,40,1,0,0,995,0,0,0,23224,9,9,1,2,1,1,2,1,2,9,1,2,0,0,2,1,0,0,1,1,14,2,12,99,1,4,1,B,6,1,2,2,2,1,1,61,1,2,11,997,997,0,0,0,2,6,999,999,999,9999999,999,999,999,7,0,1,1,1,2,1,3,997,2.5,120,999,999,8.6,3.1,9.4,82.03441271,8,8
28331,11,6,1-11-2023-006-01,1,1,3GYFNCE38DS5,17,469,1844,7,0,19,20,2013,6,1,4,0,1,F,1,1940,5,0,1,1,47,2,40,1,0,1,0,4,0,2,23836,1,9,0,4,2,1,2,1,1,1,0,0,0,0,1,1,0,0,9,1,1,2,13,99,1,4,1,A,1,0,0,0,0,0,0,0,0,0,0,998,998,0,0,0,1,12,999,999,999,9999999,999,999,999,6,0,5,26,1,1,1,0,998,0.0,999,999,999,5.3,3.3,6.2,82.03441271,8,8
28333,25,6,1-25-2023-006-02,2,1,5FNYF8H55LB0,17,474,5959,7,0,37,422,2020,15,3,15,0,1,F,9,1890,5,9999,9,4,19,2,56,1,0,1,254,2,0,1,04103,9,9,0,4,2,1,2,5,3,1,1,2,0,0,3,8,0,0,1,1,14,1,6,99,9,4,1,A,2,0,0,0,0,0,0,0,0,0,0,998,998,0,0,1,4,12,999,999,999,9999999,999,999,999,9,0,2,6,0,1,3,0,998,1.8,102,34,120,16.0,6.8,17.3,54.67364508,2,8
28335,28,3,1-28-2023-003-07,7,1,ZACCJBBWXGPC,17,483,6160,7,0,2,408,2016,14,3,14,0,1,F,1,1447,5,0,1,1,4,2,89,1,0,0,995,0,0,0,16720,9,9,0,4,2,1,2,2,3,1,1,2,1,0,2,10,0,0,1,0,14,6,87,3,1,1,1,C,13,0,0,0,0,0,0,0,0,0,0,998,998,0,0,0,1,10,999,999,999,9999999,999,-32,20,2,0,0,0,0,0,0,0,998,9.8,998,998,998,99.8,99.8,99.8,213.2971725,3,8
28339,25,7,1-25-2023-007-04,4,1,3VWC57BU3KM0,17,482,3137,13,0,30,40,2019,4,1,3,0,1,F,2,1350,5,0,1,1,42,2,64,1,1,1,190,1,0,0,04011,9,9,0,1,1,1,2,3,3,1,1,2,0,0,3,4,0,0,1,1,14,1,6,3,2,4,1,A,2,0,0,0,0,0,0,0,0,0,0,998,998,0,0,0,1,1,30,-30,5,51149,998,7,30,0,4,0,0,0,0,0,0,998,1.3,999,999,999,45.6,3.2,45.7,531.7938004,2,8
28341,66,3,1-66-2023-003-06,6,1,1GNALBEK2GZ1,17,467,1847,7,0,20,404,2016,14,3,14,0,1,F,2,1706,5,0,1,1,5,2,89,1,0,0,995,0,7,0,65802,1,2,0,4,2,1,2,1,3,1,1,2,2,3,1,1,0,0,9,1,14,2,13,2,2,4,1,A,1,0,0,0,0,0,0,0,0,0,0,998,998,0,1,4,2,10,999,999,999,9999999,999,-42,34,3,0,9,97,0,1,4,0,998,1.0,999,7,999,58.1,7.5,58.5,174.7567334,6,8
28342,66,4,1-66-2023-004-05,5,1,4S4BSBFC1G33,17,523,2233,7,0,48,45,2016,6,1,3,0,1,F,1,1614,5,0,1,1,5,2,113,1,0,0,995,0,7,0,72712,1,2,1,2,2,2,2,1,1,9,3,2,1,3,1,1,0,0,3,1,1,2,12,98,4,4,1,B,7,0,0,0,0,0,0,0,0,0,0,998,998,0,0,0,1,8,999,999,999,9999999,999,999,999,6,0,0,0,0,0,4,0,998,2.0,120,999,999,99.9,99.9,99.9,106.3944278,6,8
28347,31,3,1-31-2023-003-07,7,1,1G1JG6SH9H41,17,467,1835,5,0,20,28,2017,5,1,1,0,1,F,1,1263,5,0,2,3,17,2,89,1,0,0,995,0,0,0,47714,1,2,0,4,2,1,2,1,1,1,1,4,0,0,2,1,0,0,1,0,1,6,87,2,1,1,1,C,13,0,0,0,0,0,0,0,0,0,0,998,998,0,0,0,1,12,999,999,999,9999999,999,999,999,6,0,0,0,0,0,0,0,998,9.8,998,998,998,99.8,99.8,99.8,233.4858143,6,8
28348,31,4,1-31-2023-004-10,10,1,3D7KU28C33G7,17,476,1938,60,0,7,482,2003,34,5,31,0,1,F,1,2719,5,91,2,4,23,2,89,1,0,0,995,0,0,0,62869,1,2,0,4,2,1,2,1,3,2,1,2,2,3,2,4,0,0,3,1,14,1,6,2,3,4,1,A,2,0,0,0,0,0,0,0,0,0,0,998,998,0,0,2,1,12,999,999,999,9999999,999,999,999,6,0,0,0,0,0,0,0,998,1.3,10,10,120,8.1,0.1,8.1,190.9257288,6,8
28349,13,3,1-13-2023-003-06,6,1,KMHCT4AE9FU9,17,498,2773,13,0,55,36,2015,4,1,2,0,1,R,1,1155,5,0,1,1,16,2,64,1,0,0,995,0,0,0,76015,2,9,2,1,4,4,2,1,3,1,1,2,0,0,1,1,1,2,9,0,11,2,15,99,1,1,4,J,68,0,0,0,0,0,0,0,0,0,0,120,10,0,0,0,1,3,17,-9,-15,38942,998,178,17,0,4,9,97,0,1,5,0,995,9.8,998,998,998,99.8,99.8,99.8,3809.716504,7,8
28349,13,3,1-13-2023-003-06,6,2,2T3RFREV8JW8,17,448,2217,7,0,49,402,2018,14,3,14,0,1,F,1,1610,5,9999,9,0,998,5,64,1,0,0,995,0,0,0,76010,9,9,2,1,5,3,2,1,1,1,3,3,0,0,1,1,1,2,9,0,1,4,62,99,1,1,4,J,69,0,0,0,0,0,0,0,0,0,0,10,120,0,0,0,1,3,13,-13,2,13066,998,36,14,0,4,95,95,95,95,95,0,995,9.8,998,998,998,99.8,99.8,99.8,3809.716504,7,8
28351,10,6,1-10-2023-006-06,6,1,WBA8E9G52GNU,17,452,1709,13,0,34,34,2016,4,1,4,0,1,F,1,1524,5,0,1,1,9,2,56,1,0,0,995,0,0,0,45420,9,9,2,4,5,1,2,1,1,1,0,1,0,0,3,1,1,2,1,0,1,2,17,2,1,1,5,L,88,0,0,0,0,0,0,0,0,0,0,350,260,0,0,0,1,3,16,-16,-3,11890,998,-24,14,0,4,9,97,0,1,5,0,995,9.8,998,998,998,99.8,99.8,99.8,656.0323788,4,8
28351,10,6,1-10-2023-006-06,6,2,2HGFA16818H3,17,474,1863,13,0,37,31,2008,4,1,3,0,1,L,1,1199,5,9999,9,0,998,5,40,1,0,0,995,0,0,0,45403,9,9,2,4,2,1,2,1,1,1,0,2,0,0,3,1,1,2,1,0,1,4,66,99,1,1,5,L,89,0,0,0,0,0,0,0,0,0,0,260,350,0,0,0,1,3,21,-4,21,27699,998,-42,23,0,4,95,95,95,95,95,0,995,9.8,998,998,998,99.8,99.8,99.8,656.0323788,4,8
28352,10,7,1-10-2023-007-07,7,1,1FMCU9GD8JUB,17,460,1798,7,0,12,402,2018,14,3,14,0,1,F,2,1668,5,0,1,1,4,2,56,1,1,1,202,1,0,0,45419,9,9,2,4,5,1,2,1,1,1,0,3,0,0,1,8,1,2,1,1,10,2,16,99,1,4,1,B,6,0,0,0,0,0,0,0,0,0,0,998,998,0,0,0,1,8,999,999,999,9999999,999,999,999,7,0,0,0,0,0,0,0,998,0.0,5,5,999,0.0,0.0,0.0,3035.191288,4,8
28353,27,5,1-27-2023-005-04,4,1,1FMCU9GD1KUA,17,460,1798,7,0,12,402,2019,14,3,14,0,1,R,1,1668,5,0,2,1,27,2,48,1,0,0,995,0,0,9,01201,1,2,2,1,2,2,2,1,1,1,1,2,0,0,3,1,1,2,1,0,11,2,15,9,1,1,4,J,68,0,0,0,0,0,0,0,0,0,0,230,110,0,0,0,1,12,999,999,999,9999999,999,999,999,6,0,0,0,0,0,0,0,995,9.8,998,998,998,99.8,99.8,99.8,162.3156683,3,8
28353,27,5,1-27-2023-005-04,4,2,1HGEM226X2L0,17,474,1863,3,0,37,31,2002,2,1,2,0,1,F,9,1127,5,9999,9,0,998,5,48,1,0,0,995,0,0,9,01226,9,9,2,1,2,2,2,1,1,2,1,2,0,0,3,1,1,2,1,0,1,4,62,99,1,1,4,J,69,0,0,0,0,0,0,0,0,0,0,110,230,0,0,0,1,0,999,999,999,9999999,999,999,999,9,0,95,95,95,95,95,0,995,9.8,998,998,998,99.8,99.8,99.8,162.3156683,3,8
28354,27,6,1-27-2023-006-06,6,1,1FMJK1MT5HEA,17,460,25742,7,0,12,422,2017,15,3,15,0,1,F,2,2652,5,0,1,1,5,2,64,1,0,0,995,0,0,0,01201,1,2,0,1,2,2,2,4,2,2,3,2,0,0,5,2,0,0,1,1,14,1,6,4,2,4,1,B,7,0,0,0,0,0,0,0,0,0,0,998,998,0,0,0,1,98,999,999,999,9999999,999,999,999,7,0,2,5,0,2,4,0,998,0.4,83,83,66,10.5,1.0,10.6,171.5932927,3,8
28356,23,4,1-23-2023-004-04,4,1,2GNAXKEV8L62,17,467,1847,7,0,20,404,2020,14,3,14,0,1,F,1,1485,5,0,1,1,16,2,89,1,0,0,995,0,0,0,43338,1,2,0,4,2,1,2,2,2,1,1,2,0,0,1,8,6,2,9,1,14,2,12,1,1,4,1,B,6,0,0,0,0,0,0,0,0,0,0,998,998,0,0,0,1,12,999,999,999,9999999,999,999,999,6,0,1,1,0,1,5,0,998,0.5,999,999,999,99.9,99.9,99.9,697.9529168,5,8
28357,15,9,1-15-2023-009-03,3,1,1GKET16S0261,17,472,4507,7,0,23,401,2002,14,3,14,0,1,F,9,2099,5,9999,9,0,998,5,48,1,8,9,998,8,7,9,11803,9,9,2,4,4,1,2,2,1,1,1,1,0,0,3,4,1,2,9,0,1,3,52,99,1,1,2,D,28,0,0,0,0,0,0,0,0,0,0,90,90,0,0,0,1,0,999,999,999,9999999,999,999,999,9,0,95,95,95,95,95,0,995,9.8,998,998,998,99.8,99.8,99.8,35.5226631,1,8
28357,15,9,1-15-2023-009-03,3,2,3CZRU6H38KG7,17,474,9212,7,0,37,404,2019,14,3,14,0,1,B,2,1320,5,0,2,1,19,2,48,1,8,0,995,0,7,0,11801,3,2,2,4,4,1,2,2,1,1,1,1,0,0,3,4,1,2,9,1,10,3,53,1,1,2,2,D,31,0,0,0,0,0,0,0,0,0,0,90,90,0,0,0,1,98,999,999,999,9999999,999,999,999,7,0,2,5,0,2,3,0,995,9.9,15,10,71,1.6,2.9,3.4,35.5226631,1,8
28358,76,2,1-76-2023-002-06,6,1,2T1BURHE9HC8,17,448,2208,13,0,49,32,2017,4,1,3,0,1,F,1,1265,5,0,1,1,32,2,64,1,8,9,998,8,7,9,12083,9,9,0,4,2,1,2,1,1,1,1,2,1,0,2,1,0,0,9,0,1,6,87,99,1,1,1,C,13,0,0,0,0,0,0,0,0,0,0,998,998,0,0,0,1,10,999,999,999,9999999,999,0,14,2,0,9,97,0,1,0,0,998,9.8,998,998,998,99.8,99.8,99.8,21.42934359,3,8
28359,76,3,1-76-2023-003-07,7,1,1VWGT7A31HC0,17,482,3134,13,0,30,46,2017,4,1,4,0,1,F,2,1480,8,0,1,1,33,2,89,1,8,0,995,0,7,0,12475,9,9,0,4,2,1,2,1,3,1,1,2,0,0,2,1,0,0,9,1,14,2,13,99,1,4,1,A,1,0,0,0,0,0,0,0,0,0,0,998,998,0,0,0,1,12,999,999,999,9999999,999,999,999,7,0,0,0,0,0,0,0,998,1.5,120,11,93,0.0,0.0,0.0,46.44590674,3,8
28360,52,7,1-52-2023-007-03,3,1,JTDKB20U1934,17,448,2209,5,0,49,46,2009,5,1,3,0,1,F,1,1335,5,0,1,1,9,2,56,1,0,0,995,0,0,0,59011,9,9,2,4,6,2,2,2,1,1,1,1,0,0,1,8,1,2,9,0,1,2,17,99,1,1,5,L,86,0,0,0,0,0,0,0,0,0,0,270,0,0,0,0,1,1,21,-18,10,62075,998,92,28,0,4,0,0,0,0,0,0,995,9.8,998,998,998,99.8,99.8,99.8,29.44223807,12,8
28360,52,7,1-52-2023-007-03,3,2,JM3KFBDM7N06,17,473,2369,7,0,41,403,2022,14,3,14,0,1,R,1,1630,5,0,2,1,8,3,56,1,0,0,995,0,0,0,59105,1,2,2,4,3,1,2,2,1,1,0,1,0,0,1,8,1,2,1,0,1,4,66,1,1,1,5,L,87,0,0,0,0,0,0,0,0,0,0,0,270,0,0,0,1,1,18,-9,-15,4315,998,99,7,0,4,1,1,0,1,6,0,995,9.8,998,998,998,99.8,99.8,99.8,29.44223807,12,8
28360,52,7,1-52-2023-007-03,3,3,4T3RWRFV9NU0,17,448,2217,7,0,49,402,2022,14,3,14,0,1,9,9,1583,5,9999,9,0,998,5,56,1,0,0,995,0,0,0,59102,9,9,2,4,4,3,2,2,1,1,1,2,0,0,1,8,1,2,9,0,5,4,62,1,1,1,6,M,98,0,0,0,0,0,0,0,0,0,0,180,90,0,0,0,2,0,999,999,999,9999999,999,999,999,9,0,95,95,95,95,95,0,995,9.8,998,998,998,99.8,99.8,99.8,29.44223807,12,8
28362,21,3,1-21-2023-003-03,3,1,2C3CDZBT3NH1,17,476,1893,13,0,7,28,2022,2,1,5,0,1,R,9,1891,5,0,1,1,4,2,105,1,1,8,997,8,0,0,92376,9,1,0,2,7,5,1,1,1,1,3,3,0,0,3,1,0,0,3,1,15,2,11,1,2,2,2,F,46,0,0,0,0,0,0,0,0,0,0,998,998,0,0,0,3,12,999,999,999,9999999,999,999,999,9,0,2,5,0,2,4,0,998,1.2,999,999,999,0.0,0.0,0.0,305.2710259,11,8
28362,21,3,1-21-2023-003-03,3,2,WDCTG4GB2JJ4,17,449,2084,7,0,42,55,2018,5,1,3,0,1,R,9,1505,5,9999,9,0,998,2,105,1,0,0,995,0,0,0,92346,9,1,0,2,7,2,1,1,1,1,1,3,0,0,3,1,0,0,9,0,1,4,60,1,1,1,2,F,45,1,5,2,2,1,2,61,1,2,20,0,20,0,0,0,5,0,999,999,999,9999999,999,999,999,9,0,9,97,0,1,3,3,995,9.8,998,998,998,99.8,99.8,99.8,305.2710259,11,8
28363,26,3,1-26-2023-003-07,7,1,1HGCV1F59JA2,17,474,1861,13,0,37,32,2018,4,1,4,0,1,F,2,1462,5,0,1,1,21,2,89,1,0,0,995,0,0,0,95841,1,2,0,4,2,1,2,2,1,4,1,2,0,0,3,98,0,0,1,1,1,1,5,3,9,4,1,A,2,0,0,0,0,0,0,0,0,0,0,998,998,0,0,0,1,12,999,999,999,9999999,999,999,999,7,0,0,0,0,0,0,0,998,2.4,120,28,78,20.3,3.9,20.6,5676.536754,10,8
28366,22,4,1-22-2023-004-02,2,1,1GNSKAKC2LR1,17,467,1852,7,0,20,421,2020,15,3,15,0,1,F,1,2515,5,0,1,1,19,2,89,1,1,1,187,2,0,0,99516,5,9,0,4,2,1,2,1,3,1,1,2,0,0,2,1,0,0,9,1,14,2,13,2,2,4,1,A,1,1,2,2,6,2,4,44,4,2,4,998,998,0,0,0,4,1,16,-16,-3,27626,998,-42,16,0,4,2,5,0,1,4,3,998,0.7,999,999,999,36.0,4.7,36.2,39.21396264,12,8
28368,29,3,1-29-2023-003-09,9,1,2HGFA1F3XBH5,17,474,1863,13,0,37,31,2011,4,1,3,0,1,F,9,1199,5,0,1,1,6,2,40,1,9,1,222,2,9,0,02129,9,9,2,3,1,1,2,2,1,4,0,0,0,0,3,4,2,2,9,0,1,2,14,99,9,4,1,C,14,0,0,0,0,0,0,0,0,0,0,998,998,0,0,0,1,12,999,999,999,9999999,999,999,999,9,0,0,0,0,0,4,0,998,0.0,13,13,999,0.0,0.0,0.0,1536.725355,2,8
28372,30,3,1-30-2023-003-07,7,1,4T1BF1FKXGU2,17,448,2469,13,0,49,40,2016,4,1,4,0,1,F,2,1467,5,0,1,5,24,2,89,1,0,0,995,0,0,0,85719,9,9,0,2,5,3,2,1,1,1,3,3,0,0,3,8,0,0,1,1,1,4,60,8,1,2,2,E,38,0,0,0,0,0,0,0,0,0,0,10,0,0,0,0,1,98,999,999,999,9999999,999,999,999,7,0,0,0,0,0,0,0,995,9.8,998,998,998,99.8,99.8,99.8,3625.358167,10,8
28372,30,3,1-30-2023-003-07,7,2,JTJGARBZ7M50,17,515,3653,7,0,59,405,2021,14,3,14,0,1,B,9,1755,5,9999,9,0,998,5,89,1,0,0,995,0,0,0,85308,9,9,0,2,5,2,2,1,1,1,3,3,0,0,3,8,0,0,1,0,1,4,61,1,1,1,2,E,39,0,0,0,0,0,0,0,0,0,0,0,10,0,0,0,1,0,999,999,999,9999999,999,999,999,9,0,95,95,95,95,95,0,995,9.8,998,998,998,99.8,99.8,99.8,3625.358167,10,8
28373,15,10,1-15-2023-010-09,9,1,3N1CB51D76L6,17,478,1907,13,0,35,43,2006,4,1,1,0,1,F,3,1170,5,0,1,5,9,2,48,1,8,1,222,2,7,0,11516,1,2,0,4,2,1,2,1,3,1,1,2,0,0,3,1,0,0,9,1,14,2,13,99,9,4,1,A,3,0,0,0,0,0,0,0,0,0,0,998,998,0,0,1,1,1,65,-64,-11,204241,998,23,65,0,4,3,14,1,1,4,0,998,1.1,34,34,113,1.3,0.3,1.4,251.7169117,1,8
28375,23,5,1-23-2023-005-03,3,1,3C6TRVDG0KE5,17,496,13628,95,0,7,463,2019,21,4,21,0,1,N,9,2233,5,0,1,5,19,2,89,0,7,7,887,6,8,8,99998,8,8,0,4,2,1,2,1,1,2,0,0,0,0,2,1,0,0,0,8,0,8,98,0,0,0,6,M,0,0,0,0,0,0,0,0,0,0,0,997,997,0,0,0,,,,,,,,,,,0,0,0,0,0,0,0,997,9.8,998,998,998,99.8,99.8,99.8,212.2470317,5,8
28376,16,5,1-16-2023-005-03,3,1,1GCGSBEAXN13,17,467,4086,60,0,20,473,2022,34,5,31,0,1,F,1,1833,5,0,1,1,16,2,56,1,1,0,995,0,7,0,45002,1,9,0,4,2,1,2,3,3,1,1,2,0,0,3,4,0,0,9,1,14,2,13,2,1,4,1,A,1,0,0,0,0,0,0,0,0,0,0,998,998,0,0,2,4,10,999,999,999,9999999,999,24,19,2,0,1,1,0,1,4,0,998,0.4,120,10,44,25.6,2.8,25.8,120.0930846,5,8
28377,20,6,1-20-2023-006-05,5,1,WDDHF5KB8FB1,17,449,2081,13,0,42,48,2015,4,1,4,0,1,F,3,1820,8,0,1,1,22,2,105,1,1,8,997,8,0,0,93960,9,1,0,2,3,1,2,2,1,1,3,2,1,1,2,8,0,0,9,0,1,3,51,2,1,1,2,D,24,0,0,0,0,0,0,0,0,0,0,130,130,0,0,0,1,5,999,999,999,9999999,999,999,40,4,0,1,1,0,1,8,0,995,9.8,998,998,998,99.8,99.8,99.8,27.11193076,11,8
28377,20,6,1-20-2023-006-05,5,2,1GB4CYC80FF1,17,467,1850,74,11,20,884,2015,61,8,60,0,1,B,9,,,,,,,5,105,1,0,0,995,0,0,0,93906,9,9,0,2,3,1,2,2,1,1,3,2,1,1,2,8,0,0,1,0,1,3,53,1,1,1,2,D,25,,,,,,,,,,,,,,,,,,,,,,,,,,,95,95,95,95,95,,,9.8,998,998,998,99.8,99.8,99.8,27.11193076,11,8
28378,25,8,1-25-2023-008-10,10,1,JTDKB20U3776,17,448,2209,5,0,49,46,2007,5,1,3,0,1,R,9,1335,5,9999,9,5,12,2,72,1,0,0,995,0,1,3,04097,9,9,0,4,2,1,2,2,2,2,1,4,0,0,1,8,0,0,1,1,14,1,6,99,9,4,1,A,2,0,0,0,0,0,0,0,0,0,0,998,998,0,0,2,1,11,999,999,999,9999999,999,999,999,9,0,0,0,0,0,0,0,998,3.6,16,19,120,43.0,12.0,44.4,4226.404252,2,8
28379,73,5,1-73-2023-005-06,6,1,3TMCZ5AN2JM1,17,448,2223,60,0,49,472,2018,34,5,31,0,1,F,3,1975,5,0,1,1,50,2,56,1,8,0,995,0,7,0,04901,9,9,0,4,2,1,2,1,2,1,1,2,0,0,2,1,0,0,3,1,14,2,13,99,1,4,1,A,1,0,0,0,0,0,0,0,0,0,0,200,200,0,0,0,2,3,58,-58,0,232333,998,9,54,0,4,9,97,0,1,0,0,995,9.8,998,998,998,99.8,99.8,99.8,266.1793596,3,8
28379,73,5,1-73-2023-005-06,6,2,1D7HU16N03J5,17,476,1938,60,0,7,482,2003,34,5,31,0,2,F,9,2439,5,9999,9,0,998,,,,,,,,,,,,,,,,,,,,,,,,,,,,,,,,,,,,,,,,,,,,,,,,,,,,,,,,,,,,,,,,,,95,95,95,95,95,,,,,,,,,,266.1793596,3,8
28379,73,5,1-73-2023-005-06,6,3,1GNFK13077R2,17,467,1852,7,0,20,421,2007,15,3,15,0,2,B,3,2588,5,9999,9,0,998,,,,,,,,,,,,,,,,,,,,,,,,,,,,,,,,,,,,,,,,,,,,,,,,,,,,,,,,,,,,,,,,,,95,95,95,95,95,,,,,,,,,,266.1793596,3,8
28380,32,3,1-32-2023-003-06,6,1,4T1BF1FK4GU5,17,448,2469,13,0,49,40,2016,4,1,4,0,1,F,9,1467,5,9999,9,0,998,2,113,1,8,0,995,0,7,0,75061,9,1,1,2,4,1,1,1,1,4,1,1,0,0,1,1,0,0,9,0,1,3,50,99,1,1,2,D,20,0,0,0,0,0,0,0,0,0,0,260,260,0,0,0,1,0,999,999,999,9999999,999,999,999,9,0,99,99,0,0,4,0,995,9.8,998,998,998,99.8,99.8,99.8,3199.729317,7,8
28380,32,3,1-32-2023-003-06,6,2,999999999999,99,99999,99999,999,0,99,499,9999,39,5,39,0,1,B,9,9999,9,9999,9,0,998,5,113,1,8,0,995,0,7,0,99999,9,9,1,2,4,1,2,1,1,4,1,1,0,0,1,1,0,0,0,0,5,3,53,99,1,1,2,D,21,0,0,0,0,0,0,0,0,0,0,260,260,0,0,0,1,0,999,999,999,9999999,999,999,999,9,0,95,95,95,95,95,0,995,9.8,998,998,998,99.8,99.8,99.8,3199.729317,7,8
28382,17,7,1-17-2023-007-07,7,1,5NPDH4AE4EH4,17,498,2735,13,0,55,35,2014,4,1,3,0,1,F,1,1305,5,0,1,1,16,2,48,1,9,0,995,0,9,0,61265,1,1,0,4,2,1,2,3,3,4,0,0,0,0,3,4,0,0,1,1,14,1,6,4,3,4,1,A,2,0,0,0,0,0,0,0,0,0,0,998,998,0,0,2,1,98,999,999,999,9999999,999,999,999,6,0,0,0,0,0,0,0,998,0.0,20,20,34,99.9,99.9,99.9,99.91225403,4,8
28388,23,6,1-23-2023-006-04,4,1,2C4RDGCGXHR8,17,476,14832,2,0,7,442,2017,20,4,20,0,1,F,1,2050,5,0,1,1,62,2,56,1,0,0,995,0,0,0,44833,1,9,2,4,2,1,2,2,1,1,0,4,0,0,1,1,0,0,1,0,1,4,65,1,1,1,4,K,79,0,0,0,0,0,0,0,0,0,0,200,115,0,0,0,1,1,19,-19,-3,13070,998,-40,12,0,1,1,1,0,1,4,0,995,9.8,998,998,998,99.8,99.8,99.8,751.421717,5,8