CASEID,PSU,CASENO,CASENUMBER,CATEGORY,VEHNO,VIN,VINLENGTH,VPICMAKE,VPICMODEL,VPICBODYCLASS,ICFINALBODY,MAKE,MODEL,MODELYR,BODYTYPE,BODYCAT,VEHCLASS,SPECUSE,TRANSTAT,DAMPLANE,DAMSEV,CURBWT,CURBSRC,CARGOWT,CARGOSRC,INSPTYPE,INSPLAG,TOWED,SPEEDLIMIT,DRPRESENT,PARALCOHOL,ALCTEST,ALCTESTRESULT,ALCTESTSRC,PARDRUG,DRUGTEST,ZIP,RACE,ETHNICITY,RELTOJUNCT,TRAFFLOW,RDLANES,INITLANE,SURFTYPE,SURFCOND,ALIGNMENT,PROFILE,LINERIGHT,LINELEFT,RUMBINIT,RUMBROAD,LIGHTCOND,WEATHER,TRAFDEV,TRAFFUNCT,DISTRACT,PREFHE,PREMOVE,CRITCAT,CRITEVENT,MANEUVER,PRESTAB,PRELOC,CRASHCAT,CRASHCONF,CRASHTYPE,ROLLTYPE,ROLLTURN,ROLLINTRPT,ROLLPREMAN,ROLLINITYP,ROLLINLOC,ROLLOBJ,ROLLTRIP,ROLLDIR,ROLLDIST,DVANGTHIS,DVANGOTH,TOWHITCH,TRAJDOC,TREEPOLE,DVEVENT,DVBASIS,DVTOTAL,DVLONG,DVLAT,DVENERGY,DVSPEED,DVMOMENT,DVBES,DVEST,DVCONF,VAIS,VISS,VINJSEV,VINJURED,VTREAT,INITOBJCLASS,HEADANGLECAT,SHLDRWIDTH,STRKLENGTH,STRKWIDTH,STRKHEIGHT,EDGEDISTX,EDGEDISTY,EDGEDISTZ,CASEWGT,PSUSTRAT,VERSION
28428,32,4,1-32-2023-004-02,2,3,SHHFK7H98LU2,17,474,1863,5,0,37,31,2020,5,1,3,0,1,L,1,1312,5,0,1,1,31,2,113,1,0,0,995,0,0,0,75206,1,9,0,2,4,1,1,1,1,9,1,3,0,0,1,1,0,0,9,0,5,4,60,99,1,1,6,M,98,0,0,0,0,0,0,0,0,0,0,140,150,0,0,0,3,5,999,999,999,9999999,999,999,18,2,0,9,97,0,3,5,0,995,9.8,998,998,998,99.8,99.8,99.8,116.1399883,7,8
28431,18,4,1-18-2023-004-10,10,1,1C3EL46X83N5,17,477,1877,13,0,6,43,2003,4,1,3,0,1,T,1,1452,5,0,1,1,10,2,113,1,0,0,995,0,0,0,55336,1,9,0,2,2,2,1,3,2,9,3,2,1,3,1,4,0,0,1,1,14,1,6,99,3,4,1,B,7,1,10,1,2,1,4,61,1,2,34,997,997,0,0,0,1,6,999,999,999,9999999,999,999,999,6,0,0,0,0,0,0,3,997,1.2,999,999,999,20.0,13.0,25.0,8396.374787,6,8
28432,15,14,1-15-2023-014-04,4,1,1C4PJMLB9LD5,17,483,1945,7,0,2,404,2020,14,3,14,0,1,F,2,1628,5,0,2,5,10,2,48,1,8,9,998,8,7,9,11710,1,2,0,4,2,1,2,1,1,1,0,0,0,0,3,1,0,0,3,1,1,2,12,1,1,4,1,C,11,0,0,0,0,0,0,0,0,0,0,175,0,0,0,0,1,98,999,999,999,9999999,999,999,999,7,0,0,0,0,0,0,0,995,9.8,998,998,998,99.8,99.8,99.8,131.1084973,1,8
28432,15,14,1-15-2023-014-04,4,2,2HGFB6E59FH7,17,474,1863,13,0,37,31,2015,4,1,3,0,2,F,9,1349,5,9999,9,0,998,,,,,,,,,,,,,,,,,,,,,,,,,,,,,,,,,,,,,,,,,,,,,,,,,,,,,,,,,,,,,,,,,,95,95,95,95,95,,,,,,,,,,131.1084973,1,8
28433,31,5,1-31-2023-005-04,4,1,2T3F1RFV4LC0,17,448,2217,7,0,49,402,2020,14,3,14,0,1,F,1,1583,5,0,2,5,22,2,89,1,0,0,995,0,0,0,62844,1,2,0,4,2,1,2,3,1,1,1,4,0,0,2,4,0,0,1,1,1,1,5,7,2,4,1,A,2,0,0,0,0,0,0,0,0,0,0,998,998,0,0,1,2,12,999,999,999,9999999,999,999,999,6,0,0,0,0,0,0,0,998,0.0,10,10,120,45.0,21.0,50.0,194.3365105,6,8
28434,31,6,1-31-2023-006-06,6,1,1FMCU9GD0JUC,17,460,1798,7,0,12,402,2018,14,3,14,0,1,F,1,1668,5,0,1,1,5,2,89,1,0,0,995,0,0,0,62821,9,9,0,4,2,1,2,1,1,3,0,0,0,0,2,1,0,0,9,1,1,1,6,3,2,4,1,A,2,0,0,0,0,0,0,0,0,0,0,998,998,0,0,7,1,10,999,999,999,9999999,999,-92,19,2,0,9,97,0,3,0,0,998,0.0,32,32,120,42.0,5.5,42.1,247.8107959,6,8
28435,76,4,1-76-2023-004-07,7,1,3N6CM0KN7FK6,17,478,1918,95,0,35,446,2015,20,4,20,0,1,T,2,1479,5,0,1,1,19,2,89,1,8,9,998,8,7,9,12303,9,9,0,4,3,1,2,5,1,1,1,2,1,0,1,10,0,0,9,1,1,1,6,4,2,4,1,B,7,1,2,2,2,1,4,61,1,1,5,997,997,0,0,0,2,6,999,999,999,9999999,999,999,999,7,0,0,0,0,0,0,3,997,1.2,999,999,-75,6.5,3.7,7.4,115.0195247,3,8
28436,22,5,1-22-2023-005-03,3,1,1G1ZJ57728F2,17,467,1834,13,0,20,37,2008,4,1,4,0,1,F,3,1569,5,0,1,1,12,2,105,1,0,1,0,2,0,2,83555,9,9,0,4,2,1,2,1,1,2,1,2,0,0,1,1,0,0,9,0,1,3,51,1,1,1,2,D,24,1,1,1,2,5,4,31,6,2,1,120,120,0,0,0,1,1,47,-47,0,112736,998,0,42,0,4,2,6,0,1,4,2,995,1.0,40,40,120,25.6,10.0,27.4,62.1550189,12,8
28436,22,5,1-22-2023-005-03,3,2,JF2SKAUC3LH5,17,523,2234,7,0,48,401,2020,14,3,14,0,1,B,3,1610,5,0,1,1,12,2,105,1,0,0,995,0,0,0,83523,1,2,0,4,2,1,2,1,1,2,1,4,2,3,1,1,0,0,1,0,1,3,53,98,1,1,2,D,25,0,0,0,0,0,0,0,0,0,0,120,120,0,0,0,1,1,46,46,0,166884,998,0,51,0,4,1,1,0,1,4,0,995,1.0,64,120,-24,11.5,5.0,12.5,62.1550189,12,8
28437,73,6,1-73-2023-006-04,4,1,1N6AD0EV8KN8,17,478,1919,60,0,35,472,2019,34,5,31,0,1,T,1,2085,5,9999,9,1,24,2,89,1,8,0,995,0,7,0,04943,9,9,0,4,2,1,2,3,1,1,1,4,0,0,1,4,0,0,1,1,1,1,6,4,4,4,1,B,7,1,4,1,2,5,4,31,6,1,15,997,997,0,0,0,1,6,999,999,999,9999999,999,999,999,6,0,0,0,0,0,0,2,997,0.5,999,999,999,14.3,11.6,18.5,76.60231243,3,8
28439,27,7,1-27-2023-007-04,4,1,3VV2B7AX9MM1,17,482,8151,7,0,30,402,2021,14,3,14,0,1,F,2,1749,5,0,2,1,9,2,72,1,0,0,995,0,0,0,01230,1,2,0,4,2,1,2,2,2,1,1,4,1,0,2,4,0,0,1,0,14,6,90,1,1,1,1,C,12,0,0,0,0,0,0,0,0,0,0,998,998,0,0,0,1,98,999,999,999,9999999,999,999,999,7,0,0,0,0,0,0,0,998,9.8,998,998,998,99.8,99.8,99.8,153.6164776,3,8
28440,25,13,1-25-2023-013-03,3,1,1GCVYDET2LZ2,17,467,1850,60,0,20,481,2020,34,5,30,0,1,F,2,2184,5,0,1,1,24,2,56,1,1,8,997,8,0,0,04106,9,9,0,1,1,1,2,3,1,1,1,2,0,0,3,4,5,2,9,1,1,2,12,99,1,4,1,B,6,0,0,0,0,0,0,0,0,0,0,998,998,0,0,6,2,10,999,999,999,9999999,999,-56,32,3,0,1,1,0,1,4,0,998,0.5,10,7,999,1.0,0.7,1.2,84.6771149,2,8
28442,26,5,1-26-2023-005-03,3,1,1N4BL4BV6LC2,17,478,1904,13,0,35,47,2020,4,1,4,0,1,F,1,1545,5,0,1,1,14,2,56,1,0,0,995,0,0,0,95864,9,1,0,4,2,98,2,1,1,1,0,1,0,0,1,1,0,0,2,1,8,8,98,2,1,7,2,F,48,0,0,0,0,0,0,0,0,0,0,310,335,0,0,0,1,12,999,999,999,9999999,999,999,13,2,0,99,99,0,0,6,0,995,9.8,998,998,998,99.8,99.8,99.8,401.6617011,10,8
28442,26,5,1-26-2023-005-03,3,2,1D7HA16N12J1,17,476,1938,60,0,7,482,2002,34,5,30,0,1,R,1,2277,8,9999,9,4,37,5,56,1,0,0,995,0,0,0,95825,9,9,0,4,2,1,2,1,1,1,1,2,0,0,1,1,0,0,1,0,1,4,64,3,2,1,2,F,48,0,0,0,0,0,0,0,0,0,0,335,310,0,1,0,1,12,999,999,999,9999999,999,999,13,2,0,95,95,95,95,95,0,995,9.8,998,998,998,99.8,99.8,99.8,401.6617011,10,8
28443,21,4,1-21-2023-004-03,3,1,4T1K61AK4MU5,17,448,2469,13,0,49,40,2021,4,1,4,0,1,F,3,1520,5,0,1,1,18,2,113,1,1,8,997,8,0,0,92335,1,1,0,2,2,2,2,1,1,1,3,2,2,3,2,1,0,0,1,0,1,3,51,7,1,1,2,D,24,0,0,0,0,0,0,0,0,0,0,300,320,0,0,0,1,3,65,-64,-11,194802,998,7,55,0,4,1,1,0,1,4,0,995,9.8,998,998,998,99.8,99.8,99.8,208.5077083,11,8
28443,21,4,1-21-2023-004-03,3,2,1GCCS14W5182,17,467,1850,60,0,20,481,2001,34,5,31,0,1,B,3,1876,5,9999,9,0,998,2,113,1,0,1,0,2,0,0,92405,2,1,0,2,2,2,2,1,1,1,1,3,2,3,2,1,0,0,9,0,1,3,53,1,1,1,2,D,25,1,6,1,2,1,3,61,1,2,36,320,300,0,0,0,1,3,55,54,-10,329540,998,52,62,0,4,4,21,1,1,3,3,995,3.5,90,10,119,33.0,7.0,35.0,208.5077083,11,8
28444,20,9,1-20-2023-009-10,10,1,YV1MS3906722,17,485,3127,13,0,51,46,2007,4,1,2,0,1,F,1,1368,5,0,1,1,10,2,89,1,0,0,995,0,0,0,93930,1,9,0,1,1,1,2,1,1,1,1,2,2,2,2,1,0,0,2,0,1,3,52,2,1,1,2,D,28,0,0,0,0,0,0,0,0,0,0,290,300,0,0,0,1,1,21,-21,0,34654,998,-21,25,0,1,0,0,0,0,0,0,995,9.8,998,998,998,99.8,99.8,99.8,1286.377182,11,8
28444,20,9,1-20-2023-009-10,10,2,JA32U2FU1GU0,17,481,2164,13,0,52,46,2016,4,1,2,0,1,B,1,1310,5,0,1,2,16,5,89,1,0,0,995,0,0,0,93933,9,9,0,1,1,1,2,1,1,1,1,2,2,2,2,1,0,0,1,0,2,3,53,4,1,1,2,D,29,0,0,0,0,0,0,0,0,0,0,300,290,0,0,0,1,1,21,21,-4,16317,998,22,17,0,1,95,95,95,95,95,0,995,9.8,998,998,998,99.8,99.8,99.8,1286.377182,11,8
28445,33,3,1-33-2023-003-05,5,1,5UXWX9C57H0T,17,452,1719,7,0,34,402,2017,14,3,14,0,1,F,2,1882,5,0,1,1,28,2,56,1,0,1,0,2,0,0,95928,1,2,2,1,3,3,2,2,1,1,1,0,0,0,1,2,1,2,2,0,11,2,15,1,1,1,4,J,68,0,0,0,0,0,0,0,0,0,0,110,355,0,0,0,1,1,25,-22,-13,83108,998,-75,29,0,1,2,6,0,1,4,0,995,9.8,998,998,998,99.8,99.8,99.8,45.49699087,12,8
28445,33,3,1-33-2023-003-05,5,2,JTEHT05J8120,17,448,2211,7,0,49,421,2001,15,3,15,0,1,F,1,2320,5,0,1,1,28,2,56,1,0,0,995,0,0,0,95928,1,9,2,1,3,1,2,2,1,1,3,3,0,0,1,2,1,2,9,0,1,4,62,99,1,1,4,J,69,0,0,0,0,0,0,0,0,0,0,355,110,0,0,0,1,1,21,-18,10,29882,998,80,16,0,4,0,0,0,0,5,0,995,9.8,998,998,998,99.8,99.8,99.8,45.49699087,12,8
28446,29,4,1-29-2023-004-09,9,1,5PVNJ8JM2H4S,17,514,2168,63,11,98,806,2017,62,8,60,99,1,F,9,,,,,,,5,48,1,0,0,995,0,7,0,02780,9,9,2,4,2,1,2,1,1,1,0,0,0,0,1,1,2,2,3,0,1,2,17,99,1,1,5,L,86,,,,,,,,,,,,,,,,,,,,,,,,,,,95,95,95,95,95,,,9.8,998,998,998,99.8,99.8,99.8,811.6520683,2,8
28446,29,4,1-29-2023-004-09,9,2,2T1BR32E23C0,17,448,2208,13,0,49,32,2003,4,1,2,0,1,R,1,1130,5,9999,9,1,4,2,48,1,0,0,995,0,7,9,02740,9,9,2,4,2,1,2,1,1,1,1,2,0,0,1,1,0,0,1,0,1,4,66,99,1,1,5,L,87,0,0,0,0,0,0,0,0,0,0,0,275,0,0,0,1,5,999,999,999,9999999,999,999,999,6,0,99,99,0,0,99,0,995,9.8,998,998,998,99.8,99.8,99.8,811.6520683,2,8
28447,29,5,1-29-2023-005-07,7,1,1C4BJWEGXFL5,17,483,1943,7,0,2,403,2015,14,3,14,0,1,F,9,1994,5,9999,9,0,998,5,48,1,9,9,998,8,7,9,02747,9,9,3,4,4,1,2,1,1,1,0,0,0,0,3,1,0,0,9,0,1,4,60,99,1,1,4,J,71,0,0,0,0,0,0,0,0,0,0,310,345,0,0,0,1,0,999,999,999,9999999,999,999,999,9,0,95,95,95,95,95,0,995,9.8,998,998,998,99.8,99.8,99.8,1095.631707,2,8
28447,29,5,1-29-2023-005-07,7,2,1C4PJMDX6JD5,17,483,1945,7,0,2,404,2018,14,3,14,0,1,R,9,1669,5,9999,9,4,13,3,48,1,8,9,998,8,7,9,02740,9,9,3,4,4,2,2,1,1,1,0,2,0,0,3,1,0,0,9,1,10,2,16,99,1,2,4,J,70,0,0,0,0,0,0,0,0,0,0,345,310,0,0,0,1,12,999,999,999,9999999,999,999,999,9,0,99,99,0,0,0,0,995,9.8,998,998,998,99.8,99.8,99.8,1095.631707,2,8
28448,11,10,1-11-2023-010-06,6,1,1FTEX1C87GFD,17,460,1801,60,0,12,481,2016,34,5,31,0,1,R,1,1983,5,0,1,1,51,2,40,1,0,0,995,0,0,0,23112,9,9,2,4,2,1,2,2,2,9,0,0,0,0,1,2,2,2,1,0,14,2,17,2,1,1,5,L,87,0,0,0,0,0,0,0,0,0,0,180,105,0,0,0,1,1,13,4,-12,25137,998,66,17,0,1,99,99,0,0,99,0,995,9.8,998,998,998,99.8,99.8,99.8,645.1433185,8,8
28448,11,10,1-11-2023-010-06,6,2,5J6RM4H70EL1,17,474,1865,7,0,37,402,2014,14,3,14,0,1,F,1,1583,5,0,1,1,44,2,72,1,0,0,995,0,0,0,23832,9,9,2,1,3,1,2,2,3,9,1,3,0,0,1,2,0,0,1,0,14,4,66,4,1,1,5,L,86,0,0,0,0,0,0,0,0,0,0,105,180,0,0,0,1,1,15,-15,-3,10297,998,-82,11,0,1,0,0,0,0,4,0,995,9.8,998,998,998,99.8,99.8,99.8,645.1433185,8,8
28449,10,12,1-10-2023-012-03,3,1,1C6SRFFT7MN6,17,496,13620,60,0,7,482,2021,34,5,31,0,1,F,1,2327,5,9999,9,0,998,5,56,1,0,0,995,0,0,0,45383,9,9,2,1,2,2,2,1,2,2,3,2,0,0,1,1,1,2,1,0,14,3,50,99,1,1,2,D,20,0,0,0,0,0,0,0,0,0,0,355,355,0,0,0,1,3,8,-8,0,8146,998,0,10,0,4,95,95,95,95,95,0,995,9.8,998,998,998,99.8,99.8,99.8,131.5547357,4,8
28449,10,12,1-10-2023-012-03,3,2,2GNAXSEV9M61,17,467,1847,7,0,20,404,2021,14,3,14,0,1,B,1,1572,5,0,1,1,5,2,56,1,0,0,995,0,0,0,45322,1,2,2,1,2,2,2,1,2,2,3,2,0,0,1,1,1,2,1,0,5,3,53,1,1,1,2,D,21,0,0,0,0,0,0,0,0,0,0,355,355,0,0,0,1,3,11,11,0,6276,998,0,10,0,4,9,97,0,1,4,0,995,9.8,998,998,998,99.8,99.8,99.8,131.5547357,4,8
28450,20,10,1-20-2023-010-03,3,1,1HGCV1F37KA0,17,474,1861,13,0,37,32,2019,4,1,4,0,1,F,1,1462,5,9999,9,4,44,2,89,1,9,9,998,8,9,9,93905,3,2,0,4,2,1,2,2,2,1,0,2,0,0,1,2,6,2,2,1,14,2,12,99,9,4,1,B,6,0,0,0,0,0,0,0,0,0,0,998,998,0,1,0,1,12,999,999,999,9999999,999,999,999,6,0,99,99,0,0,0,0,998,0.0,120,7,120,6.6,0.7,6.6,53.60759875,11,8
28451,73,8,1-73-2023-008-09,9,1,1N4BL11D65C2,17,478,1904,13,0,35,47,2005,4,1,4,0,1,F,9,1456,5,9999,9,0,998,2,113,1,8,0,995,0,7,0,04426,9,9,0,1,2,1,2,4,1,1,1,3,2,3,2,3,0,0,1,1,6,3,51,99,2,2,2,D,24,0,0,0,0,0,0,0,0,0,0,195,195,0,0,0,1,0,999,999,999,9999999,999,999,999,9,0,1,2,0,1,4,0,995,9.8,998,998,998,99.8,99.8,99.8,204.744173,3,8
28451,73,8,1-73-2023-008-09,9,2,1FUJGED14HLJ,17,450,2501,66,0,82,881,2017,66,8,68,0,1,D,9,,,,,,,5,113,1,8,0,995,0,7,0,04457,9,9,0,1,2,1,2,4,1,1,1,3,2,3,2,3,0,0,1,0,1,3,53,99,1,1,2,D,25,,,,,,,,,,,,,,,,,,,,,,,,,,,95,95,95,95,95,,,9.8,998,998,998,99.8,99.8,99.8,204.744173,3,8
28453,16,7,1-16-2023-007-02,2,1,SHSRD78894U2,17,474,1865,7,0,37,402,2004,14,3,14,0,1,F,9,1480,5,9999,9,0,998,5,40,1,0,0,995,0,0,0,45211,9,9,2,4,2,1,2,1,1,2,0,0,0,0,1,1,1,2,1,0,11,2,15,99,1,1,4,K,76,0,0,0,0,0,0,0,0,0,0,300,250,0,0,0,1,0,999,999,999,9999999,999,999,999,9,0,95,95,95,95,95,0,995,9.8,998,998,998,99.8,99.8,99.8,54.98857354,5,8
28453,16,7,1-16-2023-007-02,2,2,2HGFC2F69KH5,17,474,1863,13,0,37,31,2019,4,1,3,0,1,L,9,1252,5,9999,9,0,998,2,56,1,0,0,995,0,0,0,45238,9,9,2,3,4,3,2,1,1,2,3,3,0,0,1,1,1,2,1,0,1,4,65,99,1,1,4,K,77,0,0,0,0,0,0,0,0,0,0,250,300,0,0,0,1,0,999,999,999,9999999,999,999,999,9,0,9,97,0,1,0,0,995,9.8,998,998,998,99.8,99.8,99.8,54.98857354,5,8
28454,26,6,1-26-2023-006-02,2,1,2C4RC1N78LR1,17,477,3628,2,0,6,443,2020,20,4,20,0,1,F,1,2242,5,0,1,1,13,2,56,1,0,0,995,0,0,0,95673,1,9,2,4,4,2,2,1,1,1,1,1,0,0,1,1,2,2,3,1,1,2,13,1,1,4,1,A,1,0,0,0,0,0,0,0,0,0,0,998,998,0,1,1,2,1,16,-15,-3,22424,998,28,16,0,4,2,5,0,2,4,0,998,0.0,120,15,10,0.0,0.0,0.0,31.76907113,10,8
28454,26,6,1-26-2023-006-02,2,2,KNMAT2MV9GP6,17,478,1913,8,0,35,51,2016,6,1,3,0,1,R,1,1610,5,9999,9,4,39,2,56,1,0,0,995,0,0,0,95673,9,1,2,4,4,2,2,1,1,1,1,1,0,0,1,1,2,2,1,0,5,4,64,1,1,1,6,M,98,0,0,0,0,0,0,0,0,0,0,165,185,0,0,0,3,12,999,999,999,9999999,999,999,999,6,0,0,0,0,0,0,0,995,9.8,998,998,998,99.8,99.8,99.8,31.76907113,10,8
28455,14,5,1-14-2023-005-03,3,1,1G1ZK57B69F1,17,467,1834,13,0,20,37,2009,4,1,4,0,1,L,3,1569,5,9999,9,0,998,2,48,1,0,0,995,0,0,0,78130,9,1,3,4,2,1,2,1,1,1,0,0,0,0,3,1,0,0,3,0,11,2,15,99,1,1,4,K,82,0,0,0,0,0,0,0,0,0,0,55,140,0,0,0,1,3,54,-9,53,296901,998,-41,66,0,4,0,0,0,0,0,0,995,9.8,998,998,998,99.8,99.8,99.8,2139.523909,8,8
28455,14,5,1-14-2023-005-03,3,2,JTDEAMDE4NJ0,17,448,2208,13,0,49,32,2022,4,1,3,10,1,F,3,1380,5,0,1,1,25,2,48,1,0,0,995,0,0,0,78130,1,2,3,5,5,1,2,1,1,1,0,3,0,0,3,1,0,0,1,0,1,4,72,3,1,1,4,K,83,0,0,0,0,0,0,0,0,0,0,140,55,0,0,0,1,3,59,-58,-10,120049,998,-38,44,0,4,1,1,0,1,4,0,995,9.8,998,998,998,99.8,99.8,99.8,2139.523909,8,8
28459,23,8,1-23-2023-008-04,4,1,1GKKNRL40NZ1,17,472,1855,7,0,23,423,2022,15,3,15,0,1,F,1,1923,5,0,1,5,5,2,89,1,0,0,995,0,0,0,43016,1,2,0,4,2,1,2,1,2,1,1,2,0,0,2,1,6,2,1,0,14,6,87,2,1,1,1,C,13,0,0,0,0,0,0,0,0,0,0,998,998,0,0,0,1,12,999,999,999,9999999,999,999,999,6,0,0,0,0,0,0,0,998,9.8,998,998,998,99.8,99.8,99.8,630.3044656,5,8
28460,23,9,1-23-2023-009-03,3,1,1FMCU03Z68KB,17,460,1798,7,0,12,402,2008,14,3,14,0,1,F,1,1540,5,0,1,1,3,2,72,1,0,0,995,0,0,0,43212,9,9,2,1,3,2,2,1,3,1,3,1,0,0,1,1,1,2,9,0,14,2,17,99,1,1,4,K,83,0,0,0,0,0,0,0,0,0,0,40,285,0,0,0,1,1,23,-23,0,56646,998,6,30,0,4,0,0,0,0,0,0,995,9.8,998,998,998,99.8,99.8,99.8,191.6751813,5,8
28460,23,9,1-23-2023-009-03,3,2,3CZRU6H58MM7,17,474,9212,7,0,37,404,2021,14,3,14,0,1,L,2,1320,5,0,1,1,7,2,72,1,0,0,995,0,0,0,43065,1,2,2,4,3,2,2,1,2,1,1,2,0,0,1,1,1,2,1,0,11,4,66,11,1,1,4,K,82,0,0,0,0,0,0,0,0,0,0,285,40,0,0,0,1,1,27,-14,24,30116,998,-76,20,0,4,0,0,0,0,4,0,995,9.8,998,998,998,99.8,99.8,99.8,191.6751813,5,8
28461,77,6,1-77-2023-006-04,4,1,JM3KFBCY0M03,17,473,2369,7,0,41,403,2021,14,3,14,0,1,F,2,1630,5,0,1,1,9,2,56,1,0,0,995,0,0,0,22903,9,9,2,4,5,1,2,2,2,2,0,1,0,0,1,2,1,2,1,0,14,2,17,2,1,1,4,K,83,0,0,0,0,0,0,0,0,0,0,350,240,0,0,0,1,12,999,999,999,9999999,999,999,999,7,0,0,0,0,0,0,0,995,9.8,998,998,998,99.8,99.8,99.8,984.6612262,9,8
28461,77,6,1-77-2023-006-04,4,2,1G2ZG58N3742,17,536,4263,13,0,22,22,2007,4,1,4,0,1,F,9,1507,5,9999,9,0,998,5,56,1,0,0,995,0,0,0,22973,9,9,2,4,3,2,2,2,1,2,1,2,0,0,1,2,1,2,1,0,11,4,66,99,1,1,4,K,82,0,0,0,0,0,0,0,0,0,0,240,350,0,0,0,1,0,999,999,999,9999999,999,999,999,9,0,95,95,95,95,95,0,995,9.8,998,998,998,99.8,99.8,99.8,984.6612262,9,8
28462,77,7,1-77-2023-007-05,5,1,JTNJJXB02EJ0,17,448,10241,5,0,67,34,2014,3,1,1,0,1,R,2,965,5,0,1,1,7,2,72,1,0,1,0,2,0,0,22963,9,9,2,4,2,1,2,1,1,2,1,2,1,1,1,1,1,2,1,0,11,2,15,1,1,1,4,J,68,0,0,0,0,0,0,0,0,0,0,80,295,0,1,0,1,1,30,-23,-19,19972,998,66,18,0,1,3,11,1,1,3,0,995,9.8,998,998,998,99.8,99.8,99.8,76.33062011,9,8
28462,77,7,1-77-2023-007-05,5,2,5GAKVDKD5DJ1,17,468,1841,7,0,18,421,2013,15,3,15,0,1,F,1,2233,5,0,1,1,6,2,72,1,0,0,995,0,0,0,23084,9,9,2,4,2,1,2,1,1,1,1,2,1,1,1,1,1,2,1,0,1,4,62,2,1,1,4,J,69,0,0,0,0,0,0,0,0,0,0,295,80,0,1,0,1,1,12,-12,-2,46809,998,-3,22,0,1,0,0,0,0,6,0,995,9.8,998,998,998,99.8,99.8,99.8,76.33062011,9,8
28463,54,8,1-54-2023-008-09,9,1,1GTEC19Z06Z2,17,472,1857,60,0,23,481,2006,34,5,31,0,1,R,9,2159,5,9999,9,0,998,5,0,1,0,0,995,0,0,0,35563,9,9,3,4,2,1,4,1,1,1,0,0,0,0,2,1,0,0,9,0,13,2,20,99,1,1,6,M,92,0,0,0,0,0,0,0,0,0,0,260,175,1,1,0,1,0,999,999,999,9999999,999,999,999,9,0,95,95,95,95,95,0,995,9.8,998,998,998,99.8,99.8,99.8,249.346627,9,8
28463,54,8,1-54-2023-008-09,9,2,1FMCU0D79CKC,17,460,1798,7,0,12,402,2012,14,3,14,0,1,F,2,1495,5,0,1,4,4,2,105,1,0,0,995,0,0,0,35654,1,2,3,1,2,1,2,1,1,1,1,3,2,3,2,1,0,0,1,0,1,4,70,3,1,1,6,M,93,0,0,0,0,0,0,0,0,0,0,175,260,0,1,0,1,12,999,999,999,9999999,999,999,999,7,0,1,1,0,1,4,0,995,9.8,998,998,998,99.8,99.8,99.8,249.346627,9,8
28465,59,13,1-59-2023-013-01,1,1,LRBFXCSA2LD1,17,468,11438,7,0,18,405,2020,14,3,14,0,1,R,3,1782,5,0,1,1,19,2,64,1,9,1,0,2,0,1,61944,1,2,2,9,9,99,2,1,9,9,9,9,9,9,1,1,0,0,9,0,1,2,17,1,1,1,5,L,90,0,0,0,0,0,0,0,0,0,0,80,355,0,1,0,1,5,999,999,999,9999999,999,999,42,4,0,5,38,2,2,1,0,995,9.8,998,998,998,99.8,99.8,99.8,69.31494522,6,8
28465,59,13,1-59-2023-013-01,1,2,4V4NC9EJ9DN1,17,487,1967,66,0,51,881,2013,66,8,68,0,1,F,9,,,,,,,2,64,1,0,1,0,1,9,9,47832,9,9,2,1,4,2,2,1,1,1,1,3,0,0,1,1,0,0,9,0,1,4,66,3,1,1,5,L,90,,,,,,,,,,,,,,,,,,,,,,,,,,,95,95,95,95,95,,,9.8,998,998,998,99.8,99.8,99.8,69.31494522,6,8
28466,59,14,1-59-2023-014-02,2,1,1GC1YNEYXMF1,17,467,1850,60,0,20,481,2021,34,5,31,0,1,F,1,3009,5,567,2,1,4,2,72,1,0,0,995,0,0,0,61849,1,2,2,1,3,3,2,1,3,4,1,3,0,3,2,1,1,2,1,0,14,4,67,3,1,1,4,K,83,0,0,0,0,0,0,0,0,0,0,170,70,0,0,0,1,1,15,-15,-3,73074,998,-49,22,0,1,0,0,0,0,0,0,995,9.8,998,998,998,99.8,99.8,99.8,47.45671854,6,8
28466,59,14,1-59-2023-014-02,2,2,4S4BSAHC9K33,17,523,2233,7,0,48,45,2019,6,1,3,0,1,L,2,1614,5,0,1,1,4,2,72,1,0,0,995,0,0,0,46303,1,2,2,4,2,1,2,1,1,4,0,0,0,0,2,1,2,2,1,0,11,2,15,4,1,1,4,K,82,0,0,0,0,0,0,0,0,0,0,70,170,0,0,0,1,1,31,-11,29,32623,998,51,21,0,4,1,3,0,2,4,0,995,9.8,998,998,998,99.8,99.8,99.8,47.45671854,6,8
28467,48,4,1-48-2023-004-03,3,1,1C4HJWEG7HL7,17,483,1943,7,0,2,403,2017,14,3,14,0,1,F,1,1948,5,9999,9,0,998,5,121,1,0,0,995,0,0,0,84119,9,9,0,2,3,3,1,1,1,1,3,2,1,3,1,1,0,0,9,0,1,3,51,99,1,1,2,D,24,0,0,0,0,0,0,0,0,0,0,160,160,0,1,0,1,3,12,-12,2,9516,998,38,11,0,4,95,95,95,95,95,0,995,9.8,998,998,998,99.8,99.8,99.8,333.3390539,12,8