CASEID,PSU,CASENO,CASENUMBER,CATEGORY,VEHNO,VIN,VINLENGTH,VPICMAKE,VPICMODEL,VPICBODYCLASS,ICFINALBODY,MAKE,MODEL,MODELYR,BODYTYPE,BODYCAT,VEHCLASS,SPECUSE,TRANSTAT,DAMPLANE,DAMSEV,CURBWT,CURBSRC,CARGOWT,CARGOSRC,INSPTYPE,INSPLAG,TOWED,SPEEDLIMIT,DRPRESENT,PARALCOHOL,ALCTEST,ALCTESTRESULT,ALCTESTSRC,PARDRUG,DRUGTEST,ZIP,RACE,ETHNICITY,RELTOJUNCT,TRAFFLOW,RDLANES,INITLANE,SURFTYPE,SURFCOND,ALIGNMENT,PROFILE,LINERIGHT,LINELEFT,RUMBINIT,RUMBROAD,LIGHTCOND,WEATHER,TRAFDEV,TRAFFUNCT,DISTRACT,PREFHE,PREMOVE,CRITCAT,CRITEVENT,MANEUVER,PRESTAB,PRELOC,CRASHCAT,CRASHCONF,CRASHTYPE,ROLLTYPE,ROLLTURN,ROLLINTRPT,ROLLPREMAN,ROLLINITYP,ROLLINLOC,ROLLOBJ,ROLLTRIP,ROLLDIR,ROLLDIST,DVANGTHIS,DVANGOTH,TOWHITCH,TRAJDOC,TREEPOLE,DVEVENT,DVBASIS,DVTOTAL,DVLONG,DVLAT,DVENERGY,DVSPEED,DVMOMENT,DVBES,DVEST,DVCONF,VAIS,VISS,VINJSEV,VINJURED,VTREAT,INITOBJCLASS,HEADANGLECAT,SHLDRWIDTH,STRKLENGTH,STRKWIDTH,STRKHEIGHT,EDGEDISTX,EDGEDISTY,EDGEDISTZ,CASEWGT,PSUSTRAT,VERSION
28541,30,5,1-30-2023-005-03,3,2,5TDFZRAH7MS0,17,448,2213,7,0,49,403,2021,14,3,14,0,1,L,1,1870,5,0,1,1,30,2,56,1,0,0,995,0,0,0,85259,9,9,0,4,2,1,2,1,2,1,0,0,0,0,1,1,0,0,1,0,14,4,62,4,1,1,3,I,65,0,0,0,0,0,0,0,0,0,0,170,335,0,0,0,1,3,4,-3,3,2669,998,-144,4,0,4,0,0,0,0,0,0,995,9.8,998,998,998,99.8,99.8,99.8,647.4085886,10,8
28542,32,8,1-32-2023-008-01,1,1,SALVP2BG4GH0,17,444,2244,7,0,62,404,2016,14,3,14,0,1,R,2,1770,5,0,1,1,11,2,105,1,0,1,233,3,0,2,75126,9,1,0,2,2,1,1,1,1,4,1,3,0,1,3,8,0,0,9,1,1,2,13,99,9,4,1,A,1,1,4,2,3,7,1,2,2,2,43,175,80,0,0,0,2,5,999,999,999,9999999,999,999,27,3,0,4,29,1,1,1,1,995,2.9,120,44,67,11.0,2.9,11.0,91.54763899,7,8
28542,32,8,1-32-2023-008-01,1,2,4V4NC9UG9NN3,17,487,1967,66,0,51,881,2022,66,8,68,0,1,F,9,,,,,,,2,105,1,0,0,995,0,0,0,75241,9,9,0,2,2,2,1,1,1,4,1,3,0,0,3,8,0,0,1,0,1,4,61,1,1,1,6,M,98,,,,,,,,,,,,,,,,,,,,,,,,,,,95,95,95,95,95,,,0.0,120,999,999,7.3,1.3,7.6,91.54763899,7,8
28543,17,13,1-17-2023-013-08,8,1,1FAHP25W18G1,17,460,1782,13,0,12,17,2008,4,1,4,0,1,L,1,1653,5,0,1,1,31,2,64,1,9,0,995,0,9,0,52806,9,9,0,4,2,1,2,1,2,2,1,2,0,0,2,1,0,0,9,1,14,2,13,99,9,4,1,A,1,0,0,0,0,0,0,0,0,0,0,998,998,0,1,1,2,1,16,-12,10,17691,998,19,16,0,4,9,97,0,1,99,0,998,9.0,38,38,90,4.6,12.0,12.8,83.18250196,4,8
28544,16,10,1-16-2023-010-04,4,1,5XXGU4L33GG1,17,499,2739,13,0,63,34,2016,4,1,4,0,1,F,1,1463,5,9999,9,0,998,5,56,1,0,0,995,0,0,0,45224,9,9,2,4,5,3,2,2,1,1,1,2,0,0,1,2,1,2,1,0,11,2,15,99,1,1,4,J,68,0,0,0,0,0,0,0,0,0,0,125,350,0,0,0,1,3,15,-15,0,8993,998,0,13,0,4,95,95,95,95,95,0,995,9.8,998,998,998,99.8,99.8,99.8,903.4118146,5,8
28544,16,10,1-16-2023-010-04,4,2,3VV2B7AX4MM1,17,482,8151,7,0,30,402,2021,14,3,14,0,1,L,1,1749,5,0,1,1,38,2,56,1,0,0,995,0,0,0,45224,1,2,2,4,4,1,2,2,1,1,0,3,0,0,1,2,1,2,1,0,1,4,62,4,1,1,4,J,69,0,0,0,0,0,0,0,0,0,0,350,125,0,0,0,1,3,12,-8,9,14600,998,-53,13,0,4,0,0,0,0,0,0,995,9.8,998,998,998,99.8,99.8,99.8,903.4118146,5,8
28545,76,7,1-76-2023-007-07,7,1,KMHGN4JE7HU2,17,5083,12579,13,0,55,43,2017,4,1,5,0,1,F,1,1948,5,0,1,4,65,2,89,1,8,9,998,8,7,9,10921,9,9,0,4,2,1,2,3,3,1,1,2,0,0,1,4,0,0,9,1,14,1,6,99,2,4,1,B,7,0,0,0,0,0,0,0,0,0,0,998,998,0,1,0,1,12,999,999,999,9999999,999,999,999,6,0,0,0,0,0,0,0,998,1.7,120,8,69,0.5,1.4,1.5,61.19216516,3,8
28546,22,8,1-22-2023-008-06,6,1,1FTFW1EFXEKF,17,460,1801,60,0,12,481,2014,34,5,31,0,1,F,2,2574,5,0,1,1,21,2,72,1,0,0,995,0,0,0,83843,9,9,2,4,5,1,2,1,2,1,1,3,2,0,1,1,1,2,9,0,14,3,50,4,1,1,2,D,20,0,0,0,0,0,0,0,0,0,0,120,120,0,0,0,1,3,28,-28,0,94785,998,-19,30,0,4,9,97,0,1,99,0,995,9.8,998,998,998,99.8,99.8,99.8,55.65553056,12,8
28546,22,8,1-22-2023-008-06,6,2,3C6URVJG7LE1,17,496,13629,95,0,7,463,2020,21,4,21,0,1,B,2,2328,5,9999,9,0,998,5,72,1,0,0,995,0,0,0,83843,9,9,2,4,5,1,2,1,2,1,1,3,2,0,1,1,1,2,9,0,5,3,53,99,1,1,2,D,21,0,0,0,0,0,0,0,0,0,0,120,120,0,0,0,1,3,32,32,0,75978,998,0,29,0,4,95,95,95,95,95,0,995,9.8,998,998,998,99.8,99.8,99.8,55.65553056,12,8
28547,76,8,1-76-2023-008-09,9,1,999999999999,99,475,99999,13,0,54,399,2010,4,1,9,0,1,9,9,9999,9,9999,9,0,998,2,89,1,8,1,197,2,7,2,13775,9,9,0,4,2,1,2,1,1,1,1,2,0,0,2,8,0,0,9,1,1,2,12,99,1,4,1,B,6,1,2,1,2,1,4,61,1,2,7,997,997,0,1,0,9,0,999,999,999,9999999,999,999,999,9,0,1,1,0,1,4,3,997,1.0,3,3,999,8.9,2.6,9.2,45.33160833,3,8
28548,20,13,1-20-2023-013-06,6,1,2HKRM3H35GH5,17,474,1865,7,0,37,402,2016,14,3,14,0,1,F,2,1531,5,0,1,2,20,5,89,1,0,0,995,0,0,0,93907,9,9,2,4,2,1,2,1,1,4,0,2,0,0,1,1,2,2,2,0,11,2,15,1,1,1,4,K,82,0,0,0,0,0,0,0,0,0,0,80,210,0,1,0,1,3,36,-34,12,62936,998,99,25,0,4,95,95,95,95,95,0,995,9.8,998,998,998,99.8,99.8,99.8,275.9557257,11,8
28548,20,13,1-20-2023-013-06,6,2,JTDKBRFU7H30,17,448,2209,5,0,49,46,2017,6,1,2,0,1,R,3,1132,5,9999,9,4,41,7,89,1,0,0,995,0,0,0,93620,9,1,2,4,2,1,2,1,1,1,1,2,1,0,1,1,0,0,1,0,1,4,67,3,1,1,4,K,83,0,0,0,0,0,0,0,0,0,0,210,80,0,1,0,1,3,50,-44,-25,184501,998,28,62,0,4,99,99,0,0,99,0,995,0.8,114,120,44,6.8,4.9,8.6,275.9557257,11,8
28550,26,11,1-26-2023-011-09,9,1,19XFA1F39AE0,17,474,1863,13,0,37,31,2010,4,1,3,0,1,F,1,1199,5,0,1,1,25,2,72,1,9,0,995,0,9,0,99999,9,9,0,1,2,2,2,2,2,1,3,0,0,0,3,2,0,0,9,1,14,2,12,99,1,4,1,B,6,0,0,0,0,0,0,0,0,0,0,998,998,0,1,1,4,12,999,999,999,9999999,999,999,999,6,0,99,99,0,0,99,0,998,0.0,120,15,15,0.0,0.0,0.0,1240.994449,10,8
28553,23,10,1-23-2023-010-04,4,1,KMHL34J26NA2,17,498,2459,13,0,55,33,2022,4,1,4,0,1,F,2,1527,5,0,1,1,11,2,113,1,1,1,149,1,0,0,43050,1,2,0,2,3,2,2,1,1,1,3,3,0,3,2,1,0,0,1,1,1,6,87,98,1,4,1,B,8,0,0,0,0,0,0,0,0,0,0,998,998,0,0,0,1,10,999,999,999,9999999,999,999,999,7,0,0,0,0,0,0,0,998,4.0,999,999,999,0.0,0.0,0.0,372.5221111,5,8
28554,23,11,1-23-2023-011-08,8,1,1FAFP55U13G1,17,460,1782,13,0,12,17,2003,4,1,3,0,1,L,3,1521,5,9999,9,4,44,2,72,1,8,1,0,2,7,2,43015,1,2,0,4,2,1,2,5,1,4,1,2,0,0,2,8,0,0,1,1,1,2,13,99,2,4,1,A,1,0,0,0,0,0,0,0,0,0,0,998,998,0,0,1,3,12,999,999,999,9999999,999,999,999,8,0,3,22,1,1,3,0,998,0.5,999,40,120,23.0,4.0,23.0,107.5400479,5,8
28556,77,8,1-77-2023-008-05,5,1,5N1AR18W66C6,17,478,1911,7,0,35,401,2006,14,3,14,0,1,L,2,2185,5,9999,9,0,998,2,56,1,0,0,995,0,0,0,22936,9,9,2,4,2,1,2,1,1,4,0,0,0,0,1,1,2,2,3,0,11,2,15,1,1,1,4,K,82,0,0,0,0,0,0,0,0,0,0,200,315,0,1,0,1,3,32,-25,21,208514,998,-72,43,0,4,1,1,0,1,4,0,995,9.8,998,998,998,99.8,99.8,99.8,159.3875731,9,8
28556,77,8,1-77-2023-008-05,5,2,19XFB2F50FE0,17,474,1863,13,0,37,31,2015,4,1,3,0,1,F,3,1258,5,0,1,1,10,2,56,1,0,0,995,0,0,0,22901,9,9,2,1,2,2,2,1,1,2,3,2,0,0,1,1,0,0,1,0,1,4,67,2,1,1,4,K,83,0,0,0,0,0,0,0,0,0,0,315,200,0,0,0,1,3,56,-48,-28,128978,998,-85,43,0,4,99,99,0,0,0,0,995,9.8,998,998,998,99.8,99.8,99.8,159.3875731,9,8
28557,77,9,1-77-2023-009-05,5,1,KM8SRDHF6HU2,17,498,2057,7,0,55,401,2017,14,3,14,0,1,F,1,1968,5,0,1,1,10,2,72,1,0,0,995,0,0,0,22963,9,9,2,2,3,3,2,1,1,1,1,2,0,0,5,1,1,2,1,0,11,2,15,99,1,1,4,J,68,0,0,0,0,0,0,0,0,0,0,185,50,0,0,0,1,1,22,-20,-7,91988,998,-86,29,0,1,9,97,0,1,0,0,995,9.8,998,998,998,99.8,99.8,99.8,159.3875731,9,8
28557,77,9,1-77-2023-009-05,5,2,1VWBA7A32JC0,17,482,3134,13,0,30,46,2018,4,1,4,0,1,F,2,1480,5,0,1,1,9,2,72,1,0,0,995,0,0,0,23055,1,2,2,1,3,2,2,1,1,1,1,1,0,0,5,1,1,2,1,0,1,4,62,2,1,1,4,J,69,0,0,0,0,0,0,0,0,0,0,50,185,0,0,0,1,1,27,-24,14,11031,998,58,12,0,1,2,5,0,1,4,0,995,9.8,998,998,998,99.8,99.8,99.8,159.3875731,9,8
28558,23,13,1-23-2023-013-04,4,1,KL79MVSL6MB1,17,467,4548,7,0,20,498,2021,14,3,14,0,1,F,9,1391,5,9999,9,0,998,5,56,1,0,0,995,0,0,0,43015,9,9,2,4,3,1,2,1,1,1,0,1,0,0,1,1,1,2,2,1,15,3,50,1,1,2,2,F,48,1,2,2,5,7,1,2,2,2,4,120,120,0,0,0,1,0,999,999,999,9999999,999,999,999,9,0,95,95,95,95,95,1,995,9.8,998,998,998,99.8,99.8,99.8,372.5221111,5,8
28558,23,13,1-23-2023-013-04,4,2,7FARW2H91ME0,17,474,1865,7,0,37,402,2021,14,3,14,0,1,L,1,1580,5,0,1,1,10,2,56,1,0,0,995,0,0,0,43015,9,9,2,4,3,1,2,1,1,1,0,1,0,0,1,1,1,2,1,0,5,3,53,1,1,1,2,F,48,0,0,0,0,0,0,0,0,0,0,120,120,0,0,0,1,8,999,999,999,9999999,999,999,999,6,0,0,0,0,0,0,0,995,9.8,998,998,998,99.8,99.8,99.8,372.5221111,5,8
28561,54,9,1-54-2023-009-08,8,1,1FTRX17L6WKB,17,460,1801,60,0,12,481,1998,34,5,31,0,1,T,1,1857,5,0,1,1,7,2,105,1,0,1,11,2,0,2,35582,1,9,0,1,2,2,2,1,1,1,3,2,1,3,2,8,0,0,9,1,1,2,11,99,1,2,2,F,46,1,4,2,2,1,4,61,1,1,21,997,997,0,1,0,2,6,999,999,999,9999999,999,999,999,6,0,2,12,0,1,3,3,997,9.8,998,998,998,99.8,99.8,99.8,156.9645701,9,8
28561,54,9,1-54-2023-009-08,8,2,1C4SDHFT3MC8,17,476,3508,7,0,7,422,2021,15,3,15,5,1,L,9,2418,5,9999,9,0,998,5,105,1,0,0,995,0,0,0,35582,9,9,0,1,2,1,2,1,1,1,1,3,2,3,2,8,0,0,1,0,1,4,60,99,1,1,2,F,45,0,0,0,0,0,0,0,0,0,0,265,275,0,1,0,1,0,999,999,999,9999999,999,999,999,9,0,95,95,95,95,95,0,995,9.8,998,998,998,99.8,99.8,99.8,156.9645701,9,8
28562,54,10,1-54-2023-010-09,9,1,JTKDE177X601,17,448,2207,5,0,49,50,2006,3,1,3,0,1,F,2,1347,8,0,1,1,25,2,72,1,0,0,995,0,0,0,35585,1,2,3,1,3,1,2,1,1,1,1,3,2,2,1,8,0,0,3,0,1,3,52,1,1,1,2,D,28,0,0,0,0,0,0,0,0,0,0,40,45,0,1,0,1,3,31,-31,0,42909,998,16,27,0,4,3,11,1,1,4,0,995,9.8,998,998,998,99.8,99.8,99.8,498.693254,9,8
28562,54,10,1-54-2023-010-09,9,2,2G1FA1E37D92,17,467,1829,3,0,20,9,2013,2,1,4,0,1,B,2,1700,5,9999,9,0,998,5,72,1,0,0,995,0,0,0,35654,9,9,3,1,3,1,2,1,1,1,1,3,2,2,1,8,0,0,1,0,1,2,18,1,1,1,2,D,31,0,0,0,0,0,0,0,0,0,0,45,40,0,1,0,1,3,27,27,0,59733,998,0,30,0,4,95,95,95,95,95,0,995,9.8,998,998,998,99.8,99.8,99.8,498.693254,9,8
28563,12,9,1-12-2023-009-05,5,1,3C6RR7LT4GG2,17,496,13620,60,0,7,482,2016,34,5,31,0,1,F,1,2336,5,0,1,1,10,2,72,1,0,1,0,2,0,2,73401,1,2,2,1,4,3,1,1,1,1,3,1,0,0,3,1,1,2,9,1,1,2,12,98,1,4,1,B,6,0,0,0,0,0,0,0,0,0,0,998,998,0,1,0,5,1,21,-21,0,42505,998,-48,21,0,1,3,19,1,1,3,0,998,0.0,999,999,999,99.9,99.9,99.9,238.9969228,9,8
28564,12,10,1-12-2023-010-09,9,1,5XXGN4A73CG0,17,499,2739,13,0,63,34,2012,4,1,4,0,1,F,1,1454,5,0,1,1,19,2,40,1,8,0,995,0,7,0,73463,9,9,0,4,2,1,2,1,1,1,0,0,0,0,2,1,0,0,3,1,1,2,13,99,1,4,1,C,11,0,0,0,0,0,0,0,0,0,0,270,265,0,0,0,1,3,18,-17,-3,27806,998,-46,21,0,4,9,97,0,1,99,0,995,9.8,998,998,998,99.8,99.8,99.8,1211.490089,9,8
28564,12,10,1-12-2023-010-09,9,2,KM8J33A49HU2,17,498,2058,7,0,55,402,2017,14,3,14,0,2,B,1,1560,5,9999,9,4,26,,,,,,,,,,,,,,,,,,,,,,,,,,,,,,,,,,,,,,,,,,,,,,,,,,,,,,,,,,,,,,,,,,95,95,95,95,95,,,,,,,,,,1211.490089,9,8
28565,59,16,1-59-2023-016-05,5,1,2C4RC1BGXER3,17,477,1936,2,0,6,441,2014,20,4,20,0,1,F,3,2115,5,0,1,1,14,2,89,1,8,1,0,2,0,0,47861,1,9,0,4,2,1,2,1,1,4,1,2,0,0,1,8,0,0,9,1,1,2,10,99,1,2,3,I,64,0,0,0,0,0,0,0,0,0,0,175,5,0,1,0,1,12,999,999,999,9999999,999,999,999,8,0,1,1,0,1,4,0,995,0.0,999,999,999,0.0,0.0,0.0,49.55652444,6,8
28565,59,16,1-59-2023-016-05,5,2,5FNRL38699B4,17,474,1869,2,0,37,441,2009,20,4,20,0,1,L,3,2062,5,9999,9,5,28,2,89,1,8,0,995,0,0,0,47802,9,9,0,4,2,1,2,1,1,4,1,2,0,0,1,8,0,0,9,0,1,4,62,99,1,1,3,I,65,0,0,0,0,0,0,0,0,0,0,5,175,0,1,0,1,12,999,999,999,9999999,999,999,999,8,0,0,0,0,0,5,0,995,9.8,998,998,998,99.8,99.8,99.8,49.55652444,6,8
28566,59,17,1-59-2023-017-04,4,1,2GNALDEK8C62,17,467,1847,7,0,20,404,2012,14,3,14,0,1,F,1,1706,5,9999,9,0,998,5,48,1,8,0,995,0,7,0,47802,9,9,2,4,2,1,2,1,1,1,0,2,0,0,3,1,1,2,2,0,11,2,15,99,1,1,4,K,82,0,0,0,0,0,0,0,0,0,0,310,100,0,0,0,1,3,17,-17,0,34835,998,0,23,0,4,95,95,95,95,95,0,995,9.8,998,998,998,99.8,99.8,99.8,746.7013631,6,8
28566,59,17,1-59-2023-017-04,4,2,ML32F3FJ4KHF,17,481,13842,13,0,52,48,2019,4,1,2,0,1,F,2,975,5,0,1,1,2,2,48,1,8,0,995,0,7,0,47802,9,9,2,4,2,1,2,1,1,1,0,2,0,0,3,1,1,2,1,0,1,4,67,1,1,1,4,K,83,0,0,0,0,0,0,0,0,0,0,100,310,0,1,0,1,3,27,-23,-13,28058,998,-81,22,0,4,0,0,0,0,0,0,995,9.8,998,998,998,99.8,99.8,99.8,746.7013631,6,8
28567,20,14,1-20-2023-014-03,3,1,1C4HJXEG8JW3,17,483,1943,7,0,2,403,2018,14,3,14,0,1,F,1,1971,5,0,1,1,40,7,56,1,0,0,995,0,0,0,95012,9,1,2,4,2,1,2,1,1,1,1,2,0,0,1,1,2,2,2,0,11,2,15,4,1,1,4,K,82,0,0,0,0,0,0,0,0,0,0,340,100,0,0,0,1,1,14,-10,9,18981,998,125,11,0,1,99,99,0,0,0,0,995,9.8,998,998,998,99.8,99.8,99.8,208.922339,11,8
28567,20,14,1-20-2023-014-03,3,2,2C4RDGEG3KR6,17,476,14832,2,0,7,442,2019,20,4,20,0,1,F,1,2050,5,0,1,1,19,2,89,1,0,0,995,0,0,0,95061,1,9,2,4,3,2,2,1,1,1,1,2,0,0,1,1,0,0,1,0,1,4,67,98,1,1,4,K,83,0,0,0,0,0,0,0,0,0,0,100,340,0,0,0,1,1,13,-13,-5,25820,998,-45,17,0,4,99,99,0,0,8,0,995,9.8,998,998,998,99.8,99.8,99.8,208.922339,11,8
28568,20,15,1-20-2023-015-05,5,1,JF1ZCAC13F96,17,523,2238,3,0,48,46,2015,2,1,2,0,1,F,3,1254,5,0,1,1,20,2,105,1,0,0,995,0,0,0,93906,9,1,0,2,2,1,2,1,1,9,1,3,0,0,2,1,0,0,3,1,1,2,12,99,9,4,1,B,7,0,0,0,0,0,0,0,0,0,0,998,998,0,0,0,1,1,40,-38,14,107105,998,64,40,0,1,2,4,0,2,8,0,998,2.1,999,999,999,0.0,0.0,0.0,38.72073121,11,8
28569,19,17,1-19-2023-017-08,8,1,2HGFA1F56AH5,17,474,1863,13,0,37,31,2010,4,1,3,0,1,R,1,1199,5,0,1,1,8,2,105,1,0,0,995,0,0,0,35901,9,1,0,1,4,1,2,1,3,1,1,3,2,2,2,1,0,0,9,1,14,2,12,99,4,4,3,I,66,0,0,0,0,0,0,0,0,0,0,50,0,0,1,0,1,1,20,10,-17,16750,998,-49,17,0,1,0,0,0,0,4,0,995,9.8,998,998,998,99.8,99.8,99.8,59.64842673,9,8
28569,19,17,1-19-2023-017-08,8,2,1NXBR32E73Z0,17,448,2208,13,0,49,32,2003,4,1,2,0,1,F,1,1130,5,0,4,1,8,2,105,1,0,1,0,2,0,2,35957,1,9,0,1,4,2,2,1,2,1,3,2,0,0,2,1,0,0,9,0,14,4,62,99,1,1,3,I,66,0,0,0,0,0,0,0,0,0,0,0,50,0,1,0,1,1,21,-21,4,26113,998,-21,23,0,1,1,1,0,1,4,0,995,9.8,998,998,998,99.8,99.8,99.8,59.64842673,9,8
28570,19,18,1-19-2023-018-03,3,1,1G11A5SA3DF3,17,467,1834,13,0,20,37,2013,4,1,3,0,1,F,1,1650,5,0,1,1,6,2,40,1,0,0,995,0,0,0,35954,2,2,2,4,2,1,2,1,1,1,0,2,0,0,3,1,0,0,1,0,1,4,66,1,1,1,5,L,86,0,0,0,0,0,0,0,0,0,0,270,0,0,0,0,1,1,14,-12,7,34786,998,102,18,0,1,4,17,1,1,3,0,995,9.8,998,998,998,99.8,99.8,99.8,58.78117583,9,8
28570,19,18,1-19-2023-018-03,3,2,KMHL14JCXNA2,17,498,2459,13,0,55,33,2022,4,1,4,0,1,R,1,1626,5,0,1,1,6,2,40,1,0,0,995,0,0,0,35903,2,2,2,4,2,1,2,1,1,1,0,2,0,0,3,1,2,2,3,0,1,2,17,2,1,1,5,L,87,0,0,0,0,0,0,0,0,0,0,0,270,0,0,0,1,1,15,-7,-13,4549,998,-88,7,0,1,0,0,0,0,4,0,995,9.8,998,998,998,99.8,99.8,99.8,58.78117583,9,8
28571,19,19,1-19-2023-019-06,6,1,5TDDK3EH6DS1,17,448,2213,7,0,49,403,2013,14,3,14,0,1,F,1,1960,5,9999,9,0,998,5,40,1,0,0,995,0,0,0,35901,9,9,2,4,2,1,2,1,1,4,1,2,0,0,3,1,2,2,9,0,1,2,17,99,1,1,5,L,88,0,0,0,0,0,0,0,0,0,0,70,330,0,0,0,1,3,9,-9,0,3648,998,0,7,0,4,95,95,95,95,95,0,995,9.8,998,998,998,99.8,99.8,99.8,186.5473263,9,8
28571,19,19,1-19-2023-019-06,6,2,5XXGT4L38JG2,17,499,2739,13,0,63,34,2018,4,1,4,0,1,L,1,1463,5,0,1,1,18,2,56,1,0,0,995,0,0,0,35904,1,9,2,3,2,1,2,1,2,1,1,3,0,0,3,1,0,0,9,0,14,4,66,1,1,1,5,L,89,0,0,0,0,0,0,0,0,0,0,330,70,0,0,0,1,3,10,-2,10,10286,998,-60,12,0,4,9,97,0,1,8,0,995,9.8,998,998,998,99.8,99.8,99.8,186.5473263,9,8
28572,19,20,1-19-2023-020-10,10,1,1HGCM72644A0,17,474,1861,3,0,37,32,2004,2,1,2,0,1,R,1,1140,5,0,1,1,4,2,72,1,0,0,995,0,0,0,36272,1,2,0,4,2,1,2,2,1,2,1,2,0,0,2,2,0,0,1,1,1,2,13,1,1,4,1,C,11,0,0,0,0,0,0,0,0,0,0,10,10,0,0,0,1,12,999,999,999,9999999,999,999,999,6,0,0,0,0,0,0,0,995,9.8,998,998,998,99.8,99.8,99.8,1322.775216,9,8
28572,19,20,1-19-2023-020-10,10,2,SAJWA0FS9FPU,17,442,2285,13,0,39,37,2015,4,1,5,0,2,9,9,1660,5,9999,9,0,998,,,,,,,,,,,,,,,,,,,,,,,,,,,,,,,,,,,,,,,,,,,,,,,,,,,,,,,,,,,,,,,,,,95,95,95,95,95,,,,,,,,,,1322.775216,9,8
28573,17,14,1-17-2023-014-03,3,1,2C4RC1BG4GR1,17,477,1936,2,0,6,441,2016,20,4,20,0,1,L,1,2115,5,0,1,1,6,2,48,1,9,1,0,2,9,1,52748,1,9,2,1,2,2,1,1,1,1,1,2,0,0,3,1,1,2,9,0,11,2,15,4,1,1,4,K,82,0,0,0,0,0,0,0,0,0,0,340,70,0,0,0,1,1,18,-3,18,18281,998,25,14,0,4,1,1,0,1,4,0,995,9.8,998,998,998,99.8,99.8,99.8,81.87272163,4,8
28573,17,14,1-17-2023-014-03,3,2,1FTFW1ED8NFB,17,460,1801,60,0,12,481,2022,34,5,31,0,1,F,1,2134,5,0,1,1,6,2,56,1,0,0,995,0,0,0,52722,1,2,2,4,3,1,1,1,2,1,0,1,0,0,3,1,1,2,1,0,14,4,67,3,1,1,4,K,83,0,0,0,0,0,0,0,0,0,0,70,340,0,0,0,1,1,18,-17,-3,39012,998,-45,20,0,4,1,2,0,1,4,0,995,9.8,998,998,998,99.8,99.8,99.8,81.87272163,4,8
28574,17,15,1-17-2023-015-09,9,1,1G4GD5E38CF2,17,468,1821,13,0,18,22,2012,4,1,4,0,1,F,1,1785,5,0,1,1,9,2,48,1,9,0,995,0,9,0,99999,9,9,0,4,4,1,1,1,1,1,0,3,0,0,3,1,0,0,9,1,1,2,13,99,9,4,1,A,1,0,0,0,0,0,0,0,0,0,0,998,998,0,0,0,1,12,999,999,999,9999999,999,999,999,6,0,99,99,0,0,99,0,998,0.0,999,11,23,0.0,0.0,0.0,507.2328414,4,8
28575,17,16,1-17-2023-016-09,9,1,WVWDH21J2YW5,17,482,3140,5,0,30,42,2000,3,1,1,0,1,F,2,1254,5,0,1,1,8,2,105,1,0,0,995,0,0,0,61201,9,9,0,2,2,2,2,5,3,9,3,2,2,2,2,1,0,0,9,1,14,1,6,99,9,4,1,B,7,0,0,0,0,0,0,0,0,0,0,998,998,0,0,0,1,1,30,-19,-23,99898,998,-135,30,0,4,2,5,0,1,4,0,998,9.9,999,999,999,0.0,0.0,0.0,507.2328414,4,8
28578,24,9,1-24-2023-009-06,6,1,KNDJN2A22E70,17,499,2460,7,0,63,37,2014,6,1,2,0,1,F,1,1347,5,0,1,1,24,2,56,1,0,0,995,0,0,0,08226,9,9,2,4,3,1,2,1,1,1,1,3,0,0,1,98,1,2,3,0,1,3,50,3,1,1,2,D,20,0,0,0,0,0,0,0,0,0,0,240,240,0,0,0,1,1,13,-13,0,10321,998,26,13,0,4,9,97,0,1,99,0,995,9.8,998,998,998,99.8,99.8,99.8,352.6157721,1,8
28578,24,9,1-24-2023-009-06,6,2,JM3KE4BEXD01,17,473,2369,7,0,41,403,2013,14,3,14,0,1,B,1,1604,5,0,1,1,31,2,56,1,0,0,995,0,0,0,08406,1,2,2,4,3,1,2,2,1,1,1,3,0,0,1,98,1,2,9,0,5,3,53,1,1,1,2,D,21,0,0,0,0,0,0,0,0,0,0,240,240,0,0,0,1,1,11,11,0,8626,998,23,11,0,4,1,1,0,1,4,0,995,9.8,998,998,998,99.8,99.8,99.8,352.6157721,1,8
28578,24,9,1-24-2023-009-06,6,3,5GRGN23U13H1,17,951,4598,7,0,3,421,2003,15,3,15,0,1,B,9,2909,5,9999,9,0,998,5,56,1,0,0,995,0,0,0,08401,9,9,2,1,3,1,2,2,1,1,1,1,0,0,1,98,1,2,9,0,5,3,53,1,1,1,6,M,98,0,0,0,0,0,0,0,0,0,0,240,240,0,0,0,2,0,999,999,999,9999999,999,999,999,9,0,95,95,95,95,95,0,995,9.8,998,998,998,99.8,99.8,99.8,352.6157721,1,8
28579,24,10,1-24-2023-010-06,6,1,3FA6P0LU5JR1,17,460,1780,13,0,12,23,2018,4,1,4,0,1,F,2,1660,5,0,1,4,26,2,80,1,0,0,995,0,0,0,33935,9,9,0,5,5,1,2,1,1,1,1,3,0,0,3,1,0,0,9,1,1,2,13,99,1,4,1,A,1,0,0,0,0,0,0,0,0,0,0,998,998,0,0,1,1,12,999,999,999,9999999,999,999,999,7,0,9,97,0,1,0,0,998,2.5,30,28,75,4.2,0.4,4.2,352.615772,1,8
28580,52,14,1-52-2023-014-04,4,1,1FMCU9HD8KUB,17,460,1798,7,0,12,402,2019,14,3,14,0,1,F,1,1668,5,0,1,1,6,2,56,1,0,0,995,0,0,0,59106,1,2,2,4,5,2,2,1,1,1,1,1,0,0,1,1,1,2,3,0,1,3,50,2,1,1,2,D,20,0,0,0,0,0,0,0,0,0,0,270,270,0,0,0,1,3,20,-20,0,17695,998,2,16,0,4,0,0,0,0,0,0,995,9.8,998,998,998,99.8,99.8,99.8,78.35600332,12,8