CASEID,PSU,CASENO,CASENUMBER,CATEGORY,VEHNO,VIN,VINLENGTH,VPICMAKE,VPICMODEL,VPICBODYCLASS,ICFINALBODY,MAKE,MODEL,MODELYR,BODYTYPE,BODYCAT,VEHCLASS,SPECUSE,TRANSTAT,DAMPLANE,DAMSEV,CURBWT,CURBSRC,CARGOWT,CARGOSRC,INSPTYPE,INSPLAG,TOWED,SPEEDLIMIT,DRPRESENT,PARALCOHOL,ALCTEST,ALCTESTRESULT,ALCTESTSRC,PARDRUG,DRUGTEST,ZIP,RACE,ETHNICITY,RELTOJUNCT,TRAFFLOW,RDLANES,INITLANE,SURFTYPE,SURFCOND,ALIGNMENT,PROFILE,LINERIGHT,LINELEFT,RUMBINIT,RUMBROAD,LIGHTCOND,WEATHER,TRAFDEV,TRAFFUNCT,DISTRACT,PREFHE,PREMOVE,CRITCAT,CRITEVENT,MANEUVER,PRESTAB,PRELOC,CRASHCAT,CRASHCONF,CRASHTYPE,ROLLTYPE,ROLLTURN,ROLLINTRPT,ROLLPREMAN,ROLLINITYP,ROLLINLOC,ROLLOBJ,ROLLTRIP,ROLLDIR,ROLLDIST,DVANGTHIS,DVANGOTH,TOWHITCH,TRAJDOC,TREEPOLE,DVEVENT,DVBASIS,DVTOTAL,DVLONG,DVLAT,DVENERGY,DVSPEED,DVMOMENT,DVBES,DVEST,DVCONF,VAIS,VISS,VINJSEV,VINJURED,VTREAT,INITOBJCLASS,HEADANGLECAT,SHLDRWIDTH,STRKLENGTH,STRKWIDTH,STRKHEIGHT,EDGEDISTX,EDGEDISTY,EDGEDISTZ,CASEWGT,PSUSTRAT,VERSION
28609,27,10,1-27-2023-010-03,3,2,1C4PJMDX3MD1,17,483,1945,7,0,2,404,2021,14,3,14,0,1,L,1,1839,5,0,1,1,7,2,48,1,0,9,998,8,0,9,01201,1,2,2,4,3,2,2,2,1,1,1,2,0,0,1,8,1,2,1,0,1,4,66,4,1,1,5,L,89,0,0,0,0,0,0,0,0,0,0,315,50,0,0,0,1,1,18,-12,14,9370,998,-51,11,0,1,2,6,0,1,4,0,995,9.8,998,998,998,99.8,99.8,99.8,50.26407651,3,8
28610,27,11,1-27-2023-011-07,7,1,1G1PC5SB7E73,17,467,1832,13,0,20,25,2014,4,1,3,0,1,F,3,1407,5,0,1,1,16,2,64,1,0,0,995,0,0,0,01237,9,9,2,1,1,1,2,1,2,1,1,2,0,0,1,1,0,0,3,0,14,3,50,4,1,1,2,D,20,0,0,0,0,0,0,0,0,0,0,285,275,0,0,0,1,98,999,999,999,9999999,999,999,999,8,0,0,0,0,0,0,0,995,9.8,998,998,998,99.8,99.8,99.8,457.0320833,3,8
28610,27,11,1-27-2023-011-07,7,2,5N1AN0NW0CC5,17,478,1916,7,0,35,402,2012,14,3,14,0,1,B,9,1982,5,9999,9,0,998,5,64,1,0,0,995,0,0,0,01201,9,9,2,1,1,1,2,1,2,1,1,2,0,0,1,1,0,0,1,0,5,3,53,1,1,1,2,D,22,0,0,0,0,0,0,0,0,0,0,275,285,0,0,0,1,0,999,999,999,9999999,999,999,999,9,0,95,95,95,95,95,0,995,9.8,998,998,998,99.8,99.8,99.8,457.0320833,3,8
28611,76,9,1-76-2023-009-04,4,1,4S3BWAN6XN30,17,523,2232,13,0,48,34,2022,4,1,3,0,1,F,1,1606,5,0,1,1,62,2,89,1,8,9,998,8,7,9,13753,9,9,0,4,2,1,2,3,2,1,1,4,0,0,1,1,0,0,9,1,14,1,6,3,2,4,1,B,7,0,0,0,0,0,0,0,0,0,0,285,335,0,0,0,1,11,999,999,999,9999999,999,999,999,6,0,0,0,0,0,0,0,995,9.8,998,998,998,99.8,99.8,99.8,22.48583657,3,8
28611,76,9,1-76-2023-009-04,4,2,999999999999,99,474,99999,999,0,37,399,2021,9,1,9,0,2,B,9,9999,9,9999,9,0,998,,,,,,,,,,,,,,,,,,,,,,,,,,,,,,,,,,,,,,,,,,,,,,,,,,,,,,,,,,,,,,,,,,95,95,95,95,95,,,,,,,,,,22.48583657,3,8
28611,76,9,1-76-2023-009-04,4,3,2GTEK19VX313,17,472,1857,60,0,23,481,2003,34,5,31,0,2,L,9,2151,5,9999,9,0,998,,,,,,,,,,,,,,,,,,,,,,,,,,,,,,,,,,,,,,,,,,,,,,,,,,,,,,,,,,,,,,,,,,95,95,95,95,95,,,,,,,,,,22.48583657,3,8
28613,24,11,1-24-2023-011-09,9,1,JTHBA30GX400,17,515,2475,13,0,59,31,2004,4,1,3,0,1,F,1,1570,5,9999,9,5,21,2,64,1,0,0,995,0,0,0,08234,9,9,2,4,2,1,2,1,1,1,1,2,0,0,1,1,0,0,9,0,1,4,67,99,1,1,4,K,83,0,0,0,0,0,0,0,0,0,0,190,85,0,0,0,1,3,15,-14,-5,11594,998,-70,12,0,4,9,97,0,2,99,0,995,9.8,998,998,998,99.8,99.8,99.8,723.5318144,1,8
28613,24,11,1-24-2023-011-09,9,2,1HGCM56744A0,17,474,1861,13,0,37,32,2004,4,1,3,0,1,L,1,1389,5,0,1,1,19,2,80,1,0,0,995,0,0,0,08205,9,9,2,4,3,2,2,1,1,1,1,2,0,0,1,1,2,2,9,0,11,2,15,99,1,1,4,K,82,0,0,0,0,0,0,0,0,0,0,85,190,0,0,0,1,3,18,-9,15,29403,998,-79,20,0,4,9,97,0,1,99,0,995,9.8,998,998,998,99.8,99.8,99.8,723.5318144,1,8
28614,73,12,1-73-2023-012-10,10,1,5TEHN72N14Z3,17,448,2223,60,0,49,472,2004,34,5,31,0,1,T,1,1594,5,0,1,1,30,2,89,1,8,0,995,0,7,0,04957,9,9,2,4,2,1,2,4,1,1,1,4,0,0,2,8,0,0,1,1,1,1,5,99,3,4,1,A,2,1,2,2,6,1,4,61,1,2,4,997,997,0,0,0,1,6,999,999,999,9999999,999,999,999,6,0,0,0,0,0,0,3,997,9.8,998,998,998,99.8,99.8,99.8,1149.885938,3,8
28615,73,13,1-73-2023-013-03,3,1,3TYSZ5AN1NT0,17,448,2223,60,0,49,472,2022,34,5,31,0,1,F,1,1948,5,0,1,3,7,2,89,1,8,0,995,0,0,0,04401,9,9,0,4,2,1,2,2,1,1,1,4,0,0,1,1,0,0,9,1,1,1,5,8,4,4,1,B,7,0,0,0,0,0,0,0,0,0,0,998,998,0,0,0,2,12,999,999,999,9999999,999,999,999,6,0,1,2,0,2,4,0,998,1.3,10,10,120,24.2,2.2,24.4,86.55908343,3,8
28616,73,14,1-73-2023-014-04,4,1,1C4RDJDG4LC2,17,476,3508,7,0,7,422,2020,15,3,15,0,1,F,1,2262,5,0,1,1,3,2,40,1,8,0,995,0,7,0,04957,9,9,0,4,2,1,2,1,1,1,0,0,0,0,2,1,0,0,1,0,1,6,87,99,1,1,1,C,13,0,0,0,0,0,0,0,0,0,0,998,998,0,0,0,1,12,999,999,999,9999999,999,999,999,6,0,0,0,0,0,0,0,998,9.8,998,998,998,99.8,99.8,99.8,158.1659471,3,8
28617,15,16,1-15-2023-016-03,3,1,19XFC1F36LE2,17,474,1863,13,0,37,31,2020,4,1,3,0,1,R,2,1252,5,9999,9,1,14,2,48,1,8,0,995,0,7,0,11003,2,2,2,4,2,1,2,1,3,1,1,2,0,0,3,1,1,2,9,1,14,1,6,3,4,4,1,A,2,1,5,1,2,4,4,44,4,1,20,997,997,0,0,0,2,6,999,999,999,9999999,999,999,999,7,0,1,2,0,1,4,3,997,0.6,120,120,30,1.2,1.1,1.5,111.3261824,1,8
28618,15,17,1-15-2023-017-10,10,1,1HGCP3F88AA0,17,474,1861,13,0,37,32,2010,4,1,4,0,1,F,1,1621,5,9999,9,5,9,2,64,1,8,9,998,8,7,9,11801,9,9,2,4,4,1,2,1,1,1,1,3,0,0,3,1,0,0,9,0,1,3,52,99,1,1,2,D,28,0,0,0,0,0,0,0,0,0,0,90,80,0,0,0,1,12,999,999,999,9999999,999,999,999,2,0,0,0,0,0,0,0,995,9.8,998,998,998,99.8,99.8,99.8,2893.207487,1,8
28618,15,17,1-15-2023-017-10,10,2,JN8AT3BB7MW2,17,478,1913,7,0,35,404,2021,14,3,14,0,1,B,9,1608,5,9999,9,0,998,5,64,1,8,9,998,8,7,9,11575,9,9,2,4,4,1,2,1,1,1,1,3,0,0,3,1,0,0,9,0,1,3,53,99,1,1,2,D,31,0,0,0,0,0,0,0,0,0,0,80,90,0,0,0,1,0,999,999,999,9999999,999,999,999,9,0,95,95,95,95,95,0,995,9.8,998,998,998,99.8,99.8,99.8,2893.207487,1,8
28619,15,18,1-15-2023-018-02,2,1,999999999999,99,99999,99999,999,0,99,399,9999,9,1,9,99,1,F,9,9999,9,9999,9,0,998,5,89,1,9,9,998,8,9,9,99999,9,9,1,2,5,1,2,1,1,1,1,3,2,3,3,8,0,0,9,0,6,3,51,99,9,9,2,D,24,0,0,0,0,0,0,0,0,0,0,270,280,0,0,0,1,0,999,999,999,9999999,999,999,999,9,0,95,95,95,95,95,0,995,9.8,998,998,998,99.8,99.8,99.8,49.81259183,1,8
28619,15,18,1-15-2023-018-02,2,2,1C4GJXAG1KW6,17,483,1943,7,0,2,403,2019,14,3,14,0,1,L,1,1903,5,0,1,1,10,2,89,1,8,0,995,0,7,0,11753,9,9,1,2,5,1,2,1,1,1,1,3,2,3,3,8,0,0,9,0,1,3,53,99,9,9,2,D,25,1,4,2,5,1,1,61,1,2,999,997,997,9,0,0,2,6,999,999,999,9999999,999,999,999,6,0,1,1,0,1,4,3,997,9.8,998,998,998,99.8,99.8,99.8,49.81259183,1,8
28620,10,21,1-10-2023-021-07,7,1,JM1BM1T71F12,17,473,2074,13,0,41,51,2015,4,1,3,0,1,F,1,1284,5,0,1,1,8,2,56,1,0,0,995,0,0,0,45402,9,9,2,4,4,2,2,1,1,1,1,2,0,0,3,1,1,2,1,0,11,2,15,1,1,1,4,J,68,0,0,0,0,0,0,0,0,0,0,240,80,0,0,0,1,1,19,-19,0,19772,998,-28,19,0,4,0,0,0,0,0,0,995,9.8,998,998,998,99.8,99.8,99.8,806.2434697,4,8
28620,10,21,1-10-2023-021-07,7,2,5GAER13D09J2,17,468,1841,7,0,18,24,2009,6,1,5,0,1,F,1,2168,5,0,1,1,9,2,56,1,0,0,995,0,0,0,45405,9,9,2,1,5,3,2,1,1,1,1,2,0,0,3,1,1,2,1,0,1,4,62,2,1,1,4,J,69,0,0,0,0,0,0,0,0,0,0,80,240,0,0,0,1,1,12,-11,4,13568,998,21,12,0,4,0,0,0,0,0,0,995,9.8,998,998,998,99.8,99.8,99.8,806.2434697,4,8
28621,33,7,1-33-2023-007-02,2,1,JF2GTACC6KH2,17,523,13580,7,0,48,403,2019,14,3,14,0,1,F,3,1500,5,0,1,4,48,2,105,1,0,0,995,0,0,2,96055,1,9,0,2,2,2,2,1,1,1,3,2,0,0,5,1,0,0,9,0,1,3,52,99,1,1,2,D,28,0,0,0,0,0,0,0,0,0,0,315,315,0,0,0,1,3,97,-97,0,615525,998,0,101,0,4,2,5,0,1,3,0,995,9.8,998,998,998,99.8,99.8,99.8,34.71701794,12,8
28621,33,7,1-33-2023-007-02,2,2,3N6CM0KN3GK6,17,478,1918,95,0,35,446,2016,20,4,20,0,1,B,3,1479,5,0,1,1,14,2,105,1,0,0,995,0,0,0,96021,1,9,0,2,2,2,2,1,1,1,3,2,0,0,5,1,0,0,1,0,2,3,53,2,1,1,2,D,29,0,0,0,0,0,0,0,0,0,0,315,315,0,0,0,1,3,98,98,0,530422,998,0,94,0,1,0,0,0,0,0,0,995,9.8,998,998,998,99.8,99.8,99.8,34.71701794,12,8
28621,33,7,1-33-2023-007-02,2,3,3FA6P0HD7ER3,17,460,1780,13,0,12,23,2014,4,1,4,0,1,B,9,1554,5,9999,9,0,998,2,105,1,0,0,995,0,0,0,92324,1,9,0,2,2,2,2,1,1,1,3,2,0,0,5,1,0,0,1,0,5,3,53,99,1,1,6,M,98,0,0,0,0,0,0,0,0,0,0,315,315,0,0,0,2,0,999,999,999,9999999,999,999,999,9,0,0,0,0,0,0,0,995,9.8,998,998,998,99.8,99.8,99.8,34.71701794,12,8
28621,33,7,1-33-2023-007-02,2,4,1FMZK2C84LKA,17,460,3608,9,0,12,462,2020,21,4,21,0,1,B,9,2375,5,9999,9,0,998,5,105,1,0,0,995,0,0,0,83854,9,9,0,2,2,2,2,1,1,1,3,2,0,0,5,1,0,0,1,0,5,3,53,99,1,1,6,M,98,0,0,0,0,0,0,0,0,0,0,315,315,0,0,0,3,0,999,999,999,9999999,999,999,999,9,0,95,95,95,95,95,0,995,9.8,998,998,998,99.8,99.8,99.8,34.71701794,12,8
28622,76,11,1-76-2023-011-04,4,1,5FNYF6H02NB0,17,474,1864,7,0,37,421,2022,15,3,15,0,1,F,9,1932,5,0,1,6,17,3,89,1,8,9,998,8,7,9,12051,1,2,0,4,2,1,2,1,1,1,1,2,1,0,5,1,0,0,1,0,1,6,87,2,1,1,1,C,13,0,0,0,0,0,0,0,0,0,0,998,998,0,0,0,1,12,999,999,999,9999999,999,999,999,9,0,0,0,0,0,0,0,998,9.8,998,998,998,99.8,99.8,99.8,22.48583656,3,8
28623,26,12,1-26-2023-012-09,9,1,5TBEV54127S4,17,448,2467,60,0,49,482,2007,34,5,30,0,1,F,1,2384,8,9999,9,4,12,3,72,1,1,8,997,8,0,0,95673,9,1,2,1,1,1,2,1,3,1,3,2,0,0,1,8,0,0,9,1,14,2,12,99,1,4,1,B,6,0,0,0,0,0,0,0,0,0,0,998,998,0,0,0,1,10,999,999,999,9999999,999,999,999,6,0,9,97,0,1,99,0,998,1.2,999,10,999,12.1,8.6,15.5,2171.016212,10,8
28624,26,13,1-26-2023-013-03,3,1,JF1VA1C60L98,17,523,2237,13,0,48,47,2020,4,1,3,0,1,T,1,1543,5,0,1,1,9,2,105,1,0,1,0,2,0,1,95823,9,1,0,2,3,3,2,2,2,9,3,2,0,0,1,8,0,0,1,1,14,1,6,99,3,4,1,A,2,1,6,2,5,1,2,63,1,2,26,997,997,0,0,0,2,6,999,999,999,9999999,999,999,999,6,0,2,5,0,1,3,3,997,2.2,999,999,999,0.0,0.0,0.0,275.6226171,10,8
28625,26,14,1-26-2023-014-05,5,1,2GTEK13TX612,17,472,1857,60,0,23,481,2006,34,5,30,0,1,R,2,2397,5,0,1,1,30,2,72,1,0,0,995,0,0,0,95660,1,9,2,1,4,4,2,2,1,1,1,0,0,0,4,8,0,0,2,0,11,2,15,1,1,1,4,J,68,0,0,0,0,0,0,0,0,0,0,75,320,0,0,0,1,1,27,-17,-21,47951,998,-69,21,0,1,99,99,0,0,99,0,995,9.8,998,998,998,99.8,99.8,99.8,66.47353153,10,8
28625,26,14,1-26-2023-014-05,5,2,1C3CDFAA2GD7,17,476,2054,13,0,7,29,2016,4,1,3,0,1,F,3,1445,5,0,1,1,30,2,72,1,0,0,995,0,0,0,95823,2,9,2,1,4,1,2,2,1,1,0,3,0,0,4,8,0,0,1,0,1,4,62,4,1,1,4,J,69,0,0,0,0,0,0,0,0,0,0,320,75,0,1,0,1,1,44,-41,15,170677,998,63,49,0,1,9,97,0,1,8,0,995,0.0,120,15,14,6.0,0.9,6.1,66.47353153,10,8
28626,21,6,1-21-2023-006-02,2,1,1N6AA1E58KN5,17,478,1920,60,0,35,481,2019,34,5,31,0,1,F,2,2638,5,0,1,1,12,2,113,1,0,0,995,0,0,0,78410,1,9,0,1,3,1,2,1,2,1,1,3,2,3,2,1,0,0,9,0,15,3,51,99,1,1,2,D,24,1,1,2,5,1,1,61,1,2,10,220,230,0,0,0,1,5,999,999,999,9999999,999,999,32,3,0,2,5,0,1,3,3,995,9.8,998,998,998,99.8,99.8,99.8,114.6385167,11,8
28626,21,6,1-21-2023-006-02,2,2,1M1AN2AX8LM0,17,490,20842,66,0,86,881,2020,66,8,68,0,1,B,9,,,,,,,5,113,1,0,0,995,0,0,0,89031,9,9,0,1,3,1,2,1,2,1,1,3,2,3,2,1,0,0,9,0,14,3,53,1,1,1,2,D,25,,,,,,,,,,,,,,,,,,,,,,,,,,,95,95,95,95,95,,,9.8,998,998,998,99.8,99.8,99.8,114.6385167,11,8
28627,22,9,1-22-2023-009-10,10,1,JA4MT31R31P0,17,481,5755,7,0,52,401,2001,14,3,14,0,1,R,2,1743,5,0,1,1,15,2,97,1,0,0,995,0,0,0,83501,9,9,0,4,2,1,2,5,1,1,1,2,3,3,2,1,0,0,9,1,1,1,5,99,4,4,1,A,2,1,3,2,2,1,4,61,1,1,11,997,997,0,0,0,2,6,999,999,999,9999999,999,999,999,7,0,0,0,0,0,0,3,997,7.1,120,15,120,15.0,6.0,16.0,73.04207086,12,8
28629,22,10,1-22-2023-010-10,10,1,2GCEK13V2711,17,467,1850,60,0,20,481,2007,34,5,31,0,1,F,1,2440,5,9999,9,4,55,2,40,1,0,0,995,0,0,0,99403,9,9,0,4,2,1,2,1,1,4,0,4,0,0,3,1,0,0,9,1,1,2,11,99,1,4,1,C,11,0,0,0,0,0,0,0,0,0,0,0,0,0,0,0,1,12,999,999,999,9999999,999,999,999,6,0,0,0,0,0,0,0,995,9.8,998,998,998,99.8,99.8,99.8,98.79079778,12,8
28629,22,10,1-22-2023-010-10,10,2,3D7KS28D28G1,17,476,1938,60,0,7,482,2008,34,5,31,0,2,B,1,2719,5,9999,9,4,55,,,,,,,,,,,,,,,,,,,,,,,,,,,,,,,,,,,,,,,,,,,,,,,,,,,,,,,,,,,,,,,,,,95,95,95,95,95,,,,,,,,,,98.79079778,12,8
28630,48,7,1-48-2023-007-09,9,1,1D7HU18N97J5,17,476,1938,60,0,7,482,2007,34,5,31,0,1,T,3,2402,5,0,1,1,17,2,129,1,0,0,995,0,0,0,84302,9,9,1,2,2,1,2,1,3,1,1,3,2,3,1,1,0,0,9,1,14,1,9,99,4,4,1,B,7,1,4,2,2,1,4,61,1,1,40,997,997,0,0,0,2,6,999,999,999,9999999,999,999,999,8,0,9,97,0,1,99,3,997,2.0,999,999,999,8.1,2.5,8.4,674.3265613,12,8
28631,48,8,1-48-2023-008-03,3,1,JTMF1RFV2LD0,17,448,2217,7,0,49,402,2020,14,3,14,0,1,F,1,1583,5,0,1,1,12,2,121,1,1,8,997,8,9,9,84414,9,9,0,2,3,3,1,1,2,1,3,2,1,3,2,1,0,0,9,1,14,2,12,1,1,4,1,B,6,0,0,0,0,0,0,0,0,0,0,998,998,0,1,0,1,8,999,999,999,9999999,999,999,999,6,0,9,97,0,1,8,0,998,2.7,999,999,999,17.5,2.5,17.7,105.0578111,12,8
28632,29,7,1-29-2023-007-10,10,1,KNAFE2227956,17,499,5499,13,0,63,33,2009,4,1,2,0,1,L,1,1225,5,9999,9,1,7,2,48,1,8,0,995,0,7,0,02871,9,9,0,4,2,1,2,5,2,4,0,2,0,0,4,1,6,2,1,1,7,4,60,1,1,2,6,M,98,0,0,0,0,0,0,0,0,0,0,310,300,0,0,0,2,8,999,999,999,9999999,999,999,999,6,0,0,0,0,0,0,0,995,9.8,998,998,998,99.8,99.8,99.8,21818.47307,2,8
28632,29,7,1-29-2023-007-10,10,2,3B3ES47C4XT5,17,476,5880,13,0,7,20,1999,4,1,2,0,1,R,1,1140,5,9999,9,4,8,2,48,1,8,0,995,0,7,0,02878,9,9,0,4,2,1,2,5,2,4,0,2,0,0,4,1,6,2,1,1,14,1,6,99,2,4,1,B,7,0,0,0,0,0,0,0,0,0,0,300,310,0,0,0,2,12,999,999,999,9999999,999,999,999,6,0,0,0,0,0,0,0,995,0.0,9,15,15,0.0,0.0,0.0,21818.47307,2,8
28633,30,6,1-30-2023-006-03,3,1,1G1JD5SB4K41,17,467,1835,13,0,20,28,2019,4,1,1,0,1,R,1,1292,5,0,1,1,41,2,64,1,0,0,995,0,0,0,85306,9,9,2,1,3,3,2,1,1,1,1,0,0,0,1,1,1,2,1,0,11,2,15,2,1,1,4,J,68,0,0,0,0,0,0,0,0,0,0,100,0,0,0,0,1,3,12,-4,-11,11129,998,59,13,0,4,1,1,0,1,4,0,995,9.8,998,998,998,99.8,99.8,99.8,87.90841855,10,8
28633,30,6,1-30-2023-006-03,3,2,JTNBE46K1730,17,448,2469,13,0,49,40,2007,4,1,4,0,1,F,1,1615,5,9999,9,0,998,2,64,1,8,0,995,0,1,0,99999,9,9,2,1,4,2,2,1,1,1,1,3,0,0,1,1,1,2,9,0,1,4,62,99,1,1,4,J,69,0,0,0,0,0,0,0,0,0,0,0,100,0,0,0,1,3,9,-9,2,4226,998,36,7,0,4,99,99,0,0,99,0,995,9.8,998,998,998,99.8,99.8,99.8,87.90841855,10,8
28634,30,7,1-30-2023-007-02,2,1,1FT7W2B64BEA,17,460,1805,60,0,12,481,2011,34,5,31,0,1,F,1,3148,5,9999,9,0,998,2,72,1,0,0,995,0,0,0,85206,9,9,2,1,3,1,2,1,1,1,1,0,0,0,1,1,1,2,9,0,1,2,17,1,1,1,4,K,83,0,0,0,0,0,0,0,0,0,0,180,90,0,0,0,1,3,15,-14,-3,35408,998,-48,16,0,4,0,0,0,0,0,0,995,9.8,998,998,998,99.8,99.8,99.8,16.33651205,10,8
28634,30,7,1-30-2023-007-02,2,2,3GNAXKEV5LS5,17,467,1847,7,0,20,404,2020,14,3,14,0,1,L,2,1485,5,0,1,1,40,2,72,1,0,1,0,2,0,1,85225,1,9,2,1,3,2,1,1,1,1,1,1,0,0,1,1,1,2,1,0,11,4,66,1,1,1,4,K,82,1,1,1,5,1,1,61,1,1,7,90,180,0,0,0,1,3,30,-5,29,58353,998,-56,28,0,4,4,17,2,2,3,3,995,0.0,3,3,60,0.0,2.8,0.0,16.33651205,10,8
28635,24,12,1-24-2023-012-03,3,1,SHHFK7H64LU4,17,474,1863,5,0,37,31,2020,5,1,3,0,1,R,1,1252,5,0,1,1,17,2,40,1,0,0,995,0,0,0,08234,9,9,2,4,2,1,2,2,1,1,0,2,0,0,1,2,2,2,9,0,1,2,17,9,1,1,5,L,87,0,0,0,0,0,0,0,0,0,0,320,220,0,0,0,1,12,999,999,999,9999999,999,999,8,1,0,1,1,0,1,99,0,995,9.8,998,998,998,99.8,99.8,99.8,133.5025331,1,8
28635,24,12,1-24-2023-012-03,3,2,999999999999,99,99999,99999,999,0,99,399,9999,9,1,9,99,1,F,9,9999,9,9999,9,0,998,5,40,1,0,0,995,0,0,0,99999,9,9,2,4,2,1,2,2,1,1,0,0,0,0,1,2,0,0,9,0,1,4,66,99,1,1,5,L,86,0,0,0,0,0,0,0,0,0,0,220,320,0,0,0,1,0,999,999,999,9999999,999,999,999,9,0,95,95,95,95,95,0,995,9.8,998,998,998,99.8,99.8,99.8,133.5025331,1,8
28638,66,10,1-66-2023-010-10,10,1,1GCCSBF95B81,17,467,4086,60,0,20,473,2011,34,5,30,0,1,F,1,1569,5,0,1,5,15,2,64,1,0,0,995,0,7,0,65712,9,9,0,4,2,1,2,3,1,4,0,0,0,0,2,1,0,0,9,1,1,1,6,99,4,4,1,B,7,0,0,0,0,0,0,0,0,0,0,998,998,0,1,0,1,12,999,999,999,9999999,999,999,999,6,0,99,99,0,0,99,0,998,0.0,999,4,120,9.0,4.5,10.0,336.9762559,6,8
28640,24,13,1-24-2023-013-09,9,1,2T1BR32E97C7,17,448,2208,13,0,49,32,2007,4,1,2,0,1,F,9,1135,5,0,1,4,17,2,80,1,0,0,995,0,0,0,08330,9,9,2,4,2,1,2,1,1,1,0,0,0,0,1,1,0,0,9,1,11,2,13,1,1,4,1,A,1,0,0,0,0,0,0,0,0,0,0,998,998,0,0,1,1,12,999,999,999,9999999,999,999,999,9,0,1,1,0,2,0,0,998,0.0,43,43,92,12.6,8.1,15.2,807.2324983,1,8
28641,24,14,1-24-2023-014-03,3,1,3N1AB7AP7EY3,17,478,1907,13,0,35,43,2014,4,1,3,0,1,F,3,1293,5,0,1,1,19,2,72,1,0,0,995,0,0,0,10466,9,9,2,4,5,3,2,1,1,9,1,2,0,0,1,1,1,2,1,0,11,2,15,8,1,1,4,J,68,0,0,0,0,0,0,0,0,0,0,70,270,0,0,0,1,3,46,-46,-8,121225,998,-32,45,0,4,9,97,0,1,99,0,995,9.8,998,998,998,99.8,99.8,99.8,148.9465718,1,8
28641,24,14,1-24-2023-014-03,3,2,2GNAXYEX4L62,17,467,1847,7,0,20,404,2020,14,3,14,0,1,F,2,1637,5,0,1,5,14,2,72,1,0,0,995,0,0,0,08205,9,9,2,1,3,3,2,1,1,1,1,2,0,0,1,1,1,2,1,0,1,4,62,99,1,1,4,J,69,0,0,0,0,0,0,0,0,0,0,270,70,0,0,0,1,3,39,-39,7,106324,998,-4,40,0,4,9,97,0,1,99,0,995,9.8,998,998,998,99.8,99.8,99.8,148.9465718,1,8
28642,24,15,1-24-2023-015-03,3,1,19XFC2F51GE2,17,474,1863,13,0,37,31,2016,4,1,3,0,1,F,2,1244,5,0,1,1,27,2,80,1,8,8,997,8,7,3,08406,1,2,2,1,3,3,2,1,1,1,1,2,0,0,3,1,1,2,9,0,1,3,50,2,1,1,2,D,20,0,0,0,0,0,0,0,0,0,0,300,300,0,0,0,1,1,31,-31,0,43224,998,-13,29,0,1,1,1,0,1,4,0,995,9.8,998,998,998,99.8,99.8,99.8,148.9465718,1,8
28642,24,15,1-24-2023-015-03,3,2,3KPF54ADXNE4,17,499,2462,13,0,63,38,2022,4,1,3,0,1,B,2,1366,5,0,1,1,28,2,80,1,0,0,995,0,0,0,08312,1,2,2,1,3,3,2,1,1,1,2,2,0,0,3,1,1,2,1,0,5,3,53,1,1,1,2,D,22,0,0,0,0,0,0,0,0,0,0,300,300,0,0,0,1,1,28,28,0,50291,998,-28,29,0,1,1,3,0,1,4,0,995,9.8,998,998,998,99.8,99.8,99.8,148.9465718,1,8
28643,24,16,1-24-2023-016-06,6,1,2GNALBEK7H16,17,467,1847,7,0,20,404,2017,14,3,14,0,1,F,2,1706,5,0,1,1,18,2,80,1,0,0,995,0,0,0,08234,2,9,0,1,1,1,2,1,3,9,1,2,0,0,2,1,0,0,3,1,14,2,13,1,1,4,1,A,1,1,7,1,2,1,3,61,1,2,27,998,998,0,0,7,1,8,999,999,999,9999999,999,999,999,7,0,0,0,0,0,5,3,998,9.9,999,999,999,99.9,99.9,99.9,393.4075944,1,8
28644,14,9,1-14-2023-009-06,6,1,1FTEW1CP0HKE,17,460,1801,60,0,12,481,2017,34,5,31,0,1,F,2,2028,5,0,1,1,8,2,97,1,0,0,995,0,0,0,78130,9,1,2,4,2,1,2,1,1,4,1,2,0,0,1,1,2,2,9,0,11,2,15,4,1,1,4,K,82,0,0,0,0,0,0,0,0,0,0,330,100,0,0,0,1,1,33,-31,11,209366,998,81,44,0,1,1,1,0,2,4,0,995,9.8,998,998,998,99.8,99.8,99.8,745.846193,8,8
28644,14,9,1-14-2023-009-06,6,2,1FTEW1CF0FKE,17,460,1801,60,0,12,481,2015,34,5,31,0,1,F,2,2028,5,0,1,1,36,2,97,1,0,0,995,0,0,0,78666,1,9,2,4,4,2,2,1,1,1,1,1,0,0,1,1,0,0,9,0,1,4,67,3,1,1,4,K,83,0,0,0,0,0,0,0,0,0,0,100,330,0,0,0,1,1,36,-31,-18,30539,998,-68,18,0,1,0,0,0,0,0,0,995,9.8,998,998,998,99.8,99.8,99.8,745.846193,8,8
28645,14,10,1-14-2023-010-03,3,1,JA4J4UA89NZ0,17,481,2163,7,0,52,404,2022,14,3,14,0,1,F,2,1705,8,0,1,1,10,2,72,1,0,0,995,0,0,0,78130,1,1,2,4,2,1,2,1,3,1,0,0,0,0,1,1,2,2,2,0,11,2,15,1,1,1,4,K,84,0,0,0,0,0,0,0,0,0,0,180,280,0,0,0,1,3,31,-31,5,53012,998,35,25,0,4,1,1,0,1,4,0,995,9.8,998,998,998,99.8,99.8,99.8,362.4430323,8,8