CASEID,PSU,CASENO,CASENUMBER,CATEGORY,VEHNO,VIN,VINLENGTH,VPICMAKE,VPICMODEL,VPICBODYCLASS,ICFINALBODY,MAKE,MODEL,MODELYR,BODYTYPE,BODYCAT,VEHCLASS,SPECUSE,TRANSTAT,DAMPLANE,DAMSEV,CURBWT,CURBSRC,CARGOWT,CARGOSRC,INSPTYPE,INSPLAG,TOWED,SPEEDLIMIT,DRPRESENT,PARALCOHOL,ALCTEST,ALCTESTRESULT,ALCTESTSRC,PARDRUG,DRUGTEST,ZIP,RACE,ETHNICITY,RELTOJUNCT,TRAFFLOW,RDLANES,INITLANE,SURFTYPE,SURFCOND,ALIGNMENT,PROFILE,LINERIGHT,LINELEFT,RUMBINIT,RUMBROAD,LIGHTCOND,WEATHER,TRAFDEV,TRAFFUNCT,DISTRACT,PREFHE,PREMOVE,CRITCAT,CRITEVENT,MANEUVER,PRESTAB,PRELOC,CRASHCAT,CRASHCONF,CRASHTYPE,ROLLTYPE,ROLLTURN,ROLLINTRPT,ROLLPREMAN,ROLLINITYP,ROLLINLOC,ROLLOBJ,ROLLTRIP,ROLLDIR,ROLLDIST,DVANGTHIS,DVANGOTH,TOWHITCH,TRAJDOC,TREEPOLE,DVEVENT,DVBASIS,DVTOTAL,DVLONG,DVLAT,DVENERGY,DVSPEED,DVMOMENT,DVBES,DVEST,DVCONF,VAIS,VISS,VINJSEV,VINJURED,VTREAT,INITOBJCLASS,HEADANGLECAT,SHLDRWIDTH,STRKLENGTH,STRKWIDTH,STRKHEIGHT,EDGEDISTX,EDGEDISTY,EDGEDISTZ,CASEWGT,PSUSTRAT,VERSION
28798,26,18,1-26-2023-018-08,8,1,KL1TD5DE1AB0,17,467,1828,13,0,20,39,2010,4,1,1,0,1,F,3,1170,5,0,1,1,16,2,48,1,0,0,995,0,0,0,96130,1,9,2,4,4,1,2,1,1,1,3,3,0,0,3,1,2,2,9,0,1,2,17,1,1,1,5,L,86,0,0,0,0,0,0,0,0,0,0,25,110,0,1,0,1,3,40,-35,20,48631,998,47,30,0,4,9,97,0,1,8,0,995,9.8,998,998,998,99.8,99.8,99.8,80.88530209,10,8
28798,26,18,1-26-2023-018-08,8,2,1GNKRGED4BJ2,17,467,1853,7,0,20,24,2011,6,1,5,0,1,R,1,2141,5,0,1,1,17,2,48,1,0,0,995,0,0,0,95841,1,9,2,4,2,1,2,1,1,1,3,4,0,0,3,1,2,2,1,0,1,4,66,1,1,1,5,L,87,0,0,0,0,0,0,0,0,0,0,110,25,0,0,0,1,3,22,-11,-19,100507,998,-104,28,0,4,99,99,0,0,99,0,995,9.8,998,998,998,99.8,99.8,99.8,80.88530209,10,8
28798,26,18,1-26-2023-018-08,8,3,JTDKB20U8631,17,448,2209,5,0,49,46,2006,5,1,3,0,2,F,1,1335,5,9999,9,4,43,,,,,,,,,,,,,,,,,,,,,,,,,,,,,,,,,,,,,,,,,,,,,,,,,,,,,,,,,,,,,,,,,,95,95,95,95,95,,,,,,,,,,80.88530209,10,8
28799,22,14,1-22-2023-014-06,6,1,2T3RFREV5HW6,17,448,2217,7,0,49,402,2017,14,3,14,0,1,L,1,1610,5,0,1,1,8,2,40,1,0,0,995,0,0,0,83501,9,9,2,4,2,1,2,5,1,1,0,0,0,0,1,9,2,2,9,0,1,2,17,2,2,1,5,L,89,0,0,0,0,0,0,0,0,0,0,185,275,0,0,0,1,3,8,-1,8,12389,998,-206,8,0,4,0,0,0,0,5,0,995,9.8,998,998,998,99.8,99.8,99.8,103.5346305,12,8
28799,22,14,1-22-2023-014-06,6,2,5TBBT44146S4,17,448,2467,60,0,49,482,2006,34,5,31,0,1,F,1,2060,5,9999,9,0,998,5,40,1,0,0,995,0,0,0,83501,9,9,2,4,2,1,2,5,1,1,0,4,0,0,1,9,0,0,9,0,1,4,66,99,9,1,5,L,88,0,0,0,0,0,0,0,0,0,0,275,185,0,0,0,1,3,7,-7,-1,6724,998,-41,9,0,4,95,95,95,95,95,0,995,9.8,998,998,998,99.8,99.8,99.8,103.5346305,12,8
28803,73,21,1-73-2023-021-10,10,1,5TELU42N67Z3,17,448,2223,60,0,49,472,2007,34,5,31,0,1,T,2,1791,5,0,1,1,12,2,64,1,8,0,995,0,0,0,21150,9,9,0,4,2,1,2,5,3,1,0,0,0,0,1,1,0,0,1,1,11,1,5,99,9,4,1,B,7,1,2,2,2,5,4,31,6,2,6,997,997,0,0,0,1,6,999,999,999,9999999,999,999,999,7,0,0,0,0,0,0,2,997,9.8,998,998,998,99.8,99.8,99.8,330.8466132,3,8
28805,30,12,1-30-2023-012-03,3,1,JN1CV6APXDM3,17,480,2337,13,0,58,37,2013,4,1,4,0,1,F,1,1681,5,0,1,1,53,2,105,1,0,0,995,0,0,0,85335,9,9,0,2,4,3,2,1,1,2,3,1,0,0,1,1,0,0,3,0,1,3,50,2,1,1,2,D,20,0,0,0,0,0,0,0,0,0,0,90,90,0,0,0,1,3,21,-21,0,33233,998,8,22,0,4,9,97,0,1,8,0,995,9.8,998,998,998,99.8,99.8,99.8,59.09416678,10,8
28805,30,12,1-30-2023-012-03,3,2,5N1AZ2AJ6LN1,17,478,1914,7,0,35,422,2020,15,3,15,0,1,B,1,1721,5,9999,9,4,51,2,105,1,0,1,0,2,0,1,85303,9,9,0,2,4,3,2,1,1,2,3,1,0,0,1,1,0,0,1,0,5,3,53,1,1,1,2,D,21,0,0,0,0,0,0,0,0,0,0,90,90,0,0,0,1,3,20,20,0,25223,998,0,19,0,4,0,0,0,0,4,0,995,3.0,999,999,999,1.0,4.0,2.0,59.09416678,10,8
28805,30,12,1-30-2023-012-03,3,3,JS1VT54A2721,17,509,13189,98,0,53,706,2007,80,9,80,0,1,F,9,,,,,,,2,105,1,0,0,995,0,0,0,85374,9,9,0,2,4,4,2,1,1,2,1,2,0,0,1,1,0,0,1,0,1,4,60,1,1,1,6,M,98,,,,,,,,,,,,,,,,,,,,,,,,,,,95,95,95,95,95,,,9.8,998,998,998,99.8,99.8,99.8,59.09416678,10,8
28805,30,12,1-30-2023-012-03,3,4,7FARW5H30HE0,17,474,1865,7,0,37,402,2017,14,3,14,0,1,B,9,1502,5,9999,9,0,998,5,105,1,0,0,995,0,0,0,85323,9,9,0,2,4,3,2,1,1,1,3,1,0,0,1,1,0,0,1,0,5,3,55,1,1,1,6,M,98,0,0,0,0,0,0,0,0,0,0,90,110,0,0,0,6,0,999,999,999,9999999,999,999,999,9,0,95,95,95,95,95,0,995,9.8,998,998,998,99.8,99.8,99.8,59.09416678,10,8
28805,30,12,1-30-2023-012-03,3,5,2HGFC2F5XGH5,17,474,1863,13,0,37,31,2016,4,1,2,0,1,B,9,1531,5,9999,9,0,998,5,105,1,0,0,995,0,0,0,85338,9,9,0,2,4,3,2,1,1,2,3,1,0,0,1,1,0,0,1,0,5,3,53,1,1,1,6,M,98,0,0,0,0,0,0,0,0,0,0,90,90,0,0,0,4,0,999,999,999,9999999,999,999,999,9,0,95,95,95,95,95,0,995,9.8,998,998,998,99.8,99.8,99.8,59.09416678,10,8
28805,30,12,1-30-2023-012-03,3,6,KMTG34LE4KU0,17,5083,23521,13,0,55,46,2019,4,1,4,0,1,B,9,1775,5,9999,9,0,998,5,105,1,0,0,995,0,0,0,85382,9,9,0,2,4,3,2,1,1,2,3,1,0,0,1,1,0,0,1,0,5,3,53,1,1,1,6,M,98,0,0,0,0,0,0,0,0,0,0,90,90,0,0,0,5,0,999,999,999,9999999,999,999,999,9,0,95,95,95,95,95,0,995,9.8,998,998,998,99.8,99.8,99.8,59.09416678,10,8
28806,30,13,1-30-2023-013-04,4,1,1FA6P8TH6N51,17,460,1781,3,0,12,3,2022,2,1,3,0,1,F,9,1681,5,9999,9,0,998,2,105,1,0,0,995,0,0,0,85004,9,9,0,4,2,1,2,1,1,1,1,2,0,1,2,1,0,0,1,0,1,6,87,99,1,1,1,C,13,0,0,0,0,0,0,0,0,0,0,998,998,0,0,0,1,0,999,999,999,9999999,999,999,999,9,0,0,0,0,0,0,0,998,9.8,998,998,998,99.8,99.8,99.8,281.5730441,10,8
28807,22,16,1-22-2023-016-07,7,1,WMWLU5C55H2E,17,456,1765,5,0,69,54,2017,6,1,3,0,1,L,1,1529,5,0,1,1,21,2,80,1,0,0,995,0,0,0,99152,1,2,0,4,2,1,2,4,2,1,2,1,0,0,1,1,0,0,3,1,14,2,12,99,2,4,1,B,6,0,0,0,0,0,0,0,0,0,0,998,998,0,0,0,1,7,999,999,999,9999999,999,999,999,6,0,0,0,0,0,0,0,998,0.5,120,120,-80,24.0,3.5,24.3,252.2740154,12,8
28808,20,20,1-20-2023-020-09,9,1,4JGAB75E42A3,17,449,2129,7,0,42,401,2002,14,3,14,0,1,F,1,2210,5,9999,9,0,998,7,56,1,0,0,995,0,0,0,93933,1,9,2,5,5,1,2,1,1,1,1,3,0,0,1,5,1,2,2,0,1,3,50,99,1,1,2,D,20,0,0,0,0,0,0,0,0,0,0,100,100,0,0,0,1,3,7,-7,0,3602,998,-50,6,0,4,0,0,0,0,0,0,995,9.8,998,998,998,99.8,99.8,99.8,120.8697104,11,8
28808,20,20,1-20-2023-020-09,9,2,WBAPH5G50BNM,17,452,1709,13,0,34,34,2011,4,1,3,0,1,B,1,1635,5,0,1,1,40,2,56,1,0,0,995,0,0,0,93635,9,2,2,5,5,1,2,1,1,1,1,3,0,0,1,5,1,2,1,0,5,3,53,1,1,1,2,D,21,0,0,0,0,0,0,0,0,0,0,100,100,0,0,0,1,3,10,10,0,9484,998,-36,11,0,4,99,99,0,0,5,0,995,9.8,998,998,998,99.8,99.8,99.8,120.8697104,11,8
28808,20,20,1-20-2023-020-09,9,3,5XXGT4L34LG4,17,499,2739,13,0,63,34,2020,4,1,4,0,1,B,1,1465,5,9999,9,4,60,5,56,1,0,0,995,0,0,0,93933,9,9,2,5,5,1,2,1,1,1,1,3,0,0,1,5,1,2,1,0,5,3,53,1,1,1,6,M,98,0,0,0,0,0,0,0,0,0,0,100,100,0,0,0,2,12,999,999,999,9999999,999,999,999,6,0,95,95,95,95,95,0,995,9.8,998,998,998,99.8,99.8,99.8,120.8697104,11,8
28809,20,21,1-20-2023-021-06,6,1,JF1VA1E64H88,17,523,2237,13,0,48,47,2017,4,1,3,0,1,R,1,1543,5,9999,9,4,40,7,89,1,0,0,995,0,0,0,93923,1,2,2,4,3,1,2,1,1,1,1,1,0,0,1,1,0,0,1,1,1,2,17,1,1,2,4,K,83,0,0,0,0,0,0,0,0,0,0,60,300,0,0,0,1,12,999,999,999,9999999,999,999,999,6,0,1,2,0,1,4,0,995,9.8,998,998,998,99.8,99.8,99.8,56.51439224,11,8
28809,20,21,1-20-2023-021-06,6,2,1FT7W2BT6GEA,17,460,1805,60,0,12,481,2016,34,5,31,0,1,F,1,2970,5,9999,9,4,40,5,89,1,0,0,995,0,0,0,93675,9,9,2,4,3,2,2,1,1,1,1,2,0,0,1,1,2,2,1,0,11,4,66,99,1,1,4,K,82,0,0,0,0,0,0,0,0,0,0,300,60,0,0,0,1,12,999,999,999,9999999,999,999,999,6,0,95,95,95,95,95,0,995,9.8,998,998,998,99.8,99.8,99.8,56.51439224,11,8
28811,27,16,1-27-2023-016-03,3,1,KMHDH4AE5CU4,17,498,2735,13,0,55,35,2012,4,1,3,0,1,F,1,1265,5,0,1,1,8,2,56,1,0,0,995,0,0,9,01237,9,9,2,4,2,1,2,2,1,1,1,2,0,0,3,3,1,2,3,0,1,3,50,99,1,1,2,D,20,0,0,0,0,0,0,0,0,0,0,320,320,0,0,0,1,1,13,-13,0,7444,998,0,12,0,4,0,0,0,0,0,0,995,9.8,998,998,998,99.8,99.8,99.8,39.33517552,3,8
28811,27,16,1-27-2023-016-03,3,2,1GCGTCEN0K12,17,467,4086,60,0,20,473,2019,34,5,30,0,1,B,1,2001,5,0,1,1,8,2,56,1,0,0,995,0,0,0,01201,1,2,2,4,2,1,2,2,1,1,1,2,0,0,3,3,1,2,1,0,5,3,53,1,1,1,2,D,21,0,0,0,0,0,0,0,0,0,0,320,320,0,0,0,1,1,9,9,0,7938,998,0,10,0,4,1,1,0,1,4,0,995,9.8,998,998,998,99.8,99.8,99.8,39.33517552,3,8
28812,17,24,1-17-2023-024-07,7,1,1G4GB5G30EF1,17,468,1821,13,0,18,22,2014,4,1,4,0,1,F,9,1772,5,0,1,3,34,2,113,1,0,0,995,0,0,0,61360,1,2,0,1,2,2,2,1,2,9,3,2,1,3,1,1,0,0,3,1,14,2,12,2,1,4,1,B,6,0,0,0,0,0,0,0,0,0,0,998,998,0,0,0,1,98,999,999,999,9999999,999,999,999,9,0,0,0,0,0,0,0,998,9.8,998,998,998,99.8,99.8,99.8,166.577308,4,8
28813,21,10,1-21-2023-010-02,2,1,5XXG64J21NG0,17,499,27527,13,0,63,398,2022,4,1,4,0,1,F,1,1567,5,0,1,1,72,2,64,1,0,0,995,0,0,0,92407,9,1,2,4,2,1,2,2,1,1,0,2,0,0,1,2,1,2,9,0,1,4,66,7,1,1,5,L,88,0,0,0,0,0,0,0,0,0,0,50,340,0,0,0,1,3,24,-15,-18,38280,998,-128,18,0,4,3,14,1,1,3,0,995,9.8,998,998,998,99.8,99.8,99.8,54.80545308,11,8
28813,21,10,1-21-2023-010-02,2,2,1FM5K8AR0HGD,17,460,1800,7,0,12,401,2017,14,3,14,5,1,L,1,2173,5,9999,9,0,998,2,56,1,0,0,995,0,0,0,92401,9,1,2,4,5,2,2,2,1,1,1,3,0,0,1,2,1,2,9,1,1,2,17,2,1,2,5,L,89,0,0,0,0,0,0,0,0,0,0,340,50,0,1,0,1,3,19,-9,16,62144,998,31,26,0,4,0,0,0,0,0,0,995,2.0,119,15,18,0.0,0.0,0.0,54.80545308,11,8
28814,16,17,1-16-2023-017-10,10,1,KNAGE1239751,17,499,2739,13,0,63,34,2007,4,1,3,0,1,F,9,1442,8,9999,9,0,998,2,56,1,0,0,995,0,0,0,45238,9,9,0,5,3,1,2,1,1,1,0,2,0,0,1,1,0,0,1,0,1,3,51,99,1,1,2,D,24,0,0,0,0,0,0,0,0,0,0,240,240,0,0,0,1,0,999,999,999,9999999,999,999,999,9,0,0,0,0,0,0,0,995,9.8,998,998,998,99.8,99.8,99.8,7634.662489,5,8
28814,16,17,1-16-2023-017-10,10,2,JTDKARFU8J35,17,448,2209,5,0,49,46,2018,5,1,3,0,1,B,9,1390,5,9999,9,0,998,5,56,1,0,0,995,0,0,0,45224,9,9,0,5,3,1,2,1,1,1,0,2,0,0,1,1,0,0,1,0,1,3,53,99,1,1,2,D,25,0,0,0,0,0,0,0,0,0,0,240,240,0,0,0,1,0,999,999,999,9999999,999,999,999,9,0,95,95,95,95,95,0,995,9.8,998,998,998,99.8,99.8,99.8,7634.662489,5,8
28815,16,18,1-16-2023-018-03,3,1,2FMPK4J94NBA,17,460,1797,7,0,12,424,2022,15,3,15,0,1,F,3,1875,5,0,1,1,13,2,56,1,1,1,327,2,0,0,45229,2,2,0,4,4,1,2,1,1,2,0,3,0,0,3,1,0,0,9,1,6,2,11,99,9,2,6,M,99,0,0,0,0,0,0,0,0,0,0,10,355,0,0,0,1,5,999,999,999,9999999,999,999,999,8,0,2,4,0,1,3,0,995,9.8,998,998,998,99.8,99.8,99.8,208.3588121,5,8
28815,16,18,1-16-2023-018-03,3,2,2NKHHM6X6KM3,17,532,2722,11,0,85,881,2019,62,8,60,0,2,9,9,,,,,,,,,,,,,,,,,,,,,,,,,,,,,,,,,,,,,,,,,,,,,,,,,,,,,,,,,,,,,,,,,,,,,,,,95,95,95,95,95,,,,,,,,,,208.3588121,5,8
28816,76,12,1-76-2023-012-10,10,1,1FTFW1EFXDFC,17,460,1801,60,0,12,481,2013,34,5,31,0,1,F,1,2522,5,0,1,1,32,2,89,1,8,9,998,8,7,9,12469,1,2,0,4,2,1,2,2,1,1,1,2,1,0,2,2,0,0,1,0,1,6,87,2,1,1,1,C,13,0,0,0,0,0,0,0,0,0,0,998,998,0,0,0,1,10,999,999,999,9999999,999,0,16,2,0,0,0,0,0,0,0,998,9.8,998,998,998,99.8,99.8,99.8,20.2332601,3,8
28817,76,13,1-76-2023-013-10,10,1,YV4CZ9829713,17,485,3132,7,0,51,401,2007,14,3,14,0,1,F,1,1985,5,0,1,1,9,2,40,1,8,9,998,8,7,9,12051,9,9,0,4,2,1,2,3,3,3,0,0,0,0,1,4,0,0,9,1,14,1,6,99,2,4,1,B,7,0,0,0,0,0,0,0,0,0,0,998,998,0,1,1,2,11,999,999,999,9999999,999,999,999,6,0,0,0,0,0,0,0,998,0.0,66,77,6,5.4,2.8,6.1,20.2332601,3,8
28818,77,12,1-77-2023-012-08,8,1,1G6DC67A7501,17,469,4300,13,0,19,21,2005,4,1,4,0,1,F,2,1620,5,0,1,1,23,2,72,1,0,1,0,2,0,0,22923,9,9,0,1,4,4,1,5,1,1,3,2,0,0,4,2,0,0,1,0,1,4,61,3,1,1,2,F,45,0,0,0,0,0,0,0,0,0,0,230,140,0,1,0,1,1,27,-27,0,12312,998,30,13,0,4,1,2,0,1,4,0,995,9.8,998,998,998,99.8,99.8,99.8,284.2821546,9,8
28818,77,12,1-77-2023-012-08,8,2,1FT7X2B62CEC,17,460,1805,60,0,12,481,2012,34,5,31,0,1,L,1,2851,5,500,1,1,24,2,72,1,0,0,995,0,0,0,20783,9,9,0,1,4,2,1,5,1,1,3,3,0,0,4,2,0,0,1,1,15,2,10,3,4,2,2,F,47,1,1,2,2,7,4,1,2,1,16,140,230,0,1,0,1,1,14,0,14,63489,998,1,22,0,4,0,0,0,0,0,1,995,9.8,998,998,998,99.8,99.8,99.8,284.2821546,9,8
28819,77,13,1-77-2023-013-04,4,1,3N1AB8CV3NY2,17,478,1907,13,0,35,43,2022,4,1,3,0,1,F,1,1385,5,0,1,1,26,3,40,1,0,0,995,0,0,0,22902,9,9,0,4,2,1,2,1,1,1,0,2,0,0,3,1,0,0,1,1,1,2,11,2,1,4,1,C,11,0,0,0,0,0,0,0,0,0,0,70,70,0,1,0,1,3,17,-17,0,15382,998,50,15,0,4,0,0,0,0,0,0,995,9.8,998,998,998,99.8,99.8,99.8,1137.828175,9,8
28819,77,13,1-77-2023-013-04,4,2,JM1GJ1V52G14,17,473,2078,13,0,41,50,2016,4,1,4,0,2,B,1,1474,5,9999,9,0,998,,,,,,,,,,,,,,,,,,,,,,,,,,,,,,,,,,,,,,,,,,,,,,,,,,,,,,,,,,,,,,,,,,95,95,95,95,95,,,,,,,,,,1137.828175,9,8
28820,54,15,1-54-2023-015-03,3,1,4T1K61AK8MU5,17,448,2469,13,0,49,40,2021,4,1,4,0,1,B,1,1520,5,0,1,1,20,2,105,1,0,0,995,0,0,0,35653,1,9,2,1,2,1,2,1,3,1,1,3,2,3,1,1,0,0,9,0,14,3,52,3,1,1,2,D,28,0,0,0,0,0,0,0,0,0,0,15,20,0,1,0,2,1,21,21,0,18244,998,0,17,0,1,0,0,0,0,0,0,995,9.8,998,998,998,99.8,99.8,99.8,129.9078908,9,8
28820,54,15,1-54-2023-015-03,3,2,2T1BURHE4GC5,17,448,2208,13,0,49,32,2016,4,1,3,0,1,B,1,1265,5,0,1,1,20,2,105,1,0,0,995,0,0,0,35654,1,9,2,1,2,1,2,1,3,1,1,3,2,3,1,1,0,0,9,0,2,3,53,1,1,1,2,D,31,0,0,0,0,0,0,0,0,0,0,30,15,0,0,0,1,12,999,999,999,9999999,999,999,999,6,0,1,1,0,1,4,0,995,9.8,998,998,998,99.8,99.8,99.8,129.9078908,9,8
28820,54,15,1-54-2023-015-03,3,3,1FM5K7D88HGD,17,460,1800,7,0,12,401,2017,14,3,14,0,1,F,1,2067,5,0,1,1,14,2,105,1,0,0,995,0,0,0,35653,1,1,2,1,2,2,2,1,3,1,3,2,1,3,1,1,0,0,1,0,14,4,60,3,1,1,6,M,98,0,0,0,0,0,0,0,0,0,0,20,15,0,1,0,2,1,16,-16,0,28575,998,-7,19,0,1,1,1,0,1,4,0,995,9.8,998,998,998,99.8,99.8,99.8,129.9078908,9,8
28821,54,16,1-54-2023-016-09,9,1,1N6DD26Y7WC3,17,478,1919,60,0,35,472,1998,34,5,30,0,1,R,2,1633,5,9999,9,0,998,5,40,1,0,0,995,0,0,0,35582,9,9,2,4,2,1,2,1,1,1,1,2,0,0,1,8,2,2,9,0,1,2,17,99,1,1,5,L,87,0,0,0,0,0,0,0,0,0,0,205,115,0,0,0,1,3,28,-10,-27,93265,998,41,37,0,4,95,95,95,95,95,0,995,9.8,998,998,998,99.8,99.8,99.8,210.2518282,9,8
28821,54,16,1-54-2023-016-09,9,2,1G1AK52FX575,17,467,4234,13,0,20,22,2005,4,1,2,0,1,F,2,1301,5,0,1,1,10,2,48,1,0,0,995,0,0,0,35582,1,9,2,4,2,1,2,1,1,1,0,0,0,0,1,8,0,0,9,0,1,4,66,1,1,1,5,L,86,0,0,0,0,0,0,0,0,0,0,115,205,0,0,0,1,3,34,-32,12,35587,998,67,23,0,4,1,1,0,1,4,0,995,9.8,998,998,998,99.8,99.8,99.8,210.2518282,9,8
28822,59,24,1-59-2023-024-06,6,1,2GNALCEK7H61,17,467,1847,7,0,20,404,2017,14,3,14,0,1,R,1,1706,5,0,1,1,6,2,48,1,0,0,995,0,0,0,47885,1,9,2,1,4,4,2,1,1,1,1,2,0,0,1,1,1,2,9,0,11,2,15,1,1,1,4,J,68,0,0,0,0,0,0,0,0,0,0,275,170,0,0,0,1,1,22,-11,-19,11586,998,15,13,0,1,3,9,1,1,3,0,995,9.8,998,998,998,99.8,99.8,99.8,957.4081483,6,8
28822,59,24,1-59-2023-024-06,6,2,1FMCU0H99DUA,17,460,1798,7,0,12,402,2013,14,3,14,0,1,F,1,1588,5,0,1,1,19,2,48,1,0,0,995,0,0,0,47803,9,9,2,1,3,2,2,1,1,1,3,3,0,0,1,1,1,2,9,0,1,4,62,3,2,1,4,J,69,0,0,0,0,0,0,0,0,0,0,170,275,0,0,0,1,1,24,-24,4,63370,998,35,30,0,1,0,0,0,0,0,0,995,9.8,998,998,998,99.8,99.8,99.8,957.4081483,6,8
28823,59,25,1-59-2023-025-05,5,1,1FTEX1RG9HFB,17,460,1801,60,0,12,481,2017,34,5,31,0,1,L,2,2506,5,0,1,1,3,2,89,1,0,0,995,0,0,0,47862,1,9,0,4,2,1,2,5,1,4,1,2,3,3,1,1,0,0,9,1,1,1,5,2,3,4,1,A,2,1,4,2,2,1,3,61,1,2,23,997,997,0,1,0,2,6,999,999,999,9999999,999,999,999,7,0,0,0,0,0,4,3,997,3.5,3,5,999,4.5,1.2,4.6,55.29194481,6,8
28824,48,11,1-48-2023-011-07,7,1,1GKKNXLS4JZ1,17,472,1855,7,0,23,423,2018,15,3,15,0,1,L,1,1998,5,0,1,1,13,2,121,1,0,0,995,0,0,0,84302,1,2,0,2,3,3,2,4,1,1,3,2,1,3,1,4,0,0,1,1,1,1,5,1,2,4,1,B,7,0,0,0,0,0,0,0,0,0,0,998,998,0,1,0,1,8,999,999,999,9999999,999,999,999,6,0,0,0,0,0,0,0,998,3.0,999,999,999,13.5,2.5,13.7,2253.378124,12,8
28825,23,21,1-23-2023-021-07,7,1,1G1PC5SB5E71,17,467,1832,13,0,20,25,2014,4,1,3,0,1,L,1,1407,5,0,1,1,15,2,89,1,0,0,995,0,0,0,43061,1,9,2,4,2,1,2,1,1,1,1,2,0,0,5,8,2,2,9,0,11,2,15,99,1,1,4,K,82,0,0,0,0,0,0,0,0,0,0,320,55,0,0,0,1,3,12,-2,12,11460,998,63,13,0,4,0,0,0,0,5,0,995,1.5,4,4,50,8.5,9.6,12.8,1827.107189,5,8
28825,23,21,1-23-2023-021-07,7,2,1C4AJWBG4CL1,17,483,1943,7,0,2,403,2012,14,3,14,0,1,F,1,1839,5,9999,9,0,998,2,89,1,0,0,995,0,0,0,43015,9,9,2,4,2,1,2,1,1,1,1,2,0,0,5,8,0,0,1,0,1,4,67,7,1,1,4,K,83,0,0,0,0,0,0,0,0,0,0,55,320,0,0,0,1,3,9,-9,0,4347,998,0,8,0,4,0,0,0,0,0,0,995,9.8,998,998,998,99.8,99.8,99.8,1827.107189,5,8
28826,23,22,1-23-2023-022-03,3,1,KNDJ23AU0L77,17,499,2460,7,0,63,37,2020,6,1,2,0,1,F,2,1290,5,0,1,1,11,2,89,1,0,1,0,2,0,1,43220,1,2,0,4,2,1,2,1,1,3,1,2,0,0,1,1,0,0,9,0,1,3,50,99,1,1,2,D,20,0,0,0,0,0,0,0,0,0,0,5,5,0,1,0,1,3,32,-32,6,42347,998,31,27,0,4,2,5,0,1,3,0,995,0.7,10,10,120,23.0,3.0,23.0,199.1716083,5,8
28826,23,22,1-23-2023-022-03,3,2,JN8AZ18U89W0,17,478,1914,7,0,35,49,2009,6,1,4,0,1,B,1,1886,5,9999,9,0,998,5,89,1,0,0,995,0,0,0,43074,9,9,0,4,2,1,2,1,1,3,1,2,0,0,1,1,0,0,1,0,5,3,53,99,1,1,2,D,21,0,0,0,0,0,0,0,0,0,0,5,5,0,0,0,1,3,23,23,-4,58951,998,46,27,0,4,95,95,95,95,95,0,995,9.8,998,998,998,99.8,99.8,99.8,199.1716083,5,8
28827,23,23,1-23-2023-023-02,2,1,2HKRW6H30KH2,17,474,1865,7,0,37,402,2019,14,3,14,0,1,T,9,1580,5,0,1,1,18,2,113,1,0,0,995,0,0,0,43004,9,9,0,2,3,3,2,2,3,1,3,2,1,3,1,2,0,0,1,1,14,2,12,98,9,4,1,B,6,1,4,2,6,1,4,61,1,2,28,997,997,0,0,0,2,6,999,999,999,9999999,999,999,999,9,0,1,1,0,2,4,3,997,3.6,999,999,999,99.9,99.9,99.9,52.33243703,5,8
28827,23,23,1-23-2023-023-02,2,2,WBAJE7C36HG8,17,452,5195,13,0,34,35,2017,4,1,5,0,1,F,9,1735,5,9999,9,0,998,5,113,1,8,0,995,0,7,0,44601,9,9,0,2,3,3,2,2,2,1,3,2,1,3,1,2,0,0,1,0,14,6,90,99,1,1,6,M,98,0,0,0,0,0,0,0,0,0,0,998,998,0,0,0,99,0,999,999,999,9999999,999,999,999,9,0,95,95,95,95,95,0,998,9.8,998,998,998,99.8,99.8,99.8,52.33243703,5,8
28829,12,16,1-12-2023-016-07,7,1,1FUJGLDR2DLB,17,450,2501,66,0,82,881,2013,66,8,68,0,1,R,9,,,,,,,5,40,1,8,0,995,0,7,0,76821,9,9,2,4,3,2,2,1,1,1,1,2,0,0,1,1,1,2,9,1,10,2,16,99,1,2,4,J,74,,,,,,,,,,,,,,,,,,,,,,,,,,,95,95,95,95,95,,,9.8,998,998,998,99.8,99.8,99.8,1553.825388,9,8
28829,12,16,1-12-2023-016-07,7,2,1HGCR2F51GA1,17,474,1861,13,0,37,32,2016,4,1,4,0,1,L,1,1496,5,0,1,1,6,2,40,1,8,0,995,0,7,0,73463,9,9,2,4,3,1,2,1,1,1,0,1,0,0,1,1,1,2,9,0,10,4,62,99,1,1,4,J,74,0,0,0,0,0,0,0,0,0,0,290,320,0,0,0,1,5,999,999,999,9999999,999,999,7,1,0,0,0,0,0,0,0,995,9.8,998,998,998,99.8,99.8,99.8,1553.825388,9,8
28831,17,26,1-17-2023-026-07,7,1,2GNAXVEV2J61,17,467,1847,7,0,20,404,2018,14,3,14,0,1,F,1,1580,5,0,1,1,4,2,24,1,0,0,995,0,0,0,61201,9,1,4,4,2,1,1,1,1,1,0,0,0,0,1,1,0,0,9,0,10,2,16,99,1,1,4,K,78,0,0,0,0,0,0,0,0,0,0,90,150,0,0,0,1,3,8,-8,1,4769,998,39,8,0,4,0,0,0,0,0,0,995,9.8,998,998,998,99.8,99.8,99.8,83.32456933,4,8