CASEID,PSU,CASENO,CASENUMBER,CATEGORY,VEHNO,VIN,VINLENGTH,VPICMAKE,VPICMODEL,VPICBODYCLASS,ICFINALBODY,MAKE,MODEL,MODELYR,BODYTYPE,BODYCAT,VEHCLASS,SPECUSE,TRANSTAT,DAMPLANE,DAMSEV,CURBWT,CURBSRC,CARGOWT,CARGOSRC,INSPTYPE,INSPLAG,TOWED,SPEEDLIMIT,DRPRESENT,PARALCOHOL,ALCTEST,ALCTESTRESULT,ALCTESTSRC,PARDRUG,DRUGTEST,ZIP,RACE,ETHNICITY,RELTOJUNCT,TRAFFLOW,RDLANES,INITLANE,SURFTYPE,SURFCOND,ALIGNMENT,PROFILE,LINERIGHT,LINELEFT,RUMBINIT,RUMBROAD,LIGHTCOND,WEATHER,TRAFDEV,TRAFFUNCT,DISTRACT,PREFHE,PREMOVE,CRITCAT,CRITEVENT,MANEUVER,PRESTAB,PRELOC,CRASHCAT,CRASHCONF,CRASHTYPE,ROLLTYPE,ROLLTURN,ROLLINTRPT,ROLLPREMAN,ROLLINITYP,ROLLINLOC,ROLLOBJ,ROLLTRIP,ROLLDIR,ROLLDIST,DVANGTHIS,DVANGOTH,TOWHITCH,TRAJDOC,TREEPOLE,DVEVENT,DVBASIS,DVTOTAL,DVLONG,DVLAT,DVENERGY,DVSPEED,DVMOMENT,DVBES,DVEST,DVCONF,VAIS,VISS,VINJSEV,VINJURED,VTREAT,INITOBJCLASS,HEADANGLECAT,SHLDRWIDTH,STRKLENGTH,STRKWIDTH,STRKHEIGHT,EDGEDISTX,EDGEDISTY,EDGEDISTZ,CASEWGT,PSUSTRAT,VERSION
28974,52,24,1-52-2023-024-04,4,2,JHMCM56393C0,17,474,1861,13,0,37,32,2003,4,1,3,0,1,F,9,1389,5,9999,9,0,998,5,72,1,0,0,995,0,0,0,59102,9,9,2,2,2,2,2,1,3,1,1,2,0,0,1,1,3,2,9,0,14,4,61,99,1,1,2,F,45,0,0,0,0,0,0,0,0,0,0,170,125,0,0,0,1,0,999,999,999,9999999,999,999,999,9,0,95,95,95,95,95,0,995,9.8,998,998,998,99.8,99.8,99.8,82.90676948,12,8
28975,52,25,1-52-2023-025-09,9,1,JF1GG29684G8,17,523,2235,15,0,48,38,2004,6,1,1,0,1,L,9,1436,5,0,1,5,11,2,56,1,9,1,0,2,9,2,83714,1,9,2,4,5,1,2,1,2,1,0,3,0,0,3,8,1,2,9,1,14,2,13,99,1,4,1,A,1,1,5,1,1,4,4,68,4,2,22,997,997,0,0,0,4,6,999,999,999,9999999,999,999,999,9,0,3,22,1,1,3,3,997,0.0,36,12,14,0.0,0.0,0.0,165.1279072,12,8
28975,52,25,1-52-2023-025-09,9,2,1FTMF1EF9DKF,17,460,1801,60,0,12,481,2013,34,5,31,0,2,R,9,2317,5,0,1,5,11,,,,,,,,,,,,,,,,,,,,,,,,,,,,,,,,,,,,,,,,,,,,,,,,,,,,,,,,,,,,,,,,,,95,95,95,95,95,,,,,,,,,,165.1279072,12,8
28977,32,26,1-32-2023-026-02,2,1,JS2RA61S7552,17,509,3139,13,0,53,33,2005,4,1,1,0,1,T,3,1207,5,9999,9,4,33,2,56,1,0,0,995,0,0,0,75252,9,1,0,1,3,3,2,1,2,4,3,0,0,0,3,1,0,0,9,1,14,2,12,99,9,4,1,B,6,1,8,2,6,1,1,61,1,1,32,997,997,0,0,0,2,6,999,999,999,9999999,999,999,999,8,0,1,2,0,2,4,3,997,9.8,998,998,998,99.8,99.8,99.8,25.45190817,7,8
28978,52,26,1-52-2023-026-06,6,1,3FADP4AJ3EM2,17,460,3267,13,0,12,32,2014,4,1,1,0,1,L,1,1215,5,0,1,1,13,2,56,1,9,0,995,0,9,0,99999,9,9,2,4,2,1,2,1,1,1,0,0,0,0,1,1,2,2,9,0,1,2,17,8,1,1,5,L,89,0,0,0,0,0,0,0,0,0,0,195,270,0,0,0,1,3,12,2,11,16064,998,-175,11,0,4,0,0,0,0,0,0,995,9.8,998,998,998,99.8,99.8,99.8,76.94235565,12,8
28978,52,26,1-52-2023-026-06,6,2,1FTER4FH1MLD,17,460,1803,60,0,12,471,2021,34,5,31,0,1,F,1,2014,5,9999,9,0,998,5,56,1,0,0,995,0,0,0,59102,9,9,2,5,5,2,2,1,1,1,3,2,0,0,1,1,0,0,9,0,1,4,66,99,1,1,5,L,88,0,0,0,0,0,0,0,0,0,0,270,195,0,0,0,1,3,7,-7,0,6009,998,-75,8,0,4,95,95,95,95,95,0,995,9.8,998,998,998,99.8,99.8,99.8,76.94235565,12,8
28981,15,36,1-15-2023-036-08,8,1,2T3DF4DV6CW2,17,448,2217,7,0,49,402,2012,14,3,14,0,1,F,2,1613,5,0,1,1,32,2,48,1,1,8,997,8,7,2,11001,1,9,0,4,2,1,2,1,2,4,1,4,0,0,1,1,0,0,9,1,14,2,12,4,1,4,1,B,6,0,0,0,0,0,0,0,0,0,0,998,998,0,0,1,3,12,999,999,999,9999999,999,999,999,7,0,0,0,0,0,4,0,998,1.2,999,999,999,99.9,99.9,99.9,32.77233754,1,8
28982,15,37,1-15-2023-037-06,6,1,7FARW2H50JE0,17,474,1865,7,0,37,402,2018,14,3,14,0,1,F,1,1580,5,9999,9,0,998,2,48,1,8,9,998,8,7,9,11801,9,9,2,4,2,1,2,1,1,1,0,0,0,0,1,8,2,2,9,0,1,2,17,99,9,9,5,L,86,0,0,0,0,0,0,0,0,0,0,60,150,0,0,0,1,3,8,-8,3,3668,998,4,8,0,4,99,99,0,0,0,0,995,9.8,998,998,998,99.8,99.8,99.8,71.04185121,1,8
28982,15,37,1-15-2023-037-06,6,2,1FMYU031X1KC,17,460,1798,7,0,12,402,2001,14,3,14,0,1,R,1,1421,5,0,1,1,8,2,48,1,8,9,998,8,7,9,11414,9,9,2,4,2,1,2,1,1,1,0,0,0,0,1,8,0,0,9,0,1,4,66,99,9,9,5,L,87,0,0,0,0,0,0,0,0,0,0,150,60,0,0,0,1,3,9,-3,-8,7535,998,-97,9,0,4,0,0,0,0,0,0,995,9.8,998,998,998,99.8,99.8,99.8,71.04185121,1,8
28983,27,19,1-27-2023-019-03,3,1,1GB3GSBGXG13,17,467,1848,62,73,20,870,2016,61,8,60,2,1,F,9,,,,,,,2,56,1,0,9,998,8,0,9,01247,9,9,2,4,2,1,2,1,3,1,1,2,0,0,1,1,1,2,9,0,11,2,15,99,1,1,4,J,68,,,,,,,,,,,,,,,,,,,,,,,,,,,95,95,95,95,95,,,9.8,998,998,998,99.8,99.8,99.8,27.10214143,3,8
28983,27,19,1-27-2023-019-03,3,2,5TFUY5F18KX7,17,448,2467,60,0,49,482,2019,34,5,31,0,1,F,1,2450,5,0,2,1,24,2,56,1,0,0,995,0,0,0,01247,1,2,2,4,2,1,2,1,2,1,1,2,0,0,1,1,1,2,1,0,14,4,62,4,1,1,4,J,69,0,0,0,0,0,0,0,0,0,0,115,255,0,1,0,1,5,999,999,999,9999999,999,999,13,2,0,1,2,0,1,6,0,995,9.8,998,998,998,99.8,99.8,99.8,27.10214143,3,8
28984,27,20,1-27-2023-020-04,4,1,JF2SKAJC1LH5,17,523,2234,7,0,48,401,2020,14,3,14,0,1,L,1,1569,5,0,2,1,6,2,40,1,0,0,995,0,0,0,01267,1,2,2,4,3,1,2,1,1,1,1,1,0,0,1,1,1,2,1,1,6,2,11,1,1,4,4,J,74,0,0,0,0,0,0,0,0,0,0,220,230,0,0,0,1,1,7,-6,3,7185,998,-20,11,0,4,0,0,0,0,0,0,995,9.8,998,998,998,99.8,99.8,99.8,81.36066755,3,8
28984,27,20,1-27-2023-020-04,4,2,4S3GKAA67J36,17,523,2235,13,0,48,38,2018,4,1,3,0,1,R,1,1376,5,0,1,1,6,2,40,1,0,0,995,0,0,0,01201,9,9,2,4,3,1,2,1,1,1,1,1,0,0,1,1,1,2,1,0,10,4,64,99,1,1,4,J,74,0,0,0,0,0,0,0,0,0,0,230,220,0,0,0,1,1,8,6,-5,3888,998,-157,6,0,4,0,0,0,0,0,0,995,9.8,998,998,998,99.8,99.8,99.8,81.36066755,3,8
28985,12,20,1-12-2023-020-06,6,1,1FMJU1JT4GEF,17,460,1799,7,0,12,422,2016,15,3,15,0,1,F,1,2652,5,9999,9,0,998,5,40,1,8,0,995,0,7,0,73401,9,9,2,4,2,1,1,1,1,1,0,0,0,0,1,8,0,0,1,0,1,4,66,99,1,1,5,L,86,0,0,0,0,0,0,0,0,0,0,15,105,0,0,0,1,3,8,-5,6,6246,998,192,5,0,4,95,95,95,95,95,0,995,9.8,998,998,998,99.8,99.8,99.8,1186.433789,9,8
28985,12,20,1-12-2023-020-06,6,2,2C3CDYAG8EH2,17,476,1893,3,0,7,28,2014,2,1,5,0,1,R,1,1739,5,0,1,1,15,2,40,1,9,0,995,0,9,0,99999,9,9,2,4,2,1,2,1,1,1,0,0,0,0,1,8,3,2,9,0,1,2,17,1,1,1,5,L,87,0,0,0,0,0,0,0,0,0,0,105,15,0,0,0,1,3,12,-9,-7,17612,998,-12,16,0,4,99,99,0,0,0,0,995,9.8,998,998,998,99.8,99.8,99.8,1186.433789,9,8
28986,31,17,1-31-2023-017-09,9,1,1FTRF072X2KC,17,460,1801,60,0,12,481,2002,34,5,31,0,1,T,2,1790,5,9999,9,1,34,2,89,1,0,0,995,0,0,0,62867,1,2,0,4,2,1,2,1,3,2,1,2,2,3,1,1,0,0,3,1,14,2,13,99,3,4,1,A,2,1,4,1,2,1,4,61,1,2,15,997,997,0,0,0,1,6,999,999,999,9999999,999,999,999,7,0,1,1,0,1,4,3,997,1.1,16,16,120,20.2,0.3,20.5,251.9862351,6,8
28988,21,12,1-21-2023-012-08,8,1,3N1CB51D96L5,17,478,1907,13,0,35,43,2006,4,1,1,0,1,T,2,1170,5,0,1,1,11,2,24,1,1,8,997,8,0,0,92311,1,9,0,4,2,1,5,1,1,1,0,0,0,0,2,1,0,0,9,1,1,2,12,99,9,4,1,B,6,1,2,2,4,1,1,61,1,1,18,997,997,0,0,0,2,6,999,999,999,9999999,999,999,999,7,0,2,5,0,2,4,3,997,0.0,999,120,90,0.0,0.0,0.0,207.1293872,11,8
28992,26,25,1-26-2023-025-04,4,1,JTDKN3DU5E18,17,448,2209,5,0,49,46,2014,5,1,3,0,1,R,2,1380,5,9999,9,4,47,2,64,1,0,0,995,0,0,0,95670,9,1,2,1,3,3,2,1,1,1,1,0,0,0,1,1,0,0,9,0,11,2,15,99,1,1,4,J,68,0,0,0,0,0,0,0,0,0,0,60,300,0,0,0,1,3,27,-17,-20,68254,998,77,30,0,4,0,0,0,0,0,0,995,9.8,998,998,998,99.8,99.8,99.8,1494.342823,10,8
28992,26,25,1-26-2023-025-04,4,2,JTMRWRFV6ND1,17,448,2217,7,0,49,402,2022,14,3,14,0,1,F,1,1703,5,0,1,1,49,2,64,1,0,0,995,0,0,0,95670,9,1,2,1,3,1,2,1,1,1,3,3,0,0,1,1,0,0,1,0,1,4,62,2,1,1,4,J,69,0,0,0,0,0,0,0,0,0,0,300,60,0,0,0,1,3,22,-21,4,25804,998,73,17,0,4,0,0,0,0,0,0,995,2.0,30,20,10,0.0,0.0,0.0,1494.342823,10,8
28993,26,26,1-26-2023-026-03,3,1,WAUGFAFC3FN0,17,582,3148,13,0,32,42,2015,4,1,5,0,1,F,1,1795,5,0,1,2,15,5,64,1,0,0,995,0,0,0,95608,9,9,0,5,5,1,2,1,1,1,1,3,0,0,1,1,0,0,3,0,1,3,52,1,1,1,2,D,28,0,0,0,0,0,0,0,0,0,0,70,70,0,0,0,1,1,19,-19,0,20834,998,6,17,0,1,95,95,95,95,95,0,995,9.8,998,998,998,99.8,99.8,99.8,480.3702424,10,8
28993,26,26,1-26-2023-026-03,3,2,5YFEPMAE9MP2,17,448,2208,13,0,49,32,2021,4,1,3,0,1,B,1,1315,5,0,1,1,14,2,64,1,0,0,995,0,0,0,95821,9,1,0,5,5,1,2,1,1,1,1,3,0,0,1,1,0,0,1,0,2,3,53,1,1,1,2,D,29,0,0,0,0,0,0,0,0,0,0,70,70,0,0,0,1,1,22,22,0,31477,998,0,23,0,1,1,2,0,2,4,0,995,9.8,998,998,998,99.8,99.8,99.8,480.3702424,10,8
28995,48,14,1-48-2023-014-09,9,1,3D7KS28A18G1,17,476,1938,60,0,7,482,2008,34,5,31,0,1,T,2,2719,5,136,1,1,15,2,129,1,0,0,995,0,0,0,84074,9,9,0,1,2,2,2,5,2,1,3,1,1,2,2,9,0,0,9,1,14,1,9,1,2,4,1,B,7,1,4,2,2,1,4,61,1,1,25,997,997,1,1,0,1,5,999,999,999,9999999,999,999,999,7,0,9,97,0,2,99,3,997,9.8,998,998,998,99.8,99.8,99.8,901.603452,12,8
28998,15,38,1-15-2023-038-03,3,1,JF2SKASC4MH4,17,523,2234,7,0,48,401,2021,14,3,14,0,1,F,2,1610,5,0,1,1,29,2,48,1,8,9,998,8,7,9,11791,9,9,2,4,2,1,2,2,1,1,0,0,0,0,1,1,2,2,9,0,11,2,15,1,1,1,4,K,82,0,0,0,0,0,0,0,0,0,0,95,215,0,1,0,1,3,33,-26,21,103443,998,110,30,0,4,2,5,0,1,4,0,995,9.8,998,998,998,99.8,99.8,99.8,34.52269948,1,8
28998,15,38,1-15-2023-038-03,3,2,999999999999,99,474,1869,13,0,37,441,2007,20,4,20,0,1,F,2,2062,5,9999,9,0,998,2,48,1,8,9,998,8,7,9,11746,1,2,2,4,4,2,2,2,1,1,3,2,0,0,1,1,0,0,1,0,1,4,67,99,1,1,4,K,83,0,0,0,0,0,0,0,0,0,0,215,95,0,0,0,1,3,28,-26,-10,96906,998,-64,31,0,4,2,5,0,1,4,0,995,9.8,998,998,998,99.8,99.8,99.8,34.52269948,1,8
28999,15,39,1-15-2023-039-03,3,1,4T1R11AK7NU6,17,448,2469,13,0,49,40,2022,4,1,4,0,1,R,1,1495,5,0,1,1,33,2,48,1,8,0,995,0,7,0,11554,1,2,2,1,4,4,2,1,1,1,1,2,0,0,1,1,1,2,9,0,11,2,15,1,1,1,4,J,68,0,0,0,0,0,0,0,0,0,0,180,90,0,0,0,1,3,18,-6,-17,30862,998,58,21,0,4,0,0,0,0,4,0,995,9.8,998,998,998,99.8,99.8,99.8,34.52269948,1,8
28999,15,39,1-15-2023-039-03,3,2,KM8K6CAA4LU5,17,498,22249,7,0,55,404,2020,14,3,14,0,1,F,1,1399,5,0,1,1,33,2,48,1,8,0,995,0,7,0,11428,9,9,2,1,2,2,2,1,2,1,1,2,0,0,1,1,1,2,9,0,14,2,17,99,1,1,4,J,69,0,0,0,0,0,0,0,0,0,0,90,180,0,0,0,1,3,19,-18,6,10981,998,8,14,0,4,0,0,0,0,0,0,995,9.8,998,998,998,99.8,99.8,99.8,34.52269948,1,8
29001,30,16,1-30-2023-016-06,6,1,KNMAT2MT9JP6,17,478,1913,8,0,35,51,2018,6,1,3,0,1,F,9,1550,5,9999,9,0,998,2,64,1,9,9,998,8,9,9,85022,9,9,2,4,5,3,2,1,1,1,3,1,0,0,3,1,0,0,9,0,1,3,50,99,1,1,2,D,20,0,0,0,0,0,0,0,0,0,0,270,270,0,0,0,1,0,999,999,999,9999999,999,999,999,9,0,9,97,0,1,99,0,995,9.8,998,998,998,99.8,99.8,99.8,71.28994895,10,8
29001,30,16,1-30-2023-016-06,6,2,SALSH2E46BA7,17,444,2246,7,0,62,421,2011,15,3,15,0,1,B,9,2572,5,9999,9,0,998,5,64,1,0,0,995,0,0,0,85541,9,9,2,4,5,3,2,1,1,1,3,1,0,0,3,1,1,2,1,0,5,3,53,1,1,1,2,D,21,0,0,0,0,0,0,0,0,0,0,270,270,0,0,0,1,0,999,999,999,9999999,999,999,999,9,0,95,95,95,95,95,0,995,9.8,998,998,998,99.8,99.8,99.8,71.28994895,10,8
29002,30,17,1-30-2023-017-09,9,1,2G1WH55K2Y93,17,467,1833,13,0,20,2,2000,4,1,4,0,1,F,9,1540,5,9999,9,0,998,2,48,1,9,9,998,8,9,9,85022,9,9,2,4,3,1,2,1,1,1,1,2,0,0,1,1,2,2,1,1,11,2,12,99,4,4,1,B,7,0,0,0,0,0,0,0,0,0,0,998,998,0,0,0,2,0,999,999,999,9999999,999,999,999,9,0,0,0,0,0,0,0,998,1.0,999,999,999,0.7,0.0,0.7,306.763263,10,8
29003,29,12,1-29-2023-012-05,5,1,5XYZUDLBXJG5,17,498,16694,7,0,55,401,2018,14,3,14,0,1,B,2,1640,5,9999,9,4,41,2,64,1,0,0,995,0,0,0,02771,9,9,2,4,2,1,2,1,1,1,1,2,0,0,1,1,0,0,1,0,1,4,66,99,1,1,5,L,89,1,1,1,5,7,1,2,2,1,3,996,996,0,0,1,5,7,999,999,999,9999999,999,999,999,7,0,9,97,0,1,8,1,996,0.5,999,999,999,0.7,1.3,1.5,106.3618213,2,8
29003,29,12,1-29-2023-012-05,5,2,JN8AT2MV8GW1,17,478,1913,8,0,35,51,2016,6,1,3,0,1,F,2,1610,5,0,1,1,50,2,64,1,0,0,995,0,0,0,02703,9,9,2,1,1,1,2,1,2,1,1,2,0,0,1,1,2,2,9,0,14,2,17,7,1,1,5,L,88,0,0,0,0,0,0,0,0,0,0,265,205,0,0,0,1,12,999,999,999,9999999,999,999,999,7,0,0,0,0,0,0,0,995,9.8,998,998,998,99.8,99.8,99.8,106.3618213,2,8
29004,76,19,1-76-2023-019-08,8,1,1C3CDZAB2CN2,17,476,1892,13,0,7,26,2012,4,1,3,0,1,F,9,1539,5,9999,9,0,998,2,89,1,8,1,0,2,7,0,13464,9,9,0,4,4,1,2,1,1,2,1,3,0,0,1,1,0,0,3,1,1,2,13,99,1,4,1,A,1,0,0,0,0,0,0,0,0,0,0,998,998,0,1,0,1,0,999,999,999,9999999,999,999,999,9,0,1,1,0,1,4,0,998,1.3,120,8,88,1.2,0.3,1.3,35.07222034,3,8
29005,21,14,1-21-2023-014-03,3,1,1N6ED1EJ3NN6,17,478,1919,60,0,35,472,2022,34,5,31,0,1,9,9,2180,5,9999,9,0,998,2,105,1,1,1,215,2,0,1,92782,5,1,1,4,2,1,1,1,2,1,1,2,0,0,1,1,0,0,1,1,14,2,10,1,1,2,3,I,64,0,0,0,0,0,0,0,0,0,0,205,60,0,0,0,1,0,999,999,999,9999999,999,999,999,9,0,1,2,0,1,3,0,995,9.8,998,998,998,99.8,99.8,99.8,243.6797958,11,8
29005,21,14,1-21-2023-014-03,3,2,1FUBGDDR3CLB,17,450,2501,66,0,82,881,2012,66,8,68,0,1,L,9,,,,,,,2,105,1,0,0,995,0,0,0,92345,9,9,1,4,2,1,1,1,3,1,1,2,0,0,1,1,0,0,9,0,14,4,62,1,1,1,3,I,65,,,,,,,,,,,,,,,,,,,,,,,,,,,95,95,95,95,95,,,9.8,998,998,998,99.8,99.8,99.8,243.6797958,11,8
29006,29,13,1-29-2023-013-03,3,1,3GKALVEG3PL1,17,472,1858,7,0,23,402,2023,14,3,14,0,1,F,3,1643,5,0,1,1,21,2,48,1,8,0,995,0,7,0,60118,9,9,2,4,2,1,2,1,1,1,0,0,0,0,1,1,2,2,9,0,1,2,17,1,1,1,5,L,88,0,0,0,0,0,0,0,0,0,0,260,170,0,0,0,1,3,42,-27,-32,127123,998,-150,30,0,4,9,97,0,1,99,0,995,9.8,998,998,998,99.8,99.8,99.8,245.4860124,2,8
29006,29,13,1-29-2023-013-03,3,2,4JGBB86E08A3,17,449,2129,7,0,42,401,2008,14,3,14,0,1,F,2,2145,5,0,1,1,9,2,48,1,8,0,995,0,7,0,02745,1,9,2,4,2,1,2,1,1,1,1,2,0,0,1,1,0,0,1,0,1,4,66,99,1,1,5,L,89,0,0,0,0,0,0,0,0,0,0,998,998,0,1,1,4,1,37,-37,0,121497,998,-35,37,0,1,1,1,0,1,4,0,998,0.0,10,10,15,3.4,2.1,3.5,245.4860124,2,8
29007,10,39,1-10-2023-039-04,4,1,1N4AL3APXEC2,17,478,1904,13,0,35,47,2014,4,1,4,0,1,F,2,1451,5,0,1,1,15,2,56,1,0,0,995,0,0,0,45322,1,2,0,5,5,2,2,1,1,1,3,2,0,0,1,1,0,0,1,0,1,3,52,99,1,1,2,D,28,0,0,0,0,0,0,0,0,0,0,330,330,0,0,0,1,1,32,-32,0,67302,998,0,34,0,1,0,0,0,0,4,0,995,9.8,998,998,998,99.8,99.8,99.8,431.9416491,4,8
29007,10,39,1-10-2023-039-04,4,2,1N4AA6AV4KC3,17,478,2302,13,0,35,39,2019,4,1,4,0,1,B,2,1627,5,0,1,1,15,2,56,1,0,0,995,0,0,0,45322,9,9,0,5,5,2,2,1,1,1,3,2,0,0,1,1,0,0,1,0,2,3,53,1,1,1,2,D,29,0,0,0,0,0,0,0,0,0,0,330,330,0,0,0,1,1,29,29,0,47563,998,0,27,0,1,0,0,0,0,0,0,995,9.8,998,998,998,99.8,99.8,99.8,431.9416491,4,8
29007,10,39,1-10-2023-039-04,4,3,KL1TG62675B4,17,467,1828,5,0,20,39,2005,5,1,1,0,1,B,9,1065,5,9999,9,0,998,5,56,1,0,0,995,0,0,0,45322,9,9,0,5,5,2,2,1,1,1,3,2,0,0,1,1,0,0,1,0,2,3,53,1,1,1,6,M,98,0,0,0,0,0,0,0,0,0,0,330,330,0,0,0,2,0,999,999,999,9999999,999,999,999,9,0,95,95,95,95,95,0,995,9.8,998,998,998,99.8,99.8,99.8,431.9416491,4,8
29008,16,24,1-16-2023-024-07,7,1,4T1BF1FK9HU3,17,448,2469,13,0,49,40,2017,4,1,4,0,1,L,1,1467,5,0,1,1,15,2,105,1,0,0,995,0,0,0,45208,9,9,0,2,4,1,2,1,1,1,1,3,2,3,1,1,0,0,1,1,15,2,10,1,1,2,2,F,47,0,0,0,0,0,0,0,0,0,0,70,70,0,0,0,1,5,999,999,999,9999999,999,999,23,2,0,0,0,0,0,0,0,995,9.8,998,998,998,99.8,99.8,99.8,2515.503982,5,8
29008,16,24,1-16-2023-024-07,7,2,1XKYD49X8LJ3,17,532,2733,66,0,85,881,2020,66,8,68,0,1,R,9,,,,,,,5,105,1,0,0,995,0,0,0,45208,9,9,0,2,4,2,2,1,1,1,3,3,0,3,1,1,0,0,1,0,1,4,61,99,1,1,2,F,45,,,,,,,,,,,,,,,,,,,,,,,,,,,95,95,95,95,95,,,9.8,998,998,998,99.8,99.8,99.8,2515.503982,5,8
29009,22,19,1-22-2023-019-08,8,1,1J4FJ28S2PL6,17,483,1945,7,0,2,404,1993,14,3,14,0,1,R,1,1378,5,0,1,1,27,2,97,1,0,1,0,2,0,0,99163,9,9,2,4,2,1,2,2,1,1,1,2,0,0,1,8,1,2,9,0,1,2,17,99,1,1,5,L,87,0,0,0,0,0,0,0,0,0,0,260,170,0,0,0,1,1,21,-7,-20,17499,998,-100,14,0,4,2,5,0,1,3,0,995,9.8,998,998,998,99.8,99.8,99.8,152.1813857,12,8
29009,22,19,1-22-2023-019-08,8,2,1FTJW36F7VEA,17,460,1806,60,0,12,481,1997,34,5,31,0,1,F,1,2576,5,0,1,1,29,2,97,1,0,0,995,0,0,0,99163,9,9,2,4,3,1,2,2,1,1,3,1,0,0,1,8,1,2,9,1,1,4,66,4,2,2,5,L,86,0,0,0,0,0,0,0,0,0,0,170,260,0,1,0,1,1,11,-11,4,38541,998,70,18,0,4,1,2,0,1,4,0,995,9.8,998,998,998,99.8,99.8,99.8,152.1813857,12,8
29012,23,27,1-23-2023-027-07,7,1,1FMJU2AT4HEA,17,460,1799,7,0,12,422,2017,15,3,15,0,1,L,9,2652,5,9999,9,0,998,2,72,1,0,0,995,0,0,0,43351,9,9,3,4,2,1,2,1,1,1,0,0,0,0,2,1,0,0,9,0,11,2,15,99,1,1,4,K,82,0,0,0,0,0,0,0,0,0,0,50,165,0,0,0,1,0,999,999,999,9999999,999,999,999,9,0,0,0,0,0,0,0,995,9.8,998,998,998,99.8,99.8,99.8,1045.135026,5,8
29012,23,27,1-23-2023-027-07,7,2,1C4RJFAG1FC6,17,483,1949,7,0,2,422,2015,15,3,15,0,1,F,9,2121,5,9999,9,0,998,2,72,1,0,0,995,0,0,0,43302,9,9,3,5,5,2,2,1,1,1,3,2,0,0,2,1,0,0,1,0,1,4,72,99,1,1,4,K,83,0,0,0,0,0,0,0,0,0,0,165,50,0,0,0,1,0,999,999,999,9999999,999,999,999,9,0,0,0,0,0,0,0,995,9.8,998,998,998,99.8,99.8,99.8,1045.135026,5,8
29013,23,28,1-23-2023-028-03,3,1,5NPE34ABXKH8,17,498,2459,13,0,55,33,2019,4,1,4,0,1,F,2,1640,5,9999,9,4,67,2,56,1,0,0,995,0,0,0,43315,1,9,2,1,3,2,2,1,1,1,1,3,0,0,1,1,1,2,1,0,1,2,17,99,1,1,5,L,86,0,0,0,0,0,0,0,0,0,0,110,205,0,0,0,1,12,999,999,999,9999999,999,999,999,7,0,1,1,0,2,8,0,995,9.8,998,998,998,99.8,99.8,99.8,113.9293991,5,8
29013,23,28,1-23-2023-028-03,3,2,1FTEW1EF2FKE,17,460,1801,60,0,12,481,2015,34,5,31,0,1,R,9,2236,5,9999,9,0,998,2,56,1,0,0,995,0,0,0,43315,1,2,2,4,4,2,2,1,3,1,1,1,0,0,1,1,1,2,1,0,14,4,66,1,1,1,5,L,87,0,0,0,0,0,0,0,0,0,0,205,110,0,0,0,1,0,999,999,999,9999999,999,999,999,9,0,0,0,0,0,0,0,995,9.8,998,998,998,99.8,99.8,99.8,113.9293991,5,8
29014,23,29,1-23-2023-029-06,6,1,1FAFP6630WK2,17,460,6731,13,0,12,35,1998,4,1,3,0,1,F,1,1261,5,9999,9,0,998,2,56,1,0,0,995,0,0,0,43061,1,9,2,4,3,1,2,2,1,1,1,1,0,0,1,1,1,2,3,0,1,2,17,8,1,1,4,K,83,0,0,0,0,0,0,0,0,0,0,110,350,0,0,0,1,3,16,-16,0,8894,998,0,13,0,4,0,0,0,0,5,0,995,9.8,998,998,998,99.8,99.8,99.8,234.4473503,5,8
29014,23,29,1-23-2023-029-06,6,2,4T1BF1FKXHU3,17,448,2469,13,0,49,40,2017,4,1,4,0,1,L,1,1467,5,0,1,1,8,2,40,1,0,0,995,0,0,0,43015,9,9,2,4,3,2,2,2,1,1,1,2,0,0,1,1,1,2,1,0,11,4,66,1,1,1,4,K,82,0,0,0,0,0,0,0,0,0,0,350,110,0,0,0,1,3,13,-7,12,15947,998,-40,16,0,4,0,0,0,0,4,0,995,9.8,998,998,998,99.8,99.8,99.8,234.4473503,5,8
29015,77,16,1-77-2023-016-08,8,1,2T1BR30E27C7,17,448,2208,13,0,49,32,2007,4,1,2,0,1,B,1,1135,5,0,1,1,10,2,89,1,0,0,995,0,0,0,23921,9,9,0,4,2,1,2,5,3,9,1,2,1,0,2,4,6,2,1,1,14,1,6,2,4,4,1,B,7,1,2,2,2,5,4,31,6,1,999,998,998,0,0,0,1,1,18,18,-3,15659,998,-3,18,0,4,1,1,0,1,4,2,998,9.9,999,999,999,99.9,99.9,99.9,716.8324874,9,8
29016,77,17,1-77-2023-017-05,5,1,4T4BF1FKXER4,17,448,2469,13,0,49,40,2014,4,1,3,0,1,F,2,1441,5,0,1,1,11,2,89,1,0,0,995,0,0,0,22903,9,9,2,4,2,1,2,1,2,1,0,2,0,0,1,1,2,2,1,0,11,2,15,2,1,1,4,K,82,0,0,0,0,0,0,0,0,0,0,20,155,0,0,0,1,3,28,-25,14,45381,998,69,25,0,4,1,1,0,1,6,0,995,9.8,998,998,998,99.8,99.8,99.8,129.4709879,9,8
29016,77,17,1-77-2023-017-05,5,2,2GCEK19T6312,17,467,1850,60,0,20,481,2003,34,5,31,0,1,F,1,2151,5,9999,9,0,998,2,89,1,0,0,995,0,0,0,23936,9,9,2,4,3,2,2,1,1,1,1,2,1,0,1,1,0,0,1,0,1,4,67,99,1,1,4,K,83,0,0,0,0,0,0,0,0,0,0,155,20,0,0,0,1,3,19,-18,-7,53438,998,-84,22,0,4,2,5,0,2,4,0,995,9.8,998,998,998,99.8,99.8,99.8,129.4709879,9,8