CASEID,PSU,CASENO,CASENUMBER,CATEGORY,VEHNO,VIN,VINLENGTH,VPICMAKE,VPICMODEL,VPICBODYCLASS,ICFINALBODY,MAKE,MODEL,MODELYR,BODYTYPE,BODYCAT,VEHCLASS,SPECUSE,TRANSTAT,DAMPLANE,DAMSEV,CURBWT,CURBSRC,CARGOWT,CARGOSRC,INSPTYPE,INSPLAG,TOWED,SPEEDLIMIT,DRPRESENT,PARALCOHOL,ALCTEST,ALCTESTRESULT,ALCTESTSRC,PARDRUG,DRUGTEST,ZIP,RACE,ETHNICITY,RELTOJUNCT,TRAFFLOW,RDLANES,INITLANE,SURFTYPE,SURFCOND,ALIGNMENT,PROFILE,LINERIGHT,LINELEFT,RUMBINIT,RUMBROAD,LIGHTCOND,WEATHER,TRAFDEV,TRAFFUNCT,DISTRACT,PREFHE,PREMOVE,CRITCAT,CRITEVENT,MANEUVER,PRESTAB,PRELOC,CRASHCAT,CRASHCONF,CRASHTYPE,ROLLTYPE,ROLLTURN,ROLLINTRPT,ROLLPREMAN,ROLLINITYP,ROLLINLOC,ROLLOBJ,ROLLTRIP,ROLLDIR,ROLLDIST,DVANGTHIS,DVANGOTH,TOWHITCH,TRAJDOC,TREEPOLE,DVEVENT,DVBASIS,DVTOTAL,DVLONG,DVLAT,DVENERGY,DVSPEED,DVMOMENT,DVBES,DVEST,DVCONF,VAIS,VISS,VINJSEV,VINJURED,VTREAT,INITOBJCLASS,HEADANGLECAT,SHLDRWIDTH,STRKLENGTH,STRKWIDTH,STRKHEIGHT,EDGEDISTX,EDGEDISTY,EDGEDISTZ,CASEWGT,PSUSTRAT,VERSION
29147,52,32,1-52-2023-032-09,9,2,1FD8X3HT4EEA,17,460,1806,70,11,12,881,2014,61,8,60,99,1,F,9,,,,,,,5,56,1,0,0,995,0,0,0,59102,9,9,2,4,5,1,2,3,1,1,0,1,0,0,3,4,1,2,9,0,1,4,66,99,9,1,5,L,86,,,,,,,,,,,,,,,,,,,,,,,,,,,95,95,95,95,95,,,9.8,998,998,998,99.8,99.8,99.8,144.6675516,12,8
29148,28,19,1-28-2023-019-04,4,1,1FMCU9H62LUB,17,460,1798,7,0,12,402,2020,14,3,14,0,1,F,1,1571,5,0,1,1,16,2,89,1,0,0,995,0,0,0,16950,1,2,0,4,2,1,2,1,1,1,1,2,3,3,1,1,0,0,1,0,1,6,87,98,1,1,1,C,13,0,0,0,0,0,0,0,0,0,0,998,998,0,0,0,1,10,999,999,999,9999999,999,7,18,2,0,0,0,0,0,0,0,998,9.8,998,998,998,99.8,99.8,99.8,114.3223113,3,8
29149,10,44,1-10-2023-044-09,9,1,1GNCS18X93K1,17,467,11502,7,0,20,401,2003,14,3,14,0,1,F,1,1595,5,0,1,1,14,2,105,1,9,0,995,0,0,0,99999,9,9,0,2,3,3,2,5,1,9,3,2,1,3,2,4,0,0,9,1,1,1,6,2,4,4,1,B,7,0,0,0,0,0,0,0,0,0,0,998,998,0,0,0,1,1,11,-9,-5,15341,998,-143,11,0,4,0,0,0,0,0,0,998,3.6,999,999,999,0.0,0.0,0.0,745.1269367,4,8
29150,10,45,1-10-2023-045-04,4,1,1FMCU0GD5KUC,17,460,1798,7,0,12,402,2019,14,3,14,0,1,L,2,1611,5,0,1,4,17,2,56,1,0,0,995,0,0,0,45414,1,9,2,3,3,1,2,1,1,1,0,3,0,0,1,1,1,2,1,1,15,2,10,99,1,2,2,F,47,0,0,0,0,0,0,0,0,0,0,200,220,0,0,0,1,12,999,999,999,9999999,999,999,999,7,0,99,99,0,0,0,0,995,9.8,998,998,998,99.8,99.8,99.8,437.0091844,4,8
29150,10,45,1-10-2023-045-04,4,2,1J8GW68JX2C1,17,483,1949,7,0,2,404,2002,14,3,14,0,1,R,9,1979,5,9999,9,0,998,5,56,1,0,0,995,0,0,0,45439,9,9,2,3,3,2,2,1,1,1,1,3,0,0,1,1,1,2,1,0,1,4,61,99,1,1,2,F,45,0,0,0,0,0,0,0,0,0,0,220,200,0,0,0,1,0,999,999,999,9999999,999,999,999,9,0,95,95,95,95,95,0,995,9.8,998,998,998,99.8,99.8,99.8,437.0091844,4,8
29151,10,46,1-10-2023-046-07,7,1,999999999999,99,99999,99999,999,0,99,999,9999,99,10,99,0,1,F,9,,,,,,,5,89,1,9,0,995,0,9,0,99999,9,9,0,2,3,3,2,2,1,9,3,2,1,3,4,2,0,0,9,0,1,3,51,99,1,1,2,D,24,,,,,,,,,,,,,,,,,,,,,,,,,,,95,95,95,95,95,,,9.8,998,998,998,99.8,99.8,99.8,1051.314093,4,8
29151,10,46,1-10-2023-046-07,7,2,2C3CDZFJ8HH6,17,476,1893,3,0,7,28,2017,2,1,5,0,1,B,1,1852,5,0,1,1,4,2,89,1,0,0,995,0,0,0,45430,9,9,0,2,3,2,2,2,1,9,3,3,0,3,4,2,0,0,1,0,1,3,53,1,1,1,2,D,25,0,0,0,0,0,0,0,0,0,0,330,340,0,0,0,1,5,999,999,999,9999999,999,999,9,1,0,0,0,0,0,0,0,995,3.6,999,999,999,0.0,0.0,0.0,1051.314093,4,8
29152,10,47,1-10-2023-047-04,4,1,1GCGSCEA7N11,17,467,4086,60,0,20,473,2022,34,5,31,0,1,F,2,1833,5,9999,9,4,47,3,56,1,0,0,995,0,0,0,45420,9,9,0,1,2,1,2,1,1,4,0,3,0,0,1,1,0,0,3,1,1,2,13,99,9,4,1,A,1,0,0,0,0,0,0,0,0,0,0,998,998,0,0,1,2,11,999,999,999,9999999,999,999,999,7,0,0,0,0,0,0,0,998,0.0,999,10,5,0.0,0.0,0.0,437.0091844,4,8
29153,18,19,1-18-2023-019-09,9,1,1GNDT13S9722,17,467,4548,7,0,20,403,2007,14,3,14,0,1,F,2,2084,5,46,1,1,11,2,89,1,0,0,995,0,0,0,54773,1,9,0,4,2,1,2,5,1,1,1,2,0,0,1,6,0,0,1,1,1,1,5,99,4,2,3,G,50,0,0,0,0,0,0,0,0,0,0,160,15,0,0,0,1,1,38,-36,-13,185105,998,-38,45,0,4,9,97,0,1,99,0,995,9.8,998,998,998,99.8,99.8,99.8,530.8874299,6,8
29153,18,19,1-18-2023-019-09,9,2,5XYKTDA68DG3,17,499,2769,7,0,63,402,2013,14,3,14,0,1,F,3,1730,5,91,2,1,17,2,89,1,0,0,995,0,0,0,54703,1,2,0,4,2,1,2,5,1,4,1,4,0,0,1,6,0,0,1,0,1,4,62,4,1,1,3,G,51,0,0,0,0,0,0,0,0,0,0,15,160,0,0,0,1,1,44,-42,15,126653,998,67,37,0,4,2,5,0,1,6,0,995,9.8,998,998,998,99.8,99.8,99.8,530.8874299,6,8
29154,18,20,1-18-2023-020-10,10,1,1NXBU4EE8AZ3,17,448,2208,13,0,49,32,2010,4,1,2,0,1,R,1,1279,5,0,1,1,33,2,105,1,0,0,995,0,0,0,54703,1,2,0,1,4,1,2,98,1,1,1,3,0,0,3,4,0,0,1,1,1,1,5,98,3,4,1,A,2,0,0,0,0,0,0,0,0,0,0,998,998,0,0,6,1,10,999,999,999,9999999,999,16,12,2,0,0,0,0,0,0,0,998,1.7,36,36,999,12.3,2.9,12.7,1693.57428,6,8
29155,16,28,1-16-2023-028-03,3,1,1N4BL4CV6PN3,17,478,1904,13,0,35,47,2023,4,1,4,0,1,F,1,1510,8,0,1,1,18,2,56,1,0,0,995,0,0,0,45202,2,9,0,4,4,2,2,1,1,4,3,2,0,0,3,1,0,0,9,1,1,2,11,99,1,4,1,C,11,0,0,0,0,0,0,0,0,0,0,235,225,0,0,0,1,5,999,999,999,9999999,999,999,14,2,0,1,1,0,1,4,0,995,9.8,998,998,998,99.8,99.8,99.8,455.0797174,5,8
29155,16,28,1-16-2023-028-03,3,2,1XKYD49X9LJ3,17,532,2733,66,0,85,881,2020,66,8,68,0,2,L,9,,,,,,,,,,,,,,,,,,,,,,,,,,,,,,,,,,,,,,,,,,,,,,,,,,,,,,,,,,,,,,,,,,,,,,,,95,95,95,95,95,,,,,,,,,,455.0797174,5,8
29155,16,28,1-16-2023-028-03,3,3,3AKJGLDV4HSH,17,450,2501,66,0,82,881,2017,66,8,68,0,2,L,9,,,,,,,,,,,,,,,,,,,,,,,,,,,,,,,,,,,,,,,,,,,,,,,,,,,,,,,,,,,,,,,,,,,,,,,,95,95,95,95,95,,,,,,,,,,455.0797174,5,8
29156,16,29,1-16-2023-029-03,3,1,5N1AT3BA8MC6,17,478,1913,7,0,35,404,2021,14,3,14,0,1,F,1,1536,5,9999,9,5,18,2,89,1,0,0,995,0,0,0,45242,9,9,0,2,4,2,2,2,1,1,3,3,0,3,3,2,0,0,1,1,1,1,6,99,3,4,1,A,2,0,0,0,0,0,0,0,0,0,0,998,998,0,0,0,1,12,999,999,999,9999999,999,999,999,6,0,0,0,0,0,5,0,998,3.4,999,999,999,0.0,0.0,0.0,455.0797174,5,8
29157,32,30,1-32-2023-030-02,2,1,5UXTY3C02M9G,17,452,1719,7,0,34,402,2021,14,3,14,0,1,F,1,1883,5,9999,9,4,68,2,56,1,0,1,0,2,0,1,75240,1,2,2,4,5,3,1,1,1,1,1,1,0,0,1,1,1,2,9,0,11,2,15,99,1,1,4,K,76,0,0,0,0,0,0,0,0,0,0,245,175,0,0,0,1,12,999,999,999,9999999,999,999,999,2,0,2,5,0,1,3,0,995,9.8,998,998,998,99.8,99.8,99.8,24.81839862,7,8
29157,32,30,1-32-2023-030-02,2,2,2C3CDXBG1NH1,17,476,1895,13,0,7,24,2022,4,1,5,0,1,L,1,1785,5,0,1,4,9,2,56,1,0,0,995,0,0,0,38611,2,9,2,1,3,2,1,1,1,4,3,3,0,0,1,1,1,2,9,0,1,2,17,99,1,1,4,K,77,0,0,0,0,0,0,0,0,0,0,175,245,0,0,0,1,12,999,999,999,9999999,999,999,999,2,0,0,0,0,0,0,0,995,0.0,999,999,999,1.3,2.3,3.1,24.81839862,7,8
29158,32,31,1-32-2023-031-04,4,1,999999999999,99,99999,99999,999,0,99,999,9999,99,10,99,99,1,L,9,,,,,,,5,113,1,0,0,995,0,0,0,99999,9,9,1,2,4,1,2,1,1,1,3,0,0,0,2,1,0,0,9,1,15,2,10,1,1,2,2,F,47,,,,,,,,,,,,,,,,,,,,,,,,,,,95,95,95,95,95,,,9.8,998,998,998,99.8,99.8,99.8,2091.052352,7,8
29158,32,31,1-32-2023-031-04,4,2,2HGFC2F8XKH5,17,474,1863,13,0,37,31,2019,4,1,3,0,1,R,1,1252,5,0,1,1,8,2,113,1,0,0,995,0,0,0,75211,1,1,1,2,4,2,1,1,1,1,3,3,0,0,2,1,0,0,1,0,1,4,61,1,1,1,2,F,45,0,0,0,0,0,0,0,0,0,0,175,170,0,0,0,2,5,999,999,999,9999999,999,999,999,6,0,0,0,0,0,0,0,995,2.6,999,999,999,9.8,2.6,10.0,2091.052352,7,8
29159,32,32,1-32-2023-032-04,4,1,1FDNF6DC2NDF,17,460,1809,11,0,12,881,2022,62,8,60,0,1,L,9,,,,,,,2,113,1,8,0,995,0,7,0,99999,9,9,1,3,2,1,1,1,2,9,1,1,0,0,2,1,0,0,9,1,16,2,10,99,1,2,2,F,47,,,,,,,,,,,,,,,,,,,,,,,,,,,95,95,95,95,95,,,9.9,999,999,999,0.0,0.0,0.0,2091.052352,7,8
29159,32,32,1-32-2023-032-04,4,2,5YJYGDEEXLF0,17,441,27027,7,0,29,5,2020,14,3,14,0,1,R,1,2390,5,0,1,1,6,2,113,1,0,0,995,0,0,0,75009,3,9,1,3,2,2,1,1,3,9,1,2,0,0,2,1,0,0,9,1,14,4,61,99,1,2,2,F,45,0,0,0,0,0,0,0,0,0,0,270,260,0,0,0,1,5,999,999,999,9999999,999,999,999,6,0,0,0,0,0,0,0,995,9.9,999,999,999,0.0,0.0,0.0,2091.052352,7,8
29161,52,30,1-52-2023-030-04,4,1,5XYRGDLC6NG1,17,499,2769,7,0,63,402,2022,14,3,14,0,1,F,1,1735,5,0,1,1,16,2,40,1,0,0,995,0,0,0,59101,1,1,2,4,2,1,2,1,1,1,0,0,0,0,5,1,0,0,1,1,9,2,13,7,1,4,1,A,1,0,0,0,0,0,0,0,0,0,0,998,998,0,0,0,3,1,17,-16,-6,25894,998,-64,17,0,1,0,0,0,0,0,0,998,0.0,120,120,120,6.6,4.5,7.9,72.63411472,12,8
29162,32,34,1-32-2023-034-05,5,1,1G1FK1R68H02,17,467,1829,3,0,20,9,2017,2,1,4,0,1,F,9,1685,5,9999,9,0,998,2,48,1,1,1,171,2,0,2,76001,1,9,2,1,4,2,1,1,2,4,3,2,0,0,3,1,0,0,9,1,14,2,12,1,1,4,1,B,6,0,0,0,0,0,0,0,0,0,0,998,998,0,1,0,2,0,999,999,999,9999999,999,999,999,9,0,4,34,1,3,3,0,998,0.0,120,18,22,2.5,0.7,2.6,120.2421404,7,8
29164,73,32,1-73-2023-032-07,7,1,1G8ZK5271WZ1,17,1056,8992,13,0,24,1,1998,4,1,2,0,1,L,2,1085,5,0,1,2,13,5,40,1,0,0,995,0,0,0,04957,9,9,2,4,2,1,2,1,1,1,0,0,0,0,1,1,1,2,2,0,11,2,15,99,1,1,4,K,82,0,0,0,0,0,0,0,0,0,0,45,125,0,0,0,1,12,999,999,999,9999999,999,999,999,3,0,95,95,95,95,95,0,995,9.8,998,998,998,99.8,99.8,99.8,85.56889869,3,8
29164,73,32,1-73-2023-032-07,7,2,3TMDZ5BN3GM0,17,448,2223,60,0,49,472,2016,34,5,30,0,1,F,1,1873,5,0,1,1,21,2,40,1,0,0,995,0,0,0,04957,9,9,2,4,2,1,2,1,1,1,1,2,0,0,1,1,1,2,9,0,1,4,67,3,1,1,4,K,83,0,0,0,0,0,0,0,0,0,0,125,45,0,0,0,1,12,999,999,999,9999999,999,999,999,2,0,0,0,0,0,0,0,995,9.8,998,998,998,99.8,99.8,99.8,85.56889869,3,8
29165,73,33,1-73-2023-033-07,7,1,5NPDH4AE6GH7,17,498,2735,13,0,55,35,2016,4,1,3,0,1,F,1,1305,5,0,1,1,9,2,89,1,8,0,995,0,7,0,04976,9,9,0,4,2,1,2,1,1,1,1,4,0,0,1,1,0,0,1,0,1,6,87,99,1,1,1,C,13,0,0,0,0,0,0,0,0,0,0,998,998,0,0,0,1,12,999,999,999,9999999,999,999,999,6,0,0,0,0,0,0,0,998,9.8,998,998,998,99.8,99.8,99.8,85.56889869,3,8
29166,73,34,1-73-2023-034-09,9,1,2CKDL73F2661,17,536,4591,7,0,22,403,2006,14,3,14,0,1,R,1,1713,5,0,1,1,4,2,72,1,8,0,995,0,7,0,04976,9,9,0,4,2,1,2,3,2,1,1,2,0,0,2,4,0,0,1,1,14,1,5,99,4,4,1,B,7,1,1,2,5,1,4,61,1,1,6,997,997,0,0,0,1,6,999,999,999,9999999,999,999,999,6,0,1,1,0,1,4,3,997,9.8,998,998,998,99.8,99.8,99.8,66.38244531,3,8
29167,27,24,1-27-2023-024-03,3,1,KNMAT2MV2KP5,17,478,1913,7,0,35,404,2019,14,3,14,0,1,F,2,1610,5,0,1,1,20,2,56,1,8,9,998,8,7,9,01201,1,2,2,4,2,1,2,1,1,4,1,2,0,0,3,1,1,2,9,0,1,2,14,3,2,4,1,C,14,0,0,0,0,0,0,0,0,0,0,998,998,0,1,1,1,1,30,-30,-5,85907,998,-95,30,0,4,1,1,0,1,4,0,998,0.6,30,30,111,1.3,0.4,1.4,29.72564396,3,8
29168,27,25,1-27-2023-025-07,7,1,JTMDFREV7JD2,17,448,2217,7,0,49,402,2018,14,3,14,0,1,F,9,1597,5,0,1,1,6,2,56,1,0,0,995,0,0,0,10022,1,2,0,4,2,1,2,1,2,2,0,2,0,0,1,8,0,0,1,1,14,1,1,4,2,4,1,A,2,0,0,0,0,0,0,0,0,0,0,998,998,0,1,0,3,11,999,999,999,9999999,999,999,999,9,0,0,0,0,0,0,0,998,0.0,999,999,999,20.4,0.4,20.5,270.2839469,3,8
29170,15,45,1-15-2023-045-03,3,1,2HKRW2H88LH6,17,474,1865,7,0,37,402,2020,14,3,14,0,1,R,1,1580,5,0,1,1,35,2,48,1,8,9,998,8,7,9,11550,2,2,2,4,5,3,2,1,1,1,3,2,0,0,3,1,1,2,9,0,11,2,15,1,1,1,4,J,68,0,0,0,0,0,0,0,0,0,0,265,160,0,0,0,1,3,5,-1,-5,3346,998,149,5,0,4,2,4,0,1,4,0,995,9.8,998,998,998,99.8,99.8,99.8,34.16878785,1,8
29170,15,45,1-15-2023-045-03,3,2,5FNYF4H20DB0,17,474,1864,7,0,37,421,2013,15,3,15,0,1,F,1,2058,5,9999,9,0,998,5,48,1,8,9,998,8,7,9,11553,9,9,2,4,5,2,2,1,1,1,1,1,0,0,3,1,1,2,9,0,1,4,62,99,9,1,4,J,69,0,0,0,0,0,0,0,0,0,0,160,265,0,0,0,1,3,4,-4,0,1624,998,0,5,0,4,95,95,95,95,95,0,995,9.8,998,998,998,99.8,99.8,99.8,34.16878785,1,8
29170,15,45,1-15-2023-045-03,3,3,1C4RJEBG6LC2,17,483,1949,7,0,2,422,2020,15,3,15,0,1,L,9,2336,5,9999,9,0,998,5,40,1,8,9,998,8,7,9,11553,9,9,2,4,2,1,2,1,1,1,0,2,0,0,3,1,1,2,9,0,5,4,62,99,1,9,6,M,98,0,0,0,0,0,0,0,0,0,0,80,265,0,0,0,2,0,999,999,999,9999999,999,999,999,9,0,95,95,95,95,95,0,995,9.8,998,998,998,99.8,99.8,99.8,34.16878785,1,8
29173,31,20,1-31-2023-020-09,9,1,2C3CDXBG0CH2,17,476,1895,13,0,7,24,2012,4,1,5,0,1,F,1,1797,5,9999,9,5,14,2,89,1,0,0,995,0,0,0,62984,1,2,2,4,2,1,2,1,1,1,1,4,0,0,1,1,2,2,9,0,11,2,15,99,1,1,4,K,82,0,0,0,0,0,0,0,0,0,0,250,350,0,1,0,1,5,999,999,999,9999999,999,999,15,2,0,99,99,0,0,4,0,995,1.4,999,999,999,6.0,0.2,6.0,251.9862351,6,8
29173,31,20,1-31-2023-020-09,9,2,2HSFEGUR1KC0,17,526,9536,66,0,84,881,1989,66,8,68,0,1,R,9,,,,,,,2,89,1,0,0,995,0,0,0,62820,9,9,2,4,2,1,2,1,1,1,1,4,0,0,1,1,0,0,1,1,1,4,67,3,2,2,4,K,83,,,,,,,,,,,,,,,,,,,,,,,,,,,95,95,95,95,95,,,9.8,998,998,998,99.8,99.8,99.8,251.9862351,6,8
29176,26,35,1-26-2023-035-06,6,1,JNKBV61EX7M7,17,480,2305,13,0,58,37,2007,4,1,4,0,1,F,1,1587,5,9999,9,4,17,2,105,1,0,0,995,0,0,0,95822,9,9,1,2,5,1,2,2,1,1,1,3,0,0,1,2,0,0,1,1,16,1,6,99,4,2,6,M,98,0,0,0,0,0,0,0,0,0,0,5,135,0,0,0,1,3,15,-13,8,18864,998,75,15,0,4,0,0,0,0,0,0,995,9.8,998,998,998,99.8,99.8,99.8,254.0503106,10,8
29176,26,35,1-26-2023-035-06,6,2,5NPDH4AE1GH7,17,498,2735,13,0,55,35,2016,4,1,3,0,1,F,1,1305,5,0,1,1,19,2,105,1,0,0,995,0,0,0,95842,1,9,1,2,5,2,2,2,1,1,3,3,0,0,1,2,0,0,1,0,1,4,61,98,1,1,6,M,98,0,0,0,0,0,0,0,0,0,0,135,5,0,0,0,1,3,17,-16,-6,17643,998,-16,18,0,4,9,97,0,2,99,0,995,9.8,998,998,998,99.8,99.8,99.8,254.0503106,10,8
29177,26,36,1-26-2023-036-06,6,1,4T1BD1FK5GU1,17,448,2469,13,0,49,40,2016,4,1,4,0,1,F,1,1550,5,0,1,1,4,2,64,1,0,0,995,0,0,0,95621,1,9,1,1,2,1,2,1,1,1,1,3,0,0,1,1,1,2,1,0,1,3,52,2,1,1,2,D,28,0,0,0,0,0,0,0,0,0,0,60,60,0,1,0,1,3,12,-12,0,8348,998,-6,12,0,4,99,99,0,0,0,0,995,9.8,998,998,998,99.8,99.8,99.8,254.0503106,10,8
29177,26,36,1-26-2023-036-06,6,2,JTDZN3EU6HJ0,17,448,13822,15,0,49,46,2017,6,1,4,0,1,B,1,1505,5,9999,9,0,998,5,64,1,0,0,995,0,0,0,13031,9,9,1,1,2,1,2,1,1,1,1,3,0,0,1,1,1,2,1,0,2,3,53,1,1,1,2,D,29,0,0,0,0,0,0,0,0,0,0,60,60,0,1,0,1,3,13,13,0,9445,998,0,13,0,4,95,95,95,95,95,0,995,9.8,998,998,998,99.8,99.8,99.8,254.0503106,10,8
29178,15,48,1-15-2023-048-03,3,1,5UXCY6C03M9H,17,452,1714,7,0,34,404,2021,14,3,14,0,1,R,1,2175,5,0,1,1,34,2,56,1,8,0,995,0,7,0,11710,9,9,2,4,5,3,2,1,1,1,1,2,0,0,1,1,1,2,9,1,11,2,15,99,1,5,4,J,68,0,0,0,0,0,0,0,0,0,0,200,95,0,0,0,1,3,8,-1,-8,9153,998,-9,10,0,4,0,0,0,0,4,0,995,0.0,30,30,100,2.2,1.1,2.5,34.16878785,1,8
29178,15,48,1-15-2023-048-03,3,2,JNKCV51F85M3,17,480,2305,13,0,58,37,2005,4,1,4,0,1,F,1,1536,5,9999,9,0,998,2,56,1,8,0,995,0,7,0,11710,9,9,2,4,4,1,2,1,1,1,0,1,0,0,1,1,1,2,9,0,1,4,62,99,1,9,4,J,69,0,0,0,0,0,0,0,0,0,0,95,200,0,0,0,1,3,12,-12,0,5638,998,0,10,0,4,99,99,0,0,5,0,995,9.8,998,998,998,99.8,99.8,99.8,34.16878785,1,8
29179,15,49,1-15-2023-049-03,3,1,1HGCV2F50KA0,17,474,1861,13,0,37,32,2019,4,1,4,0,1,L,9,1532,5,9999,9,0,998,5,89,1,8,9,998,8,7,9,10704,9,9,0,2,5,1,2,2,1,1,1,3,2,3,1,4,0,0,9,0,1,4,60,99,9,9,2,F,45,0,0,0,0,0,0,0,0,0,0,40,60,0,0,0,1,0,999,999,999,9999999,999,999,999,9,0,95,95,95,95,95,0,995,9.8,998,998,998,99.8,99.8,99.8,47.65019417,1,8
29179,15,49,1-15-2023-049-03,3,2,WBA5U9C05LFH,17,452,26481,13,0,34,34,2020,4,1,4,0,1,B,1,1735,5,0,1,1,36,2,89,1,8,0,995,0,7,0,11590,9,1,0,2,5,2,2,2,1,1,3,3,2,3,1,4,0,0,9,1,15,2,11,3,1,9,2,F,46,0,0,0,0,0,0,0,0,0,0,195,40,0,0,0,3,3,21,19,7,35542,998,-84,19,0,4,1,1,0,1,4,0,995,1.5,999,999,999,0.0,0.0,0.0,47.65019417,1,8
29179,15,49,1-15-2023-049-03,3,3,2C3CDXBG4DH6,17,476,1895,13,0,7,24,2013,4,1,5,0,1,B,1,1797,5,9999,9,0,998,2,89,1,8,9,998,8,7,9,10462,9,9,0,2,5,1,2,2,1,1,1,3,2,3,1,4,0,0,9,0,1,3,53,99,9,9,6,M,98,0,0,0,0,0,0,0,0,0,0,40,195,0,0,0,3,3,20,20,0,35542,998,-30,22,0,4,0,0,0,0,0,0,995,9.8,998,998,998,99.8,99.8,99.8,47.65019417,1,8
29180,15,50,1-15-2023-050-06,6,1,1FMCU9JD6HUE,17,460,1798,7,0,12,402,2017,14,3,14,0,1,F,3,1668,5,0,1,1,16,2,48,1,8,0,995,0,7,0,11783,1,2,0,4,2,1,2,1,1,1,0,0,0,0,1,1,0,0,9,1,1,2,10,8,1,4,1,C,11,0,0,0,0,0,0,0,0,0,0,165,340,0,0,0,1,12,999,999,999,9999999,999,999,999,8,0,1,2,0,1,3,0,995,9.8,998,998,998,99.8,99.8,99.8,70.3135612,1,8
29180,15,50,1-15-2023-050-06,6,2,WBA73AP07MCG,17,452,13827,3,0,34,47,2021,2,1,4,0,2,F,1,1778,5,9999,9,0,998,,,,,,,,,,,,,,,,,,,,,,,,,,,,,,,,,,,,,,,,,,,,,,,,,,,,,,,,,,,,,,,,,,95,95,95,95,95,,,,,,,,,,70.3135612,1,8
29181,21,16,1-21-2023-016-02,2,1,WAUL2AF21KN1,17,582,3148,13,0,32,42,2019,4,1,5,0,1,F,2,1935,5,0,1,1,10,2,105,1,0,0,995,0,0,0,92376,9,1,1,2,5,2,1,2,1,1,3,3,0,0,3,2,0,0,9,1,1,1,6,4,2,4,1,B,7,0,0,0,0,0,0,0,0,0,0,998,998,0,0,0,1,1,34,-34,-6,102970,998,-47,34,0,4,1,2,0,1,4,0,998,1.9,999,999,999,2.3,1.9,3.0,58.1395527,11,8
29182,21,17,1-21-2023-017-03,3,1,1N4AL3AP8HN3,17,478,1904,13,0,35,47,2017,4,1,4,0,1,R,2,1453,5,0,1,1,24,2,113,1,0,1,0,2,0,0,95608,1,9,4,1,2,98,2,1,1,1,0,0,0,0,1,8,0,0,2,0,11,2,15,1,1,1,4,K,76,0,0,0,0,0,0,0,0,0,0,275,270,0,0,0,1,1,34,32,-12,106146,998,-58,40,0,1,1,1,0,1,4,0,995,3.4,90,10,120,4.2,4.0,5.8,767.4102196,11,8
29182,21,17,1-21-2023-017-03,3,2,JF2SKARC6NH4,17,523,2234,7,0,48,401,2022,14,3,14,0,1,F,2,1569,5,0,1,1,20,2,113,1,0,0,995,0,0,0,89117,3,2,4,1,2,2,2,1,1,1,3,2,1,3,1,8,0,0,9,0,1,4,70,99,1,1,4,K,77,0,0,0,0,0,0,0,0,0,0,270,275,0,0,0,1,1,30,-28,10,46521,998,68,24,0,1,1,1,0,2,4,0,995,9.8,998,998,998,99.8,99.8,99.8,767.4102196,11,8
29185,29,14,1-29-2023-014-07,7,1,1NXBR32E26Z7,17,448,2208,13,0,49,32,2006,4,1,2,0,1,F,9,1135,5,9999,9,0,998,5,48,1,8,9,998,8,7,9,02790,9,9,3,4,2,1,2,1,1,1,0,0,0,0,1,1,0,0,2,0,11,2,15,99,1,1,4,K,82,0,0,0,0,0,0,0,0,0,0,310,60,0,0,0,1,0,999,999,999,9999999,999,999,999,9,0,95,95,95,95,95,0,995,9.8,998,998,998,99.8,99.8,99.8,1683.802089,2,8
29185,29,14,1-29-2023-014-07,7,2,1C4NJDEB1ED7,17,483,1946,7,0,2,1,2014,6,1,2,0,1,R,1,1517,5,0,1,3,8,2,48,1,8,9,998,8,7,9,02743,9,9,3,4,4,2,2,1,2,1,3,4,0,0,1,1,0,0,1,0,14,4,72,99,1,1,4,K,83,0,0,0,0,0,0,0,0,0,0,60,310,0,0,0,1,12,999,999,999,9999999,999,999,999,6,0,0,0,0,0,0,0,995,9.8,998,998,998,99.8,99.8,99.8,1683.802089,2,8
29187,22,22,1-22-2023-022-09,9,1,4S3BH6863376,17,523,2232,15,0,48,34,2003,6,1,3,0,1,F,1,1513,5,0,1,1,16,2,89,1,9,0,995,0,0,0,99171,9,9,0,4,2,1,2,5,2,1,1,4,0,0,2,1,0,0,9,1,14,1,5,99,3,4,1,A,2,1,6,1,2,1,4,61,1,2,30,996,996,0,0,0,2,7,999,999,999,9999999,999,999,999,6,0,9,97,0,1,99,3,996,0.3,10,14,120,8.4,4.0,9.1,80.5314873,12,8
29188,30,20,1-30-2023-020-03,3,1,1D7HW48K36S6,17,476,1941,60,0,7,472,2006,34,5,31,0,1,F,2,2041,5,0,1,1,18,2,89,1,0,0,995,0,0,0,85210,9,9,0,2,4,1,2,1,1,1,1,3,0,0,1,1,0,0,1,0,1,3,52,1,1,1,2,D,28,0,0,0,0,0,0,0,0,0,0,180,180,0,0,0,1,1,35,-34,6,37014,998,1,21,0,4,1,1,0,1,5,0,995,9.8,998,998,998,99.8,99.8,99.8,301.7690423,10,8