CASEID,PSU,CASENO,CASENUMBER,CATEGORY,VEHNO,VIN,VINLENGTH,VPICMAKE,VPICMODEL,VPICBODYCLASS,ICFINALBODY,MAKE,MODEL,MODELYR,BODYTYPE,BODYCAT,VEHCLASS,SPECUSE,TRANSTAT,DAMPLANE,DAMSEV,CURBWT,CURBSRC,CARGOWT,CARGOSRC,INSPTYPE,INSPLAG,TOWED,SPEEDLIMIT,DRPRESENT,PARALCOHOL,ALCTEST,ALCTESTRESULT,ALCTESTSRC,PARDRUG,DRUGTEST,ZIP,RACE,ETHNICITY,RELTOJUNCT,TRAFFLOW,RDLANES,INITLANE,SURFTYPE,SURFCOND,ALIGNMENT,PROFILE,LINERIGHT,LINELEFT,RUMBINIT,RUMBROAD,LIGHTCOND,WEATHER,TRAFDEV,TRAFFUNCT,DISTRACT,PREFHE,PREMOVE,CRITCAT,CRITEVENT,MANEUVER,PRESTAB,PRELOC,CRASHCAT,CRASHCONF,CRASHTYPE,ROLLTYPE,ROLLTURN,ROLLINTRPT,ROLLPREMAN,ROLLINITYP,ROLLINLOC,ROLLOBJ,ROLLTRIP,ROLLDIR,ROLLDIST,DVANGTHIS,DVANGOTH,TOWHITCH,TRAJDOC,TREEPOLE,DVEVENT,DVBASIS,DVTOTAL,DVLONG,DVLAT,DVENERGY,DVSPEED,DVMOMENT,DVBES,DVEST,DVCONF,VAIS,VISS,VINJSEV,VINJURED,VTREAT,INITOBJCLASS,HEADANGLECAT,SHLDRWIDTH,STRKLENGTH,STRKWIDTH,STRKHEIGHT,EDGEDISTX,EDGEDISTY,EDGEDISTZ,CASEWGT,PSUSTRAT,VERSION
29216,11,27,1-11-2023-027-03,3,2,2D8HN44E49R6,17,476,14832,2,0,7,442,2009,20,4,20,0,1,F,9,1960,5,9999,9,0,998,2,72,1,0,0,995,0,0,0,23075,9,9,2,1,3,1,2,1,2,1,0,3,0,0,1,1,0,0,1,0,14,4,66,99,1,1,5,L,88,0,0,0,0,0,0,0,0,0,0,15,285,0,0,0,1,0,999,999,999,9999999,999,999,999,9,0,9,97,0,1,8,0,995,9.8,998,998,998,99.8,99.8,99.8,446.1092275,8,8
29217,11,28,1-11-2023-028-03,3,1,1N4AL3AP1EN3,17,478,1904,13,0,35,47,2014,4,1,4,0,1,F,1,1451,5,0,1,4,60,3,56,1,0,0,995,0,0,0,23231,9,9,0,1,4,1,2,1,1,9,0,3,0,0,1,1,0,0,3,0,1,3,52,99,1,1,2,D,28,0,0,0,0,0,0,0,0,0,0,85,80,0,0,0,1,12,999,999,999,9999999,999,999,999,6,0,0,0,0,0,0,0,995,9.8,998,998,998,99.8,99.8,99.8,446.1092275,8,8
29217,11,28,1-11-2023-028-03,3,2,1FMCU9G65MUB,17,460,1798,7,0,12,402,2021,14,3,14,5,1,B,1,1571,5,0,1,6,76,3,56,1,0,0,995,0,0,0,23838,9,9,0,1,4,1,2,1,1,9,0,3,0,0,1,1,0,0,1,0,2,3,53,1,1,1,2,D,29,0,0,0,0,0,0,0,0,0,0,80,85,0,0,0,1,98,999,999,999,9999999,999,999,999,6,0,99,99,0,0,99,0,995,9.8,998,998,998,99.8,99.8,99.8,446.1092275,8,8
29218,24,37,1-24-2023-037-03,3,1,1N4AL3AP0EC1,17,478,1904,13,0,35,47,2014,4,1,4,0,1,F,1,1451,5,0,1,1,29,2,80,1,0,0,995,0,0,0,07860,9,9,2,1,2,2,2,1,1,1,1,2,0,0,1,1,0,0,1,0,1,4,67,1,1,1,4,K,83,0,0,0,0,0,0,0,0,0,0,130,0,0,0,0,1,1,21,-21,4,41798,998,-19,26,0,1,9,97,0,1,0,0,995,9.8,998,998,998,99.8,99.8,99.8,109.6000067,1,8
29218,24,37,1-24-2023-037-03,3,2,5UXTY5C04L9B,17,452,1719,7,0,34,402,2020,14,3,14,0,1,L,1,1883,5,0,1,1,23,2,129,1,0,0,995,0,0,0,08210,1,2,2,4,2,1,2,1,1,1,0,2,0,0,1,1,2,2,1,0,11,2,15,1,1,1,4,K,82,0,0,0,0,0,0,0,0,0,0,0,130,0,0,0,1,1,17,-8,14,10933,998,-60,11,0,1,1,2,0,1,4,0,995,9.8,998,998,998,99.8,99.8,99.8,109.6000067,1,8
29219,24,38,1-24-2023-038-03,3,1,4T1BK36B65U0,17,448,2465,13,0,49,43,2005,4,1,4,0,1,F,2,1553,5,0,1,1,10,2,80,1,0,0,995,0,0,0,08232,9,9,2,4,4,1,2,2,1,1,1,3,0,0,3,2,1,2,9,0,1,4,62,99,1,1,4,J,69,0,0,0,0,0,0,0,0,0,0,120,260,0,0,0,1,1,30,-28,-10,92302,998,-66,35,0,1,9,97,0,1,0,0,995,9.8,998,998,998,99.8,99.8,99.8,109.6000067,1,8
29219,24,38,1-24-2023-038-03,3,2,3TMCZ5AN9NM5,17,448,2223,60,0,49,472,2022,34,5,30,0,1,R,1,2007,5,0,1,1,10,2,80,1,1,1,150,1,0,0,08361,1,2,2,4,4,2,2,2,1,1,1,2,1,0,3,2,1,2,1,0,11,2,15,1,1,1,4,J,68,0,0,0,0,0,0,0,0,0,0,260,120,0,0,0,1,1,23,-12,-20,28808,998,-65,17,0,1,0,0,0,0,0,0,995,9.8,998,998,998,99.8,99.8,99.8,109.6000067,1,8
29220,24,39,1-24-2023-039-04,4,1,JN1FV7AR3LM6,17,480,1901,13,0,58,41,2020,4,1,4,0,1,F,2,1762,5,0,1,1,9,2,72,1,0,0,995,0,0,0,08205,3,2,2,1,3,2,2,1,1,1,1,1,0,0,1,1,1,2,1,0,1,4,62,1,1,1,4,J,69,0,0,0,0,0,0,0,0,0,0,260,60,0,0,0,1,1,27,-26,5,32051,998,30,21,0,1,0,0,0,0,0,0,995,9.8,998,998,998,99.8,99.8,99.8,364.6261997,1,8
29220,24,39,1-24-2023-039-04,4,2,JF2SH6CC7AH7,17,523,2234,7,0,48,401,2010,14,3,14,0,1,F,2,1483,5,0,1,1,9,2,72,1,0,0,995,0,0,0,08205,1,2,2,4,5,3,2,1,1,1,1,2,0,0,1,1,1,2,1,0,11,2,15,1,1,1,4,J,68,0,0,0,0,0,0,0,0,0,0,60,260,0,0,0,1,1,32,-31,-6,84843,998,-35,36,0,1,0,0,0,0,4,0,995,9.8,998,998,998,99.8,99.8,99.8,364.6261997,1,8
29220,24,39,1-24-2023-039-04,4,3,1C4PJMDX0KD4,17,483,1945,7,0,2,404,2019,14,3,14,0,1,F,9,2121,5,9999,9,0,998,5,72,1,0,0,995,0,0,0,27929,9,9,2,4,5,3,2,1,1,1,1,2,0,0,1,1,1,2,1,0,5,3,53,1,1,1,6,M,98,0,0,0,0,0,0,0,0,0,0,90,310,0,0,0,2,0,999,999,999,9999999,999,999,999,9,0,95,95,95,95,95,0,995,9.8,998,998,998,99.8,99.8,99.8,364.6261997,1,8
29222,13,37,1-13-2023-037-09,9,1,2MEFM74W34X6,17,465,1792,13,0,14,6,2004,4,1,5,0,1,B,2,1903,5,0,1,1,8,2,113,1,8,0,995,0,7,0,99999,9,9,1,3,1,1,2,1,2,9,1,2,0,0,3,1,0,0,9,1,14,1,9,99,3,4,1,A,2,0,0,0,0,0,0,0,0,0,0,998,998,0,0,0,1,1,29,29,0,63909,998,-21,29,0,1,9,97,0,1,0,0,998,0.8,999,999,999,99.9,99.9,99.9,3617.577627,7,8
29223,13,38,1-13-2023-038-01,1,1,5N1AN08U88C5,17,478,1916,7,0,35,402,2008,14,3,14,0,1,F,2,1973,5,9999,9,4,44,2,64,1,8,1,0,3,7,2,76112,1,1,0,1,3,1,2,1,3,1,1,3,0,0,3,1,0,0,9,1,14,2,13,99,1,4,1,A,1,0,0,0,0,0,0,0,0,0,0,998,998,0,0,0,1,12,999,999,999,9999999,999,999,999,7,0,3,14,1,1,1,0,998,2.3,47,20,54,21.0,1.6,21.1,92.90224111,7,8
29224,13,39,1-13-2023-039-04,4,1,2G1WX12K3494,17,467,4773,3,0,20,36,2004,2,1,4,0,1,L,1,1558,5,9999,9,0,998,5,64,1,8,0,995,0,7,0,76360,9,9,2,3,4,2,1,1,1,5,3,3,0,0,1,1,1,2,9,1,15,2,10,99,1,2,2,F,47,0,0,0,0,0,0,0,0,0,0,50,60,0,0,0,1,3,7,0,7,3575,998,-5,8,0,4,95,95,95,95,95,0,995,9.8,998,998,998,99.8,99.8,99.8,1956.595161,7,8
29224,13,39,1-13-2023-039-04,4,2,WA1C4AFY7P20,17,582,4052,7,0,32,404,2023,14,3,14,0,1,R,1,1945,8,0,1,1,14,2,64,1,8,0,995,0,7,0,76132,1,9,2,3,4,3,1,1,1,5,3,3,0,0,1,1,1,2,9,0,1,4,61,99,1,1,2,F,45,0,0,0,0,0,0,0,0,0,0,60,50,0,0,0,1,3,6,-1,-6,4908,998,-150,5,0,1,0,0,0,0,0,0,995,9.8,998,998,998,99.8,99.8,99.8,1956.595161,7,8
29225,13,40,1-13-2023-040-03,3,1,1GNSCLEDXMR3,17,467,1852,7,0,20,421,2021,15,3,15,5,1,L,1,2429,5,68,1,1,14,2,64,1,8,0,995,0,7,0,76115,1,9,0,5,5,2,2,1,1,1,3,2,0,0,1,1,0,0,9,1,12,2,21,1,1,2,6,M,98,0,0,0,0,0,0,0,0,0,0,140,185,0,0,0,1,3,9,3,8,15227,998,78,11,0,4,99,99,0,0,0,0,995,9.8,998,998,998,99.8,99.8,99.8,600.3689811,7,8
29225,13,40,1-13-2023-040-03,3,2,2G1WA5E31E11,17,467,13634,13,0,20,2,2014,4,1,4,0,1,F,1,1613,5,9999,9,0,998,5,64,1,8,0,995,0,7,0,76116,9,9,0,5,5,2,2,1,1,1,3,2,0,0,1,1,0,0,9,0,1,4,61,99,1,1,6,M,98,0,0,0,0,0,0,0,0,0,0,185,140,0,0,0,1,3,14,-13,-5,9380,998,-75,11,0,4,95,95,95,95,95,0,995,9.8,998,998,998,99.8,99.8,99.8,600.3689811,7,8
29226,14,19,1-14-2023-019-01,1,1,JTHBN30F7301,17,515,2182,13,0,59,32,2003,4,1,5,0,1,R,3,1795,5,0,1,1,33,2,97,1,8,9,998,8,7,9,78133,1,9,0,4,2,1,2,1,3,1,1,2,0,0,1,1,6,2,9,1,14,1,9,99,2,4,3,I,64,0,0,0,0,0,0,0,0,0,0,150,40,0,1,0,1,5,999,999,999,9999999,999,999,108,5,0,9,97,1,1,1,0,995,9.8,998,998,998,99.8,99.8,99.8,235.3864286,8,8
29226,14,19,1-14-2023-019-01,1,2,1FUJG3DV4JHJ,17,450,2504,66,0,82,881,2018,66,8,68,0,1,F,9,,,,,,,2,97,1,0,0,995,0,0,0,78154,9,9,0,4,2,1,2,1,2,4,1,2,0,0,1,1,6,2,9,0,14,4,62,4,2,1,3,I,65,,,,,,,,,,,,,,,,,,,,,,,,,,,95,95,95,95,95,,,9.8,998,998,998,99.8,99.8,99.8,235.3864286,8,8
29227,14,20,1-14-2023-020-07,7,1,1C4RJEAG9KC8,17,483,1949,7,0,2,422,2019,15,3,15,0,1,F,9,2336,5,9999,9,0,998,5,64,1,0,0,995,0,0,0,78163,9,9,0,5,4,1,2,1,1,2,1,1,0,0,1,1,0,0,9,1,12,2,10,99,1,2,6,M,98,0,0,0,0,0,0,0,0,0,0,350,90,0,0,0,1,0,999,999,999,9999999,999,999,999,9,0,95,95,95,95,95,0,995,9.8,998,998,998,99.8,99.8,99.8,13434.37586,8,8
29227,14,20,1-14-2023-020-07,7,2,2HKRW1H50JH5,17,474,1865,7,0,37,402,2018,14,3,14,0,1,R,2,1502,5,0,1,3,39,2,64,1,0,0,995,0,0,0,78163,1,1,0,5,4,2,2,1,1,2,1,2,0,0,1,1,0,0,1,0,1,4,61,1,1,1,6,M,98,0,0,0,0,0,0,0,0,0,0,90,350,0,0,0,1,12,999,999,999,9999999,999,999,999,7,0,0,0,0,0,0,0,995,9.8,998,998,998,99.8,99.8,99.8,13434.37586,8,8
29229,52,34,1-52-2023-034-03,3,1,1GNEVKKW9MJ2,17,467,1853,7,0,20,423,2021,15,3,15,0,1,F,2,2132,5,0,1,1,17,2,56,1,9,9,998,8,9,9,59022,9,9,2,5,3,1,2,1,1,1,1,2,0,0,4,1,0,0,9,1,1,2,13,2,1,4,1,A,1,0,0,0,0,0,0,0,0,0,0,998,998,0,0,0,5,1,25,-24,4,57541,998,50,25,0,4,99,99,0,0,99,0,998,1.6,999,999,999,13.0,5.4,14.1,31.71587811,12,8
29230,52,35,1-52-2023-035-04,4,1,1FTBR1Y87NKA,17,460,3608,95,0,12,462,2022,21,4,21,0,1,T,2,2261,5,227,2,1,49,2,56,1,0,0,995,0,0,0,59101,1,2,2,4,2,1,2,3,1,1,1,2,0,0,1,4,2,2,1,0,1,2,17,11,1,1,5,L,89,1,3,1,2,7,3,2,2,1,14,997,997,0,0,0,2,6,999,999,999,9999999,999,999,999,7,0,0,0,0,0,0,1,997,0.0,22,7,120,7.4,2.2,8.0,108.4556082,12,8
29230,52,35,1-52-2023-035-04,4,2,1NP5GGGG10D5,17,495,2046,64,66,87,999,2000,99,10,99,0,1,F,9,,,,,,,2,56,1,0,0,995,0,0,0,59105,9,9,2,4,2,1,2,3,1,1,1,2,0,0,1,4,0,0,9,0,1,4,66,99,1,1,5,L,88,,,,,,,,,,,,,,,,,,,,,,,,,,,95,95,95,95,95,,,0.0,3,3,120,19.9,6.4,21.0,108.4556082,12,8
29231,25,38,1-25-2023-038-06,6,1,3HGGK5H09JM7,17,474,2127,5,0,37,39,2018,5,1,1,0,1,F,1,1170,5,0,1,1,13,2,72,1,0,1,0,2,0,1,04105,9,9,2,4,2,1,2,2,1,1,1,2,0,0,1,3,1,2,9,0,1,2,17,3,1,1,5,L,88,0,0,0,0,0,0,0,0,0,0,235,155,0,0,0,1,1,12,-11,-6,11050,998,-44,14,0,4,2,6,0,1,3,0,995,4.3,120,45,80,2.2,0.7,2.3,190.3326706,2,8
29231,25,38,1-25-2023-038-06,6,2,WBA5B3C53GG2,17,452,1716,13,0,34,35,2016,4,1,5,0,1,L,1,1885,5,0,1,1,13,2,72,1,0,0,995,0,0,0,04105,1,2,2,4,2,1,2,2,1,4,0,2,0,0,1,3,1,2,1,0,1,4,66,8,1,1,5,L,89,0,0,0,0,0,0,0,0,0,0,155,235,0,0,0,1,1,8,-3,7,4633,998,119,6,0,4,1,3,0,1,6,0,995,9.8,998,998,998,99.8,99.8,99.8,190.3326706,2,8
29232,25,39,1-25-2023-039-09,9,1,KMHDU4AD9AU8,17,498,2735,13,0,55,35,2010,4,1,3,0,1,F,9,1246,5,9999,9,0,998,2,72,1,1,1,178,2,0,0,04086,9,9,0,4,2,1,2,1,3,1,0,2,0,0,2,1,6,2,9,1,14,2,13,99,9,4,1,A,1,0,0,0,0,0,0,0,0,0,0,998,998,0,0,9,99,0,999,999,999,9999999,999,999,999,9,0,1,2,0,1,4,0,998,0.0,999,999,999,9.7,2.2,9.9,619.9841887,2,8
29233,25,40,1-25-2023-040-06,6,1,3VW517AT1FM8,17,482,8119,1,0,30,47,2015,1,1,2,0,1,L,1,1463,5,0,1,1,6,2,40,1,0,0,995,0,0,0,04106,9,9,3,4,2,98,2,1,1,1,0,0,0,0,1,1,0,0,3,1,8,2,10,1,1,7,6,M,98,0,0,0,0,0,0,0,0,0,0,320,50,0,0,0,2,12,999,999,999,9999999,999,999,999,6,0,0,0,0,0,0,0,995,0.0,999,999,999,0.0,0.0,0.0,190.3326706,2,8
29233,25,40,1-25-2023-040-06,6,2,JTHBK1GG4E21,17,515,2475,13,0,59,31,2014,4,1,4,0,1,F,2,1610,5,0,1,1,6,2,40,1,0,0,995,0,7,0,04103,1,2,3,4,2,1,2,1,1,1,0,0,0,0,1,1,0,0,1,0,1,4,64,1,1,1,4,K,77,0,0,0,0,0,0,0,0,0,0,50,320,0,0,0,2,12,999,999,999,9999999,999,999,999,7,0,0,0,0,0,0,0,995,9.8,998,998,998,99.8,99.8,99.8,190.3326706,2,8
29233,25,40,1-25-2023-040-06,6,3,999999999999,99,99999,99999,999,0,99,999,9999,99,10,99,99,1,F,9,,,,,,,5,40,1,8,0,995,0,7,0,99999,9,9,3,4,2,98,2,1,1,1,0,0,0,0,1,1,0,0,9,1,8,2,11,99,9,7,4,K,76,,,,,,,,,,,,,,,,,,,,,,,,,,,95,95,95,95,95,,,9.8,998,998,998,99.8,99.8,99.8,190.3326706,2,8
29234,25,41,1-25-2023-041-04,4,1,1G1ZD5ST2NF1,17,467,1834,13,0,20,37,2022,4,1,4,0,1,F,9,1418,5,0,1,1,14,2,72,1,0,0,995,0,0,0,04072,9,9,0,4,2,1,2,1,1,1,1,2,0,0,1,1,0,0,3,1,1,2,12,5,9,4,1,B,6,0,0,0,0,0,0,0,0,0,0,998,998,0,1,0,7,12,999,999,999,9999999,999,999,999,9,0,0,0,0,0,0,0,998,0.9,98,67,120,14.7,3.1,15.0,320.6470225,2,8
29235,28,20,1-28-2023-020-07,7,1,1C4PJMBS7FW5,17,483,1945,7,0,2,404,2015,14,3,14,0,1,F,2,1788,5,0,1,5,116,2,56,1,1,0,995,0,0,0,16930,9,9,0,4,2,1,2,1,2,1,1,2,0,0,2,1,0,0,9,1,14,2,13,3,2,4,1,A,1,0,0,0,0,0,0,0,0,0,0,998,998,0,0,2,1,12,999,999,999,9999999,999,999,999,7,0,0,0,0,0,0,0,998,0.7,999,999,999,8.6,1.0,8.6,44.13141895,3,8
29235,28,20,1-28-2023-020-07,7,2,KNDMB5C11H63,17,499,2740,2,0,63,441,2017,20,4,20,2,2,L,1,2002,5,9999,9,4,97,,,,,,,,,,,,,,,,,,,,,,,,,,,,,,,,,,,,,,,,,,,,,,,,,,,,,,,,,,,,,,,,,,95,95,95,95,95,,,,,,,,,,44.13141895,3,8
29235,28,20,1-28-2023-020-07,7,3,4S4BRBCC4A13,17,523,2233,7,0,48,45,2010,6,1,3,0,2,R,1,1542,5,9999,9,4,97,,,,,,,,,,,,,,,,,,,,,,,,,,,,,,,,,,,,,,,,,,,,,,,,,,,,,,,,,,,,,,,,,,95,95,95,95,95,,,,,,,,,,44.13141895,3,8
29235,28,20,1-28-2023-020-07,7,4,4S3BP6161573,17,523,2232,15,0,48,34,2005,6,1,3,0,2,F,1,1520,5,9999,9,4,97,,,,,,,,,,,,,,,,,,,,,,,,,,,,,,,,,,,,,,,,,,,,,,,,,,,,,,,,,,,,,,,,,,95,95,95,95,95,,,,,,,,,,44.13141895,3,8
29236,28,21,1-28-2023-021-10,10,1,1NXBR32E95Z4,17,448,2208,13,0,49,32,2005,4,1,2,0,1,B,1,1135,5,0,1,1,17,2,89,1,9,0,995,0,9,0,16935,9,9,0,4,2,1,2,1,2,1,1,2,0,0,2,1,0,0,9,1,14,2,13,99,3,4,1,A,2,0,0,0,0,0,0,0,0,0,0,998,998,0,0,0,1,10,999,999,999,9999999,999,-128,10,2,0,0,0,0,0,0,0,998,2.0,120,38,88,50.6,3.4,50.7,37.47575523,3,8
29237,16,30,1-16-2023-030-03,3,1,1NXBR32E33Z0,17,448,2208,13,0,49,32,2003,4,1,2,0,1,L,3,1130,5,9999,9,0,998,2,56,1,0,0,995,0,0,0,45216,9,9,2,4,5,2,2,1,1,1,3,1,0,0,3,1,1,2,1,0,1,2,17,99,1,1,5,L,89,0,0,0,0,0,0,0,0,0,0,150,250,0,0,0,1,3,46,-40,23,156824,998,-13,58,0,4,0,0,0,0,0,0,995,9.8,998,998,998,99.8,99.8,99.8,303.5432533,5,8
29237,16,30,1-16-2023-030-03,3,2,WDDSJ4GB6KN6,17,449,2083,13,0,42,54,2019,4,1,3,0,1,F,2,1540,5,0,1,1,14,2,56,1,0,0,995,0,0,0,45240,9,9,2,1,2,2,2,1,1,1,3,2,0,0,3,1,1,2,1,0,1,4,66,2,1,1,5,L,88,0,0,0,0,0,0,0,0,0,0,250,150,0,0,0,1,3,34,-22,-26,67598,998,-118,25,0,4,9,97,0,1,0,0,995,9.8,998,998,998,99.8,99.8,99.8,303.5432533,5,8
29238,16,31,1-16-2023-031-07,7,1,19XFC2F74JE0,17,474,1863,13,0,37,31,2018,4,1,3,0,1,F,1,1244,5,0,1,1,10,2,89,1,0,0,995,0,0,0,47041,9,9,0,2,4,1,2,2,2,1,1,3,2,3,3,2,0,0,1,1,14,1,6,3,2,4,1,A,2,0,0,0,0,0,0,0,0,0,0,998,998,0,0,0,1,1,11,-10,6,9788,998,97,11,0,4,0,0,0,0,0,0,998,3.8,999,999,999,0.0,0.0,0.0,2729.682159,5,8
29240,10,49,1-10-2023-049-04,4,1,1C3CDFAA3DD2,17,476,2054,13,0,7,29,2013,4,1,3,0,1,L,1,1471,5,0,1,1,4,2,56,1,8,0,995,0,9,0,99999,9,9,2,4,6,2,2,2,1,1,1,1,0,0,3,2,1,2,9,0,1,2,17,99,1,1,5,L,89,0,0,0,0,0,0,0,0,0,0,230,320,0,0,0,1,3,13,-11,6,23183,998,-36,19,0,4,99,99,0,0,99,0,995,9.8,998,998,998,99.8,99.8,99.8,223.8820082,4,8
29240,10,49,1-10-2023-049-04,4,2,5J6RW2H53ML0,17,474,1865,7,0,37,402,2021,14,3,14,0,1,F,1,1580,5,9999,9,4,45,2,56,1,0,0,995,0,0,0,45424,9,9,2,1,4,3,2,2,1,1,1,1,0,0,3,2,1,2,1,0,1,4,66,99,1,1,5,L,88,0,0,0,0,0,0,0,0,0,0,320,230,0,0,0,1,3,11,-6,-10,8793,998,-176,7,0,4,99,99,0,0,0,0,995,9.8,998,998,998,99.8,99.8,99.8,223.8820082,4,8
29241,10,50,1-10-2023-050-09,9,1,WAUBGAFCXCN0,17,582,3148,13,0,32,42,2012,4,1,5,0,1,L,1,1835,5,0,1,1,3,2,64,1,0,0,995,0,0,0,45415,9,9,2,4,3,2,2,1,1,1,1,2,0,0,1,1,1,2,1,0,11,2,15,99,1,1,4,K,82,0,0,0,0,0,0,0,0,0,0,200,320,0,0,0,1,1,20,-17,10,21928,998,-9,17,0,1,0,0,0,0,0,0,995,9.8,998,998,998,99.8,99.8,99.8,381.732286,4,8
29241,10,50,1-10-2023-050-09,9,2,1G4GC5E33DF3,17,468,1821,13,0,18,22,2013,4,1,4,0,1,F,1,1785,5,0,1,1,3,2,64,1,0,0,995,0,0,0,45406,9,9,2,1,3,2,2,1,1,1,1,1,0,0,1,1,1,2,1,0,1,4,67,2,1,1,4,K,83,0,0,0,0,0,0,0,0,0,0,320,200,0,0,0,1,1,19,-17,-10,48496,998,-106,21,0,1,1,2,0,1,4,0,995,9.8,998,998,998,99.8,99.8,99.8,381.732286,4,8
29241,10,50,1-10-2023-050-09,9,3,1D4GP45R45B3,17,476,1942,9,0,7,442,2005,20,4,20,0,1,F,3,1752,5,0,1,1,4,2,64,1,0,0,995,0,0,0,45417,9,9,2,1,3,2,2,1,1,1,1,1,0,0,1,1,1,2,1,0,1,4,62,1,2,1,6,M,98,0,0,0,0,0,0,0,0,0,0,140,210,0,0,0,3,3,45,-43,16,112448,998,70,36,0,4,99,99,0,0,99,0,995,0.0,30,30,87,6.5,1.9,6.9,381.732286,4,8
29242,10,51,1-10-2023-051-10,10,1,5J6RM3H56CL0,17,474,1865,7,0,37,402,2012,14,3,14,0,1,L,9,1499,5,9999,9,0,998,2,64,1,0,0,995,0,0,0,45439,9,9,2,4,5,1,2,1,1,1,1,3,0,0,1,1,1,2,1,1,15,2,10,99,1,2,2,F,47,0,0,0,0,0,0,0,0,0,0,175,190,0,0,0,1,0,999,999,999,9999999,999,999,999,9,0,0,0,0,0,0,0,995,9.8,998,998,998,99.8,99.8,99.8,1779.290903,4,8
29242,10,51,1-10-2023-051-10,10,2,4A3AC44G13E1,17,481,2166,5,0,52,37,2003,3,1,2,0,1,R,1,1320,5,9999,9,4,57,5,64,1,0,0,995,0,0,0,45439,9,9,2,4,5,2,2,1,1,1,3,1,0,0,1,1,1,2,1,0,1,4,61,99,1,1,2,F,45,0,0,0,0,0,0,0,0,0,0,190,175,0,0,0,1,12,999,999,999,9999999,999,999,999,6,0,95,95,95,95,95,0,995,9.8,998,998,998,99.8,99.8,99.8,1779.290903,4,8
29243,73,35,1-73-2023-035-03,3,1,1C6SRFFT4KN8,17,496,13620,60,0,7,482,2019,34,5,31,0,1,F,1,2327,5,9999,9,4,40,2,72,1,8,1,0,2,0,1,04901,9,9,0,4,2,1,2,1,1,1,1,4,0,0,1,1,0,0,1,0,1,4,62,99,1,1,3,G,51,0,0,0,0,0,0,0,0,0,0,145,305,0,0,0,1,3,24,-24,4,90852,998,45,30,0,4,2,4,0,1,4,0,995,9.8,998,998,998,99.8,99.8,99.8,108.4740714,3,8
29243,73,35,1-73-2023-035-03,3,2,ML32A3HJ0LH0,17,481,2342,5,0,52,48,2020,5,1,1,0,1,F,3,940,5,0,1,1,14,2,72,1,8,1,0,2,7,0,04976,9,9,0,4,2,1,2,1,1,1,1,4,0,0,1,1,0,0,9,1,1,2,10,99,1,2,3,G,50,0,0,0,0,0,0,0,0,0,0,305,145,0,0,0,1,3,55,-54,-10,90439,998,7,47,0,4,3,10,1,1,4,0,995,9.8,998,998,998,99.8,99.8,99.8,108.4740714,3,8
29244,18,21,1-18-2023-021-03,3,1,JM3TCBDY9P06,17,473,2077,7,0,41,421,2023,15,3,15,0,1,R,1,1990,5,0,1,1,18,2,89,1,0,1,0,2,0,0,54748,1,2,2,4,2,1,2,1,1,1,1,2,0,0,1,8,2,2,1,0,1,2,17,1,1,1,5,L,87,0,0,0,0,0,0,0,0,0,0,0,270,0,1,0,1,1,19,-10,-17,28600,998,68,17,0,4,2,6,0,1,6,0,995,0.0,120,120,0,7.0,6.7,9.6,45.40318594,6,8
29244,18,21,1-18-2023-021-03,3,2,2C4RC1EG6LR1,17,477,3628,2,0,6,443,2020,20,4,20,0,1,F,1,1964,5,0,1,1,12,2,89,1,0,1,0,2,0,1,54563,1,2,2,4,2,1,2,1,1,1,1,2,0,0,1,8,0,0,1,1,6,4,66,4,9,2,5,L,86,0,0,0,0,0,0,0,0,0,0,270,0,0,1,0,1,1,19,-16,10,50161,998,114,20,0,4,1,1,0,1,5,0,995,0.2,999,999,999,11.3,2.2,11.6,45.40318594,6,8
29244,18,21,1-18-2023-021-03,3,3,2FMPK4J91KBB,17,460,1797,7,0,12,424,2019,15,3,15,0,1,F,2,1875,5,0,1,1,13,2,89,1,0,0,995,0,0,0,54727,1,2,2,4,2,1,2,1,1,1,0,0,0,0,1,8,1,2,1,0,5,4,62,1,1,1,6,M,98,0,0,0,0,0,0,0,0,0,0,180,300,0,0,0,2,3,25,-25,-4,35115,998,-37,21,0,4,1,2,0,1,6,0,995,9.8,998,998,998,99.8,99.8,99.8,45.40318594,6,8
29246,32,35,1-32-2023-035-05,5,1,2HGFC2F70JH5,17,474,1863,13,0,37,31,2018,4,1,3,0,1,R,3,1244,5,0,1,2,50,5,72,1,0,0,995,0,0,0,75223,9,9,2,1,4,4,1,1,1,2,1,2,0,0,1,1,0,0,9,0,11,2,15,99,1,1,4,J,68,0,0,0,0,0,0,0,0,0,0,40,305,0,0,0,1,3,44,-15,-41,125166,998,-15,51,0,4,95,95,95,95,95,0,995,9.8,998,998,998,99.8,99.8,99.8,176.2947287,7,8
29246,32,35,1-32-2023-035-05,5,2,1HGCR2F57HA1,17,474,1861,13,0,37,32,2017,4,1,4,0,1,F,2,1496,5,9999,9,4,48,2,72,1,0,0,995,0,0,0,70056,1,1,2,1,3,2,1,1,1,1,3,3,0,0,1,1,0,0,9,0,1,4,62,99,1,1,4,J,69,0,0,0,0,0,0,0,0,0,0,305,40,0,0,0,1,3,33,-31,11,53952,998,70,26,0,4,2,12,0,2,3,0,995,0.0,20,18,80,3.5,3.2,4.7,176.2947287,7,8
29247,32,36,1-32-2023-036-03,3,1,1N6AD0ER6CC4,17,478,1919,60,0,35,472,2012,34,5,30,0,1,F,9,2068,5,9999,9,0,998,5,113,1,0,0,995,0,0,0,75211,9,9,1,2,4,4,1,1,1,4,3,2,1,1,1,1,0,0,9,1,1,3,51,99,1,2,2,D,24,0,0,0,0,0,0,0,0,0,0,190,185,0,0,0,1,0,999,999,999,9999999,999,999,999,9,0,95,95,95,95,95,0,995,9.8,998,998,998,99.8,99.8,99.8,790.4469179,7,8