CASEID,PSU,CASENO,CASENUMBER,CATEGORY,VEHNO,VIN,VINLENGTH,VPICMAKE,VPICMODEL,VPICBODYCLASS,ICFINALBODY,MAKE,MODEL,MODELYR,BODYTYPE,BODYCAT,VEHCLASS,SPECUSE,TRANSTAT,DAMPLANE,DAMSEV,CURBWT,CURBSRC,CARGOWT,CARGOSRC,INSPTYPE,INSPLAG,TOWED,SPEEDLIMIT,DRPRESENT,PARALCOHOL,ALCTEST,ALCTESTRESULT,ALCTESTSRC,PARDRUG,DRUGTEST,ZIP,RACE,ETHNICITY,RELTOJUNCT,TRAFFLOW,RDLANES,INITLANE,SURFTYPE,SURFCOND,ALIGNMENT,PROFILE,LINERIGHT,LINELEFT,RUMBINIT,RUMBROAD,LIGHTCOND,WEATHER,TRAFDEV,TRAFFUNCT,DISTRACT,PREFHE,PREMOVE,CRITCAT,CRITEVENT,MANEUVER,PRESTAB,PRELOC,CRASHCAT,CRASHCONF,CRASHTYPE,ROLLTYPE,ROLLTURN,ROLLINTRPT,ROLLPREMAN,ROLLINITYP,ROLLINLOC,ROLLOBJ,ROLLTRIP,ROLLDIR,ROLLDIST,DVANGTHIS,DVANGOTH,TOWHITCH,TRAJDOC,TREEPOLE,DVEVENT,DVBASIS,DVTOTAL,DVLONG,DVLAT,DVENERGY,DVSPEED,DVMOMENT,DVBES,DVEST,DVCONF,VAIS,VISS,VINJSEV,VINJURED,VTREAT,INITOBJCLASS,HEADANGLECAT,SHLDRWIDTH,STRKLENGTH,STRKWIDTH,STRKHEIGHT,EDGEDISTX,EDGEDISTY,EDGEDISTZ,CASEWGT,PSUSTRAT,VERSION
29247,32,36,1-32-2023-036-03,3,2,3C4PDCAB2KT7,17,476,1939,7,0,7,404,2019,14,3,14,0,1,F,2,1735,5,0,1,1,15,2,113,1,0,0,995,0,0,0,75215,2,2,1,2,4,3,1,1,1,4,3,3,0,0,1,1,0,0,9,0,1,3,53,1,1,1,2,D,25,0,0,0,0,0,0,0,0,0,0,998,998,0,0,0,2,1,26,-25,4,49589,998,38,26,0,1,0,0,0,0,4,0,998,2.4,999,999,999,0.0,0.0,0.0,790.4469179,7,8
29248,32,37,1-32-2023-037-05,5,1,3N1AB7AP6JY3,17,478,1907,13,0,35,43,2018,4,1,3,0,1,L,2,1300,5,0,1,1,39,2,72,1,0,1,154,2,0,0,75246,2,9,1,3,1,1,1,1,2,2,1,2,0,0,3,1,6,2,9,1,14,1,6,99,9,4,1,B,7,1,2,1,6,4,4,54,4,2,999,998,998,0,0,6,4,10,999,999,999,9999999,999,-11,33,3,0,3,22,1,1,3,3,998,0.0,999,999,999,0.0,0.0,0.0,176.2947287,7,8
29249,54,22,1-54-2023-022-08,8,1,1FTCR10A1RUD,17,460,1803,60,0,12,471,1994,34,5,30,0,1,F,2,1332,8,0,1,1,21,2,999,1,0,0,995,0,0,2,35565,1,9,2,4,2,1,2,1,1,1,1,2,2,3,1,1,0,0,9,1,1,6,87,99,1,4,1,A,3,0,0,0,0,0,0,0,0,0,0,998,998,0,1,1,1,1,35,-35,0,67859,998,-3,35,0,4,3,22,1,1,3,0,998,0.2,44,44,61,18.5,4.8,18.4,156.9645701,9,8
29250,54,23,1-54-2023-023-07,7,1,WP1AF2A25ELA,17,584,7895,7,0,45,421,2014,15,3,15,0,1,F,2,2080,5,0,1,1,17,2,40,1,0,0,995,0,0,0,35653,1,1,2,4,2,1,2,1,1,1,0,2,0,0,1,1,2,2,2,0,1,2,17,1,1,1,5,L,88,0,0,0,0,0,0,0,0,0,0,100,10,0,0,0,1,3,30,-30,-5,56731,998,23,26,0,4,0,0,0,0,0,0,995,9.8,998,998,998,99.8,99.8,99.8,948.3709037,9,8
29250,54,23,1-54-2023-023-07,7,2,1D3HB18K49S7,17,476,1938,60,0,7,482,2009,34,5,31,0,1,L,2,2202,5,9999,9,4,17,2,40,1,0,0,995,0,0,0,35653,9,9,2,4,2,1,2,1,1,1,1,2,0,0,1,1,0,0,9,0,1,4,66,99,1,1,5,L,89,0,0,0,0,0,0,0,0,0,0,10,100,0,0,0,1,3,28,-5,27,124315,998,-121,30,0,4,0,0,0,0,0,0,995,9.8,998,998,998,99.8,99.8,99.8,948.3709037,9,8
29253,66,24,1-66-2023-024-03,3,1,3N1CN8FV4ML8,17,478,1894,13,0,35,50,2021,4,1,2,0,1,F,1,1194,5,0,1,1,17,2,113,1,0,0,995,0,7,0,13078,9,9,0,2,2,2,2,1,1,1,3,2,1,3,1,1,0,0,9,0,1,3,52,2,1,1,2,D,28,0,0,0,0,0,0,0,0,0,0,260,260,0,0,0,1,3,16,-16,0,11490,998,-45,14,0,4,0,0,0,0,4,0,995,9.8,998,998,998,99.8,99.8,99.8,156.4857501,6,8
29253,66,24,1-66-2023-024-03,3,2,JM1GL1WY2M16,17,473,2078,13,0,41,50,2021,4,1,4,99,1,B,1,1474,5,9999,9,0,998,5,113,1,0,0,995,0,7,0,74133,9,9,0,2,2,2,2,1,1,1,3,2,1,3,1,1,0,0,9,0,2,2,18,1,1,1,2,D,29,0,0,0,0,0,0,0,0,0,0,260,260,0,0,0,1,3,14,14,0,15995,998,-20,16,0,4,95,95,95,95,95,0,995,9.8,998,998,998,99.8,99.8,99.8,156.4857501,6,8
29254,66,25,1-66-2023-025-02,2,1,3KPA24AD8LE3,17,499,2299,13,0,63,32,2020,4,1,2,0,1,F,2,1156,5,0,1,1,12,2,113,1,0,0,995,0,7,0,74820,1,2,1,2,3,1,1,2,2,1,1,3,0,1,2,2,0,0,9,1,14,3,50,99,1,2,2,D,32,0,0,0,0,0,0,0,0,0,0,235,230,0,0,0,1,5,999,999,999,9999999,999,999,30,3,0,1,1,0,1,4,0,995,9.8,998,998,998,99.8,99.8,99.8,105.279459,6,8
29254,66,25,1-66-2023-025-02,2,2,3HSDJAPR6GN6,17,526,2564,66,0,84,881,2016,66,8,68,0,1,B,9,,,,,,,5,113,0,7,7,887,6,8,8,99998,8,8,1,2,3,1,1,2,2,1,1,3,0,1,2,2,0,0,0,8,0,4,60,0,0,0,2,D,32,,,,,,,,,,,,,,,,,,,,,,,,,,,95,95,95,95,95,,,9.8,998,998,998,99.8,99.8,99.8,105.279459,6,8
29255,52,36,1-52-2023-036-06,6,1,3G1BE6SM3HS5,17,467,1832,5,0,20,25,2017,5,1,3,0,1,L,9,1312,5,9999,9,0,998,2,72,1,9,9,998,8,9,9,59105,9,9,0,4,3,1,2,3,1,1,1,1,0,0,2,4,0,0,9,1,1,1,5,99,9,4,1,B,7,0,0,0,0,0,0,0,0,0,0,998,998,0,0,3,1,0,999,999,999,9999999,999,999,999,9,0,0,0,0,0,3,0,998,2.0,11,11,108,4.0,0.2,4.0,100.6531799,12,8
29256,24,41,1-24-2023-041-07,7,1,3CZRU6H10NM7,17,474,9212,7,0,37,404,2022,14,3,14,0,1,F,3,1393,5,0,1,1,17,2,89,1,0,0,995,0,0,0,08094,1,2,2,1,2,2,2,1,1,1,3,2,1,0,1,1,0,0,9,0,1,3,52,2,1,1,2,D,28,0,0,0,0,0,0,0,0,0,0,330,330,0,0,0,1,3,47,-47,0,95719,998,-6,41,0,4,1,1,0,1,4,0,995,9.8,998,998,998,99.8,99.8,99.8,801.8135647,1,8
29256,24,41,1-24-2023-041-07,7,2,JF1VA1A61L98,17,523,2237,13,0,48,47,2020,4,1,3,0,1,B,3,1543,5,9999,9,0,998,5,89,1,0,0,995,0,0,0,08037,9,9,2,1,2,2,2,1,1,1,3,2,1,0,1,1,0,0,9,0,2,3,53,1,1,1,2,D,29,0,0,0,0,0,0,0,0,0,0,330,330,0,0,0,1,3,45,45,0,151425,998,0,50,0,4,95,95,95,95,95,0,995,9.8,998,998,998,99.8,99.8,99.8,801.8135647,1,8
29256,24,41,1-24-2023-041-07,7,3,WBA8B7G57JNV,17,452,9568,13,0,34,34,2018,4,1,4,0,1,B,9,1733,5,9999,9,0,998,5,89,1,0,0,995,0,0,0,08330,9,9,2,1,2,2,2,1,1,1,3,2,1,0,1,1,0,0,9,0,5,3,53,1,1,1,6,M,98,0,0,0,0,0,0,0,0,0,0,330,330,0,0,0,2,0,999,999,999,9999999,999,999,999,9,0,95,95,95,95,95,0,995,9.8,998,998,998,99.8,99.8,99.8,801.8135647,1,8
29257,31,21,1-31-2023-021-05,5,1,5NPE24AF5JH6,17,498,2459,13,0,55,33,2018,4,1,4,0,1,F,3,1475,5,9999,9,1,1,2,89,1,0,0,995,0,0,0,47630,9,9,0,4,2,1,2,1,1,1,1,4,0,0,1,1,0,0,9,0,1,3,52,99,1,1,2,D,28,0,0,0,0,0,0,0,0,0,0,260,260,0,0,0,1,5,999,999,999,9999999,999,999,999,8,0,1,1,0,1,4,0,995,9.8,998,998,998,99.8,99.8,99.8,205.9381144,6,8
29257,31,21,1-31-2023-021-05,5,2,999999999999,99,495,2046,64,999,87,881,2013,78,8,78,0,1,B,9,,,,,,,5,89,1,0,0,995,0,0,0,62821,9,9,0,4,2,1,2,1,1,1,1,4,0,0,1,1,0,0,9,0,2,3,53,1,1,1,2,D,29,,,,,,,,,,,,,,,,,,,,,,,,,,,95,95,95,95,95,,,9.8,998,998,998,99.8,99.8,99.8,205.9381144,6,8
29258,31,22,1-31-2023-022-06,6,1,3AKJHHDR4PSU,17,450,2501,66,0,82,881,2023,66,8,68,0,1,F,9,,,,,,,5,89,1,0,0,995,0,0,0,63801,9,9,2,1,3,1,2,1,1,1,1,1,0,0,1,1,2,2,2,0,1,2,17,99,1,1,5,L,86,,,,,,,,,,,,,,,,,,,,,,,,,,,95,95,95,95,95,,,9.8,998,998,998,99.8,99.8,99.8,1287.36875,6,8
29258,31,22,1-31-2023-022-06,6,2,1HGCR3F88GA0,17,474,1861,13,0,37,32,2016,4,1,4,0,1,R,1,1615,5,9999,9,1,1,2,89,1,0,0,995,0,0,0,62930,9,9,2,1,1,1,1,1,1,1,1,2,0,0,1,1,2,2,9,0,1,4,66,1,1,1,5,L,87,0,0,0,0,0,0,0,0,0,0,170,105,0,0,0,1,5,999,999,999,9999999,999,999,16,2,0,1,1,0,1,4,0,995,9.8,998,998,998,99.8,99.8,99.8,1287.36875,6,8
29259,15,51,1-15-2023-051-03,3,1,1FTNE2EW6EDA,17,460,1817,95,0,12,461,2014,21,4,21,0,1,B,1,2268,5,9999,9,0,998,5,64,1,8,9,998,8,7,9,11801,9,9,2,1,5,1,2,1,1,1,1,3,0,0,1,1,1,2,9,0,10,3,53,99,9,1,2,D,27,0,0,0,0,0,0,0,0,0,0,185,170,0,0,0,1,3,14,13,-5,23023,998,108,14,0,4,95,95,95,95,95,0,995,9.8,998,998,998,99.8,99.8,99.8,20.82448235,1,8
29259,15,51,1-15-2023-051-03,3,2,NMTKHMBX1LR1,17,448,17213,8,0,49,405,2020,14,3,14,0,1,F,1,1497,5,0,1,1,37,2,64,1,8,9,998,8,7,9,11779,1,2,2,2,5,2,2,1,1,1,3,3,0,0,1,1,1,2,9,0,1,3,51,1,1,1,2,D,24,0,0,0,0,0,0,0,0,0,0,170,185,0,0,0,1,3,20,-20,0,26805,998,0,21,0,4,0,0,0,0,4,0,995,9.8,998,998,998,99.8,99.8,99.8,20.82448235,1,8
29260,15,52,1-15-2023-052-03,3,1,JN8AT2MV9JW3,17,478,1913,8,0,35,51,2018,6,1,3,0,1,F,1,1550,5,9999,9,0,998,5,40,1,8,9,998,8,7,9,11050,9,9,2,4,2,1,2,1,1,1,0,0,0,0,1,1,2,2,9,0,1,2,17,99,1,1,5,L,86,0,0,0,0,0,0,0,0,0,0,320,45,0,0,0,1,3,6,-5,4,2876,998,134,5,0,4,95,95,95,95,95,0,995,9.8,998,998,998,99.8,99.8,99.8,20.82448235,1,8
29260,15,52,1-15-2023-052-03,3,2,4S4WMACD3K34,17,523,24836,7,0,48,421,2019,15,3,15,0,1,R,1,1543,5,0,1,1,27,2,40,1,8,0,995,0,7,0,11050,1,1,2,4,2,1,2,1,1,1,0,0,0,0,1,1,2,2,9,0,1,4,66,1,1,1,5,L,87,0,0,0,0,0,0,0,0,0,0,45,320,0,0,0,1,3,6,-4,-5,4649,998,72,8,0,4,1,2,0,1,4,0,995,9.8,998,998,998,99.8,99.8,99.8,20.82448235,1,8
29260,15,52,1-15-2023-052-03,3,3,999999999999,99,99999,99999,999,0,99,399,9999,9,1,9,0,2,B,9,9999,9,9999,9,0,998,,,,,,,,,,,,,,,,,,,,,,,,,,,,,,,,,,,,,,,,,,,,,,,,,,,,,,,,,,,,,,,,,,95,95,95,95,95,,,,,,,,,,20.82448235,1,8
29262,26,39,1-26-2023-039-02,2,1,4T1BF1FK0EU4,17,448,2469,13,0,49,40,2014,4,1,3,0,1,F,1,1441,5,0,1,1,28,2,89,1,0,0,995,0,0,0,95814,1,9,0,2,6,3,1,1,1,9,3,3,0,0,3,1,0,0,3,0,1,3,52,4,2,1,2,D,28,0,0,0,0,0,0,0,0,0,0,305,290,0,0,0,1,3,13,-12,-4,25601,998,-121,16,0,4,0,0,0,0,0,0,995,0.6,999,999,999,0.0,0.0,0.0,28.21898419,10,8
29262,26,39,1-26-2023-039-02,2,2,3C4NJDBB2NT1,17,483,1946,7,0,2,498,2022,14,3,14,0,1,L,1,1509,5,0,1,1,20,2,89,1,0,1,0,2,1,2,94513,9,9,0,2,6,3,1,1,1,9,3,3,0,0,3,1,0,0,1,0,2,3,53,1,1,1,2,D,29,0,0,0,0,0,0,0,0,0,0,245,290,0,0,0,2,1,15,5,14,21555,998,116,14,0,1,2,5,0,1,4,0,995,9.8,998,998,998,99.8,99.8,99.8,28.21898419,10,8
29262,26,39,1-26-2023-039-02,2,3,5TDYK3DC5GS7,17,448,2468,2,0,49,442,2016,20,4,20,0,1,F,1,1940,5,0,1,1,27,2,89,1,0,0,995,0,0,0,94533,1,9,0,2,6,4,1,1,1,9,3,3,0,0,3,1,0,0,1,0,1,4,61,1,1,1,6,M,98,0,0,0,0,0,0,0,0,0,0,290,245,0,0,0,2,1,12,-11,-4,14052,998,-21,13,0,1,0,0,0,0,0,0,995,0.6,999,999,999,0.0,0.0,0.0,28.21898419,10,8
29263,26,40,1-26-2023-040-07,7,1,2T1BURHE3GC5,17,448,2208,13,0,49,32,2016,4,1,3,0,1,F,3,1265,5,0,1,1,18,2,105,1,0,0,995,0,0,0,95826,3,9,0,2,5,1,2,2,1,9,1,3,0,0,1,2,0,0,1,0,1,3,51,4,1,1,2,D,24,0,0,0,0,0,0,0,0,0,0,0,0,0,0,0,1,3,42,-42,0,86341,998,-14,41,0,4,0,0,0,0,0,0,995,9.8,998,998,998,99.8,99.8,99.8,2031.718353,10,8
29263,26,40,1-26-2023-040-07,7,2,1GNSKHKC4KR3,17,467,1851,7,0,20,422,2019,15,3,15,0,1,B,1,2620,5,9999,9,0,998,5,105,1,0,0,995,0,0,0,95624,9,9,0,2,5,1,2,2,1,9,1,3,0,0,1,2,0,0,1,0,1,3,53,1,1,1,2,D,25,0,0,0,0,0,0,0,0,0,0,0,0,0,0,0,1,3,20,20,0,47401,998,0,21,0,4,95,95,95,95,95,0,995,9.8,998,998,998,99.8,99.8,99.8,2031.718353,10,8
29264,26,41,1-26-2023-041-06,6,1,999999999999,99,472,1855,15,0,23,8,2007,6,1,5,0,1,F,1,2142,5,9999,9,0,998,5,72,1,0,0,995,0,0,0,95747,9,9,2,1,4,1,2,1,1,1,0,3,0,0,1,1,1,2,1,0,1,2,17,2,9,1,4,K,83,0,0,0,0,0,0,0,0,0,0,260,160,0,0,0,1,3,5,-5,0,2840,998,0,6,0,4,95,95,95,95,95,0,995,9.8,998,998,998,99.8,99.8,99.8,504.699442,10,8
29264,26,41,1-26-2023-041-06,6,2,4T1BF1FK4EU3,17,448,2469,13,0,49,40,2014,4,1,3,0,1,L,1,1441,5,0,1,1,13,2,40,1,0,0,995,0,0,0,95843,3,9,2,4,4,3,2,1,1,1,1,2,0,0,1,1,1,2,1,0,11,4,66,4,1,1,4,K,82,0,0,0,0,0,0,0,0,0,0,160,260,0,0,0,1,3,7,-1,7,6651,998,-161,7,0,4,0,0,0,0,4,0,995,9.8,998,998,998,99.8,99.8,99.8,504.699442,10,8
29267,27,28,1-27-2023-028-03,3,1,3C4NJDBB9LT2,17,483,1946,7,0,2,1,2020,6,1,2,0,1,F,1,1509,5,0,1,1,6,2,56,1,8,0,995,0,9,0,01201,1,2,0,4,2,1,2,1,1,1,1,2,0,0,4,1,0,0,3,0,1,3,54,3,1,1,3,G,52,0,0,0,0,0,0,0,0,0,0,60,245,0,0,0,1,5,999,999,999,9999999,999,999,13,2,0,1,2,0,1,4,0,995,9.8,998,998,998,99.8,99.8,99.8,35.6902655,3,8
29267,27,28,1-27-2023-028-03,3,2,3ALACWD22MDM,17,450,2499,11,0,82,898,2021,62,8,60,0,1,F,9,,,,,,,2,56,0,7,7,887,6,8,8,99998,8,8,0,4,2,1,2,1,1,1,1,2,0,0,4,1,0,0,0,8,0,3,54,0,0,0,3,G,52,,,,,,,,,,,,,,,,,,,,,,,,,,,95,95,95,95,95,,,9.8,998,998,998,99.8,99.8,99.8,35.6902655,3,8
29269,22,24,1-22-2023-024-01,1,1,JT2BG22K0X03,17,448,2469,13,0,49,40,1999,4,1,3,0,1,F,3,1360,5,9999,9,1,12,2,72,1,8,0,995,0,7,0,98106,1,2,0,4,2,1,2,3,3,2,1,4,2,3,2,1,0,0,9,1,14,2,10,99,2,4,3,G,50,0,0,0,0,0,0,0,0,0,0,110,310,0,0,0,1,3,75,-73,-13,276839,998,-36,69,0,4,9,97,1,1,1,0,995,9.8,998,998,998,99.8,99.8,99.8,42.48962388,12,8
29269,22,24,1-22-2023-024-01,1,2,2CNFLEEC8B64,17,467,1847,7,0,20,404,2011,14,3,14,0,1,F,3,1782,5,0,1,4,31,2,72,1,8,1,0,2,9,9,83501,1,2,0,4,2,1,2,3,2,4,1,4,2,3,2,1,0,0,9,1,14,4,62,4,2,4,3,G,51,0,0,0,0,0,0,0,0,0,0,310,110,0,0,0,1,3,52,-51,9,263498,998,-12,57,0,4,4,21,2,2,3,0,995,9.8,998,998,998,99.8,99.8,99.8,42.48962388,12,8
29270,29,15,1-29-2023-015-01,1,1,1HGCM56126A0,17,474,1861,13,0,37,32,2006,4,1,3,0,1,F,3,1440,5,0,1,1,10,2,32,1,8,1,0,3,7,1,02721,1,9,0,4,2,1,2,2,3,1,0,0,0,0,1,1,0,0,9,1,14,2,13,1,9,4,1,A,1,0,0,0,0,0,0,0,0,0,0,998,998,0,1,0,5,10,999,999,999,9999999,999,0,60,5,0,5,38,1,1,1,0,998,0.0,120,50,0,7.1,2.1,7.4,93.96783299,2,8
29271,21,19,1-21-2023-019-06,6,1,1G6AR5SX6F01,17,469,1825,13,0,19,18,2015,4,1,5,0,1,F,9,1642,5,9999,9,0,998,2,40,1,8,0,995,0,7,0,99999,9,9,0,4,2,1,2,1,1,1,0,4,0,0,2,1,0,0,9,1,1,1,9,99,2,4,1,B,7,0,0,0,0,0,0,0,0,0,0,998,998,0,0,0,1,0,999,999,999,9999999,999,999,999,9,0,0,0,0,0,0,0,998,4.4,41,18,28,0.0,0.0,0.0,1125.574262,11,8
29273,15,54,1-15-2023-054-07,7,1,JA4AZ3A3XHZ0,17,481,2163,7,0,52,47,2017,6,1,3,0,1,R,9,1475,5,9999,9,0,998,5,40,1,8,9,998,8,7,9,10451,9,9,2,4,2,1,2,1,1,4,0,2,0,0,1,8,2,2,9,0,11,2,15,99,9,1,4,K,76,0,0,0,0,0,0,0,0,0,0,245,185,0,0,0,1,0,999,999,999,9999999,999,999,999,9,0,95,95,95,95,95,0,995,9.8,998,998,998,99.8,99.8,99.8,208.2012416,1,8
29273,15,54,1-15-2023-054-07,7,2,3N1AB7APXHY2,17,478,1907,13,0,35,43,2017,4,1,3,0,1,F,1,1300,5,9999,9,6,40,2,48,1,8,9,998,8,7,9,11581,9,9,2,4,2,1,2,1,1,1,1,2,0,0,1,8,0,0,9,0,1,4,65,99,9,1,4,K,77,0,0,0,0,0,0,0,0,0,0,185,245,0,0,0,1,12,999,999,999,9999999,999,999,999,2,0,99,99,0,0,0,0,995,9.8,998,998,998,99.8,99.8,99.8,208.2012416,1,8
29274,76,23,1-76-2023-023-10,10,1,2T2BK1BAXBC0,17,515,2214,7,0,59,403,2011,14,3,14,0,1,R,9,1970,5,0,2,4,99,2,89,1,8,0,995,0,7,0,12051,2,2,0,4,2,1,2,3,3,1,1,2,1,0,1,4,0,0,1,1,14,1,6,7,4,4,1,B,7,1,4,1,2,1,4,61,1,1,10,998,998,0,0,7,1,12,999,999,999,9999999,999,999,999,9,0,1,1,0,1,0,3,998,0.6,999,999,999,15.3,2.0,15.4,881.5940933,3,8
29275,76,24,1-76-2023-024-07,7,1,2FMTK4J96FBB,17,460,1797,7,0,12,24,2015,6,1,4,0,1,F,1,1841,5,9999,9,4,112,2,89,1,8,9,998,8,7,9,12413,9,9,0,4,2,1,2,1,2,1,1,2,0,0,5,8,0,0,9,0,14,6,87,99,1,1,1,C,13,0,0,0,0,0,0,0,0,0,0,998,998,0,0,0,1,12,999,999,999,9999999,999,999,999,6,0,0,0,0,0,0,0,998,9.8,998,998,998,99.8,99.8,99.8,277.4498499,3,8
29276,26,43,1-26-2023-043-10,10,1,5FNRL18973B0,17,474,1869,2,0,37,441,2003,20,4,20,0,1,F,2,1955,5,0,1,1,38,2,72,1,0,0,995,0,0,0,95819,1,9,3,1,2,1,2,1,1,1,1,3,0,0,1,1,0,0,3,1,1,2,13,1,2,4,1,A,1,0,0,0,0,0,0,0,0,0,0,998,998,0,0,2,1,10,999,999,999,9999999,999,37,36,3,0,0,0,0,0,0,0,998,1.6,30,30,999,14.5,2.1,14.6,4789.401686,10,8
29277,10,52,1-10-2023-052-03,3,1,1C6SRFHT8KN7,17,496,13620,60,0,7,482,2019,34,5,31,0,1,F,2,2327,5,0,1,1,3,2,40,1,0,0,995,0,0,0,45322,2,2,0,4,2,1,2,1,2,2,0,0,0,0,3,1,0,0,1,1,14,2,12,4,1,4,1,B,6,0,0,0,0,0,0,0,0,0,0,998,998,0,0,0,1,1,30,-30,0,85765,998,0,30,0,4,0,0,0,0,3,0,998,0.0,999,999,999,0.8,0.5,0.7,56.57060213,4,8
29278,20,34,1-20-2023-034-03,3,1,JTKJF5C71F30,17,448,2207,5,0,67,32,2015,3,1,3,0,1,F,9,1377,5,9999,9,0,998,5,105,1,0,0,995,0,0,0,93960,9,9,0,2,2,2,2,2,1,9,3,2,1,3,4,2,0,0,1,0,1,3,52,2,1,1,2,D,28,0,0,0,0,0,0,0,0,0,0,300,300,0,0,0,1,0,999,999,999,9999999,999,999,999,9,0,95,95,95,95,95,0,995,9.8,998,998,998,99.8,99.8,99.8,121.0210046,11,8
29278,20,34,1-20-2023-034-03,3,2,3VWC57BU1MM0,17,482,3137,13,0,30,40,2021,4,1,3,0,1,B,1,1350,5,9999,9,4,41,2,105,1,0,0,995,0,0,0,95076,9,1,0,2,2,2,2,2,1,9,3,2,1,3,4,2,0,0,1,0,2,3,53,99,1,1,2,D,29,0,0,0,0,0,0,0,0,0,0,300,300,0,0,0,1,12,999,999,999,9999999,999,999,999,6,0,99,99,0,0,8,0,995,9.8,998,998,998,99.8,99.8,99.8,121.0210046,11,8
29279,33,19,1-33-2023-019-05,5,1,1FM5K7D86JGA,17,460,1800,7,0,12,401,2018,14,3,14,0,1,T,3,2067,5,0,1,1,19,2,80,1,1,8,997,8,0,0,95948,1,9,2,4,2,1,2,1,1,1,1,2,0,0,2,1,0,0,9,1,1,2,12,99,2,4,1,B,6,1,6,2,4,1,3,61,1,1,22,997,997,0,1,0,5,6,999,999,999,9999999,999,999,999,8,0,3,10,1,2,6,3,997,1.3,90,90,120,14.7,4.3,15.5,26.90220206,12,8
29282,18,23,1-18-2023-023-04,4,1,3C6LRVNG9ME5,17,496,13627,95,0,7,463,2021,21,4,21,0,1,F,2,2110,4,318,2,1,20,2,89,1,0,0,995,0,0,0,54729,1,2,3,4,2,1,2,1,3,1,1,2,0,0,1,8,0,0,1,0,14,4,72,1,1,1,4,K,83,0,0,0,0,0,0,0,0,0,0,75,335,0,0,0,1,1,28,-28,-5,39084,998,-41,19,0,4,1,1,0,1,6,0,995,9.8,998,998,998,99.8,99.8,99.8,74.63269286,6,8
29282,18,23,1-18-2023-023-04,4,2,KNAGM4A71B51,17,499,2739,13,0,63,34,2011,4,1,4,0,1,L,3,1454,5,0,1,5,21,2,89,1,0,1,0,2,0,0,54729,1,9,3,4,2,1,4,1,1,2,0,0,0,0,1,8,0,0,9,0,11,2,15,99,1,1,4,K,82,0,0,0,0,0,0,0,0,0,0,335,75,0,0,0,1,1,47,-16,44,186847,998,-45,54,0,4,2,6,0,1,4,0,995,9.8,998,998,998,99.8,99.8,99.8,74.63269286,6,8
29283,27,29,1-27-2023-029-10,10,1,JF1SG63677G7,17,523,2234,7,0,48,401,2007,14,3,14,0,1,R,9,1425,5,0,2,6,100,2,64,1,8,0,995,0,7,0,12037,1,2,0,4,2,1,2,3,2,4,1,2,0,0,1,4,0,0,1,1,14,1,6,5,3,4,1,B,7,0,0,0,0,0,0,0,0,0,0,998,998,0,1,0,1,12,999,999,999,9999999,999,999,999,9,0,0,0,0,0,0,0,998,0.4,120,50,40,6.3,1.7,6.6,778.937211,3,8
29284,23,36,1-23-2023-036-03,3,1,1C6RD7NT6CS1,17,476,1938,60,0,7,482,2012,34,5,31,0,1,F,2,2404,5,9999,9,4,40,2,97,1,0,0,995,0,0,0,43015,1,9,0,1,2,2,2,1,1,1,3,2,0,0,1,1,0,0,9,0,1,3,51,99,1,1,2,D,24,0,0,0,0,0,0,0,0,0,0,110,110,0,0,0,1,12,999,999,999,9999999,999,999,999,7,0,1,1,0,1,5,0,995,9.8,998,998,998,99.8,99.8,99.8,87.83525265,5,8
29284,23,36,1-23-2023-036-03,3,2,JTNC4MBE0M31,17,448,2208,5,0,49,32,2021,5,1,2,0,1,B,9,1388,5,9999,9,0,998,2,97,1,0,0,995,0,0,0,43015,1,2,0,1,2,2,2,1,1,1,1,3,0,0,1,1,0,0,9,0,1,3,53,99,1,1,2,D,25,0,0,0,0,0,0,0,0,0,0,110,110,0,0,0,1,0,999,999,999,9999999,999,999,999,9,0,4,17,1,1,4,0,995,9.8,998,998,998,99.8,99.8,99.8,87.83525265,5,8
29285,23,37,1-23-2023-037-10,10,1,2MEFM75W81X7,17,465,1792,13,0,14,6,2001,4,1,5,0,1,F,9,1795,5,9999,9,0,998,2,72,1,0,0,995,0,0,0,43074,9,9,0,4,2,1,2,1,3,1,1,2,0,0,2,1,0,0,1,1,14,2,13,99,9,4,1,A,1,0,0,0,0,0,0,0,0,0,0,998,998,0,0,8,1,0,999,999,999,9999999,999,999,999,9,0,0,0,0,0,0,0,998,0.6,999,999,999,10.7,1.8,10.6,2295.52021,5,8
29286,23,38,1-23-2023-038-04,4,1,19XFC2F78JE0,17,474,1863,13,0,37,31,2018,4,1,3,0,1,L,9,1324,5,9999,9,0,998,5,72,1,0,0,995,0,0,0,43035,9,9,0,1,2,1,2,1,1,1,1,3,0,0,1,8,0,0,9,1,15,2,10,99,1,2,2,F,47,0,0,0,0,0,0,0,0,0,0,165,195,0,0,0,1,0,999,999,999,9999999,999,999,999,9,0,95,95,95,95,95,0,995,9.8,998,998,998,99.8,99.8,99.8,288.8373529,5,8