CASEID,PSU,CASENO,CASENUMBER,CATEGORY,VEHNO,VIN,VINLENGTH,VPICMAKE,VPICMODEL,VPICBODYCLASS,ICFINALBODY,MAKE,MODEL,MODELYR,BODYTYPE,BODYCAT,VEHCLASS,SPECUSE,TRANSTAT,DAMPLANE,DAMSEV,CURBWT,CURBSRC,CARGOWT,CARGOSRC,INSPTYPE,INSPLAG,TOWED,SPEEDLIMIT,DRPRESENT,PARALCOHOL,ALCTEST,ALCTESTRESULT,ALCTESTSRC,PARDRUG,DRUGTEST,ZIP,RACE,ETHNICITY,RELTOJUNCT,TRAFFLOW,RDLANES,INITLANE,SURFTYPE,SURFCOND,ALIGNMENT,PROFILE,LINERIGHT,LINELEFT,RUMBINIT,RUMBROAD,LIGHTCOND,WEATHER,TRAFDEV,TRAFFUNCT,DISTRACT,PREFHE,PREMOVE,CRITCAT,CRITEVENT,MANEUVER,PRESTAB,PRELOC,CRASHCAT,CRASHCONF,CRASHTYPE,ROLLTYPE,ROLLTURN,ROLLINTRPT,ROLLPREMAN,ROLLINITYP,ROLLINLOC,ROLLOBJ,ROLLTRIP,ROLLDIR,ROLLDIST,DVANGTHIS,DVANGOTH,TOWHITCH,TRAJDOC,TREEPOLE,DVEVENT,DVBASIS,DVTOTAL,DVLONG,DVLAT,DVENERGY,DVSPEED,DVMOMENT,DVBES,DVEST,DVCONF,VAIS,VISS,VINJSEV,VINJURED,VTREAT,INITOBJCLASS,HEADANGLECAT,SHLDRWIDTH,STRKLENGTH,STRKWIDTH,STRKHEIGHT,EDGEDISTX,EDGEDISTY,EDGEDISTZ,CASEWGT,PSUSTRAT,VERSION
29320,16,33,1-16-2023-033-06,6,1,1GNKRHKD3EJ3,17,467,1853,7,0,20,423,2014,15,3,15,0,1,F,1,2107,5,0,1,1,21,2,56,1,0,0,995,0,0,0,45239,9,9,0,4,2,1,2,2,3,1,0,2,0,0,1,2,0,0,1,1,14,2,13,2,1,4,1,A,1,0,0,0,0,0,0,0,0,0,0,998,998,0,0,1,1,8,999,999,999,9999999,999,999,999,6,0,9,97,0,1,99,0,998,0.0,39,39,88,2.5,0.3,2.6,498.7251095,5,8
29321,28,22,1-28-2023-022-03,3,1,2T3G1RFV8PW3,17,448,2217,7,0,49,402,2023,14,3,14,0,1,T,2,1583,5,0,1,1,12,2,48,1,0,0,995,0,0,0,16701,1,2,0,4,2,1,2,5,3,4,1,2,0,0,1,1,6,2,1,1,14,1,5,3,2,4,1,A,2,1,2,2,2,2,4,31,4,1,10,997,997,0,0,0,2,6,999,999,999,9999999,999,999,999,7,0,0,0,0,0,0,2,997,0.5,120,120,-68,22.6,2.6,23.9,52.38392337,3,8
29322,28,23,1-28-2023-023-05,5,1,1D7HE48K76S5,17,476,1941,60,0,7,472,2006,34,5,31,0,1,F,3,1979,5,46,1,4,15,2,89,1,1,1,240,1,0,0,16914,9,9,0,4,2,1,2,1,2,1,1,2,0,0,2,1,6,2,0,1,14,2,10,99,2,2,3,G,50,1,4,2,5,1,1,61,1,2,21,125,295,0,0,0,1,3,55,-55,10,319508,998,43,61,0,4,1,1,0,1,0,3,995,9.8,998,998,998,99.8,99.8,99.8,43.87200475,3,8
29322,28,23,1-28-2023-023-05,5,2,3GNCJPSB8HL1,17,467,10988,7,0,20,406,2017,14,3,14,0,1,F,3,1476,5,0,1,1,13,2,89,1,0,1,0,2,0,2,16933,1,9,0,4,2,1,2,1,3,1,1,2,0,0,2,1,6,2,1,0,14,4,62,2,1,1,3,G,51,1,4,2,5,7,1,1,3,1,21,295,125,0,0,0,1,3,75,-75,0,285563,998,0,69,0,4,2,5,0,1,3,1,995,9.8,998,998,998,99.8,99.8,99.8,43.87200475,3,8
29323,66,26,1-66-2023-026-03,3,1,1LNHM82V76Y6,17,464,1791,13,0,13,1,2006,4,1,5,99,1,F,1,1971,5,9999,9,0,998,5,56,1,0,0,995,0,7,0,64873,9,9,1,1,3,1,1,1,3,1,1,1,0,0,1,8,1,2,9,0,14,4,62,99,1,1,4,J,69,0,0,0,0,0,0,0,0,0,0,310,60,0,0,0,1,3,5,-5,-1,2342,998,-43,5,0,4,95,95,95,95,95,0,995,9.8,998,998,998,99.8,99.8,99.8,108.3632822,6,8
29323,66,26,1-66-2023-026-03,3,2,5NPEH4J27LH0,17,498,2459,13,0,55,33,2020,4,1,4,0,1,R,1,1527,5,0,1,1,30,2,56,1,0,0,995,0,7,0,65712,1,2,1,1,4,2,1,1,1,1,1,2,0,0,1,8,1,2,1,0,11,2,15,1,1,1,4,J,68,0,0,0,0,0,0,0,0,0,0,60,310,0,0,0,1,3,6,-1,-5,5846,998,225,5,0,4,1,1,0,1,0,0,995,9.8,998,998,998,99.8,99.8,99.8,108.3632822,6,8
29324,66,27,1-66-2023-027-04,4,1,1XPXD49X6ND8,17,495,2794,66,0,87,881,2022,66,8,68,0,1,L,9,,,,,,,5,56,1,0,0,995,0,7,0,38473,9,9,2,5,5,3,2,1,1,1,4,4,0,0,1,8,0,0,9,1,11,2,15,99,1,2,4,K,84,,,,,,,,,,,,,,,,,,,,,,,,,,,95,95,95,95,95,,,9.8,998,998,998,99.8,99.8,99.8,357.8284146,6,8
29324,66,27,1-66-2023-027-04,4,2,KL4CJASB2KB8,17,468,1842,7,0,18,404,2019,14,3,14,0,1,F,3,1468,5,0,1,1,15,2,40,1,0,0,995,0,7,0,65712,9,9,2,4,2,1,2,1,1,1,0,0,0,0,1,8,2,2,9,0,5,4,67,1,1,1,4,K,84,0,0,0,0,0,0,0,0,0,0,325,155,0,0,0,1,5,999,999,999,9999999,999,999,999,8,0,99,99,0,0,99,0,995,9.8,998,998,998,99.8,99.8,99.8,357.8284146,6,8
29325,25,42,1-25-2023-042-04,4,1,1V2NR2CA0KC5,17,482,17618,7,0,30,403,2019,14,3,14,0,1,F,1,2042,5,0,1,1,9,2,48,1,0,0,995,0,0,0,04074,1,2,1,3,1,1,2,1,2,4,1,2,0,0,1,1,3,2,2,0,16,3,50,4,2,1,2,D,20,0,0,0,0,0,0,0,0,0,0,150,155,0,0,0,1,3,17,-17,0,15175,998,58,13,0,4,0,0,0,0,0,0,995,9.8,998,998,998,99.8,99.8,99.8,347.4528203,2,8
29325,25,42,1-25-2023-042-04,4,2,1FAFP34N67W2,17,460,1779,13,0,12,37,2007,4,1,2,0,1,B,2,1196,5,9999,9,0,998,5,48,1,0,0,995,0,0,0,04068,9,9,1,3,1,1,2,1,2,4,1,2,0,0,1,1,3,2,1,0,5,3,53,99,1,1,2,D,21,0,0,0,0,0,0,0,0,0,0,155,150,0,0,0,1,3,31,31,0,57331,998,0,35,0,4,95,95,95,95,95,0,995,9.8,998,998,998,99.8,99.8,99.8,347.4528203,2,8
29326,25,43,1-25-2023-043-03,3,1,1N4BL4CW6LC1,17,478,1904,13,0,35,47,2020,4,1,4,0,1,F,2,1545,5,0,1,1,25,2,48,1,8,0,995,0,7,0,04048,9,9,3,4,2,1,2,1,1,2,1,2,0,0,1,1,0,0,9,0,1,3,52,2,1,1,2,D,28,0,0,0,0,0,0,0,0,0,0,300,295,0,0,0,1,1,31,-31,0,68868,998,-3,33,0,1,1,1,0,1,4,0,995,9.8,998,998,998,99.8,99.8,99.8,100.2241656,2,8
29326,25,43,1-25-2023-043-03,3,2,1FADP3F20EL3,17,460,1779,13,0,12,37,2014,4,1,3,0,1,B,2,1340,5,0,1,1,21,2,48,1,8,0,995,0,7,0,04038,9,9,3,4,2,1,2,1,1,2,1,2,0,0,1,1,0,0,1,0,2,3,53,1,1,1,2,D,29,0,0,0,0,0,0,0,0,0,0,295,300,0,0,0,1,1,34,34,0,57470,998,-13,31,0,1,9,97,0,1,99,0,995,9.8,998,998,998,99.8,99.8,99.8,100.2241656,2,8
29327,25,44,1-25-2023-044-03,3,1,4T4BE46K99R0,17,448,2469,13,0,49,40,2009,4,1,4,0,1,F,1,1500,5,9999,9,0,998,5,48,1,0,0,995,0,0,0,04276,9,9,2,1,2,1,2,1,1,9,1,3,0,0,1,1,1,2,3,0,1,3,50,99,1,1,2,D,20,0,0,0,0,0,0,0,0,0,0,300,300,0,0,0,1,3,16,-16,0,13653,998,0,15,0,4,95,95,95,95,95,0,995,9.8,998,998,998,99.8,99.8,99.8,100.2241656,2,8
29327,25,44,1-25-2023-044-03,3,2,5NPLM4AG9MH0,17,498,2735,13,0,55,35,2021,4,1,3,0,1,B,1,1236,5,0,1,1,6,2,48,1,0,0,995,0,0,0,04276,1,2,2,1,2,1,2,1,1,9,1,3,0,0,1,1,1,2,1,0,5,3,53,1,1,1,2,D,21,0,0,0,0,0,0,0,0,0,0,300,300,0,0,0,1,3,17,17,0,18112,998,0,18,0,4,1,1,0,1,5,0,995,9.8,998,998,998,99.8,99.8,99.8,100.2241656,2,8
29327,25,44,1-25-2023-044-03,3,3,3FTTW8E92NRA,17,460,28967,60,0,12,498,2022,34,5,30,0,1,B,9,1616,5,9999,9,0,998,5,48,1,0,0,995,0,7,0,04103,9,9,2,1,2,1,2,1,1,9,1,3,0,0,1,1,1,2,1,0,5,3,53,99,1,1,6,M,98,0,0,0,0,0,0,0,0,0,0,300,300,0,0,0,2,0,999,999,999,9999999,999,999,999,9,0,95,95,95,95,95,0,995,9.8,998,998,998,99.8,99.8,99.8,100.2241656,2,8
29328,25,45,1-25-2023-045-05,5,1,2HGES16385H5,17,474,1863,13,0,37,31,2005,4,1,2,0,1,F,2,1117,5,0,1,1,3,2,40,1,8,1,0,2,7,1,04037,9,9,0,4,2,1,2,1,2,4,1,2,0,0,1,1,0,0,3,1,14,2,10,99,1,2,3,G,50,0,0,0,0,0,0,0,0,0,0,120,310,0,0,0,1,12,999,999,999,9999999,999,999,999,7,0,1,1,0,1,4,0,995,9.8,998,998,998,99.8,99.8,99.8,39.67447201,2,8
29328,25,45,1-25-2023-045-05,5,2,2GNALAEK0F11,17,467,1847,7,0,20,404,2015,14,3,14,0,1,F,2,1706,5,0,1,1,3,2,40,1,8,1,0,2,7,0,04071,9,9,0,4,2,1,2,1,3,2,1,2,0,0,1,1,0,0,1,0,14,4,62,2,1,1,3,G,51,0,0,0,0,0,0,0,0,0,0,310,120,0,0,0,1,12,999,999,999,9999999,999,999,999,7,0,0,0,0,0,4,0,995,9.8,998,998,998,99.8,99.8,99.8,39.67447201,2,8
29329,10,53,1-10-2023-053-05,5,1,5NPD84LF0HH1,17,498,2735,13,0,55,35,2017,4,1,3,0,1,F,9,1275,5,9999,9,0,998,5,999,1,0,0,995,0,0,0,45501,9,9,0,2,4,1,2,1,1,1,1,3,0,0,1,1,0,0,1,0,1,3,52,3,1,1,2,D,28,0,0,0,0,0,0,0,0,0,0,180,170,0,0,0,1,0,999,999,999,9999999,999,999,999,9,0,95,95,95,95,95,0,995,9.8,998,998,998,99.8,99.8,99.8,26.98349798,4,8
29329,10,53,1-10-2023-053-05,5,2,5FNRL6H57KB0,17,474,1869,2,0,37,441,2019,20,4,20,0,1,B,9,2004,5,9999,9,0,998,5,999,1,0,0,995,0,0,0,45322,9,9,0,2,4,1,2,1,1,1,1,3,0,0,1,1,0,0,1,0,1,3,53,99,1,1,2,D,29,0,0,0,0,0,0,0,0,0,0,170,180,0,0,0,1,0,999,999,999,9999999,999,999,999,9,0,95,95,95,95,95,0,995,9.8,998,998,998,99.8,99.8,99.8,26.98349798,4,8
29329,10,53,1-10-2023-053-05,5,3,1GNEK13Z22R2,17,467,1852,7,0,20,421,2002,15,3,15,0,1,R,9,2211,5,9999,9,0,998,2,999,1,0,0,995,0,0,0,45324,9,9,0,2,4,2,2,1,1,1,3,3,0,0,1,1,0,0,1,0,1,4,61,99,1,1,6,M,98,0,0,0,0,0,0,0,0,0,0,180,170,0,0,0,3,0,999,999,999,9999999,999,999,999,9,0,0,0,0,0,0,0,995,9.8,998,998,998,99.8,99.8,99.8,26.98349798,4,8
29329,10,53,1-10-2023-053-05,5,4,5FNRL5H63FB0,17,474,1869,2,0,37,441,2015,20,4,20,0,1,B,9,2067,5,9999,9,0,998,5,999,1,0,0,995,0,0,0,45377,9,9,0,2,4,1,2,1,1,1,1,3,0,0,1,1,0,0,1,0,1,3,53,99,1,1,6,M,98,0,0,0,0,0,0,0,0,0,0,180,180,0,0,0,2,0,999,999,999,9999999,999,999,999,9,0,95,95,95,95,95,0,995,9.8,998,998,998,99.8,99.8,99.8,26.98349798,4,8
29329,10,53,1-10-2023-053-05,5,5,2T2BZMCA2HC0,17,515,2214,7,0,59,403,2017,14,3,14,0,1,T,1,2020,5,0,1,1,16,2,999,1,0,0,995,0,0,0,45415,2,2,0,2,4,3,2,1,1,9,3,3,0,0,1,1,0,0,1,0,1,4,61,99,1,1,6,M,98,1,2,2,5,1,1,61,1,2,14,997,997,0,0,0,5,6,999,999,999,9999999,999,999,999,6,0,0,0,0,0,4,3,997,9.8,998,998,998,99.8,99.8,99.8,26.98349798,4,8
29330,10,54,1-10-2023-054-03,3,1,1G1BE5SM4H71,17,467,1832,13,0,20,25,2017,4,1,3,0,1,R,1,1250,5,0,1,1,7,2,56,1,8,0,995,0,7,0,99999,9,9,2,4,3,1,2,2,1,1,0,1,0,0,3,2,1,2,9,0,1,2,17,1,1,1,5,L,87,0,0,0,0,0,0,0,0,0,0,290,200,0,0,0,1,1,16,-8,-14,11846,998,-49,14,0,1,1,1,0,1,4,0,995,9.8,998,998,998,99.8,99.8,99.8,120.9850287,4,8
29330,10,54,1-10-2023-054-03,3,2,2HKRW6H33KH2,17,474,1865,7,0,37,402,2019,14,3,14,0,1,F,1,1502,5,0,1,1,14,2,56,1,0,0,995,0,0,0,45420,9,9,2,4,5,2,2,2,1,1,1,1,0,0,3,2,1,2,1,0,1,4,66,4,1,1,5,L,86,0,0,0,0,0,0,0,0,0,0,200,290,0,0,0,1,1,13,-12,7,19586,998,90,15,0,1,9,97,0,2,5,0,995,9.8,998,998,998,99.8,99.8,99.8,120.9850287,4,8
29330,10,54,1-10-2023-054-03,3,3,JTMBD33V1751,17,448,2217,7,0,49,402,2007,14,3,14,0,1,F,1,1562,5,0,1,1,7,2,56,1,0,0,995,0,0,0,45432,9,9,2,4,3,1,2,2,1,1,0,1,0,0,3,2,1,2,1,0,5,4,66,1,1,1,6,M,98,0,0,0,0,0,0,0,0,0,0,110,250,0,0,0,3,12,999,999,999,9999999,999,999,999,6,0,0,0,0,0,0,0,995,9.8,998,998,998,99.8,99.8,99.8,120.9850287,4,8
29330,10,54,1-10-2023-054-03,3,4,2C4GP44352R6,17,477,1936,2,0,6,441,2002,20,4,20,0,2,R,9,1977,5,9999,9,0,998,,,,,,,,,,,,,,,,,,,,,,,,,,,,,,,,,,,,,,,,,,,,,,,,,,,,,,,,,,,,,,,,,,95,95,95,95,95,,,,,,,,,,120.9850287,4,8
29331,10,55,1-10-2023-055-04,4,1,3N1AB8CV3NY2,17,478,1907,13,0,35,43,2022,4,1,3,0,1,F,2,1385,5,0,1,1,7,2,64,1,0,0,995,0,0,0,45405,9,9,2,4,5,1,2,2,1,1,1,3,0,0,1,2,1,2,1,0,1,2,17,4,1,1,4,J,69,0,0,0,0,0,0,0,0,0,0,0,110,0,0,0,1,3,30,-29,5,31473,998,24,23,0,4,0,0,0,0,0,0,995,9.8,998,998,998,99.8,99.8,99.8,478.8064854,4,8
29331,10,55,1-10-2023-055-04,4,2,2G1WK1514693,17,467,4773,3,0,20,36,2006,2,1,4,0,1,R,2,1530,5,9999,9,0,998,2,64,1,0,0,995,0,0,0,45327,9,9,2,4,5,3,2,2,1,1,1,2,0,0,1,2,1,2,1,0,11,4,63,99,1,1,4,J,68,0,0,0,0,0,0,0,0,0,0,110,0,0,0,0,1,3,27,-14,-23,77838,998,78,31,0,4,0,0,0,0,0,0,995,9.8,998,998,998,99.8,99.8,99.8,478.8064854,4,8
29331,10,55,1-10-2023-055-04,4,3,KNMAT2MV3GP6,17,478,1913,8,0,35,51,2016,6,1,4,0,1,F,9,1787,5,9999,9,0,998,5,40,1,0,0,995,0,0,0,45449,9,9,2,4,3,2,2,2,1,1,1,2,0,0,1,2,0,0,1,0,5,4,62,1,1,1,6,M,98,0,0,0,0,0,0,0,0,0,0,270,999,0,0,0,2,0,999,999,999,9999999,999,999,999,9,0,95,95,95,95,95,0,995,9.8,998,998,998,99.8,99.8,99.8,478.8064854,4,8
29332,10,56,1-10-2023-056-03,3,1,2C4RC1DG7MR5,17,477,15131,2,0,6,444,2021,20,4,20,0,1,L,1,1964,5,0,1,1,4,2,40,1,0,1,274,2,0,0,45410,9,9,0,4,2,1,2,1,1,1,0,0,0,0,1,8,0,0,1,1,1,2,10,4,1,2,3,I,64,0,0,0,0,0,0,0,0,0,0,195,10,0,0,0,1,3,9,-9,2,11066,998,-84,10,0,4,2,5,0,2,4,0,995,9.8,998,998,998,99.8,99.8,99.8,120.9850287,4,8
29332,10,56,1-10-2023-056-03,3,2,1GNFC16J07R3,17,467,1851,7,0,20,422,2007,15,3,15,0,1,F,1,2543,5,9999,9,0,998,2,40,1,0,0,995,0,0,0,45406,9,9,0,4,2,1,2,1,1,1,0,0,0,0,1,8,0,0,1,0,1,4,62,1,1,1,3,I,65,0,0,0,0,0,0,0,0,0,0,10,195,0,0,0,1,3,8,-8,0,4368,998,0,7,0,4,0,0,0,0,0,0,995,9.8,998,998,998,99.8,99.8,99.8,120.9850287,4,8
29333,13,41,1-13-2023-041-07,7,1,1FM5K8GT4EGC,17,460,1800,7,0,12,401,2014,14,3,14,0,1,R,9,2146,5,9999,9,0,998,2,64,1,8,0,995,0,7,0,76110,9,1,0,3,2,2,1,2,1,3,3,2,0,0,1,2,0,0,9,1,15,2,11,99,1,2,2,F,46,0,0,0,0,0,0,0,0,0,0,180,170,0,0,0,1,0,999,999,999,9999999,999,999,999,9,0,0,0,0,0,0,0,995,9.8,998,998,998,99.8,99.8,99.8,999.6131929,7,8
29333,13,41,1-13-2023-041-07,7,2,1G6DP1E33C01,17,469,1825,3,0,19,18,2012,2,1,4,0,1,L,1,1773,5,9999,9,4,43,2,64,1,8,0,995,0,7,0,76504,2,2,0,3,2,1,1,2,1,3,1,3,0,0,1,2,0,0,9,0,1,4,60,99,1,1,2,F,45,0,0,0,0,0,0,0,0,0,0,170,180,0,0,0,1,12,999,999,999,9999999,999,999,999,6,0,1,2,0,1,4,0,995,9.8,998,998,998,99.8,99.8,99.8,999.6131929,7,8
29334,13,42,1-13-2023-042-07,7,1,JTHBP1BL2GA0,17,515,2180,13,0,59,34,2016,4,1,4,0,1,F,1,1830,8,0,1,1,14,2,48,1,8,0,995,0,7,0,76018,3,9,0,1,2,1,1,1,3,1,1,3,0,0,3,1,0,0,9,1,14,1,6,3,4,4,1,A,2,0,0,0,0,0,0,0,0,0,0,998,998,0,0,2,2,10,999,999,999,9999999,999,-65,15,2,0,0,0,0,0,0,0,998,3.4,999,999,999,0.0,0.0,0.0,999.6131929,7,8
29335,13,43,1-13-2023-043-09,9,1,1GNDS13S5821,17,467,4548,7,0,20,403,2008,14,3,14,0,1,F,1,1976,8,9999,9,0,998,2,64,1,8,0,995,0,7,0,76021,1,9,2,1,3,2,1,1,2,1,3,1,0,0,1,1,1,2,3,0,14,2,17,99,1,1,5,L,86,0,0,0,0,0,0,0,0,0,0,180,270,0,0,0,1,3,14,-13,5,17746,998,76,13,0,4,0,0,0,0,0,0,995,9.8,998,998,998,99.8,99.8,99.8,708.4835266,7,8
29335,13,43,1-13-2023-043-09,9,2,JH4CL96808C0,17,475,1874,13,0,54,39,2008,4,1,3,0,1,R,1,1488,5,0,1,1,18,2,64,1,8,0,995,0,7,0,76040,9,1,2,1,3,1,1,1,1,1,0,3,0,0,1,1,1,2,9,0,1,4,66,99,1,1,5,L,87,0,0,0,0,0,0,0,0,0,0,270,180,0,0,0,1,3,18,-6,-17,46941,998,157,18,0,1,9,97,0,2,99,0,995,9.8,998,998,998,99.8,99.8,99.8,708.4835266,7,8
29336,13,44,1-13-2023-044-03,3,1,JTDBT9238710,17,448,2464,13,0,49,51,2007,4,1,2,0,1,F,3,1050,5,0,1,1,17,2,72,1,0,0,995,0,0,0,76244,1,2,1,2,3,3,1,1,1,2,1,2,0,0,3,1,1,2,9,0,11,2,15,99,1,1,4,K,82,0,0,0,0,0,0,0,0,0,0,110,195,0,0,0,1,3,52,-34,40,80356,998,132,30,0,4,0,0,0,0,5,0,995,9.8,998,998,998,99.8,99.8,99.8,117.5791031,7,8
29336,13,44,1-13-2023-044-03,3,2,1FTFW1ED1PFA,17,460,1801,60,0,12,481,2023,34,5,31,0,1,R,2,2266,5,0,1,1,10,2,72,1,0,0,995,0,0,0,76092,1,2,1,2,4,3,1,1,3,3,3,1,0,0,3,1,1,2,1,0,14,4,67,7,1,1,4,K,83,0,0,0,0,0,0,0,0,0,0,195,110,0,0,0,1,3,25,-19,-16,215658,998,35,48,0,4,1,1,0,1,4,0,995,9.8,998,998,998,99.8,99.8,99.8,117.5791031,7,8
29337,73,36,1-73-2023-036-07,7,1,2C3CDZBT1FH9,17,476,1893,3,0,7,28,2015,2,1,5,0,1,F,1,1852,5,0,1,3,23,2,89,1,8,0,995,0,7,0,04942,9,9,0,4,2,1,2,1,1,1,4,1,0,0,2,1,0,0,1,0,1,6,87,99,1,1,1,C,13,0,0,0,0,0,0,0,0,0,0,998,998,0,0,0,1,10,999,999,999,9999999,999,999,999,6,0,0,0,0,0,0,0,998,9.8,998,998,998,99.8,99.8,99.8,52.93105169,3,8
29338,73,37,1-73-2023-037-07,7,1,1C4NJDEBXGD7,17,483,1946,7,0,2,1,2016,6,1,2,0,1,F,1,1521,8,0,1,1,19,2,89,1,8,0,995,0,7,0,04982,9,9,0,4,2,1,2,1,1,1,1,2,0,0,2,1,0,0,1,0,1,6,87,2,1,1,1,C,13,0,0,0,0,0,0,0,0,0,0,998,998,0,0,0,1,10,999,999,999,9999999,999,999,999,6,0,0,0,0,0,0,0,998,9.8,998,998,998,99.8,99.8,99.8,52.93105169,3,8
29339,73,38,1-73-2023-038-10,10,1,JA3AU26U69U0,17,481,2164,13,0,52,46,2009,4,1,2,0,1,R,2,1325,5,0,1,1,8,2,72,1,8,0,995,0,7,0,99999,9,9,0,4,2,1,2,1,1,5,1,2,0,0,2,1,0,0,9,1,1,6,87,8,1,4,1,C,13,0,0,0,0,0,0,0,0,0,0,998,998,0,1,2,2,12,999,999,999,9999999,999,999,999,7,0,99,99,0,0,0,0,998,1.2,999,999,999,9.5,2.8,9.9,111.691451,3,8
29340,73,39,1-73-2023-039-07,7,1,5TDYZ3DC1HS7,17,448,2468,2,0,49,442,2017,20,4,20,0,1,F,1,2010,5,0,1,1,7,2,56,1,8,0,995,0,7,0,94501,9,9,0,4,2,1,2,5,2,4,1,2,0,0,2,3,0,0,1,1,14,1,6,99,2,4,1,B,7,0,0,0,0,0,0,0,0,0,0,998,998,0,0,0,1,1,24,-24,0,52498,998,-57,24,0,1,0,0,0,0,0,0,998,1.6,120,37,82,0.0,0.0,0.0,121.1616187,3,8
29341,18,24,1-18-2023-024-10,10,1,1YVHZ8CH0A5M,17,473,2078,13,0,41,50,2010,4,1,4,0,1,F,1,1486,5,0,1,1,15,2,80,1,0,0,995,0,0,0,54703,1,9,0,1,2,1,1,1,1,1,1,3,2,2,3,1,0,0,9,0,1,6,87,99,1,1,1,C,13,0,0,0,0,0,0,0,0,0,0,998,998,0,0,0,1,10,999,999,999,9999999,999,-12,12,2,0,0,0,0,0,0,0,998,9.8,998,998,998,99.8,99.8,99.8,3438.702878,6,8
29342,18,25,1-18-2023-025-03,3,1,JN8AT3DD5MW3,17,478,1913,7,0,35,404,2021,14,3,14,0,1,F,1,1608,5,0,1,1,37,2,113,1,0,0,995,0,0,0,55428,9,1,0,2,2,1,1,5,1,4,1,3,2,3,1,1,0,0,1,1,1,1,5,98,3,4,1,A,2,0,0,0,0,0,0,0,0,0,0,998,998,0,0,0,1,10,999,999,999,9999999,999,66,16,2,0,1,1,0,2,5,0,998,3.4,999,999,999,0.0,0.0,0.0,160.4470845,6,8
29343,32,38,1-32-2023-038-02,2,1,4T1G11AKXMU4,17,448,2469,13,0,49,40,2021,4,1,4,0,1,F,2,1520,5,9999,9,4,21,2,56,1,0,1,0,2,0,1,75230,1,9,1,1,3,3,1,1,1,2,3,0,0,0,3,1,0,0,9,1,10,2,13,99,1,4,1,A,1,0,0,0,0,0,0,0,0,0,0,998,998,0,0,1,1,12,999,999,999,9999999,999,999,999,3,0,3,22,1,1,3,0,998,0.0,35,35,110,3.2,2.5,3.7,27.95464419,7,8
29344,32,39,1-32-2023-039-09,9,1,1B3LC76M08N6,17,476,1892,13,0,7,26,2008,4,1,3,0,1,F,9,1542,5,9999,9,0,998,2,72,1,0,0,995,0,0,0,99999,9,9,0,1,2,1,2,1,2,1,1,3,0,0,4,1,0,0,9,1,14,2,13,99,1,4,1,A,1,0,0,0,0,0,0,0,0,0,0,998,998,0,0,1,1,0,999,999,999,9999999,999,999,999,9,0,99,99,0,0,99,0,998,3.3,28,28,999,7.2,0.9,7.2,3503.572859,7,8
29345,32,40,1-32-2023-040-04,4,1,4T1BK1EB2GU2,17,448,2465,13,0,49,43,2016,4,1,4,0,1,F,1,1610,5,0,1,1,9,2,72,1,0,0,995,0,0,0,76014,2,9,2,1,3,2,2,1,1,1,3,1,0,0,3,1,1,2,9,0,1,3,50,4,1,1,2,D,20,0,0,0,0,0,0,0,0,0,0,300,300,0,0,0,1,11,999,999,999,9999999,999,999,999,6,0,0,0,0,0,0,0,995,9.8,998,998,998,99.8,99.8,99.8,2355.293965,7,8
29345,32,40,1-32-2023-040-04,4,2,55SWF4JB6GU1,17,449,2085,13,0,42,42,2016,4,1,4,0,1,B,1,1625,5,9999,9,4,36,2,72,1,0,0,995,0,0,0,77498,2,9,2,1,3,2,2,1,1,1,3,1,0,0,3,1,0,0,9,0,5,3,53,1,1,1,2,D,21,0,0,0,0,0,0,0,0,0,0,300,300,0,0,0,1,12,999,999,999,9999999,999,999,999,6,0,0,0,0,0,0,0,995,9.8,998,998,998,99.8,99.8,99.8,2355.293965,7,8
29345,32,40,1-32-2023-040-04,4,3,WAUANCF55KA0,17,582,3787,5,0,32,49,2019,5,1,4,0,1,B,1,1680,5,0,1,1,39,2,72,1,0,0,995,0,0,0,75081,9,1,2,1,3,1,2,1,1,1,3,3,0,0,3,1,0,0,9,0,5,3,53,1,1,1,6,M,98,0,0,0,0,0,0,0,0,0,0,300,300,0,0,0,2,12,999,999,999,9999999,999,999,999,6,0,0,0,0,0,0,0,995,9.8,998,998,998,99.8,99.8,99.8,2355.293965,7,8
29346,32,41,1-32-2023-041-03,3,1,3N1CN7AP9KL8,17,478,1894,13,0,35,50,2019,4,1,2,0,1,F,9,1114,5,0,2,0,998,2,72,1,0,0,995,0,0,0,75232,1,1,2,4,2,1,2,2,3,1,0,4,0,0,1,8,2,2,1,0,14,2,17,2,1,1,5,L,86,0,0,0,0,0,0,0,0,0,0,310,30,0,0,0,1,0,999,999,999,9999999,999,999,999,9,0,1,2,0,1,4,0,995,9.8,998,998,998,99.8,99.8,99.8,607.2538753,7,8
29346,32,41,1-32-2023-041-03,3,2,5NPEB4AC7BH3,17,498,2459,13,0,55,33,2011,4,1,4,0,1,R,9,1454,5,9999,9,0,998,5,72,1,0,0,995,0,0,0,75232,9,9,2,3,2,1,1,2,1,4,1,3,0,0,1,8,0,0,9,0,1,4,66,99,1,1,5,L,87,0,0,0,0,0,0,0,0,0,0,30,310,0,0,0,1,0,999,999,999,9999999,999,999,999,9,0,95,95,95,95,95,0,995,9.8,998,998,998,99.8,99.8,99.8,607.2538753,7,8