CASEID,PSU,CASENO,CASENUMBER,CATEGORY,VEHNO,VIN,VINLENGTH,VPICMAKE,VPICMODEL,VPICBODYCLASS,ICFINALBODY,MAKE,MODEL,MODELYR,BODYTYPE,BODYCAT,VEHCLASS,SPECUSE,TRANSTAT,DAMPLANE,DAMSEV,CURBWT,CURBSRC,CARGOWT,CARGOSRC,INSPTYPE,INSPLAG,TOWED,SPEEDLIMIT,DRPRESENT,PARALCOHOL,ALCTEST,ALCTESTRESULT,ALCTESTSRC,PARDRUG,DRUGTEST,ZIP,RACE,ETHNICITY,RELTOJUNCT,TRAFFLOW,RDLANES,INITLANE,SURFTYPE,SURFCOND,ALIGNMENT,PROFILE,LINERIGHT,LINELEFT,RUMBINIT,RUMBROAD,LIGHTCOND,WEATHER,TRAFDEV,TRAFFUNCT,DISTRACT,PREFHE,PREMOVE,CRITCAT,CRITEVENT,MANEUVER,PRESTAB,PRELOC,CRASHCAT,CRASHCONF,CRASHTYPE,ROLLTYPE,ROLLTURN,ROLLINTRPT,ROLLPREMAN,ROLLINITYP,ROLLINLOC,ROLLOBJ,ROLLTRIP,ROLLDIR,ROLLDIST,DVANGTHIS,DVANGOTH,TOWHITCH,TRAJDOC,TREEPOLE,DVEVENT,DVBASIS,DVTOTAL,DVLONG,DVLAT,DVENERGY,DVSPEED,DVMOMENT,DVBES,DVEST,DVCONF,VAIS,VISS,VINJSEV,VINJURED,VTREAT,INITOBJCLASS,HEADANGLECAT,SHLDRWIDTH,STRKLENGTH,STRKWIDTH,STRKHEIGHT,EDGEDISTX,EDGEDISTY,EDGEDISTZ,CASEWGT,PSUSTRAT,VERSION
29347,12,30,1-12-2023-030-07,7,1,1FMCU0F75EUD,17,460,1798,7,0,12,402,2014,14,3,14,0,1,F,1,1635,5,0,1,1,2,2,56,1,1,1,170,1,0,0,74701,9,9,2,4,3,1,1,1,1,1,0,1,0,0,3,1,1,2,1,0,1,3,50,98,1,1,2,D,20,0,0,0,0,0,0,0,0,0,0,180,175,0,0,0,1,98,999,999,999,9999999,999,999,999,6,0,0,0,0,0,0,0,995,9.8,998,998,998,99.8,99.8,99.8,950.0019222,9,8
29347,12,30,1-12-2023-030-07,7,2,1FTRX17W72NA,17,460,1801,60,0,12,481,2002,34,5,31,0,1,B,9,1917,5,9999,9,0,998,5,56,1,0,0,995,0,0,0,73098,9,9,2,4,3,1,1,1,1,1,0,1,0,0,3,1,1,2,1,0,5,3,53,1,1,1,2,D,21,0,0,0,0,0,0,0,0,0,0,175,180,0,0,0,1,0,999,999,999,9999999,999,999,999,9,0,95,95,95,95,95,0,995,9.8,998,998,998,99.8,99.8,99.8,950.0019222,9,8
29349,31,24,1-31-2023-024-07,7,1,KL8CD6SA7HC7,17,467,1836,5,0,20,29,2017,5,1,1,0,1,F,1,1019,5,0,1,1,5,2,113,1,0,0,995,0,0,0,47546,9,9,0,1,2,1,2,1,1,1,1,3,2,3,1,1,0,0,9,0,1,6,87,99,1,1,1,C,13,0,0,0,0,0,0,0,0,0,0,998,998,0,0,0,1,12,999,999,999,9999999,999,999,999,6,0,0,0,0,0,0,0,998,9.8,998,998,998,99.8,99.8,99.8,233.4858143,6,8
29350,27,30,1-27-2023-030-04,4,1,ML32AUHJ9MH0,17,481,2342,5,0,52,48,2021,5,1,1,0,1,L,9,940,5,9999,9,0,998,5,40,1,0,0,995,0,0,0,01201,9,9,3,4,2,1,2,1,1,4,0,0,0,0,1,1,0,0,1,0,11,2,15,99,1,1,4,J,72,0,0,0,0,0,0,0,0,0,0,10,20,0,0,0,1,0,999,999,999,9999999,999,999,999,9,0,95,95,95,95,95,0,995,9.8,998,998,998,99.8,99.8,99.8,54.97424202,3,8
29350,27,30,1-27-2023-030-04,4,2,1N4BL4EV6LC1,17,478,1904,13,0,35,47,2020,4,1,4,0,1,F,1,1545,5,0,1,1,23,2,40,1,0,0,995,0,0,0,01201,2,2,3,4,2,1,2,1,1,4,0,0,0,0,1,1,0,0,1,1,6,4,61,3,1,2,4,J,73,0,0,0,0,0,0,0,0,0,0,998,998,0,0,1,4,11,999,999,999,9999999,999,999,999,6,0,0,0,0,0,0,0,998,0.0,67,10,10,0.0,0.0,0.0,54.97424202,3,8
29351,27,31,1-27-2023-031-04,4,1,3CZRU6H30LM7,17,474,9212,7,0,37,404,2020,14,3,14,0,1,R,1,1393,5,0,2,1,9,2,48,1,0,0,995,0,0,0,01235,1,2,2,1,3,3,2,1,1,1,1,2,0,0,1,1,1,2,1,0,11,2,15,8,1,1,4,J,68,0,0,0,0,0,0,0,0,0,0,285,170,0,0,0,1,12,999,999,999,9999999,999,999,999,6,0,0,0,0,0,0,0,995,9.8,998,998,998,99.8,99.8,99.8,54.97424202,3,8
29351,27,31,1-27-2023-031-04,4,2,WBA8A3C34HK6,17,452,2172,13,0,34,34,2017,4,1,4,0,1,F,9,1565,5,9999,9,0,998,5,48,1,0,0,995,0,0,0,01226,9,9,2,1,2,2,2,1,1,1,1,2,0,0,1,1,1,2,1,0,1,4,62,99,1,1,4,J,69,0,0,0,0,0,0,0,0,0,0,170,285,0,0,0,1,0,999,999,999,9999999,999,999,999,9,0,95,95,95,95,95,0,995,9.8,998,998,998,99.8,99.8,99.8,54.97424202,3,8
29356,26,44,1-26-2023-044-02,2,1,5YJYGDEE9MF2,17,441,27027,7,0,29,5,2021,14,3,14,0,1,F,1,2003,5,0,1,1,15,2,105,1,0,0,995,0,0,0,95670,1,9,0,2,3,1,2,2,1,9,1,3,2,3,1,2,0,0,9,1,1,2,13,3,2,4,1,A,1,0,0,0,0,0,0,0,0,0,0,998,998,0,0,0,3,1,14,-13,5,20183,998,78,14,0,1,2,5,0,1,3,0,998,2.8,999,999,999,14.9,2.8,15.2,153.2916939,10,8
29359,21,21,1-21-2023-021-07,7,1,3FADP4BJ1EM1,17,460,3267,13,0,12,32,2014,4,1,1,0,1,F,1,1215,5,0,1,1,13,2,113,1,0,0,995,0,0,0,93550,2,9,0,1,2,2,2,1,1,1,3,2,1,3,2,8,0,0,9,0,1,3,52,4,1,1,2,D,28,0,0,0,0,0,0,0,0,0,0,35,20,0,0,0,1,5,999,999,999,9999999,999,999,14,2,0,0,0,0,0,0,0,995,9.8,998,998,998,99.8,99.8,99.8,1960.058152,11,8
29359,21,21,1-21-2023-021-07,7,2,999999999999,99,99999,99999,999,0,99,884,9999,78,8,78,0,1,B,9,,,,,,,5,113,1,9,0,995,0,9,0,99999,9,9,0,1,2,2,2,1,1,1,3,2,1,3,2,8,0,0,9,0,2,3,53,1,1,1,2,D,29,,,,,,,,,,,,,,,,,,,,,,,,,,,95,95,95,95,95,,,9.8,998,998,998,99.8,99.8,99.8,1960.058152,11,8
29361,22,26,1-22-2023-026-10,10,1,JF1GD70616L5,17,523,2235,13,0,48,38,2006,4,1,1,0,1,F,9,1520,5,9999,9,0,998,2,97,1,0,0,995,0,0,0,98801,9,9,0,4,3,1,2,4,2,1,1,2,3,3,1,3,0,0,9,1,14,1,6,99,3,4,1,A,2,0,0,0,0,0,0,0,0,0,0,998,998,0,0,0,1,0,999,999,999,9999999,999,999,999,9,0,0,0,0,0,0,0,998,3.0,60,58,-60,12.0,4.2,12.7,359.3871779,12,8
29362,29,16,1-29-2023-016-03,3,1,5FNYF6H29NB0,17,474,1864,7,0,37,421,2022,15,3,15,0,1,T,2,1932,5,0,1,1,5,2,48,1,9,0,995,0,9,0,99999,9,9,0,4,2,1,2,1,1,1,1,2,0,0,3,1,0,0,9,1,1,1,6,99,2,4,1,A,2,1,4,2,2,1,4,61,1,2,25,997,997,0,0,0,3,6,999,999,999,9999999,999,999,999,7,0,99,99,0,0,99,3,997,0.0,4,4,999,1.5,0.6,2.1,478.6889265,2,8
29363,29,17,1-29-2023-017-03,3,1,JTDEPRAE7LJ0,17,448,2208,13,0,49,32,2020,4,1,3,0,1,L,2,1315,5,0,1,1,22,2,56,1,8,0,995,0,7,0,02740,1,2,2,4,2,1,2,1,1,1,1,2,0,0,1,1,0,0,2,1,12,2,21,4,1,2,6,M,98,0,0,0,0,0,0,0,0,0,0,110,150,0,1,0,1,11,999,999,999,9999999,999,999,999,7,0,0,0,0,0,4,0,995,9.8,998,998,998,99.8,99.8,99.8,478.6889267,2,8
29363,29,17,1-29-2023-017-03,3,2,1C4PJMAK8CW1,17,483,1944,7,0,2,405,2012,14,3,14,0,1,F,2,1872,5,0,1,1,17,2,56,1,8,0,995,0,7,0,02740,1,9,2,4,2,1,2,1,1,1,1,2,0,0,1,1,0,0,1,0,1,4,64,3,1,1,6,M,98,0,0,0,0,0,0,0,0,0,0,150,110,0,1,0,1,12,999,999,999,9999999,999,999,999,7,0,1,1,0,1,4,0,995,9.8,998,998,998,99.8,99.8,99.8,478.6889267,2,8
29365,30,22,1-30-2023-022-06,6,1,1FTPW14535KC,17,460,1801,60,0,12,481,2005,34,5,31,0,1,F,1,2478,5,9999,9,0,998,5,72,1,0,0,995,0,0,0,85268,9,9,0,1,2,2,2,1,1,1,3,0,0,0,1,1,0,0,1,0,1,3,50,99,1,1,2,D,20,0,0,0,0,0,0,0,0,0,0,120,130,0,0,0,1,3,6,-6,0,3246,998,0,6,0,4,95,95,95,95,95,0,995,9.8,998,998,998,99.8,99.8,99.8,626.5056364,10,8
29365,30,22,1-30-2023-022-06,6,2,1N4AL3AP3EN3,17,478,1904,13,0,35,47,2014,4,1,4,0,1,B,1,1451,5,0,1,1,9,2,72,1,0,0,995,0,0,0,85260,9,9,0,1,2,2,2,1,1,1,3,0,0,0,1,1,0,0,1,0,5,3,53,1,1,1,2,D,21,0,0,0,0,0,0,0,0,0,0,130,120,0,0,0,1,3,10,10,-2,7176,998,32,11,0,4,0,0,0,0,0,0,995,9.8,998,998,998,99.8,99.8,99.8,626.5056364,10,8
29365,30,22,1-30-2023-022-06,6,3,JN8AF5MR2ET4,17,478,1912,8,0,35,403,2014,14,3,14,0,1,F,9,1323,5,9999,9,0,998,5,72,1,0,0,995,0,0,0,85260,9,9,0,1,2,2,2,1,1,1,3,0,0,0,1,1,0,0,1,0,5,3,53,1,1,1,6,M,98,0,0,0,0,0,0,0,0,0,0,130,130,0,0,0,3,0,999,999,999,9999999,999,999,999,9,0,95,95,95,95,95,0,995,9.8,998,998,998,99.8,99.8,99.8,626.5056364,10,8
29365,30,22,1-30-2023-022-06,6,4,3KPF44AC5PE5,17,499,2462,13,0,63,38,2023,4,1,3,0,1,B,9,1256,5,9999,9,0,998,5,72,1,0,0,995,0,0,0,85254,9,9,0,1,2,2,2,1,1,1,3,0,0,0,1,1,0,0,1,0,5,3,53,1,1,1,6,M,98,0,0,0,0,0,0,0,0,0,0,130,130,0,0,0,3,0,999,999,999,9999999,999,999,999,9,0,95,95,95,95,95,0,995,9.8,998,998,998,99.8,99.8,99.8,626.5056364,10,8
29369,76,25,1-76-2023-025-09,9,1,3LNHM26186R6,17,464,2776,13,0,13,13,2006,4,1,3,0,1,F,1,1545,5,0,1,1,3,2,64,1,8,0,995,0,7,0,13756,1,2,0,4,2,1,2,1,3,4,0,0,0,0,1,1,0,0,9,1,14,1,6,2,2,4,1,A,2,0,0,0,0,0,0,0,0,0,0,998,998,0,1,1,1,1,20,-15,13,42282,998,118,20,0,1,1,1,0,1,8,0,998,0.0,26,26,93,20.6,10.8,23.3,30.90909653,3,8
29370,76,26,1-76-2023-026-07,7,1,1GKKVTKDXFJ1,17,472,1855,7,0,23,423,2015,15,3,15,0,1,F,1,2200,5,0,1,1,19,2,48,1,8,9,998,8,7,9,12406,9,9,0,4,2,1,2,1,2,1,1,2,0,0,3,1,0,0,3,1,14,2,12,99,1,4,1,B,6,0,0,0,0,0,0,0,0,0,0,998,998,0,1,0,1,12,999,999,999,9999999,999,999,999,6,0,0,0,0,0,0,0,998,0.7,120,32,12,33.6,5.5,34.0,41.72352603,3,8
29371,15,59,1-15-2023-059-03,3,1,2C3CDZGG2LH1,17,476,1893,13,0,7,28,2020,2,1,5,0,1,F,9,1867,5,0,2,0,998,2,48,1,8,9,998,8,7,9,11050,2,2,2,5,5,3,2,3,2,1,4,4,0,0,3,4,0,0,9,1,11,1,5,1,9,4,1,A,2,0,0,0,0,0,0,0,0,0,0,998,998,0,0,0,1,0,999,999,999,9999999,999,999,999,9,0,1,2,0,1,4,0,998,0.0,120,16,10,0.0,0.0,0.0,81.78150271,1,8
29372,15,60,1-15-2023-060-10,10,1,1C6RR7LT6JS1,17,496,13620,60,0,7,482,2018,34,5,31,0,1,B,9,2443,5,9999,9,0,998,5,89,1,8,9,998,8,7,9,11746,9,9,1,2,2,2,2,1,1,1,3,2,0,2,1,1,0,0,9,0,5,3,53,99,1,1,2,D,21,0,0,0,0,0,0,0,0,0,0,230,225,0,0,0,1,0,999,999,999,9999999,999,999,999,9,0,95,95,95,95,95,0,995,9.8,998,998,998,99.8,99.8,99.8,1258.54681,1,8
29372,15,60,1-15-2023-060-10,10,2,3D4PG5FV4AT1,17,476,1939,7,0,7,27,2010,6,1,4,0,1,F,1,1715,5,9999,9,4,79,2,89,1,8,9,998,8,7,9,11590,9,9,1,2,2,2,2,1,1,1,3,2,0,2,1,1,0,0,9,0,1,3,50,99,9,1,2,D,20,0,0,0,0,0,0,0,0,0,0,225,230,0,0,0,1,12,999,999,999,9999999,999,999,999,6,0,99,99,0,0,0,0,995,9.8,998,998,998,99.8,99.8,99.8,1258.54681,1,8
29373,15,61,1-15-2023-061-10,10,1,JNKCV54E47M9,17,480,2305,3,0,58,37,2007,2,1,4,0,1,F,2,1551,5,0,1,1,104,2,89,1,8,9,998,8,7,9,11720,9,9,0,2,2,1,2,2,1,1,1,3,0,0,3,4,0,0,9,1,15,2,10,99,1,2,2,F,47,0,0,0,0,0,0,0,0,0,0,998,998,0,0,0,2,1,29,-19,-22,106317,998,-138,29,0,1,0,0,0,0,0,0,998,0.8,999,999,999,0.0,0.0,0.0,1258.54681,1,8
29373,15,61,1-15-2023-061-10,10,2,999999999999,99,99999,99999,999,0,99,999,2004,49,6,49,0,1,R,9,9999,9,9999,9,0,998,5,89,1,8,9,998,8,7,9,11520,9,9,0,2,2,2,2,2,1,1,2,3,0,0,3,4,0,0,9,0,1,4,61,99,1,1,2,F,45,0,0,0,0,0,0,0,0,0,0,165,160,0,0,0,1,0,999,999,999,9999999,999,999,999,9,0,95,95,95,95,95,0,995,9.8,998,998,998,99.8,99.8,99.8,1258.54681,1,8
29374,15,62,1-15-2023-062-09,9,1,2T1BPRHE0FC2,17,448,2208,13,0,49,32,2015,4,1,3,0,1,L,9,1265,5,9999,9,0,998,5,999,1,0,0,995,0,0,0,11576,9,9,1,3,2,1,2,1,1,9,1,1,0,0,1,1,1,2,9,1,10,2,10,99,1,2,2,F,45,0,0,0,0,0,0,0,0,0,0,265,300,9,0,0,1,0,999,999,999,9999999,999,999,999,9,0,95,95,95,95,95,0,995,9.8,998,998,998,99.8,99.8,99.8,343.1578888,1,8
29374,15,62,1-15-2023-062-09,9,2,WP0AD29998S7,17,584,7832,3,0,45,31,2008,2,1,1,0,1,R,9,1432,5,9999,9,0,998,2,999,1,0,0,995,0,0,0,11561,9,9,1,3,2,2,2,1,1,9,1,2,0,0,1,1,1,2,9,0,10,4,61,99,1,1,2,F,44,0,0,0,0,0,0,0,0,0,0,300,265,9,0,0,1,0,999,999,999,9999999,999,999,999,9,0,2,5,0,1,4,0,995,9.8,998,998,998,99.8,99.8,99.8,343.1578888,1,8
29375,21,22,1-21-2023-022-08,8,1,1N6HD16S8SC4,17,478,5748,60,0,35,471,1995,34,5,30,0,1,F,2,1470,5,9999,9,4,61,2,64,1,9,1,0,2,1,2,92405,9,1,2,4,5,2,2,1,1,1,1,1,0,0,3,1,1,2,9,0,1,2,14,99,1,4,1,C,14,0,0,0,0,0,0,0,0,0,0,998,998,0,1,0,1,12,999,999,999,9999999,999,999,999,7,0,3,10,1,1,3,0,998,6.4,120,120,-120,21.0,0.0,21.0,163.5867913,11,8
29376,30,24,1-30-2023-024-03,3,1,2C3CDXHG6LH1,17,476,1895,13,0,7,24,2020,4,1,5,0,1,F,1,1785,5,9999,9,0,998,2,64,1,9,9,998,8,9,9,99999,9,9,2,1,4,3,2,1,1,1,3,1,0,0,1,1,1,2,9,0,1,3,50,99,1,1,2,D,20,0,0,0,0,0,0,0,0,0,0,330,330,0,0,0,1,3,24,-24,0,40319,998,20,24,0,4,99,99,0,0,99,0,995,9.8,998,998,998,99.8,99.8,99.8,304.4496369,10,8
29376,30,24,1-30-2023-024-03,3,2,JN8AZ28RX9T1,17,478,2341,7,0,35,52,2009,6,1,2,0,1,B,2,1268,5,0,1,1,18,2,64,1,0,0,995,0,0,0,85033,9,9,2,1,4,3,2,1,1,1,3,1,0,0,1,1,1,2,1,0,5,3,53,1,1,1,2,D,21,0,0,0,0,0,0,0,0,0,0,330,330,0,0,0,1,3,32,32,0,56658,998,17,33,0,4,1,1,0,1,4,0,995,9.8,998,998,998,99.8,99.8,99.8,304.4496369,10,8
29377,31,25,1-31-2023-025-10,10,1,1GKDT13S6822,17,472,4507,7,0,23,401,2008,14,3,14,0,1,F,1,2060,5,0,1,1,4,2,40,1,0,0,995,0,0,0,62821,9,9,0,4,2,1,1,1,1,1,0,0,0,0,1,1,0,0,9,1,1,2,13,2,1,4,1,C,11,0,0,0,0,0,0,0,0,0,0,275,280,0,0,0,1,12,999,999,999,9999999,999,999,999,6,0,0,0,0,0,0,0,995,9.8,998,998,998,99.8,99.8,99.8,190.9257288,6,8
29377,31,25,1-31-2023-025-10,10,2,1FM5K8AB5MGB,17,460,1800,7,0,12,425,2021,15,3,15,5,2,B,9,2022,5,9999,9,0,998,,,,,,,,,,,,,,,,,,,,,,,,,,,,,,,,,,,,,,,,,,,,,,,,,,,,,,,,,,,,,,,,,,95,95,95,95,95,,,,,,,,,,190.9257288,6,8
29378,19,52,1-19-2023-052-06,6,1,1GCCS19X4381,17,467,11483,60,0,20,471,2003,34,5,30,0,1,F,2,1471,5,0,1,1,11,2,89,1,0,0,995,0,0,0,36201,1,9,2,4,2,1,2,2,1,1,1,2,0,0,1,2,0,0,9,0,1,3,52,4,1,1,2,D,28,0,0,0,0,0,0,0,0,0,0,130,120,0,1,0,1,1,28,-27,5,43494,998,-4,27,0,1,0,0,0,0,0,0,995,9.8,998,998,998,99.8,99.8,99.8,205.3279357,9,8
29378,19,52,1-19-2023-052-06,6,2,1FADP3H23HL2,17,460,1779,13,0,12,37,2017,4,1,3,0,1,B,2,1340,5,0,1,1,18,2,89,1,0,0,995,0,0,0,35903,1,9,2,4,2,1,2,2,1,1,1,2,0,0,1,2,0,0,9,0,11,3,53,1,1,1,2,D,30,0,0,0,0,0,0,0,0,0,0,120,130,0,0,0,1,1,30,30,0,55180,998,-29,31,0,1,1,1,0,1,4,0,995,9.8,998,998,998,99.8,99.8,99.8,205.3279357,9,8
29379,16,34,1-16-2023-034-06,6,1,KMHFG4JG6FA4,17,498,2771,13,0,55,39,2015,4,1,4,0,1,F,2,1671,8,0,1,1,24,2,56,1,0,1,0,2,0,2,45205,9,1,0,4,4,1,2,1,2,1,0,3,0,0,2,1,0,0,1,1,14,2,13,1,1,4,1,A,1,0,0,0,0,0,0,0,0,0,0,998,998,0,0,1,1,1,26,-25,-4,45558,998,6,26,0,4,3,14,1,1,3,0,998,0.0,15,15,60,4.4,0.4,4.4,498.7251095,5,8
29380,77,24,1-77-2023-024-10,10,1,1GCDT13W32K1,17,467,11483,60,0,20,471,2002,34,5,30,0,1,F,1,1832,5,0,1,1,8,2,89,1,0,0,995,0,0,0,22903,9,9,0,1,2,1,2,1,1,9,1,3,2,3,1,1,0,0,1,0,1,3,52,2,1,1,2,D,28,0,0,0,0,0,0,0,0,0,0,260,260,0,0,0,1,3,16,-16,0,22462,998,12,17,0,4,0,0,0,0,0,0,995,9.8,998,998,998,99.8,99.8,99.8,20271.14386,9,8
29380,77,24,1-77-2023-024-10,10,2,YV4CZ8526713,17,485,3132,7,0,51,401,2007,14,3,14,0,1,B,1,2036,5,9999,9,0,998,5,89,1,0,0,995,0,0,0,22901,9,9,0,1,2,1,2,1,1,9,1,3,2,3,1,1,0,0,2,0,1,2,18,1,1,1,2,D,29,0,0,0,0,0,0,0,0,0,0,260,260,0,0,0,1,3,15,15,0,13237,998,0,13,0,4,95,95,95,95,95,0,995,9.8,998,998,998,99.8,99.8,99.8,20271.14386,9,8
29381,77,25,1-77-2023-025-02,2,1,1B4GP44342B5,17,476,14832,2,0,7,442,2002,20,4,20,0,1,L,3,1881,5,0,1,1,8,2,48,1,0,1,0,2,0,0,22968,1,9,2,4,2,1,2,1,2,1,1,2,0,0,1,1,2,2,1,0,14,2,17,99,1,1,5,L,89,0,0,0,0,0,0,0,0,0,0,225,320,0,1,0,1,1,54,-9,54,422657,998,-38,72,0,1,3,22,1,1,3,0,995,3.9,26,26,120,12.5,4.0,12.9,71.99682468,9,8
29381,77,25,1-77-2023-025-02,2,2,3TMCZ5AN7KM1,17,448,2223,60,0,49,472,2019,34,5,30,0,1,F,3,1984,5,0,1,1,7,2,89,1,0,0,995,0,0,0,22942,9,9,2,1,4,3,2,1,1,4,3,1,0,0,1,1,0,0,1,0,1,4,66,3,1,1,5,L,88,0,0,0,0,0,0,0,0,0,0,320,225,0,1,0,1,1,51,-51,-9,42035,998,-39,22,0,4,1,1,0,1,4,0,995,9.8,998,998,998,99.8,99.8,99.8,71.99682468,9,8
29382,48,21,1-48-2023-021-04,4,1,1FMEE5BP6NLB,17,460,6825,7,0,12,498,2022,19,3,19,0,1,F,1,2099,5,0,1,1,7,2,40,1,0,0,995,0,0,0,84337,9,9,0,4,2,1,2,1,1,1,0,0,0,0,1,1,0,0,9,1,1,2,11,1,1,4,1,C,11,0,0,0,0,0,0,0,0,0,0,350,50,0,1,0,1,12,999,999,999,9999999,999,999,999,6,0,0,0,0,0,0,0,995,9.8,998,998,998,99.8,99.8,99.8,4938.361269,12,8
29382,48,21,1-48-2023-021-04,4,2,4T1B11HK7KU7,17,448,2469,13,0,49,40,2019,4,1,4,0,2,B,9,1495,5,9999,9,0,998,,,,,,,,,,,,,,,,,,,,,,,,,,,,,,,,,,,,,,,,,,,,,,,,,,,,,,,,,,,,,,,,,,95,95,95,95,95,,,,,,,,,,4938.361269,12,8
29383,23,39,1-23-2023-039-01,1,1,KMHHM66D98U2,17,498,5847,3,0,55,37,2008,3,1,1,0,1,L,9,1315,5,9999,9,0,998,2,89,1,8,1,0,3,7,1,43356,1,9,0,4,2,1,2,2,2,1,1,2,0,0,2,8,0,0,9,1,14,1,9,99,3,4,1,A,2,0,0,0,0,0,0,0,0,0,0,998,998,0,0,2,1,0,999,999,999,9999999,999,999,999,9,0,6,75,1,1,1,0,998,0.3,32,32,120,16.5,5.2,17.2,58.2037301,5,8
29384,23,40,1-23-2023-040-03,3,1,KM8J33A46MU3,17,498,2058,7,0,55,402,2021,14,3,14,0,1,F,1,1560,5,9999,9,5,43,2,97,1,8,0,995,0,7,0,43338,1,2,0,4,2,1,2,1,1,1,1,2,0,0,1,1,0,0,1,0,1,6,87,1,1,1,1,C,13,0,0,0,0,0,0,0,0,0,0,998,998,0,0,0,1,12,999,999,999,9999999,999,999,999,6,0,0,0,0,0,5,0,998,9.8,998,998,998,99.8,99.8,99.8,150.4184791,5,8
29385,23,41,1-23-2023-041-04,4,1,KNAFK5A85G56,17,499,2462,13,0,63,38,2016,5,1,3,0,1,B,3,1318,5,0,1,1,22,2,89,1,0,0,995,0,0,0,43035,7,9,2,4,6,2,2,1,1,1,1,3,0,0,1,1,1,2,1,0,5,3,53,1,1,1,2,D,21,0,0,0,0,0,0,0,0,0,0,340,350,0,0,0,1,5,999,999,999,9999999,999,999,66,5,0,99,99,0,0,4,0,995,9.8,998,998,998,99.8,99.8,99.8,494.6359692,5,8
29385,23,41,1-23-2023-041-04,4,2,1XKYD49X6HJ1,17,532,2733,66,0,85,881,2017,66,8,68,0,1,F,9,,,,,,,5,89,1,0,0,995,0,0,0,61342,9,9,2,4,6,2,2,1,1,1,1,3,0,0,1,1,1,2,1,0,1,3,50,8,1,1,2,D,20,,,,,,,,,,,,,,,,,,,,,,,,,,,95,95,95,95,95,,,9.8,998,998,998,99.8,99.8,99.8,494.6359692,5,8
29385,23,41,1-23-2023-041-04,4,3,1C6SRFFT0LN1,17,496,13620,60,0,7,482,2020,34,5,30,0,1,R,9,2336,5,9999,9,0,998,2,89,1,0,0,995,0,0,0,43138,9,9,2,4,6,3,2,1,1,1,3,2,0,0,1,1,1,2,1,0,1,4,61,99,1,1,6,M,98,0,0,0,0,0,0,0,0,0,0,340,285,0,0,0,2,0,999,999,999,9999999,999,999,999,9,0,0,0,0,0,0,0,995,9.8,998,998,998,99.8,99.8,99.8,494.6359692,5,8
29385,23,41,1-23-2023-041-04,4,4,JALC4W168K70,17,542,22513,63,11,38,882,2019,61,8,60,0,1,L,9,,,,,,,5,89,1,0,0,995,0,0,0,43334,9,9,2,4,6,2,2,1,1,1,1,3,0,0,1,1,1,2,1,0,5,4,60,1,1,1,6,M,98,,,,,,,,,,,,,,,,,,,,,,,,,,,95,95,95,95,95,,,9.8,998,998,998,99.8,99.8,99.8,494.6359692,5,8
29386,59,44,1-59-2023-044-07,7,1,3CZRU5H54NM7,17,474,9212,7,0,37,404,2022,14,3,14,0,1,U,2,1320,5,0,1,1,10,2,113,1,0,0,995,0,0,0,85142,9,9,0,3,2,2,2,1,1,1,3,2,1,3,4,1,0,0,9,0,1,6,87,1,1,1,1,C,13,0,0,0,0,0,0,0,0,0,0,998,998,0,0,0,1,10,999,999,999,9999999,999,999,999,7,0,0,0,0,0,0,0,998,9.8,998,998,998,99.8,99.8,99.8,2526.974285,6,8
29387,54,26,1-54-2023-026-04,4,1,1G1JC5SH0E42,17,467,1835,13,0,20,28,2014,4,1,1,0,1,F,2,1245,5,0,1,1,17,2,105,1,8,0,995,0,7,0,35585,1,9,0,1,3,2,2,1,1,1,3,2,1,3,1,1,0,0,3,0,1,3,51,1,1,1,2,D,24,0,0,0,0,0,0,0,0,0,0,225,225,0,1,0,1,1,39,-39,0,90912,998,0,42,0,1,0,0,0,0,0,0,995,9.8,998,998,998,99.8,99.8,99.8,261.8638504,9,8
29387,54,26,1-54-2023-026-04,4,2,JTHMPAAY8PA1,17,515,24941,1,0,59,398,2023,1,1,4,0,1,B,1,2059,5,0,1,1,8,2,105,1,8,0,995,0,7,0,35756,1,2,0,1,3,2,2,1,1,1,3,2,1,3,1,1,0,0,1,0,3,3,53,1,1,1,2,D,25,0,0,0,0,0,0,0,0,0,0,225,225,0,1,0,1,1,24,24,0,36330,998,0,21,0,1,0,0,0,0,0,0,995,9.8,998,998,998,99.8,99.8,99.8,261.8638504,9,8
29388,54,27,1-54-2023-027-04,4,1,1GCWGBFG3K13,17,467,1848,95,0,20,461,2019,21,4,21,0,1,R,1,2497,5,454,1,1,9,2,72,1,0,0,995,0,0,0,38866,1,2,0,4,2,1,2,1,3,1,0,2,0,0,1,1,6,2,1,1,14,4,62,4,1,4,1,A,3,1,1,2,2,1,4,61,1,1,4,997,997,0,1,0,2,6,999,999,999,9999999,999,999,999,6,0,0,0,0,0,0,3,997,0.0,110,75,58,16.1,4.4,17.2,261.8638504,9,8
29389,17,44,1-17-2023-044-10,10,1,1FMCU0H98DUC,17,460,1798,7,0,12,402,2013,14,3,14,0,1,F,1,1588,5,0,2,1,34,2,89,1,0,0,995,0,9,9,61234,1,2,0,4,2,1,2,2,1,4,1,2,0,0,2,2,0,0,1,0,1,6,87,2,1,1,1,C,13,0,0,0,0,0,0,0,0,0,0,998,998,0,1,0,1,10,999,999,999,9999999,999,-8,13,2,0,0,0,0,0,0,0,998,9.8,998,998,998,99.8,99.8,99.8,1674.995891,4,8