CASEID,PSU,CASENO,CASENUMBER,CATEGORY,VEHNO,VIN,VINLENGTH,VPICMAKE,VPICMODEL,VPICBODYCLASS,ICFINALBODY,MAKE,MODEL,MODELYR,BODYTYPE,BODYCAT,VEHCLASS,SPECUSE,TRANSTAT,DAMPLANE,DAMSEV,CURBWT,CURBSRC,CARGOWT,CARGOSRC,INSPTYPE,INSPLAG,TOWED,SPEEDLIMIT,DRPRESENT,PARALCOHOL,ALCTEST,ALCTESTRESULT,ALCTESTSRC,PARDRUG,DRUGTEST,ZIP,RACE,ETHNICITY,RELTOJUNCT,TRAFFLOW,RDLANES,INITLANE,SURFTYPE,SURFCOND,ALIGNMENT,PROFILE,LINERIGHT,LINELEFT,RUMBINIT,RUMBROAD,LIGHTCOND,WEATHER,TRAFDEV,TRAFFUNCT,DISTRACT,PREFHE,PREMOVE,CRITCAT,CRITEVENT,MANEUVER,PRESTAB,PRELOC,CRASHCAT,CRASHCONF,CRASHTYPE,ROLLTYPE,ROLLTURN,ROLLINTRPT,ROLLPREMAN,ROLLINITYP,ROLLINLOC,ROLLOBJ,ROLLTRIP,ROLLDIR,ROLLDIST,DVANGTHIS,DVANGOTH,TOWHITCH,TRAJDOC,TREEPOLE,DVEVENT,DVBASIS,DVTOTAL,DVLONG,DVLAT,DVENERGY,DVSPEED,DVMOMENT,DVBES,DVEST,DVCONF,VAIS,VISS,VINJSEV,VINJURED,VTREAT,INITOBJCLASS,HEADANGLECAT,SHLDRWIDTH,STRKLENGTH,STRKWIDTH,STRKHEIGHT,EDGEDISTX,EDGEDISTY,EDGEDISTZ,CASEWGT,PSUSTRAT,VERSION
29466,13,49,1-13-2023-049-05,5,1,3N1CE2CP1EL3,17,478,1898,5,0,35,50,2014,5,1,2,0,1,F,1,1127,5,9999,9,0,998,2,80,1,8,0,995,0,7,0,76120,1,9,2,1,6,2,1,1,1,2,1,3,0,0,3,1,1,2,9,0,1,2,17,99,1,1,4,J,69,0,0,0,0,0,0,0,0,0,0,120,210,0,0,0,1,3,24,-24,4,20449,998,42,20,0,4,3,17,1,1,3,0,995,9.8,998,998,998,99.8,99.8,99.8,70.87256668,7,8
29466,13,49,1-13-2023-049-05,5,2,4T1BK3EK1AU5,17,448,2469,13,0,49,40,2010,4,1,4,0,1,R,1,1580,5,0,1,1,31,2,80,1,8,1,0,2,7,2,76016,2,9,2,1,6,6,1,1,1,1,1,2,0,0,3,1,1,2,9,0,11,4,63,1,1,1,4,J,68,0,0,0,0,0,0,0,0,0,0,210,120,0,0,0,1,3,17,-3,-17,47441,998,143,19,0,1,2,4,0,1,3,0,995,9.8,998,998,998,99.8,99.8,99.8,70.87256668,7,8
29466,13,49,1-13-2023-049-05,5,3,ML32F3FJ6HH0,17,481,13842,13,0,52,48,2017,4,1,2,0,1,F,9,975,5,9999,9,0,998,5,80,1,8,0,995,0,7,0,76112,9,9,2,1,3,3,1,1,1,1,1,0,0,0,3,1,1,2,9,0,5,4,67,1,1,1,6,M,98,0,0,0,0,0,0,0,0,0,0,0,160,0,0,0,3,0,999,999,999,9999999,999,999,999,9,0,95,95,95,95,95,0,995,9.8,998,998,998,99.8,99.8,99.8,70.87256668,7,8
29469,23,42,1-23-2023-042-05,5,1,1G11C5SL9EF2,17,467,1834,13,0,20,37,2014,4,1,3,0,1,F,2,1620,5,9999,9,4,28,2,97,1,0,0,995,0,0,0,43068,2,9,0,1,2,1,2,1,1,9,1,3,0,0,2,1,0,0,1,1,1,2,13,99,9,4,6,M,98,0,0,0,0,0,0,0,0,0,0,190,180,0,0,0,1,12,999,999,999,9999999,999,999,999,7,0,1,1,0,1,5,0,995,9.8,998,998,998,99.8,99.8,99.8,66.29414151,5,8
29469,23,42,1-23-2023-042-05,5,2,1GNKRGKDXEJ2,17,467,1853,7,0,20,423,2014,15,3,15,0,1,F,9,2107,5,9999,9,4,31,2,97,1,0,1,0,2,0,1,48473,1,2,0,1,2,1,2,1,1,9,1,3,0,0,2,1,0,0,1,0,1,4,64,1,1,1,6,M,98,0,0,0,0,0,0,0,0,0,0,180,10,0,0,0,2,12,999,999,999,9999999,999,999,999,9,0,2,6,0,1,3,0,995,9.8,998,998,998,99.8,99.8,99.8,66.29414151,5,8
29469,23,42,1-23-2023-042-05,5,3,KMHHU6KJ4DU0,17,498,2458,3,0,55,41,2013,2,1,4,0,1,B,9,1598,5,9999,9,0,998,2,97,0,7,7,887,6,8,8,99998,8,8,0,1,2,98,2,1,1,9,0,1,0,0,2,1,0,0,0,8,0,3,53,0,0,0,6,M,98,0,0,0,0,0,0,0,0,0,0,180,190,0,0,0,1,0,999,999,999,9999999,999,999,999,9,0,0,0,0,0,0,0,995,9.8,998,998,998,99.8,99.8,99.8,66.29414151,5,8
29470,23,43,1-23-2023-043-03,3,1,1FTNF20L92EB,17,460,1805,60,0,12,481,2002,34,5,31,0,1,F,9,2429,8,9999,9,0,998,5,72,1,0,0,995,0,0,0,43035,9,9,2,4,7,4,2,1,1,9,1,2,0,0,1,1,1,2,1,0,11,2,15,99,1,1,4,J,68,0,0,0,0,0,0,0,0,0,0,120,345,0,0,0,1,0,999,999,999,9999999,999,999,999,9,0,95,95,95,95,95,0,995,9.8,998,998,998,99.8,99.8,99.8,259.2412517,5,8
29470,23,43,1-23-2023-043-03,3,2,4T1G31AK0LU5,17,448,2469,13,0,49,40,2020,4,1,4,0,1,L,9,1610,5,9999,9,4,28,2,72,1,0,0,995,0,0,0,43231,9,9,2,4,6,2,2,1,1,9,1,3,0,0,1,1,1,2,1,0,1,4,62,99,1,1,4,J,69,0,0,0,0,0,0,0,0,0,0,345,120,0,0,0,1,12,999,999,999,9999999,999,999,999,9,0,9,97,0,1,0,0,995,9.8,998,998,998,99.8,99.8,99.8,259.2412517,5,8
29471,23,44,1-23-2023-044-03,3,1,5FNRL6H71NB0,17,474,1869,2,0,37,441,2022,20,4,20,0,1,L,2,2063,5,9999,9,4,77,2,89,1,0,0,995,0,0,0,43031,1,9,2,4,2,1,2,1,1,1,1,2,0,0,1,1,2,2,1,0,1,2,17,99,1,1,5,L,89,0,0,0,0,0,0,0,0,0,0,125,200,0,0,0,1,3,25,-4,24,117836,998,155,26,0,4,9,97,0,1,8,0,995,9.8,998,998,998,99.8,99.8,99.8,259.2412517,5,8
29471,23,44,1-23-2023-044-03,3,2,1C4HJXEN9KW5,17,483,1943,7,0,2,403,2019,14,3,14,0,1,F,2,1999,5,0,1,1,14,2,89,1,0,0,995,0,0,0,43031,9,9,2,4,2,1,2,1,1,1,0,0,0,0,1,1,0,0,1,0,1,4,66,7,1,1,5,L,88,0,0,0,0,0,0,0,0,0,0,200,125,0,0,0,1,3,26,-25,-9,46511,998,-38,23,0,4,9,97,0,1,5,0,995,9.8,998,998,998,99.8,99.8,99.8,259.2412517,5,8
29472,77,26,1-77-2023-026-06,6,1,3N1AB7AP9JY2,17,478,1907,13,0,35,43,2018,4,1,3,0,1,F,1,1300,5,0,1,1,13,2,89,1,0,0,995,0,0,0,22932,9,9,0,1,2,1,2,1,3,9,1,3,2,2,1,1,0,0,3,0,14,3,51,2,1,1,2,D,24,0,0,0,0,0,0,0,0,0,0,225,225,0,0,0,1,5,999,999,999,9999999,999,999,24,2,0,99,99,0,0,0,0,995,9.8,998,998,998,99.8,99.8,99.8,725.3826506,9,8
29472,77,26,1-77-2023-026-06,6,2,3C6UR5CL1LG2,17,496,13621,60,0,7,482,2020,34,5,31,0,1,B,9,3022,5,9999,9,0,998,5,89,1,0,0,995,0,0,0,22903,9,9,0,1,2,1,2,1,3,9,1,3,2,2,1,1,0,0,1,0,14,3,53,1,1,1,2,D,25,0,0,0,0,0,0,0,0,0,0,225,225,1,0,0,1,0,999,999,999,9999999,999,999,999,9,0,95,95,95,95,95,0,995,9.8,998,998,998,99.8,99.8,99.8,725.3826506,9,8
29473,77,27,1-77-2023-027-09,9,1,4T1BE46K27U1,17,448,2469,13,0,49,40,2007,4,1,3,0,1,B,1,1490,5,0,1,1,8,2,72,1,0,0,995,0,0,0,22738,9,9,2,1,6,6,2,1,1,4,1,2,0,0,3,1,1,2,1,1,15,3,53,9,1,2,2,D,25,0,0,0,0,0,0,0,0,0,0,230,225,0,0,0,1,3,21,21,0,39197,998,-62,23,0,4,99,99,0,0,0,0,995,9.8,998,998,998,99.8,99.8,99.8,1450.832411,9,8
29473,77,27,1-77-2023-027-09,9,2,5FNRL5H63CB0,17,474,1869,2,0,37,441,2012,20,4,20,0,1,F,1,2047,5,0,1,1,10,2,72,1,0,0,995,0,0,0,22911,9,9,2,1,6,5,2,1,1,4,1,1,0,0,3,1,1,2,1,0,1,3,51,99,1,1,2,D,24,0,0,0,0,0,0,0,0,0,0,225,230,0,0,0,1,3,15,-15,0,16114,998,-68,13,0,4,99,99,0,0,0,0,995,9.8,998,998,998,99.8,99.8,99.8,1450.832411,9,8
29474,48,22,1-48-2023-022-03,3,1,4T1B11HK4KU7,17,448,2469,13,0,49,40,2019,4,1,4,0,1,F,1,1495,5,0,1,1,10,2,105,1,0,0,995,0,0,0,84032,1,2,0,4,2,1,2,1,1,1,1,4,0,0,2,1,0,0,1,0,1,6,87,3,1,1,1,C,13,0,0,0,0,0,0,0,0,0,0,998,998,0,1,0,1,10,999,999,999,9999999,999,-36,23,2,0,1,1,0,1,0,0,998,9.8,998,998,998,99.8,99.8,99.8,74.78725036,12,8
29476,59,45,1-59-2023-045-03,3,1,5LMCJ1C93GUJ,17,464,3599,7,0,13,402,2016,14,3,14,0,1,R,3,1792,5,0,1,1,10,2,97,1,0,0,995,0,0,0,61944,1,9,2,1,3,3,2,1,1,1,1,2,0,2,1,1,3,2,2,0,11,2,15,1,1,1,4,J,68,1,4,2,2,1,4,61,1,1,13,290,180,0,0,0,1,1,41,-21,-36,32122,998,-16,21,0,1,0,0,0,0,5,3,995,9.8,998,998,998,99.8,99.8,99.8,271.260622,6,8
29476,59,45,1-59-2023-045-03,3,2,1N4BL4BV1LC2,17,478,1904,13,0,35,47,2020,4,1,4,0,1,F,3,1545,5,0,1,1,11,2,97,1,0,0,995,0,0,0,47842,9,9,2,1,3,1,2,1,1,1,1,3,3,2,1,1,0,0,9,0,1,4,62,99,1,1,4,J,69,0,0,0,0,0,0,0,0,0,0,180,290,0,0,0,1,1,44,-43,8,229093,998,32,57,0,1,9,97,0,3,5,0,995,9.8,998,998,998,99.8,99.8,99.8,271.260622,6,8
29477,59,46,1-59-2023-046-02,2,1,3GTU9DED1KG2,17,472,1857,60,0,23,481,2019,34,5,31,0,1,F,2,2193,5,0,1,1,2,2,89,1,1,1,252,2,7,1,47842,9,9,0,2,2,2,2,1,2,9,3,2,3,1,2,1,0,0,9,1,14,2,12,99,1,4,1,B,6,0,0,0,0,0,0,0,0,0,0,998,998,0,0,0,1,10,999,999,999,9999999,999,1,29,3,0,3,14,1,1,3,0,998,0.0,999,999,999,0.0,0.0,0.0,47.45671854,6,8
29478,54,28,1-54-2023-028-08,8,1,1B7HC16Y7XS2,17,476,1938,60,0,7,482,1999,34,5,31,0,1,R,2,1848,5,0,1,1,14,2,89,1,8,0,995,0,7,0,35541,1,9,2,4,2,1,2,1,2,3,1,2,0,0,1,1,0,0,9,1,14,2,12,99,1,4,1,B,6,1,2,1,2,1,4,61,1,2,8,998,998,0,1,2,3,12,999,999,999,9999999,999,999,999,7,0,1,1,0,1,4,3,998,0.2,9,9,999,31.8,1.7,31.4,156.9645701,9,8
29479,54,29,1-54-2023-029-04,4,1,JN8AT2MT3LW0,17,478,1913,8,0,35,404,2020,14,3,14,0,1,F,1,1550,5,0,1,1,14,2,72,1,8,0,995,0,7,0,35653,1,2,2,4,2,1,2,1,2,2,0,0,0,0,1,1,0,0,1,1,11,2,10,99,1,2,4,K,82,0,0,0,0,0,0,0,0,0,0,175,310,0,0,0,1,12,999,999,999,9999999,999,999,999,6,0,0,0,0,0,0,0,995,9.8,998,998,998,99.8,99.8,99.8,432.2637188,9,8
29479,54,29,1-54-2023-029-04,4,2,1N4AL3AP3DC2,17,478,1904,13,0,35,47,2013,4,1,4,0,1,F,9,1420,5,9999,9,0,998,5,72,1,8,0,995,0,7,0,35653,9,9,2,4,2,1,2,1,1,2,0,2,0,0,1,1,2,2,9,0,5,4,67,99,1,1,4,K,83,0,0,0,0,0,0,0,0,0,0,310,175,0,0,0,1,0,999,999,999,9999999,999,999,999,9,0,95,95,95,95,95,0,995,9.8,998,998,998,99.8,99.8,99.8,432.2637188,9,8
29480,12,34,1-12-2023-034-03,3,1,1GNALAEK7FZ1,17,467,1847,7,0,20,404,2015,14,3,14,0,1,R,1,1706,5,0,1,1,20,2,56,1,0,0,995,0,0,0,74821,9,9,2,4,4,2,2,1,1,1,1,2,0,0,1,1,0,0,1,0,11,2,15,2,1,1,4,J,68,0,0,0,0,0,0,0,0,0,0,185,85,0,0,0,1,4,22,-7,-20,37704,998,-59,21,0,4,1,1,0,1,4,0,995,0.0,120,15,17,0.0,0.0,0.0,625.8490752,9,8
29480,12,34,1-12-2023-034-03,3,2,3GCPWAED6NG1,17,467,29076,60,0,20,481,2022,34,5,31,5,1,F,1,2087,5,0,1,1,7,2,56,1,0,0,995,0,0,0,73401,2,2,2,4,4,1,2,1,1,1,0,3,0,0,1,1,0,0,1,0,1,4,62,2,1,1,4,J,69,0,0,0,0,0,0,0,0,0,0,85,185,0,0,0,1,4,19,-19,3,39251,998,67,20,0,4,1,2,0,1,4,0,995,9.8,998,998,998,99.8,99.8,99.8,625.8490752,9,8
29481,12,35,1-12-2023-035-03,3,1,2GTEK19K3K15,17,472,1857,60,0,23,481,1989,34,5,31,0,1,F,1,1889,5,68,1,1,6,2,40,1,8,1,150,2,0,0,73401,1,2,0,4,2,1,2,1,1,4,0,2,0,0,1,1,0,0,1,0,1,3,52,99,1,1,2,D,28,0,0,0,0,0,0,0,0,0,0,90,90,0,0,0,1,1,19,-19,0,31308,998,24,20,0,1,0,0,0,0,4,0,995,9.8,998,998,998,99.8,99.8,99.8,625.8490752,9,8
29481,12,35,1-12-2023-035-03,3,2,5NMJFCAE5PH1,17,498,2058,7,0,55,402,2023,14,3,14,0,1,B,1,1573,5,0,1,1,5,2,40,1,0,0,995,0,0,0,76017,1,2,0,4,2,1,2,1,1,4,0,2,0,0,1,1,0,0,1,0,2,3,53,1,1,1,2,D,29,0,0,0,0,0,0,0,0,0,0,90,90,0,0,0,1,1,23,23,0,31569,998,12,22,0,1,0,0,0,0,4,0,995,9.8,998,998,998,99.8,99.8,99.8,625.8490752,9,8
29482,17,47,1-17-2023-047-09,9,1,1G4GA5ED9BF1,17,468,1821,13,0,18,22,2011,4,1,4,0,1,R,2,1732,5,0,1,1,17,2,32,1,0,0,995,0,0,0,52807,1,9,3,4,3,2,1,1,1,1,3,1,0,0,1,1,0,0,9,0,11,2,15,99,1,1,4,J,68,0,0,0,0,0,0,0,0,0,0,240,110,0,0,0,1,1,34,-26,-22,5905,998,-8,9,0,1,0,0,0,0,0,0,995,9.8,998,998,998,99.8,99.8,99.8,319.2400445,4,8
29482,17,47,1-17-2023-047-09,9,2,1FADP3F21DL2,17,460,1779,13,0,12,37,2013,4,1,3,0,1,F,3,1340,5,0,1,1,9,2,32,1,0,0,995,0,0,0,61265,1,9,3,4,3,1,1,1,1,1,0,2,0,0,1,1,0,0,9,0,1,4,62,2,2,1,4,J,69,0,0,0,0,0,0,0,0,0,0,110,240,0,0,0,1,1,43,-42,7,178122,998,31,55,0,1,0,0,0,0,4,0,995,9.8,998,998,998,99.8,99.8,99.8,319.2400445,4,8
29483,17,48,1-17-2023-048-09,9,1,1N4BA41E44C8,17,478,2302,13,0,35,39,2004,4,1,4,0,1,F,1,1571,5,0,1,3,9,2,72,1,0,0,995,0,0,0,61244,1,9,0,1,3,3,2,1,1,9,3,2,0,0,1,1,0,0,9,0,1,3,52,99,1,1,2,D,28,0,0,0,0,0,0,0,0,0,0,90,90,0,0,0,1,98,999,999,999,9999999,999,999,999,6,0,9,97,0,1,5,0,995,9.8,998,998,998,99.8,99.8,99.8,319.2400445,4,8
29483,17,48,1-17-2023-048-09,9,2,WA1M2AFP7HA0,17,582,3862,7,0,32,402,2017,14,3,14,0,1,B,9,1850,5,9999,9,0,998,5,72,1,0,0,995,0,0,0,61264,9,9,0,1,3,3,2,1,1,9,3,2,0,0,1,1,0,0,9,0,2,3,53,99,1,1,2,D,29,0,0,0,0,0,0,0,0,0,0,90,90,0,0,0,1,0,999,999,999,9999999,999,999,999,9,0,95,95,95,95,95,0,995,9.8,998,998,998,99.8,99.8,99.8,319.2400445,4,8
29484,17,49,1-17-2023-049-03,3,1,2HNYD284X7H5,17,475,2147,7,0,54,421,2007,15,3,15,0,1,R,1,2064,5,0,1,1,23,2,48,1,0,0,995,0,0,0,61265,2,9,2,4,2,1,1,1,1,1,0,4,0,0,1,1,2,2,9,0,1,2,17,99,1,1,5,L,87,0,0,0,0,0,0,0,0,0,0,65,335,0,0,0,1,1,12,-4,-12,10665,998,114,9,0,1,1,1,0,1,4,0,995,9.8,998,998,998,99.8,99.8,99.8,57.62015134,4,8
29484,17,49,1-17-2023-049-03,3,2,1FMCU9GD7KUA,17,460,1798,7,0,12,402,2019,14,3,14,0,1,F,1,1668,5,0,1,1,16,2,48,1,0,0,995,0,0,0,61265,9,1,2,4,3,1,1,1,1,1,0,2,0,0,1,1,0,0,9,0,1,4,66,3,1,1,5,L,86,0,0,0,0,0,0,0,0,0,0,335,65,0,0,0,1,1,16,-15,5,31596,998,68,19,0,1,1,2,0,1,4,0,995,9.8,998,998,998,99.8,99.8,99.8,57.62015134,4,8
29485,19,57,1-19-2023-057-03,3,1,1VWSA7A32MC0,17,482,3134,13,0,30,46,2021,4,1,4,0,1,R,1,1508,5,0,1,1,8,2,89,1,0,1,0,2,0,1,36206,1,9,0,4,2,1,2,1,1,1,1,4,0,0,1,1,0,0,3,1,1,2,12,99,1,4,1,B,6,0,0,0,0,0,0,0,0,0,0,999,999,0,1,0,1,8,999,999,999,9999999,999,999,999,6,0,0,0,0,0,4,0,999,9.8,998,998,998,99.8,99.8,99.8,69.39523323,9,8
29486,19,58,1-19-2023-058-09,9,1,3LNHL2GC7BR7,17,464,1790,13,0,13,13,2011,4,1,3,0,1,F,1,1633,5,0,4,1,7,2,72,1,0,0,995,0,0,0,35986,1,9,3,1,3,2,2,1,1,1,3,3,0,0,1,1,0,0,9,0,1,4,72,3,1,1,4,K,83,0,0,0,0,0,0,0,0,0,0,200,115,0,1,0,1,1,12,-9,-8,13892,998,-85,13,0,1,1,2,0,1,4,0,995,9.8,998,998,998,99.8,99.8,99.8,472.413156,9,8
29486,19,58,1-19-2023-058-09,9,2,2G1WM16K8693,17,467,4773,3,0,20,36,2006,2,1,4,0,1,L,1,1530,5,0,1,1,8,2,72,1,0,0,995,0,0,0,35903,1,9,3,4,2,1,2,1,1,1,0,0,0,0,1,1,0,0,9,0,11,2,15,99,1,1,4,K,82,0,0,0,0,0,0,0,0,0,0,115,200,0,1,0,1,1,13,-6,11,11463,998,84,12,0,1,0,0,0,0,0,0,995,9.8,998,998,998,99.8,99.8,99.8,472.413156,9,8
29487,19,59,1-19-2023-059-08,8,1,1FAFP55283A1,17,460,1782,13,0,12,17,2003,4,1,3,0,1,L,1,1521,5,0,1,1,7,2,72,1,0,0,995,0,0,0,35906,1,9,2,4,2,1,2,1,1,2,0,2,0,0,1,1,2,2,9,0,11,2,15,1,1,1,4,K,82,0,0,0,0,0,0,0,0,0,0,130,230,0,1,0,1,1,23,-11,20,23139,998,85,17,0,4,99,99,0,0,99,0,995,9.8,998,998,998,99.8,99.8,99.8,70.41908275,9,8
29487,19,59,1-19-2023-059-08,8,2,4T1FA38PX8U1,17,448,2803,1,0,49,44,2008,1,1,3,0,1,F,1,1625,5,0,1,1,7,2,72,1,0,1,0,2,0,2,35906,1,9,2,5,5,1,2,1,3,1,1,3,0,0,1,1,0,0,9,0,14,4,66,7,1,1,4,K,83,0,0,0,0,0,0,0,0,0,0,230,130,0,1,0,1,1,21,-20,-7,48316,998,-26,26,0,4,2,5,0,1,3,0,995,9.8,998,998,998,99.8,99.8,99.8,70.41908275,9,8
29487,19,59,1-19-2023-059-08,8,3,5XXGM4A76DG1,17,499,2739,13,0,63,34,2013,4,1,4,0,1,L,9,1454,5,9999,9,0,998,2,72,1,0,0,995,0,0,0,35906,2,9,2,5,5,1,2,1,2,1,1,3,0,0,1,1,0,0,9,0,14,4,62,99,1,1,6,M,98,0,0,0,0,0,0,0,0,0,0,55,190,0,0,0,3,0,999,999,999,9999999,999,999,999,9,0,0,0,0,0,0,0,995,9.8,998,998,998,99.8,99.8,99.8,70.41908275,9,8
29488,19,60,1-19-2023-060-03,3,1,3N1CP5DV1LL4,17,478,22791,5,0,35,56,2020,5,1,2,0,1,R,2,1200,5,0,1,1,9,2,72,1,0,0,995,0,0,0,35956,1,2,0,4,2,1,2,1,1,2,0,2,0,0,1,1,0,0,3,1,1,2,13,3,1,4,1,C,11,0,0,0,0,0,0,0,0,0,0,220,35,0,1,0,1,8,999,999,999,9999999,999,999,999,7,0,1,1,0,1,0,0,995,9.8,998,998,998,99.8,99.8,99.8,69.39523323,9,8
29488,19,60,1-19-2023-060-03,3,2,1GNFC16057J2,17,467,1851,7,0,20,422,2007,15,3,15,0,2,R,1,2543,5,0,1,4,8,,,,,,,,,,,,,,,,,,,,,,,,,,,,,,,,,,,,,,,,,,,,,,,,,,,,,,,,,,,,,,,,,,95,95,95,95,95,,,,,,,,,,69.39523323,9,8
29490,20,42,1-20-2023-042-04,4,1,1FTMF1CB0NKF,17,460,1801,60,0,12,481,2022,34,5,30,0,1,L,2,1823,5,9999,9,4,40,7,89,1,0,0,995,0,0,0,93905,9,1,2,4,2,1,2,1,1,1,0,2,0,0,2,1,2,2,2,0,11,2,15,99,1,1,4,K,82,0,0,0,0,0,0,0,0,0,0,340,90,0,0,0,1,3,26,-13,23,77906,998,-72,30,0,4,0,0,0,0,0,0,995,9.8,998,998,998,99.8,99.8,99.8,178.1625936,11,8
29490,20,42,1-20-2023-042-04,4,2,1B7GG23XXPS1,17,476,1941,60,0,7,472,1993,34,5,31,0,1,F,2,1763,5,48,1,1,12,7,89,1,1,1,82,2,0,2,93927,9,1,2,4,2,1,2,1,1,1,0,2,0,0,2,1,0,0,1,0,1,4,67,3,1,1,4,K,83,0,0,0,0,0,0,0,0,0,0,90,340,0,0,0,1,3,26,-26,-5,45698,998,-79,22,0,4,2,5,0,1,4,0,995,9.8,998,998,998,99.8,99.8,99.8,178.1625936,11,8
29491,14,25,1-14-2023-025-03,3,1,ML32A3HJXKH0,17,481,2342,5,0,52,48,2019,5,1,1,0,1,F,1,940,5,0,1,3,17,2,72,1,0,0,995,0,0,0,78223,1,2,2,3,3,2,2,1,1,9,3,3,0,0,1,8,0,0,9,1,15,2,11,7,1,2,2,F,46,0,0,0,0,0,0,0,0,0,0,90,60,0,0,0,1,12,999,999,999,9999999,999,999,999,6,0,0,0,0,0,4,0,995,9.8,998,998,998,99.8,99.8,99.8,2128.482375,8,8
29491,14,25,1-14-2023-025-03,3,2,1FM5K8HC3LGA,17,460,1800,7,0,12,425,2020,15,3,15,0,1,L,9,2022,5,9999,9,0,998,5,72,1,0,0,995,0,0,0,78130,9,9,2,3,3,1,2,1,1,9,1,3,0,0,1,8,0,0,9,0,1,4,60,99,1,1,2,F,45,0,0,0,0,0,0,0,0,0,0,60,90,0,0,0,1,0,999,999,999,9999999,999,999,999,9,0,95,95,95,95,95,0,995,9.8,998,998,998,99.8,99.8,99.8,2128.482375,8,8
29492,24,50,1-24-2023-050-01,1,1,JNRAS08U58X1,17,480,2324,7,0,58,39,2008,6,1,4,0,1,F,9,1883,5,0,1,5,11,2,40,1,0,1,180,2,0,1,08234,2,2,0,4,2,1,2,1,2,1,0,0,0,0,3,1,0,0,3,1,14,2,12,99,9,4,1,B,6,0,0,0,0,0,0,0,0,0,0,998,998,0,0,1,2,12,999,999,999,9999999,999,999,999,9,0,6,75,1,1,1,0,998,0.0,120,11,15,0.0,0.0,0.0,88.43780463,1,8
29493,24,51,1-24-2023-051-03,3,1,3MYDLBYV4KY5,17,448,2464,13,0,49,51,2019,4,1,2,0,1,F,2,1095,5,0,1,1,12,2,64,1,0,0,995,0,0,0,08330,1,1,0,1,2,1,2,1,1,1,0,4,0,0,1,1,0,0,3,1,1,2,12,7,1,4,1,B,8,0,0,0,0,0,0,0,0,0,0,998,998,0,0,1,2,1,35,-35,0,59347,998,20,35,0,1,0,0,0,0,0,0,998,0.0,18,19,76,3.2,2.0,4.2,609.6938678,1,8
29494,24,52,1-24-2023-052-06,6,1,1GNKRGKD6FJ3,17,467,1853,7,0,20,423,2015,15,3,15,0,1,F,2,2107,5,9999,9,4,52,2,64,1,0,0,995,0,0,0,08234,1,2,2,1,1,1,2,1,1,1,1,2,0,0,1,1,0,0,1,0,1,4,67,99,1,1,4,K,83,0,0,0,0,0,0,0,0,0,0,0,260,0,0,0,1,12,999,999,999,9999999,999,999,999,7,0,2,6,0,1,3,0,995,9.8,998,998,998,99.8,99.8,99.8,1610.364005,1,8
29494,24,52,1-24-2023-052-06,6,2,KMHDH4AE9BU0,17,498,2735,13,0,55,35,2011,4,1,3,0,1,L,2,1265,5,0,1,1,24,2,64,1,0,0,995,0,0,0,08234,2,2,2,1,1,1,2,1,1,1,0,0,0,0,1,1,2,2,2,0,11,2,15,1,1,1,4,K,82,0,0,0,0,0,0,0,0,0,0,260,0,0,0,0,1,12,999,999,999,9999999,999,999,999,7,0,1,1,0,1,4,0,995,9.8,998,998,998,99.8,99.8,99.8,1610.364005,1,8
29495,11,33,1-11-2023-033-04,4,1,1C4RJFBG1KC5,17,483,1949,7,0,2,422,2019,15,3,15,0,1,R,9,1839,5,0,1,6,62,3,56,1,0,0,995,0,0,0,23234,9,9,2,4,2,1,2,1,1,9,0,0,0,0,1,1,2,2,1,0,1,2,17,8,1,1,5,L,87,0,0,0,0,0,0,0,0,0,0,150,55,0,0,0,1,12,999,999,999,9999999,999,999,999,9,0,0,0,0,0,0,0,995,9.8,998,998,998,99.8,99.8,99.8,8576.750511,8,8
29495,11,33,1-11-2023-033-04,4,2,1N4AL2AP6AN5,17,478,1904,13,0,35,47,2010,4,1,4,0,1,F,9,1437,5,9999,9,0,998,3,56,1,0,0,995,0,0,0,23237,9,9,2,4,3,1,2,1,1,9,1,1,0,0,1,1,0,0,1,0,1,4,66,99,1,1,5,L,86,0,0,0,0,0,0,0,0,0,0,55,150,0,0,0,1,0,999,999,999,9999999,999,999,999,9,0,0,0,0,0,0,0,995,9.8,998,998,998,99.8,99.8,99.8,8576.750511,8,8
29496,13,50,1-13-2023-050-10,10,1,1G6DE5EG8A01,17,469,1825,13,0,19,18,2010,4,1,4,0,1,F,2,1905,5,0,1,1,16,2,72,1,8,0,995,0,7,0,76010,3,9,0,1,2,2,2,1,1,1,3,0,0,0,3,1,0,0,9,1,1,2,12,2,1,4,1,B,6,0,0,0,0,0,0,0,0,0,0,998,998,0,0,1,1,12,999,999,999,9999999,999,999,999,7,0,0,0,0,0,0,0,998,0.0,14,14,113,13.6,1.6,13.7,4030.711596,7,8
29497,13,51,1-13-2023-051-03,3,1,1C4BJWDG1HL5,17,483,1943,7,0,2,403,2017,14,3,14,0,1,R,1,1860,5,0,1,1,39,2,64,1,8,0,995,0,7,0,78834,1,9,2,1,4,4,2,1,1,1,1,2,0,0,1,1,0,0,9,0,11,2,15,99,1,1,4,J,68,0,0,0,0,0,0,0,0,0,0,120,30,0,0,0,1,1,21,-4,-21,16203,998,128,11,0,4,9,97,0,1,0,0,995,9.8,998,998,998,99.8,99.8,99.8,155.6220854,7,8