CASEID,PSU,CASENO,CASENUMBER,CATEGORY,VEHNO,VIN,VINLENGTH,VPICMAKE,VPICMODEL,VPICBODYCLASS,ICFINALBODY,MAKE,MODEL,MODELYR,BODYTYPE,BODYCAT,VEHCLASS,SPECUSE,TRANSTAT,DAMPLANE,DAMSEV,CURBWT,CURBSRC,CARGOWT,CARGOSRC,INSPTYPE,INSPLAG,TOWED,SPEEDLIMIT,DRPRESENT,PARALCOHOL,ALCTEST,ALCTESTRESULT,ALCTESTSRC,PARDRUG,DRUGTEST,ZIP,RACE,ETHNICITY,RELTOJUNCT,TRAFFLOW,RDLANES,INITLANE,SURFTYPE,SURFCOND,ALIGNMENT,PROFILE,LINERIGHT,LINELEFT,RUMBINIT,RUMBROAD,LIGHTCOND,WEATHER,TRAFDEV,TRAFFUNCT,DISTRACT,PREFHE,PREMOVE,CRITCAT,CRITEVENT,MANEUVER,PRESTAB,PRELOC,CRASHCAT,CRASHCONF,CRASHTYPE,ROLLTYPE,ROLLTURN,ROLLINTRPT,ROLLPREMAN,ROLLINITYP,ROLLINLOC,ROLLOBJ,ROLLTRIP,ROLLDIR,ROLLDIST,DVANGTHIS,DVANGOTH,TOWHITCH,TRAJDOC,TREEPOLE,DVEVENT,DVBASIS,DVTOTAL,DVLONG,DVLAT,DVENERGY,DVSPEED,DVMOMENT,DVBES,DVEST,DVCONF,VAIS,VISS,VINJSEV,VINJURED,VTREAT,INITOBJCLASS,HEADANGLECAT,SHLDRWIDTH,STRKLENGTH,STRKWIDTH,STRKHEIGHT,EDGEDISTX,EDGEDISTY,EDGEDISTZ,CASEWGT,PSUSTRAT,VERSION
29572,17,50,1-17-2023-050-07,7,2,1FM5K8GT9KGB,17,460,1800,7,0,12,425,2019,15,3,15,0,1,B,1,2146,5,9999,9,0,998,5,113,1,0,0,995,0,0,0,61232,9,9,0,1,2,1,2,1,1,9,1,3,2,3,1,1,0,0,9,0,5,3,53,99,1,1,2,D,21,0,0,0,0,0,0,0,0,0,0,90,80,0,0,0,1,3,9,9,2,8858,998,-47,10,0,4,95,95,95,95,95,0,995,9.8,998,998,998,99.8,99.8,99.8,360.2870305,4,8
29573,17,51,1-17-2023-051-07,7,1,1FAHP2F8XEG1,17,460,1782,13,0,12,17,2014,4,1,4,0,1,F,1,1918,5,0,1,1,7,2,89,1,0,0,995,0,0,0,61264,1,2,1,3,1,1,1,1,1,9,1,2,0,0,1,1,0,0,1,0,1,3,52,4,1,1,2,D,28,0,0,0,0,0,0,0,0,0,0,175,175,0,0,0,1,3,12,-12,0,12640,998,0,13,0,4,0,0,0,0,0,0,995,9.8,998,998,998,99.8,99.8,99.8,360.2870306,4,8
29573,17,51,1-17-2023-051-07,7,2,JA4ARUAU5NU0,17,481,13867,7,0,52,404,2022,14,3,14,0,1,B,1,1630,5,9999,9,0,998,5,89,1,0,0,995,0,0,0,61281,9,9,1,3,1,1,1,1,1,9,1,2,0,0,1,1,0,0,9,0,2,3,53,99,1,1,2,D,29,0,0,0,0,0,0,0,0,0,0,175,175,0,0,0,1,3,14,14,0,10732,998,0,13,0,4,95,95,95,95,95,0,995,9.8,998,998,998,99.8,99.8,99.8,360.2870306,4,8
29574,17,52,1-17-2023-052-07,7,1,3G1BE6SM5HS5,17,467,1832,5,0,20,25,2017,5,1,3,0,1,R,1,1312,5,0,1,1,4,2,48,1,0,0,995,0,0,0,61265,1,9,2,2,3,2,1,1,2,1,1,2,0,0,1,1,1,2,9,0,11,2,15,2,1,1,4,K,76,0,0,0,0,0,0,0,0,0,0,140,60,0,0,0,1,3,15,-3,-14,17553,998,84,15,0,4,0,0,0,0,0,0,995,9.8,998,998,998,99.8,99.8,99.8,360.2870306,4,8
29574,17,52,1-17-2023-052-07,7,2,1GNSKAE04CR2,17,467,1852,7,0,20,421,2012,15,3,15,0,1,F,1,2506,5,9999,9,0,998,5,48,1,0,0,995,0,0,0,61265,9,9,2,3,2,2,2,1,1,1,3,0,0,0,1,1,1,2,9,0,1,4,65,99,1,1,4,K,77,0,0,0,0,0,0,0,0,0,0,60,140,0,0,0,1,3,8,-7,3,6636,998,84,7,0,4,95,95,95,95,95,0,995,9.8,998,998,998,99.8,99.8,99.8,360.2870306,4,8
29575,33,23,1-33-2023-023-07,7,1,5TFSZ5AN8GX0,17,448,2223,60,0,49,472,2016,34,5,30,0,1,F,1,1927,5,0,1,1,9,2,72,1,0,0,995,0,0,0,95965,1,9,0,4,2,1,2,1,2,2,1,2,0,0,2,1,0,0,3,1,14,2,13,1,1,4,1,A,1,0,0,0,0,0,0,0,0,0,0,998,998,0,0,0,1,12,999,999,999,9999999,999,999,999,6,0,0,0,0,0,0,0,998,1.6,999,999,999,3.8,0.5,3.7,219.1753861,12,8
29576,33,24,1-33-2023-024-08,8,1,5GAEV23D09J2,17,468,1841,7,0,18,24,2009,6,1,5,0,1,B,2,2168,5,0,1,1,10,2,105,1,0,0,995,0,0,0,95032,1,9,0,4,5,2,2,1,1,1,3,2,0,3,2,1,0,0,1,1,1,3,53,99,1,2,2,D,29,0,0,0,0,0,0,0,0,0,0,200,210,0,1,0,1,1,26,26,0,9047,998,-35,10,0,4,0,0,0,0,0,0,995,9.8,998,998,998,99.8,99.8,99.8,27.93347209,12,8
29576,33,24,1-33-2023-024-08,8,2,JT8BF28G8103,17,515,2475,13,0,59,31,2001,4,1,3,0,1,F,2,1505,5,0,1,1,11,2,105,1,0,1,0,2,0,2,94066,2,9,0,5,5,1,2,1,1,1,1,3,2,3,2,1,0,0,9,0,1,3,52,99,1,1,2,D,28,0,0,0,0,0,0,0,0,0,0,210,200,0,1,0,1,1,35,-34,6,131460,998,17,45,0,4,2,5,0,1,4,0,995,9.8,998,998,998,99.8,99.8,99.8,27.93347209,12,8
29578,19,61,1-19-2023-061-01,1,1,1GKFK66U22J3,17,472,4579,7,0,23,431,2002,16,3,16,0,1,T,3,2601,5,50,4,1,4,2,89,1,0,0,995,0,0,0,35750,1,9,0,4,3,1,2,1,3,1,1,3,2,3,1,1,0,0,9,1,14,2,13,99,1,4,1,A,1,1,5,2,2,2,4,60,4,2,32,997,997,1,1,0,3,5,999,999,999,9999999,999,999,999,8,0,1,1,1,1,1,3,997,0.6,44,43,22,25.0,2.5,25.0,51.60032518,9,8
29579,19,62,1-19-2023-062-03,3,1,JA4ARUAU0MU0,17,481,13867,7,0,52,404,2021,14,3,14,0,1,R,1,1545,5,0,1,1,4,2,72,1,0,0,995,0,0,0,35116,1,9,2,4,6,4,2,1,1,1,1,2,0,0,1,1,1,2,9,1,12,2,21,1,1,2,6,M,98,0,0,0,0,0,0,0,0,0,0,20,330,0,0,0,1,1,18,6,-17,25399,998,-33,20,0,1,9,97,0,1,8,0,995,9.8,998,998,998,99.8,99.8,99.8,366.1082705,9,8
29579,19,62,1-19-2023-062-03,3,2,1HGCV1F17KA0,17,474,1861,13,0,37,32,2019,4,1,4,0,1,F,1,1433,5,0,1,1,5,2,72,1,0,0,995,0,0,0,35907,1,2,2,4,6,2,2,1,1,1,1,3,0,0,1,1,1,2,1,0,1,4,62,4,1,1,6,M,98,0,0,0,0,0,0,0,0,0,0,330,20,0,1,0,1,1,19,-18,6,17265,998,21,17,0,1,0,0,0,0,0,0,995,0.7,10,78,30,1.6,0.9,1.0,366.1082705,9,8
29580,20,44,1-20-2023-044-06,6,1,3GCUKREC2JG3,17,467,1850,60,0,20,481,2018,34,5,31,0,1,R,9,2394,5,9999,9,0,998,5,105,1,0,0,995,0,0,0,93924,9,9,0,2,2,2,2,1,1,1,3,2,1,3,1,8,0,0,1,1,15,2,11,99,1,2,2,F,46,0,0,0,0,0,0,0,0,0,0,10,10,0,0,0,1,0,999,999,999,9999999,999,999,999,9,0,95,95,95,95,95,0,995,9.8,998,998,998,99.8,99.8,99.8,385.9776966,11,8
29580,20,44,1-20-2023-044-06,6,2,JTNKARJE5HJ5,17,448,15800,5,0,49,32,2017,5,1,2,0,1,F,1,1335,5,0,1,1,19,7,105,1,0,0,995,0,0,0,93955,1,1,0,2,2,1,2,1,1,1,1,3,2,3,1,8,0,0,1,0,1,4,60,2,1,1,2,F,45,0,0,0,0,0,0,0,0,0,0,998,998,0,1,1,6,1,16,-16,0,18002,998,-64,16,0,4,1,1,0,1,0,0,998,3.7,10,10,120,30.9,5.3,31.3,385.9776966,11,8
29581,20,45,1-20-2023-045-05,5,1,19UUA66274A0,17,475,1873,13,0,54,35,2004,4,1,3,0,1,R,1,1623,5,0,1,1,22,2,105,1,1,8,997,8,0,0,93960,9,1,2,1,3,3,2,1,1,1,1,2,0,0,1,1,0,0,2,0,11,2,15,99,1,1,4,J,68,0,0,0,0,0,0,0,0,0,0,220,125,0,0,0,1,1,22,-8,-21,31509,998,-65,20,0,1,0,0,0,0,0,0,995,9.8,998,998,998,99.8,99.8,99.8,27.11193076,11,8
29581,20,45,1-20-2023-045-05,5,2,2G1105SA3G92,17,467,1833,13,0,20,2,2016,4,1,4,0,1,F,1,1661,5,0,1,1,11,2,105,1,0,0,995,0,0,0,93927,9,1,2,1,3,2,1,1,1,1,3,2,1,3,1,1,0,0,1,0,1,4,62,4,1,1,4,J,69,1,4,1,6,2,4,60,4,2,9,125,220,0,1,0,1,1,19,-18,7,35533,998,17,21,0,4,2,5,0,3,8,3,995,3.5,66,30,8,0.0,0.0,0.0,27.11193076,11,8
29582,11,34,1-11-2023-034-02,2,1,1FTFW1E82NFA,17,460,1801,60,0,12,481,2022,34,5,31,0,1,F,9,2134,5,9999,9,4,76,2,56,1,0,1,293,2,0,0,23112,3,2,0,4,2,1,2,1,1,9,1,2,0,0,2,1,0,0,9,1,1,2,12,99,9,4,1,B,6,0,0,0,0,0,0,0,0,0,0,998,998,0,0,7,1,12,999,999,999,9999999,999,999,999,9,0,1,1,0,1,4,0,998,0.0,999,999,999,6.2,1.3,6.3,83.61933847,8,8
29583,11,35,1-11-2023-035-04,4,1,3AKJHHDR1JSH,17,450,2501,66,0,82,881,2018,66,8,68,0,1,R,9,,,,,,,5,72,1,0,0,995,0,0,0,27237,9,9,2,1,3,3,2,1,3,9,1,2,0,0,1,1,1,2,1,0,11,2,15,1,1,1,4,J,68,,,,,,,,,,,,,,,,,,,,,,,,,,,95,95,95,95,95,,,9.8,998,998,998,99.8,99.8,99.8,4631.793711,8,8
29583,11,35,1-11-2023-035-04,4,2,5N1AT3BB4MC7,17,478,1913,7,0,35,404,2021,14,3,14,0,1,F,2,1608,5,9999,9,4,32,2,72,1,0,0,995,0,0,0,23237,2,2,2,4,7,3,2,1,2,9,3,1,0,0,1,1,1,2,1,0,14,4,62,2,1,1,4,J,69,0,0,0,0,0,0,0,0,0,0,330,120,0,0,0,1,5,999,999,999,9999999,999,999,999,7,0,0,0,0,0,0,0,995,9.8,998,998,998,99.8,99.8,99.8,4631.793711,8,8
29584,13,54,1-13-2023-054-04,4,1,1N4BL4BV1KC1,17,478,1904,13,0,35,47,2019,4,1,4,0,1,T,3,1545,5,0,1,1,20,2,113,1,8,0,995,0,7,0,76001,1,9,1,1,2,1,1,1,2,1,1,5,0,0,3,1,0,0,9,1,14,2,12,1,1,4,1,B,6,0,0,0,0,0,0,0,0,0,0,998,998,0,1,7,2,7,999,999,999,9999999,999,999,999,8,0,0,0,0,0,0,0,998,0.9,999,999,999,3.6,0.7,3.6,841.8506087,7,8
29585,13,55,1-13-2023-055-09,9,1,2G1WA5EK4B11,17,467,1833,13,0,20,2,2011,4,1,4,0,1,F,1,1613,5,0,1,1,58,2,113,1,8,1,0,2,7,2,75212,2,2,1,2,4,1,2,1,1,9,1,3,0,0,2,1,0,0,9,1,1,1,8,1,1,4,1,B,7,0,0,0,0,0,0,0,0,0,0,998,998,0,0,0,1,1,15,-15,3,15246,998,-20,15,0,4,0,0,0,0,4,0,998,4.5,999,999,999,10.0,4.0,11.0,1556.509996,7,8
29586,13,56,1-13-2023-056-04,4,1,2C3CDXHG0EH2,17,476,1895,13,0,7,24,2014,4,1,5,0,1,F,9,1797,5,9999,9,0,998,2,97,1,8,0,995,0,7,0,99999,2,9,1,2,3,3,1,1,1,9,1,2,0,0,1,1,0,0,9,0,1,3,51,99,9,1,2,D,24,0,0,0,0,0,0,0,0,0,0,0,0,0,0,0,1,0,999,999,999,9999999,999,999,999,9,0,99,99,0,0,0,0,995,9.8,998,998,998,99.8,99.8,99.8,841.8506087,7,8
29586,13,56,1-13-2023-056-04,4,2,W1K3G4EB3MJ2,17,449,24879,13,0,42,58,2021,4,1,3,0,1,B,9,1550,5,9999,9,0,998,2,97,1,8,0,995,0,7,0,76039,2,9,1,2,3,3,1,1,1,9,1,2,0,0,1,1,0,0,9,0,1,3,53,99,9,1,2,D,25,0,0,0,0,0,0,0,0,0,0,0,0,0,0,0,1,0,999,999,999,9999999,999,999,999,9,0,0,0,0,0,0,0,995,9.8,998,998,998,99.8,99.8,99.8,841.8506087,7,8
29587,13,57,1-13-2023-057-03,3,1,2T1BURHE4EC2,17,448,2208,13,0,49,32,2014,4,1,3,0,1,F,2,1290,5,0,1,3,13,2,113,1,8,0,995,0,7,0,76117,1,1,1,1,3,3,1,1,1,9,1,2,0,0,1,1,0,0,1,0,1,3,51,4,1,1,2,D,24,0,0,0,0,0,0,0,0,0,0,15,10,0,0,0,2,12,999,999,999,9999999,999,999,999,7,0,0,0,0,0,0,0,995,9.8,998,998,998,99.8,99.8,99.8,258.316591,7,8
29587,13,57,1-13-2023-057-03,3,2,JA4J3VA89PZ0,17,481,2163,7,0,52,404,2023,14,3,14,0,1,F,1,1630,5,0,1,1,12,2,113,1,8,0,995,0,7,0,75019,3,9,1,2,3,3,1,1,1,9,1,2,0,0,1,1,0,0,9,0,1,3,53,99,1,1,2,D,25,0,0,0,0,0,0,0,0,0,0,10,10,0,0,0,3,12,999,999,999,9999999,999,999,999,6,0,1,1,0,1,4,0,995,9.8,998,998,998,99.8,99.8,99.8,258.316591,7,8
29587,13,57,1-13-2023-057-03,3,3,JN8AZ1MU0DW2,17,478,1914,8,0,35,49,2013,6,1,4,0,1,L,9,1831,5,9999,9,0,998,2,113,1,8,0,995,0,7,0,75010,5,9,1,2,3,2,1,1,1,9,3,1,0,0,1,1,0,0,9,0,1,4,60,99,1,1,6,M,98,0,0,0,0,0,0,0,0,0,0,10,15,0,0,0,2,0,999,999,999,9999999,999,999,999,9,0,0,0,0,0,0,0,995,9.8,998,998,998,99.8,99.8,99.8,258.316591,7,8
29587,13,57,1-13-2023-057-03,3,4,5TFEM5F12JX1,17,448,2467,60,0,49,482,2018,34,5,31,0,1,B,9,2555,5,9999,9,0,998,5,113,1,8,0,995,0,7,0,75002,9,9,1,2,3,3,1,1,1,9,1,2,0,0,1,1,0,0,9,0,1,3,53,99,1,1,6,M,98,0,0,0,0,0,0,0,0,0,0,10,10,0,0,0,3,0,999,999,999,9999999,999,999,999,9,0,95,95,95,95,95,0,995,9.8,998,998,998,99.8,99.8,99.8,258.316591,7,8
29588,24,53,1-24-2023-053-04,4,1,1FTEW1E51LFA,17,460,1801,60,0,12,481,2020,34,5,31,0,1,F,2,2130,5,0,1,1,13,2,40,1,0,0,995,0,0,0,08215,1,2,0,4,2,1,5,8,1,1,0,0,0,0,2,1,0,0,9,1,1,2,13,1,1,4,1,A,1,0,0,0,0,0,0,0,0,0,0,998,998,0,0,5,1,10,999,999,999,9999999,999,16,31,3,0,0,0,0,0,0,0,998,0.0,24,24,999,12.5,12.5,0.2,1042.836616,1,8
29589,24,54,1-24-2023-054-04,4,1,3KPF24AD5KE1,17,499,2462,13,0,63,38,2019,4,1,3,0,1,F,9,1253,5,0,1,1,30,2,40,1,0,0,995,0,0,0,08401,9,9,2,4,5,1,2,1,1,1,1,3,0,0,1,1,1,2,9,1,15,2,10,1,1,2,2,F,47,0,0,0,0,0,0,0,0,0,0,200,250,0,0,0,1,12,999,999,999,9999999,999,999,999,9,0,0,0,0,0,0,0,995,9.8,998,998,998,99.8,99.8,99.8,1042.836616,1,8
29589,24,54,1-24-2023-054-04,4,2,1FMEU748X7UA,17,460,1800,7,0,12,401,2007,14,3,14,0,1,R,9,2792,5,9999,9,0,998,5,40,1,0,0,995,0,0,0,08232,9,9,2,4,5,2,2,1,1,1,1,1,0,0,1,1,1,2,1,0,1,4,61,1,1,1,2,F,45,0,0,0,0,0,0,0,0,0,0,250,200,0,0,0,1,0,999,999,999,9999999,999,999,999,9,0,95,95,95,95,95,0,995,9.8,998,998,998,99.8,99.8,99.8,1042.836616,1,8
29590,24,55,1-24-2023-055-06,6,1,1N4AL3AP9HN3,17,478,1904,13,0,35,47,2017,4,1,4,0,1,F,1,1453,5,9999,9,0,998,5,40,1,0,0,995,0,0,0,08401,9,9,2,4,2,1,2,1,1,1,0,2,0,0,3,1,1,2,1,0,1,4,66,99,1,1,5,L,88,0,0,0,0,0,0,0,0,0,0,340,250,0,0,0,1,3,7,-7,-2,2223,998,-71,6,0,4,95,95,95,95,95,0,995,9.8,998,998,998,99.8,99.8,99.8,827.9254051,1,8
29590,24,55,1-24-2023-055-06,6,2,WDDSJ4GB0FN2,17,449,2083,13,0,42,54,2015,4,1,3,0,1,L,1,1540,5,0,1,1,21,2,40,1,0,0,995,0,0,0,08406,2,2,2,4,2,1,2,1,1,1,0,3,0,0,3,1,1,2,1,0,1,2,17,1,1,1,5,L,89,0,0,0,0,0,0,0,0,0,0,250,340,0,0,0,1,3,6,-2,6,5157,998,-93,8,0,4,0,0,0,0,4,0,995,9.8,998,998,998,99.8,99.8,99.8,827.9254051,1,8
29591,24,56,1-24-2023-056-06,6,1,2G4GN5EXXE92,17,468,1822,13,0,18,19,2014,4,1,3,0,1,F,1,1683,5,9999,9,0,998,2,80,1,0,0,995,0,0,0,08406,9,9,0,2,2,2,1,1,3,9,3,2,0,0,1,1,0,0,9,1,14,2,11,1,1,2,2,F,46,0,0,0,0,0,0,0,0,0,0,110,110,0,0,0,2,3,12,-12,2,10213,998,38,12,0,4,0,0,0,0,0,0,995,9.8,998,998,998,99.8,99.8,99.8,827.9254051,1,8
29591,24,56,1-24-2023-056-06,6,2,WDCTG4GB7FJ1,17,449,2084,7,0,42,55,2015,5,1,3,0,1,L,9,1505,5,9999,9,0,998,5,80,1,0,0,995,0,0,0,19148,9,9,0,2,2,1,1,1,3,9,1,3,0,0,1,1,0,0,9,0,14,4,60,99,1,1,2,F,45,0,0,0,0,0,0,0,0,0,0,110,120,0,0,0,1,0,999,999,999,9999999,999,999,999,9,0,95,95,95,95,95,0,995,9.8,998,998,998,99.8,99.8,99.8,827.9254051,1,8
29591,24,56,1-24-2023-056-06,6,3,5UXWX9C36H0W,17,452,1719,7,0,34,402,2017,14,3,14,0,1,B,1,1882,5,0,1,1,56,2,80,1,0,0,995,0,0,0,08406,1,2,0,2,2,2,1,1,1,9,3,2,0,0,1,1,0,0,9,0,5,3,53,99,1,1,6,M,98,0,0,0,0,0,0,0,0,0,0,110,110,0,0,0,2,3,11,11,0,9019,998,-9,11,0,4,0,0,0,0,0,0,995,9.8,998,998,998,99.8,99.8,99.8,827.9254051,1,8
29591,24,56,1-24-2023-056-06,6,4,4JGDF6EE7JB0,17,449,14005,7,0,42,422,2018,15,3,15,0,1,B,9,2420,5,9999,9,0,998,5,80,1,0,0,995,0,0,0,08401,9,9,0,2,2,2,1,1,3,9,3,2,0,0,1,1,0,0,1,0,5,3,53,1,1,1,6,M,98,0,0,0,0,0,0,0,0,0,0,110,110,0,0,0,3,0,999,999,999,9999999,999,999,999,9,0,95,95,95,95,95,0,995,9.8,998,998,998,99.8,99.8,99.8,827.9254051,1,8
29592,14,26,1-14-2023-026-06,6,1,5LMCJ2C99HUL,17,464,3599,7,0,13,402,2017,14,3,14,0,1,F,1,1792,5,9999,9,4,24,2,89,1,0,0,995,0,0,0,78266,1,9,0,4,2,1,2,1,1,4,1,4,0,0,2,1,0,0,9,0,1,6,87,99,1,1,1,C,13,0,0,0,0,0,0,0,0,0,0,998,998,0,0,0,1,12,999,999,999,9999999,999,999,999,6,0,99,99,0,0,0,0,998,9.8,998,998,998,99.8,99.8,99.8,892.3136208,8,8
29593,14,27,1-14-2023-027-07,7,1,JT6HJ88J0V01,17,515,2212,7,0,59,421,1997,15,3,15,0,1,L,9,2255,5,9999,9,0,998,5,48,1,0,0,995,0,0,0,78640,9,9,2,4,2,1,1,1,1,1,0,0,0,0,1,1,2,2,9,0,10,2,16,99,1,1,4,K,78,0,0,0,0,0,0,0,0,0,0,270,310,0,0,0,1,0,999,999,999,9999999,999,999,999,9,0,95,95,95,95,95,0,995,9.8,998,998,998,99.8,99.8,99.8,3829.587705,8,8
29593,14,27,1-14-2023-027-07,7,2,1GNALAEK5EZ1,17,467,1847,7,0,20,404,2014,14,3,14,0,1,F,2,1706,5,0,1,1,20,2,48,1,0,0,995,0,0,0,78747,1,1,2,1,3,1,1,1,1,1,0,3,0,0,1,1,0,0,9,0,1,4,65,2,1,1,4,K,79,0,0,0,0,0,0,0,0,0,0,310,270,0,0,0,1,12,999,999,999,9999999,999,999,999,7,0,0,0,0,0,0,0,995,9.8,998,998,998,99.8,99.8,99.8,3829.587705,8,8
29594,16,40,1-16-2023-040-03,3,1,2T3A1RFV5KW0,17,448,2217,7,0,49,402,2019,14,3,14,0,1,F,1,1528,5,0,1,1,7,2,56,1,0,0,995,0,0,0,45248,9,9,3,4,2,1,2,1,1,1,0,0,0,0,1,1,0,0,1,0,11,2,15,4,1,1,4,K,82,0,0,0,0,0,0,0,0,0,0,315,90,0,0,0,1,1,22,-19,11,29914,998,58,20,0,1,9,97,0,1,5,0,995,9.8,998,998,998,99.8,99.8,99.8,1650.873232,5,8
29594,16,40,1-16-2023-040-03,3,2,2CTFLREC9B63,17,472,1858,7,0,23,402,2011,14,3,14,0,1,F,1,1823,5,0,1,2,22,5,56,1,0,0,995,0,0,0,45248,9,9,3,4,4,2,2,1,1,1,3,2,0,0,1,1,0,0,1,0,1,4,71,2,1,1,4,K,83,0,0,0,0,0,0,0,0,0,0,90,315,0,0,0,1,1,20,-20,-4,35656,998,13,22,0,1,95,95,95,95,95,0,995,9.8,998,998,998,99.8,99.8,99.8,1650.873232,5,8
29595,16,41,1-16-2023-041-02,2,1,5YFEPMAE9NP3,17,448,2208,13,0,49,32,2022,4,1,3,0,1,F,2,1315,5,0,1,1,10,2,89,1,1,1,147,2,1,2,45238,1,2,1,2,5,1,2,1,1,1,1,3,1,3,3,1,0,0,9,1,1,1,6,98,2,4,1,B,7,0,0,0,0,0,0,0,0,0,0,998,998,0,0,0,1,1,26,-25,4,37666,998,-4,26,0,4,2,12,0,2,3,0,998,5.1,999,999,999,0.0,0.0,0.0,118.7873223,5,8
29597,25,53,1-25-2023-053-02,2,1,ZACNJBA14LPL,17,483,6160,7,0,2,408,2020,14,3,14,0,1,F,1,1447,5,0,1,1,30,2,48,1,8,1,137,2,7,1,04102,9,9,2,1,2,2,2,2,2,1,1,2,0,0,3,1,1,2,1,1,14,2,13,98,2,4,1,A,1,0,0,0,0,0,0,0,0,0,0,998,998,0,1,0,5,1,19,-19,3,23347,998,32,19,0,1,3,10,1,1,3,0,998,0.8,5,5,76,0.0,0.0,0.0,32.28861271,2,8
29598,10,65,1-10-2023-065-08,8,1,1GT020CG1CF2,17,472,1857,60,0,23,481,2012,34,5,31,0,1,F,1,2685,5,0,1,4,48,5,56,1,0,0,995,0,0,0,45331,9,9,2,4,6,1,2,1,1,1,0,1,0,0,1,1,1,2,1,1,10,2,10,99,1,2,4,K,80,0,0,0,0,0,0,0,0,0,0,220,50,0,0,0,1,3,15,-15,0,35790,998,0,19,0,4,95,95,95,95,95,0,995,9.8,998,998,998,99.8,99.8,99.8,104.2224004,4,8
29598,10,65,1-10-2023-065-08,8,2,3GKALMEV1LL3,17,472,1858,7,0,23,402,2020,14,3,14,0,1,F,1,1564,5,0,1,1,27,2,56,1,0,0,995,0,0,0,45322,1,2,2,4,3,2,2,1,1,1,1,2,0,0,1,1,1,2,1,0,1,4,62,99,1,1,4,K,81,0,0,0,0,0,0,0,0,0,0,50,220,0,0,0,1,3,24,-24,4,26807,998,-25,20,0,4,1,1,0,2,3,0,995,9.8,998,998,998,99.8,99.8,99.8,104.2224004,4,8
29600,10,67,1-10-2023-067-01,1,1,1G1AL52F6575,17,467,4234,13,0,20,22,2005,4,1,2,0,1,B,3,1301,5,0,1,1,12,2,56,1,0,1,82,2,0,2,45424,1,2,0,1,2,2,2,2,1,4,3,2,0,0,3,8,0,0,3,1,1,1,6,99,3,4,1,A,2,0,0,0,0,0,0,0,0,0,0,998,998,0,0,1,2,12,999,999,999,9999999,999,999,999,8,0,5,50,3,6,1,0,998,0.0,999,999,999,12.9,3.0,13.3,19.95004175,4,8
29601,10,68,1-10-2023-068-04,4,1,3GNDA13D87S6,17,467,4586,7,0,20,23,2007,6,1,2,0,1,F,1,1440,5,9999,9,0,998,2,89,1,0,0,995,0,0,0,45417,9,9,0,2,3,3,2,1,1,9,3,2,0,0,1,8,0,0,1,0,1,3,52,99,1,1,2,D,28,0,0,0,0,0,0,0,0,0,0,220,210,0,0,0,1,3,9,-9,3,5604,998,70,9,0,4,0,0,0,0,0,0,995,9.8,998,998,998,99.8,99.8,99.8,434.4970098,4,8
29601,10,68,1-10-2023-068-04,4,2,1HGCV3F97NA0,17,474,1861,13,0,37,32,2022,4,1,4,0,1,B,1,1524,5,0,1,1,7,2,89,1,0,0,995,0,0,0,45066,9,9,0,2,3,3,2,1,1,9,3,2,0,0,1,8,0,0,1,0,2,3,53,2,1,1,2,D,29,0,0,0,0,0,0,0,0,0,0,210,220,0,0,0,1,3,9,9,-2,5877,998,3,10,0,4,0,0,0,0,0,0,995,9.8,998,998,998,99.8,99.8,99.8,434.4970098,4,8
29602,52,45,1-52-2023-045-07,7,1,JF2SJAAC1EH5,17,523,2234,7,0,48,401,2014,14,3,14,0,1,F,1,1550,5,0,1,1,13,2,56,1,0,0,995,0,0,0,59102,1,1,2,4,4,2,2,2,1,1,1,2,0,0,1,2,1,2,3,0,1,3,50,4,1,1,2,D,20,0,0,0,0,0,0,0,0,0,0,90,90,0,0,0,1,3,12,-12,0,11474,998,-9,13,0,4,0,0,0,0,0,0,995,9.8,998,998,998,99.8,99.8,99.8,212.1870292,12,8
29602,52,45,1-52-2023-045-07,7,2,WA1CMAFP0EA0,17,582,3862,7,0,32,402,2014,14,3,14,0,1,B,1,1975,5,9999,9,0,998,5,56,1,0,0,995,0,0,0,59101,9,9,2,4,4,2,2,2,1,1,1,2,0,0,1,2,1,2,9,0,5,3,53,1,1,1,2,D,21,0,0,0,0,0,0,0,0,0,0,90,90,0,0,0,1,3,10,10,0,6244,998,0,9,0,4,95,95,95,95,95,0,995,9.8,998,998,998,99.8,99.8,99.8,212.1870292,12,8
29603,52,46,1-52-2023-046-03,3,1,1GC4K0CY8HF1,17,467,1850,60,0,20,880,2017,67,8,60,0,1,R,9,,,,,,,5,40,1,1,9,998,8,0,0,59106,9,9,2,4,2,1,2,2,1,1,0,0,0,0,1,2,0,0,9,0,1,4,65,99,1,1,4,K,79,,,,,,,,,,,,,,,,,,,,,,,,,,,95,95,95,95,95,,,9.8,998,998,998,99.8,99.8,99.8,24.16853791,12,8
29603,52,46,1-52-2023-046-03,3,2,5FNYF6H47KB0,17,474,1864,7,0,37,421,2019,15,3,15,0,1,F,2,1932,5,0,1,1,20,2,40,1,0,0,995,0,0,0,59105,1,2,2,4,2,1,2,2,1,1,0,0,0,0,1,2,0,0,3,0,10,2,16,2,1,1,4,K,78,0,0,0,0,0,0,0,0,0,0,290,0,0,0,0,1,5,999,999,999,9999999,999,999,37,3,0,2,5,0,1,4,0,995,9.8,998,998,998,99.8,99.8,99.8,24.16853791,12,8