CASEID,PSU,CASENO,CASENUMBER,CATEGORY,VEHNO,VIN,VINLENGTH,VPICMAKE,VPICMODEL,VPICBODYCLASS,ICFINALBODY,MAKE,MODEL,MODELYR,BODYTYPE,BODYCAT,VEHCLASS,SPECUSE,TRANSTAT,DAMPLANE,DAMSEV,CURBWT,CURBSRC,CARGOWT,CARGOSRC,INSPTYPE,INSPLAG,TOWED,SPEEDLIMIT,DRPRESENT,PARALCOHOL,ALCTEST,ALCTESTRESULT,ALCTESTSRC,PARDRUG,DRUGTEST,ZIP,RACE,ETHNICITY,RELTOJUNCT,TRAFFLOW,RDLANES,INITLANE,SURFTYPE,SURFCOND,ALIGNMENT,PROFILE,LINERIGHT,LINELEFT,RUMBINIT,RUMBROAD,LIGHTCOND,WEATHER,TRAFDEV,TRAFFUNCT,DISTRACT,PREFHE,PREMOVE,CRITCAT,CRITEVENT,MANEUVER,PRESTAB,PRELOC,CRASHCAT,CRASHCONF,CRASHTYPE,ROLLTYPE,ROLLTURN,ROLLINTRPT,ROLLPREMAN,ROLLINITYP,ROLLINLOC,ROLLOBJ,ROLLTRIP,ROLLDIR,ROLLDIST,DVANGTHIS,DVANGOTH,TOWHITCH,TRAJDOC,TREEPOLE,DVEVENT,DVBASIS,DVTOTAL,DVLONG,DVLAT,DVENERGY,DVSPEED,DVMOMENT,DVBES,DVEST,DVCONF,VAIS,VISS,VINJSEV,VINJURED,VTREAT,INITOBJCLASS,HEADANGLECAT,SHLDRWIDTH,STRKLENGTH,STRKWIDTH,STRKHEIGHT,EDGEDISTX,EDGEDISTY,EDGEDISTZ,CASEWGT,PSUSTRAT,VERSION
29604,52,47,1-52-2023-047-04,4,1,1C4HJXDGXNW1,17,483,1943,7,0,2,403,2022,14,3,14,0,1,R,1,1890,5,0,1,1,18,2,40,1,0,0,995,0,0,0,59102,9,9,2,4,2,1,2,1,1,1,0,0,0,0,1,8,0,0,9,0,1,2,17,3,1,1,5,L,87,0,0,0,0,0,0,0,0,0,0,270,180,0,0,0,1,5,999,999,999,9999999,999,999,9,1,0,0,0,0,0,0,0,995,9.8,998,998,998,99.8,99.8,99.8,82.6467257,12,8
29604,52,47,1-52-2023-047-04,4,2,3BKBLJ0X7GF4,17,532,2717,11,0,85,881,2016,63,8,60,0,1,F,9,,,,,,,5,40,1,0,0,995,0,0,0,59101,9,9,2,4,2,1,2,1,1,1,0,0,0,0,1,8,0,0,9,0,1,2,17,99,1,1,5,L,86,,,,,,,,,,,,,,,,,,,,,,,,,,,95,95,95,95,95,,,9.8,998,998,998,99.8,99.8,99.8,82.6467257,12,8
29605,52,48,1-52-2023-048-03,3,1,2C3CCAKG2KH6,17,477,1878,13,0,6,51,2019,4,1,5,0,1,F,1,2047,5,0,1,1,15,2,40,1,0,0,995,0,0,0,59102,1,2,2,4,2,1,2,1,1,1,0,2,0,0,1,8,2,2,9,0,1,2,17,1,1,1,5,L,88,0,0,0,0,0,0,0,0,0,0,90,10,0,0,0,1,1,14,-9,-10,39408,998,-154,15,0,1,1,1,0,1,4,0,995,9.8,998,998,998,99.8,99.8,99.8,24.16853791,12,8
29605,52,48,1-52-2023-048-03,3,2,5NPEB4AC8EH8,17,498,2459,13,0,55,33,2014,4,1,4,0,1,L,1,1475,5,0,1,1,16,2,40,1,0,0,995,0,0,0,59101,9,9,2,4,4,1,2,1,1,1,0,1,0,0,1,8,0,0,9,0,1,4,66,4,1,1,5,L,89,0,0,0,0,0,0,0,0,0,0,10,90,0,0,0,1,1,18,-12,14,11008,998,-12,13,0,1,99,99,0,0,99,0,995,9.8,998,998,998,99.8,99.8,99.8,24.16853791,12,8
29605,52,48,1-52-2023-048-03,3,3,1FTFX1ET1CFA,17,460,1801,60,0,12,481,2012,34,5,31,0,1,L,9,2454,5,9999,9,0,998,5,40,1,0,0,995,0,0,0,59102,9,9,2,4,2,1,2,1,1,1,0,2,0,0,1,8,2,2,9,0,5,4,66,1,1,1,6,M,98,0,0,0,0,0,0,0,0,0,0,270,30,0,0,0,2,0,999,999,999,9999999,999,999,999,9,0,95,95,95,95,95,0,995,9.8,998,998,998,99.8,99.8,99.8,24.16853791,12,8
29606,32,52,1-32-2023-052-03,3,1,KL4CJCSB3LB0,17,468,1842,7,0,18,404,2020,14,3,14,0,1,R,1,1523,5,0,1,1,9,2,64,1,0,0,995,0,0,0,73170,1,9,2,1,4,4,1,1,1,1,1,0,0,0,1,8,1,2,9,0,11,2,15,99,1,1,4,J,68,0,0,0,0,0,0,0,0,0,0,20,270,0,0,0,1,1,21,-11,-18,42063,998,39,24,0,1,9,97,0,3,8,0,995,9.8,998,998,998,99.8,99.8,99.8,718.751781,7,8
29606,32,52,1-32-2023-052-03,3,2,1GCUYGED1NZ1,17,467,29076,60,0,20,481,2022,34,5,30,0,1,F,1,2184,5,0,1,1,32,2,64,1,0,0,995,0,0,0,75181,1,9,2,1,4,3,1,1,1,1,1,1,0,0,1,8,1,2,9,0,1,4,62,2,1,1,4,J,69,0,0,0,0,0,0,0,0,0,0,270,20,0,0,0,1,1,16,-16,3,16657,998,42,13,0,2,9,97,0,1,99,0,995,9.8,998,998,998,99.8,99.8,99.8,718.751781,7,8
29607,32,53,1-32-2023-053-04,4,1,1GNERHKW2NJ1,17,467,1853,7,0,20,423,2022,15,3,15,0,1,B,1,1978,5,0,1,1,22,2,113,1,0,0,995,0,0,0,75135,1,9,0,2,3,2,1,2,3,1,3,3,0,0,1,2,0,0,9,1,14,1,6,1,3,4,1,B,7,0,0,0,0,0,0,0,0,0,0,998,998,0,0,0,1,1,18,17,3,26869,998,-49,18,0,1,0,0,0,0,0,0,998,4.6,999,999,999,0.0,0.0,0.0,2787.749574,7,8
29609,18,30,1-18-2023-030-04,4,1,1D7HW42N35S3,17,476,1941,60,0,7,472,2005,34,5,31,0,1,R,1,2012,5,9999,9,0,998,5,105,1,0,0,995,0,0,0,54840,9,9,1,1,2,2,1,1,3,9,3,2,0,0,1,1,0,0,1,1,14,2,11,99,1,6,2,F,46,0,0,0,0,0,0,0,0,0,0,135,125,0,0,0,1,3,4,-2,-3,1687,998,81,4,0,4,95,95,95,95,95,0,995,9.8,998,998,998,99.8,99.8,99.8,328.5599905,6,8
29609,18,30,1-18-2023-030-04,4,2,JN1BJ1AV5MW3,17,478,17214,5,0,35,404,2021,14,3,14,0,1,L,1,1536,5,0,1,1,21,2,105,1,0,0,995,0,0,0,60411,2,9,1,1,2,1,1,1,3,9,1,3,0,0,1,1,0,0,1,0,14,4,60,1,1,1,2,F,45,0,0,0,0,0,0,0,0,0,0,125,135,0,0,0,1,3,5,2,4,2185,998,122,4,0,4,0,0,0,0,0,0,995,9.8,998,998,998,99.8,99.8,99.8,328.5599905,6,8
29610,18,31,1-18-2023-031-03,3,1,3GCUKREC5JG5,17,467,1850,60,0,20,481,2018,34,5,31,0,1,F,1,2394,5,9999,9,0,998,5,72,1,0,0,995,0,0,0,54701,9,9,2,1,4,2,1,1,1,1,1,3,0,0,1,1,1,2,3,0,1,3,52,99,1,1,2,D,28,0,0,0,0,0,0,0,0,0,0,0,0,0,0,0,1,3,22,-22,0,46090,998,0,22,0,4,95,95,95,95,95,0,995,9.8,998,998,998,99.8,99.8,99.8,111.4534796,6,8
29610,18,31,1-18-2023-031-03,3,2,3GTU9DED1MG4,17,472,1857,60,0,23,481,2021,34,5,31,0,1,B,1,2193,5,0,1,1,14,2,72,1,0,0,995,0,0,0,54738,1,9,2,1,4,2,1,1,1,1,1,3,0,0,1,1,1,2,1,0,2,3,53,1,1,1,2,D,29,0,0,0,0,0,0,0,0,0,0,0,0,0,0,0,1,3,23,23,0,46884,998,-24,23,0,4,1,1,0,1,4,0,995,9.8,998,998,998,99.8,99.8,99.8,111.4534796,6,8
29610,18,31,1-18-2023-031-03,3,3,1FTEX18L1VNC,17,460,1801,60,0,12,481,1997,34,5,31,0,1,B,9,2032,5,9999,9,0,998,5,72,1,0,0,995,0,0,0,54720,9,9,2,1,4,2,1,1,1,1,1,3,0,0,1,1,0,0,1,0,2,3,53,1,1,1,6,M,98,0,0,0,0,0,0,0,0,0,0,0,0,0,0,0,2,0,999,999,999,9999999,999,999,999,9,0,95,95,95,95,95,0,995,9.8,998,998,998,99.8,99.8,99.8,111.4534796,6,8
29611,76,32,1-76-2023-032-03,3,1,JF2GTABCXPH2,17,523,13580,7,0,48,403,2023,14,3,14,0,1,F,1,1414,8,9999,9,4,104,2,89,1,8,9,998,8,7,9,13775,9,9,0,4,2,1,2,3,2,4,1,2,0,0,1,8,0,0,9,1,14,1,6,99,2,4,1,B,7,0,0,0,0,0,0,0,0,0,0,998,998,0,0,0,1,12,999,999,999,9999999,999,999,999,6,0,0,0,0,0,4,0,998,0.8,999,999,999,6.9,2.0,7.2,28.06890514,3,8
29612,76,33,1-76-2023-033-10,10,1,2T1BR12E72C5,17,448,2208,13,0,49,32,2002,4,1,1,0,1,9,9,1095,5,9999,9,0,998,2,89,1,8,9,998,8,7,9,11798,9,9,0,4,2,1,2,3,2,4,1,2,0,0,1,4,0,0,9,1,14,1,6,99,2,4,1,A,2,0,0,0,0,0,0,0,0,0,0,998,998,0,1,0,1,0,999,999,999,9999999,999,999,999,9,0,0,0,0,0,0,0,998,1.4,120,8,19,0.0,0.0,0.0,603.5353537,3,8
29613,66,30,1-66-2023-030-06,6,1,1GKS2JKJ5FR3,17,472,4579,7,0,23,422,2015,15,3,15,0,1,F,1,2606,5,0,1,1,31,2,72,1,0,0,995,0,7,0,65708,9,9,0,4,2,1,2,1,1,1,1,4,0,0,2,1,0,0,9,0,1,6,87,1,1,1,1,C,13,0,0,0,0,0,0,0,0,0,0,998,998,0,0,0,1,12,999,999,999,9999999,999,999,999,6,0,99,99,0,0,99,0,998,9.8,998,998,998,99.8,99.8,99.8,142.8761398,6,8
29614,73,48,1-73-2023-048-09,9,1,JF2SH6ACXAH7,17,523,2234,7,0,48,401,2010,14,3,14,0,1,R,1,1483,5,0,1,1,19,2,40,1,8,0,995,0,7,0,04924,9,9,2,4,4,2,2,1,1,1,1,2,0,0,1,1,1,2,1,0,11,2,15,99,1,1,4,J,68,0,0,0,0,0,0,0,0,0,0,90,0,0,0,0,1,3,9,-3,-9,8275,998,44,11,0,1,9,97,0,1,0,0,995,9.8,998,998,998,99.8,99.8,99.8,96.79228059,3,8
29614,73,48,1-73-2023-048-09,9,2,KNDJN2A21G72,17,499,2460,7,0,63,37,2016,6,1,2,0,1,F,1,1492,5,9999,9,0,998,5,40,1,8,0,995,0,7,0,04924,9,9,2,4,4,1,2,1,1,1,1,1,0,0,1,1,1,2,1,0,1,4,62,99,1,1,4,J,69,0,0,0,0,0,0,0,0,0,0,0,90,0,0,0,1,3,10,-9,3,4471,998,63,8,0,4,95,95,95,95,95,0,995,9.8,998,998,998,99.8,99.8,99.8,96.79228059,3,8
29615,73,49,1-73-2023-049-06,6,1,3C6UR5DL8GG2,17,496,13621,60,0,7,482,2016,34,5,31,0,1,F,2,3090,5,0,1,1,35,2,80,1,8,2,996,1,7,0,04911,9,9,0,4,2,1,2,1,3,2,1,2,0,0,2,1,0,0,3,1,14,2,13,99,1,4,1,A,1,0,0,0,0,0,0,0,0,0,0,998,998,0,0,2,1,8,999,999,999,9999999,999,999,999,7,0,9,97,0,1,0,0,998,1.6,30,30,120,15.0,2.0,15.2,39.09113294,3,8
29616,73,50,1-73-2023-050-06,6,1,3TMCZ5AN4JM1,17,448,2223,60,0,49,472,2018,34,5,31,0,1,F,2,2007,8,0,1,1,18,2,80,1,1,1,219,2,7,2,04979,9,9,0,4,2,1,2,1,1,1,1,4,0,0,2,1,0,0,1,1,1,2,12,1,1,4,1,B,6,0,0,0,0,0,0,0,0,0,0,998,998,0,0,2,2,10,999,999,999,9999999,999,-40,28,3,0,1,2,0,1,4,0,998,1.0,11,11,120,75.0,3.0,75.1,39.09113294,3,8
29618,31,31,1-31-2023-031-06,6,1,1C3CCCAB9GN1,17,477,2053,13,0,6,18,2016,4,1,3,0,1,F,1,1575,5,0,1,1,77,2,89,1,0,0,995,0,0,0,62984,1,2,0,4,2,1,2,1,1,1,1,4,0,0,1,1,0,0,1,1,6,2,12,8,2,4,1,B,6,0,0,0,0,0,0,0,0,0,0,998,998,0,0,0,1,12,999,999,999,9999999,999,999,999,6,0,1,1,0,1,0,0,998,0.4,999,999,999,99.9,99.9,99.9,247.8107959,6,8
29619,31,32,1-31-2023-032-07,7,1,1C4NJRBB7GD6,17,483,1947,7,0,2,407,2016,14,3,14,0,1,F,9,1480,5,9999,9,0,998,2,64,1,0,0,995,0,0,0,62946,9,9,2,4,2,1,2,1,1,1,1,4,0,0,1,1,0,0,9,0,1,3,50,8,1,1,2,D,20,1,2,2,6,2,4,60,4,1,10,110,100,0,0,0,1,0,999,999,999,9999999,999,999,999,9,0,99,99,0,0,0,3,995,9.8,998,998,998,99.8,99.8,99.8,353.3448333,6,8
29619,31,32,1-31-2023-032-07,7,2,1G8ZS57N58F1,17,1056,4336,13,0,24,9,2008,4,1,4,0,1,B,9,1601,5,9999,9,0,998,2,64,1,0,0,995,0,0,0,62984,9,9,2,4,2,1,2,1,1,1,0,4,0,0,1,1,0,0,9,0,5,3,53,1,1,1,2,D,22,0,0,0,0,0,0,0,0,0,0,100,110,0,0,0,1,0,999,999,999,9999999,999,999,999,9,0,99,99,0,0,0,0,995,9.8,998,998,998,99.8,99.8,99.8,353.3448333,6,8
29620,26,52,1-26-2023-052-03,3,1,JTDKAMFP1N32,17,448,21950,5,0,49,46,2022,5,1,3,0,1,B,1,1526,5,0,1,1,13,2,72,1,0,0,995,0,0,0,95626,1,9,3,1,4,1,2,1,3,1,0,3,0,0,1,1,0,0,1,1,15,2,10,1,1,2,2,D,25,0,0,0,0,0,0,0,0,0,0,60,70,0,0,0,1,1,12,12,2,6269,998,16,10,0,4,99,99,0,0,99,0,995,0.0,41,16,13,0.0,0.0,0.0,332.1988725,10,8
29620,26,52,1-26-2023-052-03,3,2,2HGFC2F8XLH5,17,474,1863,13,0,37,31,2020,4,1,3,0,1,F,1,1312,5,0,1,1,12,2,72,1,0,0,995,0,0,0,95610,1,9,3,1,4,1,2,1,3,1,0,3,0,0,1,1,0,0,1,1,14,3,51,98,1,2,2,D,24,0,0,0,0,0,0,0,0,0,0,70,60,0,0,0,1,1,15,-15,0,15111,998,30,17,0,4,9,97,0,1,8,0,995,9.8,998,998,998,99.8,99.8,99.8,332.1988725,10,8
29620,26,52,1-26-2023-052-03,3,3,1HGCV3F24NA0,17,474,1861,13,0,37,32,2022,4,1,4,0,1,L,9,1524,5,9999,9,0,998,5,72,1,0,0,995,0,0,0,95843,9,9,3,1,3,3,2,1,2,1,3,0,0,0,1,1,0,0,1,0,14,4,62,99,1,1,6,M,98,0,0,0,0,0,0,0,0,0,0,245,240,0,0,0,3,0,999,999,999,9999999,999,999,999,9,0,95,95,95,95,95,0,995,9.8,998,998,998,99.8,99.8,99.8,332.1988725,10,8
29621,26,53,1-26-2023-053-03,3,1,KM8SMDHF9HU2,17,498,2057,7,0,55,401,2017,14,3,14,0,1,F,1,1968,5,0,1,1,11,2,72,1,0,0,995,0,0,0,59722,1,9,2,4,2,1,2,1,1,4,0,0,0,0,1,1,2,2,2,0,11,2,15,1,1,1,4,K,82,0,0,0,0,0,0,0,0,0,0,325,65,0,1,0,1,1,15,-10,11,42816,998,171,15,0,1,1,1,0,1,99,0,995,9.8,998,998,998,99.8,99.8,99.8,332.1988725,10,8
29621,26,53,1-26-2023-053-03,3,2,5YJ3E1EC5PF5,17,441,17834,13,0,29,5,2023,4,1,4,0,1,R,1,1847,5,0,1,1,12,2,72,1,0,0,995,0,0,0,95819,1,9,2,1,3,2,2,1,1,1,3,3,0,0,1,1,0,0,1,0,1,4,67,3,1,1,4,K,83,0,0,0,0,0,0,0,0,0,0,65,325,0,1,0,1,1,16,-14,-8,25262,998,98,15,0,1,99,99,0,0,99,0,995,9.8,998,998,998,99.8,99.8,99.8,332.1988725,10,8
29621,26,53,1-26-2023-053-03,3,3,SHHFK7H70JU4,17,474,1863,5,0,37,31,2018,5,1,3,0,1,F,9,1323,5,9999,9,0,998,2,72,1,0,0,995,0,0,0,95864,1,9,2,1,3,3,2,1,1,1,3,0,0,0,1,1,0,0,1,0,1,4,61,2,2,1,6,M,98,0,0,0,0,0,0,0,0,0,0,75,75,0,1,0,2,0,999,999,999,9999999,999,999,999,9,0,1,1,0,1,99,0,995,0.0,30,9,5,0.0,0.0,0.0,332.1988725,10,8
29622,25,54,1-25-2023-054-06,6,1,1GTV2MEC0GZ4,17,472,1857,60,0,23,481,2016,34,5,30,0,1,F,1,2366,5,100,1,1,14,2,48,1,0,0,995,0,0,0,04046,9,9,0,1,1,1,2,1,1,1,3,2,0,0,2,1,0,0,1,0,1,3,50,2,1,1,2,D,20,0,0,0,0,0,0,0,0,0,0,170,160,0,0,0,1,3,15,-15,3,36280,998,21,19,0,4,99,99,0,0,0,0,995,9.8,998,998,998,99.8,99.8,99.8,1231.518207,2,8
29622,25,54,1-25-2023-054-06,6,2,JF2SKAMCXNH5,17,523,2234,7,0,48,401,2022,14,3,14,0,1,B,1,1610,5,9999,9,0,998,5,48,1,0,0,995,0,0,0,04103,9,9,0,1,1,1,2,1,1,1,3,2,0,0,2,1,0,0,1,0,5,3,53,99,1,1,2,D,21,0,0,0,0,0,0,0,0,0,0,160,170,0,0,0,1,3,24,23,-4,23863,998,44,19,0,4,95,95,95,95,95,0,995,9.8,998,998,998,99.8,99.8,99.8,1231.518207,2,8
29624,27,37,1-27-2023-037-06,6,1,KM8JUCAG1FU0,17,498,2058,7,0,55,402,2015,14,3,14,0,1,F,3,1582,5,0,1,1,29,2,56,1,8,1,0,2,7,0,01225,1,2,0,4,2,1,2,1,1,4,0,2,0,0,1,1,0,0,9,1,1,1,9,4,2,4,1,A,2,1,1,1,6,6,4,42,3,1,1,998,998,0,1,1,1,11,999,999,999,9999999,999,999,999,8,0,3,10,1,2,3,3,998,0.0,28,28,120,18.1,3.2,18.4,86.35323554,3,8
29627,15,72,1-15-2023-072-03,3,1,5NMS5CAD0LH2,17,498,2057,7,0,55,401,2020,14,3,14,0,1,F,2,1843,5,0,1,1,41,2,48,1,8,9,998,8,7,9,11801,9,9,2,4,2,1,2,1,1,1,0,2,0,0,1,8,2,2,9,0,11,2,15,99,1,1,4,K,82,0,0,0,0,0,0,0,0,0,0,220,345,0,0,0,1,3,25,-19,16,66229,998,92,25,0,4,0,0,0,0,4,0,995,9.8,998,998,998,99.8,99.8,99.8,54.78211604,1,8
29627,15,72,1-15-2023-072-03,3,2,4S3GKAB6XK36,17,523,2235,13,0,48,38,2019,4,1,3,0,1,F,2,1376,5,0,1,1,42,2,48,1,8,9,998,8,7,9,11763,9,9,2,4,4,2,2,1,1,1,3,2,0,0,1,8,0,0,9,0,1,4,67,4,1,1,4,K,83,0,0,0,0,0,0,0,0,0,0,345,220,0,0,0,1,3,33,-31,-11,75511,998,-77,32,0,4,0,0,0,0,0,0,995,9.8,998,998,998,99.8,99.8,99.8,54.78211604,1,8
29628,29,21,1-29-2023-021-03,3,1,1GTEK19C49Z2,17,472,1857,60,0,23,481,2009,34,5,31,0,1,F,1,2408,5,136,1,1,8,2,48,1,8,9,998,8,7,9,02745,9,9,0,4,2,1,2,1,1,1,0,2,0,0,1,1,0,0,1,0,1,3,52,2,1,1,2,D,28,0,0,0,0,0,0,0,0,0,0,225,220,0,1,0,1,12,999,999,999,9999999,999,999,999,6,0,0,0,0,0,0,0,995,9.8,998,998,998,99.8,99.8,99.8,284.0692858,2,8
29628,29,21,1-29-2023-021-03,3,2,JA4ARUAU8MU0,17,481,13867,7,0,52,404,2021,14,3,14,0,1,B,1,1545,5,0,1,1,9,2,48,1,8,9,998,8,7,9,02744,9,9,0,4,2,1,2,1,1,1,0,2,0,0,1,1,0,0,1,0,2,3,53,1,1,1,2,D,29,0,0,0,0,0,0,0,0,0,0,220,225,0,1,0,1,12,999,999,999,9999999,999,999,999,6,0,99,99,0,0,8,0,995,9.8,998,998,998,99.8,99.8,99.8,284.0692858,2,8
29631,15,73,1-15-2023-073-03,3,1,5N1AT2MV6KC7,17,478,1913,7,0,35,404,2019,14,3,14,0,1,R,1,1610,5,0,1,1,59,2,48,1,8,9,998,8,7,9,11433,2,2,2,4,3,2,2,2,1,1,1,2,0,0,1,2,2,2,9,0,11,2,15,1,1,1,4,J,68,0,0,0,0,0,0,0,0,0,0,100,350,0,0,0,1,3,13,-6,-11,20774,998,124,13,0,4,99,99,0,0,4,0,995,9.8,998,998,998,99.8,99.8,99.8,54.78211604,1,8
29631,15,73,1-15-2023-073-03,3,2,5XXG14J27NG0,17,499,27527,13,0,63,398,2022,4,1,4,0,1,F,1,1567,5,9999,9,0,998,5,48,1,8,9,998,8,7,9,11530,9,9,2,4,3,1,2,2,1,1,1,1,0,0,1,2,2,2,9,0,1,4,62,99,1,1,4,J,69,0,0,0,0,0,0,0,0,0,0,350,100,0,0,0,1,3,15,-14,3,12797,998,36,14,0,4,95,95,95,95,95,0,995,9.8,998,998,998,99.8,99.8,99.8,54.78211604,1,8
29632,15,74,1-15-2023-074-06,6,1,JTHCZ1D24J50,17,515,2184,13,0,59,35,2018,4,1,4,0,1,R,9,1625,5,9999,9,0,998,2,64,1,8,0,995,0,7,0,11801,3,2,0,4,4,2,2,1,1,1,3,2,0,0,3,1,0,0,9,1,15,2,11,99,9,2,2,F,46,9,99,9,9,99,9,99,9,9,999,15,350,0,0,0,1,0,999,999,999,9999999,999,999,999,9,0,1,1,0,1,4,9,995,9.8,998,998,998,99.8,99.8,99.8,112.7322891,1,8
29632,15,74,1-15-2023-074-06,6,2,4T1BK3DB4BU4,17,448,2465,13,0,49,43,2011,4,1,4,0,1,L,2,1615,5,9999,9,4,35,2,64,1,8,9,998,8,7,9,11803,9,9,0,4,4,1,2,1,1,1,1,1,0,0,3,1,0,0,9,0,1,4,60,99,1,1,2,F,45,0,0,0,0,0,0,0,0,0,0,350,15,0,0,0,1,12,999,999,999,9999999,999,999,999,3,0,0,0,0,0,0,0,995,9.8,998,998,998,99.8,99.8,99.8,112.7322891,1,8
29634,28,29,1-28-2023-029-07,7,1,JF1SG63693H7,17,523,2234,7,0,48,401,2003,14,3,14,0,1,F,1,1385,5,0,1,1,19,2,48,1,0,1,0,2,0,0,16929,1,2,0,4,2,1,2,1,1,1,1,4,1,0,1,1,0,0,2,1,6,4,61,99,1,2,2,F,48,1,4,2,2,1,4,61,1,2,25,65,45,0,0,0,1,3,7,-7,-1,1892,998,26,6,0,4,1,3,0,1,3,3,995,9.8,998,998,998,99.8,99.8,99.8,66.78610828,3,8
29634,28,29,1-28-2023-029-07,7,2,KNDJP3A54H78,17,499,2460,7,0,63,37,2017,6,1,2,0,1,L,1,1287,5,0,1,1,18,2,48,1,0,0,995,0,0,0,16928,9,9,0,4,2,1,2,1,1,1,1,4,1,0,1,1,0,0,9,1,6,2,10,1,1,2,2,F,48,0,0,0,0,0,0,0,0,0,0,45,65,0,0,0,1,3,7,6,3,5820,998,119,7,0,4,0,0,0,0,0,0,995,9.8,998,998,998,99.8,99.8,99.8,66.78610828,3,8
29635,30,30,1-30-2023-030-05,5,1,4T1BF1FKXHU3,17,448,2469,13,0,49,40,2017,4,1,4,0,1,R,2,1467,5,0,1,1,9,2,64,1,0,1,0,2,0,0,85302,9,9,3,5,5,3,2,1,1,1,4,4,0,0,1,1,0,0,1,0,11,2,15,3,1,1,4,J,68,0,0,0,0,0,0,0,0,0,0,110,10,0,0,0,1,1,34,-12,-32,18800,998,-35,17,0,1,2,6,0,1,4,0,995,9.8,998,998,998,99.8,99.8,99.8,88.64074778,10,8
29635,30,30,1-30-2023-030-05,5,2,5N1DR2MNXHC9,17,478,1911,7,0,35,401,2017,14,3,14,0,1,F,1,1939,5,0,1,1,10,2,64,1,0,1,179,2,0,2,85374,9,9,3,5,5,2,2,1,1,1,3,2,0,0,1,1,0,0,1,0,1,4,62,3,1,1,4,J,69,0,0,0,0,0,0,0,0,0,0,10,110,0,0,0,1,1,23,-23,4,103407,998,38,33,0,1,1,2,0,2,3,0,995,1.7,46,15,14,0.0,0.0,0.0,88.64074778,10,8
29637,32,55,1-32-2023-055-02,2,1,WDDHF5KB1CA6,17,449,2081,13,0,42,48,2012,4,1,4,0,1,F,3,1845,5,0,1,1,31,2,64,1,0,1,183,2,0,2,32254,2,9,2,1,4,2,1,1,1,4,1,1,0,0,1,1,1,2,9,0,1,2,17,99,1,1,5,L,88,0,0,0,0,0,0,0,0,0,0,210,280,0,0,0,3,3,42,-41,7,84905,998,39,33,0,4,3,14,1,1,3,0,995,9.8,998,998,998,99.8,99.8,99.8,33.08739741,7,8
29637,32,55,1-32-2023-055-02,2,2,4T1B11HK4JU6,17,448,2469,13,0,49,40,2018,4,1,4,0,1,L,2,1470,5,0,1,1,19,2,64,1,0,0,995,0,0,0,75056,2,9,2,1,6,5,1,1,1,1,1,1,0,0,1,1,1,2,9,0,1,4,66,99,1,1,5,L,89,0,0,0,0,0,0,0,0,0,0,175,265,0,0,0,1,1,33,-6,32,52326,998,145,21,0,4,99,99,0,0,5,0,995,0.0,110,15,15,0.0,0.0,0.0,33.08739741,7,8
29637,32,55,1-32-2023-055-02,2,3,3N1AB7AP7KY3,17,478,1907,13,0,35,43,2019,4,1,3,0,1,R,3,1315,5,0,1,1,40,2,56,1,0,1,0,2,0,0,75254,9,1,2,3,1,1,1,1,3,4,0,0,0,0,1,1,3,2,9,0,5,4,63,1,1,1,6,M,98,0,0,0,0,0,0,0,0,0,0,280,210,0,0,0,3,3,58,10,-57,231696,998,3,65,0,4,6,75,1,1,1,0,995,0.0,120,35,105,0.0,0.0,0.0,33.08739741,7,8
29638,28,30,1-28-2023-030-09,9,1,1G1ND52J92M6,17,467,1834,13,0,20,37,2002,4,1,3,0,1,F,1,1384,5,0,1,1,19,2,56,1,0,0,995,0,0,0,16947,1,2,0,4,2,1,2,2,3,1,0,0,0,0,1,2,0,0,3,1,14,2,13,10,2,4,1,A,1,0,0,0,0,0,0,0,0,0,0,998,998,0,0,2,1,10,999,999,999,9999999,999,-8,21,2,0,1,2,0,1,4,0,998,0.0,999,999,999,99.9,99.9,99.9,51.81117495,3,8
29639,27,38,1-27-2023-038-03,3,1,2T3DK4DV9AW0,17,448,2217,7,0,49,402,2010,14,3,14,0,1,L,2,1658,5,9999,9,0,998,5,40,1,0,0,995,0,0,9,01201,9,9,2,4,2,1,2,1,3,4,0,0,0,0,1,1,0,0,1,0,11,2,15,99,1,1,4,K,82,0,0,0,0,0,0,0,0,0,0,345,65,0,0,0,1,3,35,0,35,122477,998,-19,43,0,4,95,95,95,95,95,0,995,9.8,998,998,998,99.8,99.8,99.8,27.20995697,3,8
29639,27,38,1-27-2023-038-03,3,2,2GNAXVEX0K62,17,467,1847,7,0,20,404,2019,14,3,14,0,1,F,2,1656,5,0,1,1,16,2,48,1,0,0,995,0,0,9,01201,1,2,2,4,2,1,2,1,1,1,1,2,0,0,1,1,0,0,1,0,1,4,67,2,1,1,4,K,83,0,0,0,0,0,0,0,0,0,0,65,345,0,0,0,1,3,33,-33,-6,59430,998,-79,26,0,4,0,0,0,0,4,0,995,9.8,998,998,998,99.8,99.8,99.8,27.20995697,3,8