CASEID,PSU,CASENO,CASENUMBER,CATEGORY,VEHNO,VIN,VINLENGTH,VPICMAKE,VPICMODEL,VPICBODYCLASS,ICFINALBODY,MAKE,MODEL,MODELYR,BODYTYPE,BODYCAT,VEHCLASS,SPECUSE,TRANSTAT,DAMPLANE,DAMSEV,CURBWT,CURBSRC,CARGOWT,CARGOSRC,INSPTYPE,INSPLAG,TOWED,SPEEDLIMIT,DRPRESENT,PARALCOHOL,ALCTEST,ALCTESTRESULT,ALCTESTSRC,PARDRUG,DRUGTEST,ZIP,RACE,ETHNICITY,RELTOJUNCT,TRAFFLOW,RDLANES,INITLANE,SURFTYPE,SURFCOND,ALIGNMENT,PROFILE,LINERIGHT,LINELEFT,RUMBINIT,RUMBROAD,LIGHTCOND,WEATHER,TRAFDEV,TRAFFUNCT,DISTRACT,PREFHE,PREMOVE,CRITCAT,CRITEVENT,MANEUVER,PRESTAB,PRELOC,CRASHCAT,CRASHCONF,CRASHTYPE,ROLLTYPE,ROLLTURN,ROLLINTRPT,ROLLPREMAN,ROLLINITYP,ROLLINLOC,ROLLOBJ,ROLLTRIP,ROLLDIR,ROLLDIST,DVANGTHIS,DVANGOTH,TOWHITCH,TRAJDOC,TREEPOLE,DVEVENT,DVBASIS,DVTOTAL,DVLONG,DVLAT,DVENERGY,DVSPEED,DVMOMENT,DVBES,DVEST,DVCONF,VAIS,VISS,VINJSEV,VINJURED,VTREAT,INITOBJCLASS,HEADANGLECAT,SHLDRWIDTH,STRKLENGTH,STRKWIDTH,STRKHEIGHT,EDGEDISTX,EDGEDISTY,EDGEDISTZ,CASEWGT,PSUSTRAT,VERSION
29708,52,54,1-52-2023-054-01,1,1,5TDJK3EH1AS0,17,448,2213,7,0,49,403,2010,14,3,14,0,1,F,3,1896,5,0,1,1,79,2,16,1,9,9,998,8,9,9,59101,9,9,0,4,2,1,4,5,2,4,0,0,0,0,2,8,0,0,9,1,14,2,12,2,2,4,1,B,7,0,0,0,0,0,0,0,0,0,0,998,998,0,1,0,2,1,47,-46,8,168407,998,8,47,0,1,0,0,0,0,0,0,998,0.0,100,18,999,5.3,2.2,3.4,21.48174966,12,8
29713,26,54,1-26-2023-054-08,8,1,3VWRM71K09M0,17,482,3137,13,0,30,40,2009,4,1,2,0,1,T,2,1465,5,100,1,1,31,2,105,1,0,0,995,0,0,0,95624,9,1,0,2,3,2,2,1,2,9,3,3,0,3,3,1,0,0,9,1,14,2,13,99,9,4,1,A,1,1,10,2,1,1,3,61,1,2,35,997,997,0,0,0,2,6,999,999,999,9999999,999,999,999,7,0,1,1,0,1,8,3,997,2.7,999,999,999,99.9,99.9,99.9,729.9564324,10,8
29714,26,55,1-26-2023-055-04,4,1,5J8TC2H37PL0,17,475,1871,7,0,54,402,2023,14,3,14,0,1,F,2,1830,5,0,1,3,18,2,40,1,1,8,997,8,9,9,95828,9,1,2,4,2,1,2,1,3,1,0,0,0,0,3,1,0,0,9,1,14,2,13,1,1,4,1,C,11,0,0,0,0,0,0,0,0,0,0,175,170,0,1,0,1,12,999,999,999,9999999,999,999,999,7,0,0,0,0,0,0,0,995,9.8,998,998,998,99.8,99.8,99.8,2671.461301,10,8
29714,26,55,1-26-2023-055-04,4,2,JNRAR05Y7WW0,17,480,8717,7,0,58,401,1998,14,3,14,0,2,B,1,1939,5,9999,9,4,18,,,,,,,,,,,,,,,,,,,,,,,,,,,,,,,,,,,,,,,,,,,,,,,,,,,,,,,,,,,,,,,,,,95,95,95,95,95,,,,,,,,,,2671.461301,10,8
29714,26,55,1-26-2023-055-04,4,3,2HGFG12816H5,17,474,1863,3,0,37,31,2006,2,1,3,0,2,R,1,1227,5,9999,9,4,18,,,,,,,,,,,,,,,,,,,,,,,,,,,,,,,,,,,,,,,,,,,,,,,,,,,,,,,,,,,,,,,,,,95,95,95,95,95,,,,,,,,,,2671.461301,10,8
29715,22,28,1-22-2023-028-03,3,1,1GCUYDED2MZ3,17,467,1850,60,0,20,481,2021,34,5,31,0,1,F,2,2208,5,0,1,1,12,2,32,1,0,1,0,2,0,0,99403,1,9,0,3,2,2,2,1,1,1,3,0,0,0,1,1,6,2,9,1,1,1,8,1,1,4,1,B,6,0,0,0,0,0,0,0,0,0,0,998,998,0,0,1,1,1,33,-33,6,98695,998,-6,33,0,4,5,30,1,1,1,0,998,0.0,36,36,120,7.4,0.6,7.4,67.51943193,12,8
29716,20,47,1-20-2023-047-06,6,1,3VW4T7AJ6FM3,17,482,3137,13,0,30,40,2015,4,1,3,0,1,F,2,1417,5,0,1,1,21,2,89,1,0,0,995,0,0,0,93940,1,9,0,4,3,1,2,1,1,4,1,2,3,3,1,1,0,0,1,0,1,3,50,2,1,1,2,D,20,0,0,0,0,0,0,0,0,0,0,170,170,0,0,0,1,5,999,999,999,9999999,999,999,26,3,0,9,97,0,1,0,0,995,9.8,998,998,998,99.8,99.8,99.8,408.6136618,11,8
29716,20,47,1-20-2023-047-06,6,2,1FDUF5GT6NED,17,460,1808,63,60,12,881,2022,61,8,60,0,1,D,9,,,,,,,5,89,1,0,0,995,0,0,0,93420,9,9,0,4,3,1,2,1,1,4,1,2,3,3,1,1,0,0,1,0,5,3,53,1,1,1,2,D,21,,,,,,,,,,,,,,,,,,,,,,,,,,,95,95,95,95,95,,,9.8,998,998,998,99.8,99.8,99.8,408.6136618,11,8
29717,29,22,1-29-2023-022-06,6,1,KMHDN56D76U1,17,498,2735,5,0,55,35,2006,5,1,2,0,1,F,9,1195,5,9999,9,0,998,2,64,1,0,0,995,0,0,0,02769,9,9,2,4,2,1,2,1,2,1,1,1,0,0,3,1,1,2,9,0,14,4,62,99,1,1,4,J,69,0,0,0,0,0,0,0,0,0,0,30,140,0,1,0,1,0,999,999,999,9999999,999,999,999,9,0,9,97,0,1,8,0,995,9.8,998,998,998,99.8,99.8,99.8,599.4234373,2,8
29717,29,22,1-29-2023-022-06,6,2,1N4AL3AP5EC4,17,478,1904,13,0,35,47,2014,4,1,4,0,1,R,9,1451,5,9999,9,0,998,2,64,1,0,0,995,0,0,0,02915,9,9,2,4,4,1,2,1,3,1,1,2,0,0,3,1,1,2,9,0,11,2,15,99,1,1,4,J,68,0,0,0,0,0,0,0,0,0,0,140,30,0,0,0,1,0,999,999,999,9999999,999,999,999,9,0,9,97,0,2,8,0,995,9.8,998,998,998,99.8,99.8,99.8,599.4234373,2,8
29717,29,22,1-29-2023-022-06,6,3,5FNRL5H67CB0,17,474,1869,2,0,37,441,2012,20,4,20,0,1,F,9,2047,5,9999,9,0,998,5,64,1,0,0,995,0,0,0,02715,9,9,2,4,2,1,2,1,1,1,0,2,0,0,3,1,1,2,9,0,5,4,62,1,1,1,6,M,98,0,0,0,0,0,0,0,0,0,0,300,210,0,1,0,2,0,999,999,999,9999999,999,999,999,9,0,95,95,95,95,95,0,995,9.8,998,998,998,99.8,99.8,99.8,599.4234373,2,8
29718,29,23,1-29-2023-023-04,4,1,1HGFA16577L0,17,474,1863,13,0,37,31,2007,4,1,3,0,1,F,2,1224,5,0,1,1,13,2,56,1,0,0,995,0,0,9,02745,9,9,1,3,1,1,2,1,2,9,1,2,0,0,1,1,0,0,9,0,14,3,50,99,1,1,2,D,20,0,0,0,0,0,0,0,0,0,0,60,60,0,0,0,1,3,25,-25,0,31861,998,0,25,0,4,0,0,0,0,0,0,995,9.8,998,998,998,99.8,99.8,99.8,732.9913396,2,8
29718,29,23,1-29-2023-023-04,4,2,1C4GJXAG0LW2,17,483,1943,7,0,2,403,2020,14,3,14,0,1,B,1,1778,5,0,1,1,12,2,56,1,0,0,995,0,0,9,02777,9,9,1,3,1,1,2,1,2,9,1,2,0,0,1,1,0,0,1,0,5,3,53,1,1,1,2,D,21,0,0,0,0,0,0,0,0,0,0,60,60,0,0,0,1,3,17,17,0,21667,998,21,17,0,4,0,0,0,0,0,0,995,9.8,998,998,998,99.8,99.8,99.8,732.9913396,2,8
29722,15,79,1-15-2023-079-04,4,1,19UDE2F75LA0,17,475,2150,13,0,54,41,2020,4,1,3,0,1,R,1,1415,5,0,1,1,24,2,64,1,0,0,995,0,0,0,11798,9,9,2,4,5,2,2,1,1,1,3,1,0,0,1,1,1,2,9,0,1,4,66,99,1,1,5,L,87,0,0,0,0,0,0,0,0,0,0,10,270,0,0,0,1,1,18,-6,-17,7430,998,105,9,0,1,0,0,0,0,0,0,995,0.0,999,999,999,0.0,0.0,0.0,199.3894051,1,8
29722,15,79,1-15-2023-079-04,4,2,1G8AN15F16Z1,17,1056,4781,3,0,24,7,2006,17,1,2,0,1,F,1,1221,5,0,1,1,23,2,64,1,8,1,0,2,7,2,11550,9,9,2,4,5,2,2,1,1,1,3,2,0,0,1,1,1,2,9,0,1,4,66,99,1,1,5,L,86,0,0,0,0,0,0,0,0,0,0,270,10,0,0,0,1,1,21,-21,4,47969,998,35,30,0,1,1,1,0,1,4,0,995,9.8,998,998,998,99.8,99.8,99.8,199.3894051,1,8
29723,15,80,1-15-2023-080-04,4,1,1FMJK1J84PEA,17,460,1820,7,0,12,422,2023,15,3,15,0,1,R,9,2551,5,0,2,3,27,2,48,1,8,9,998,8,7,9,11598,1,2,0,4,2,1,2,2,1,1,0,2,0,0,3,2,0,0,9,0,1,3,51,1,1,1,2,F,48,0,0,0,0,0,0,0,0,0,0,325,310,0,0,0,1,12,999,999,999,9999999,999,999,999,9,0,0,0,0,0,0,0,995,9.8,998,998,998,99.8,99.8,99.8,199.3894051,1,8
29723,15,80,1-15-2023-080-04,4,2,19XFC1F30LE2,17,474,1863,13,0,37,31,2020,4,1,3,0,1,L,9,1252,5,9999,9,0,998,5,48,1,8,9,998,8,7,9,11598,9,9,0,4,2,1,2,2,1,1,0,2,0,0,3,2,0,0,9,1,9,8,98,99,1,2,2,F,48,0,0,0,0,0,0,0,0,0,0,310,325,0,0,0,1,0,999,999,999,9999999,999,999,999,9,0,95,95,95,95,95,0,995,9.8,998,998,998,99.8,99.8,99.8,199.3894051,1,8
29724,15,81,1-15-2023-081-04,4,1,1N4BL4CW0KN3,17,478,1904,13,0,35,47,2019,4,1,4,0,1,F,9,1545,5,0,2,4,77,2,80,1,8,9,998,8,7,9,11786,1,2,1,2,4,2,2,1,1,1,3,3,0,3,1,8,0,0,9,0,1,3,52,1,1,1,2,D,28,0,0,0,0,0,0,0,0,0,0,350,345,0,0,0,1,12,999,999,999,9999999,999,999,999,9,0,0,0,0,0,0,0,995,9.8,998,998,998,99.8,99.8,99.8,199.3894051,1,8
29724,15,81,1-15-2023-081-04,4,2,JF2GTALC4JH2,17,523,13580,7,0,48,403,2018,14,3,14,0,1,B,9,1447,5,9999,9,0,998,5,80,1,8,9,998,8,7,9,11746,9,9,1,2,4,2,2,1,1,1,3,3,0,3,1,8,0,0,9,0,2,3,53,99,1,1,2,D,29,0,0,0,0,0,0,0,0,0,0,345,350,0,0,0,1,0,999,999,999,9999999,999,999,999,9,0,95,95,95,95,95,0,995,9.8,998,998,998,99.8,99.8,99.8,199.3894051,1,8
29726,30,34,1-30-2023-034-03,3,1,1NXBU40E69Z0,17,448,2208,13,0,49,32,2009,4,1,2,0,1,F,2,1279,5,0,1,1,16,2,64,1,0,0,995,0,0,0,85353,9,9,2,4,6,3,2,1,1,1,3,1,0,0,1,1,1,2,1,0,1,2,17,99,1,1,5,L,88,0,0,0,0,0,0,0,0,0,0,170,80,0,0,0,1,12,999,999,999,9999999,999,999,999,7,0,9,97,0,1,8,0,995,9.8,998,998,998,99.8,99.8,99.8,601.8914693,10,8
29726,30,34,1-30-2023-034-03,3,2,KNDPM3AC5L76,17,499,2770,7,0,63,401,2020,14,3,14,0,1,L,2,1631,5,0,1,1,15,2,64,1,8,0,995,0,0,0,85033,2,9,2,4,6,3,2,1,1,1,3,1,0,0,1,1,1,2,1,0,1,4,66,99,1,1,5,L,89,0,0,0,0,0,0,0,0,0,0,80,170,0,0,0,1,12,999,999,999,9999999,999,999,999,7,0,2,5,0,1,4,0,995,9.8,998,998,998,99.8,99.8,99.8,601.8914693,10,8
29726,30,34,1-30-2023-034-03,3,3,3D4PG5FV9AT1,17,476,1939,7,0,7,27,2010,6,1,4,0,1,F,9,1772,5,9999,9,0,998,5,64,1,0,0,995,0,0,0,85037,9,9,2,4,5,3,2,1,1,1,1,2,0,0,1,1,1,2,1,0,5,4,66,1,1,1,6,M,98,0,0,0,0,0,0,0,0,0,0,350,160,0,0,0,4,0,999,999,999,9999999,999,999,999,9,0,95,95,95,95,95,0,995,9.8,998,998,998,99.8,99.8,99.8,601.8914693,10,8
29726,30,34,1-30-2023-034-03,3,4,2C3CDXCT9GH1,17,476,1895,13,0,7,24,2016,4,1,5,0,1,F,9,1934,5,9999,9,0,998,5,64,1,0,0,995,0,0,0,85037,9,9,2,4,5,2,2,1,1,1,3,1,0,0,1,1,1,2,1,0,5,4,66,1,1,1,6,M,98,0,0,0,0,0,0,0,0,0,0,350,160,0,0,0,5,0,999,999,999,9999999,999,999,999,9,0,95,95,95,95,95,0,995,9.8,998,998,998,99.8,99.8,99.8,601.8914693,10,8
29727,30,35,1-30-2023-035-02,2,1,5NPEG4JAXMH1,17,498,2459,13,0,55,33,2021,4,1,4,0,1,F,1,1527,5,9999,9,4,9,5,24,1,0,0,995,0,0,0,85303,9,9,3,4,2,1,2,1,1,1,0,0,0,0,1,1,0,0,9,0,11,2,15,99,1,1,4,K,82,0,0,0,0,0,0,0,0,0,0,0,90,0,0,0,1,98,999,999,999,9999999,999,999,999,6,0,95,95,95,95,95,0,995,9.8,998,998,998,99.8,99.8,99.8,42.52512223,10,8
29727,30,35,1-30-2023-035-02,2,2,1GKEC16T04R1,17,472,4579,7,0,23,422,2004,15,3,15,0,1,F,9,2228,5,9999,9,0,998,2,64,1,9,1,0,2,9,1,85037,9,9,3,1,4,1,2,1,1,1,0,3,0,0,1,1,0,0,1,0,1,4,72,99,1,1,4,K,83,0,0,0,0,0,0,0,0,0,0,85,270,0,0,0,2,0,999,999,999,9999999,999,999,999,9,0,3,19,1,1,3,0,995,9.8,998,998,998,99.8,99.8,99.8,42.52512223,10,8
29727,30,35,1-30-2023-035-02,2,3,1FMCU0H65NUB,17,460,1798,7,0,12,402,2022,14,3,14,0,1,F,9,1496,5,9999,9,0,998,2,64,1,9,9,998,8,9,9,85029,9,9,3,1,4,3,2,1,1,1,3,0,0,0,1,1,0,0,1,0,1,4,62,2,1,1,6,M,98,0,0,0,0,0,0,0,0,0,0,270,85,0,0,0,2,0,999,999,999,9999999,999,999,999,9,0,2,9,0,2,4,0,995,9.8,998,998,998,99.8,99.8,99.8,42.52512223,10,8
29728,16,44,1-16-2023-044-08,8,1,3CZRE3H36AG7,17,474,1865,7,0,37,402,2010,14,3,14,0,1,F,2,1597,5,46,1,1,22,2,56,1,0,1,0,2,0,2,45238,1,9,2,4,5,2,2,2,2,1,3,1,0,0,3,2,1,2,1,1,14,1,6,99,2,3,3,G,50,0,0,0,0,0,0,0,0,0,0,265,115,0,0,0,1,1,36,-35,-6,130647,998,-63,40,0,1,6,75,1,1,1,0,995,9.8,998,998,998,99.8,99.8,99.8,168.1874071,5,8
29728,16,44,1-16-2023-044-08,8,2,1G1PF5SC6C72,17,467,1832,13,0,20,25,2012,4,1,3,0,1,F,3,1407,5,0,1,1,22,2,56,1,0,0,995,0,0,0,45238,2,9,2,4,5,3,2,2,1,2,1,2,0,0,3,2,1,2,1,0,1,4,62,2,1,1,3,G,51,0,0,0,0,0,0,0,0,0,0,115,265,0,0,0,1,1,41,-38,14,74233,998,37,35,0,1,2,5,0,1,4,0,995,9.8,998,998,998,99.8,99.8,99.8,168.1874071,5,8
29729,21,31,1-21-2023-031-04,4,1,JTEAAAAH0MJ0,17,448,3005,7,0,49,498,2021,14,3,14,0,1,F,2,1745,5,0,1,1,17,2,113,1,0,0,995,0,0,0,89178,1,9,0,1,2,2,2,1,1,1,3,2,1,3,1,1,0,0,9,0,1,3,52,2,1,1,6,M,98,0,0,0,0,0,0,0,0,0,0,270,260,0,0,0,2,3,36,-35,6,101190,998,24,36,0,4,0,0,0,0,0,0,995,9.8,998,998,998,99.8,99.8,99.8,1635.794534,11,8
29729,21,31,1-21-2023-031-04,4,2,1FM5K7F82FGC,17,460,1800,7,0,12,401,2015,14,3,14,0,1,B,2,2146,5,9999,9,4,26,2,113,1,0,0,995,0,0,0,89146,1,9,0,1,2,2,2,1,1,1,3,2,1,3,1,1,0,0,1,0,1,3,52,2,1,1,2,D,28,0,0,0,0,0,0,0,0,0,0,260,270,0,0,0,2,3,32,32,0,87199,998,0,32,0,4,0,0,0,0,0,0,995,9.8,998,998,998,99.8,99.8,99.8,1635.794534,11,8
29729,21,31,1-21-2023-031-04,4,3,SALZP2FX5LH0,17,444,2244,7,0,62,404,2020,14,3,14,0,1,B,9,1770,5,9999,9,0,998,5,113,1,0,0,995,0,0,0,90745,9,9,0,1,2,2,2,1,1,1,3,2,1,3,1,1,0,0,9,0,2,3,53,99,1,1,2,D,29,0,0,0,0,0,0,0,0,0,0,265,260,0,0,0,1,0,999,999,999,9999999,999,999,999,9,0,95,95,95,95,95,0,995,9.8,998,998,998,99.8,99.8,99.8,1635.794534,11,8
29730,21,32,1-21-2023-032-06,6,1,1G1ZC5ST3HF2,17,467,1834,13,0,20,37,2017,4,1,4,0,1,F,1,1400,5,0,1,1,18,2,105,1,0,0,995,0,0,0,92404,2,9,1,2,3,3,1,1,1,1,3,2,0,0,3,1,0,0,9,1,1,2,12,2,1,4,1,B,10,0,0,0,0,0,0,0,0,0,0,998,998,0,0,0,1,12,999,999,999,9999999,999,999,999,6,0,9,97,0,1,0,0,998,3.0,999,999,999,0.0,0.0,0.0,459.2184752,11,8
29732,23,49,1-23-2023-049-07,7,1,1GKKNPLS7HZ1,17,472,1855,7,0,23,423,2017,15,3,15,0,1,F,1,1794,5,0,1,1,3,2,113,1,0,0,995,0,0,0,48822,1,2,0,2,3,2,2,2,1,1,3,3,0,3,2,2,0,0,1,1,1,1,6,98,4,4,1,B,7,0,0,0,0,0,0,0,0,0,0,998,998,0,0,0,1,12,999,999,999,9999999,999,999,18,2,0,0,0,0,0,0,0,998,4.5,999,999,999,21.0,1.6,22.1,5262.839687,5,8
29733,77,32,1-77-2023-032-09,9,1,1FTPW14515KE,17,460,1801,60,0,12,481,2005,34,5,30,0,1,F,1,2495,5,0,1,1,4,2,56,1,0,0,995,0,0,0,22901,1,2,0,4,2,1,2,2,3,2,1,2,0,0,1,1,0,0,1,1,14,1,5,2,2,4,1,A,2,1,1,2,2,2,4,44,4,2,6,998,998,0,1,0,1,1,13,-13,-2,18010,998,-42,13,0,4,0,0,0,0,0,3,998,0.0,120,85,85,13.4,2.8,13.6,6927.811853,9,8
29734,77,33,1-77-2023-033-02,2,1,WAUP4AF57KA0,17,582,3788,3,0,32,52,2019,2,1,3,0,1,F,2,1745,8,0,1,1,3,2,64,1,0,1,0,2,0,1,22932,1,2,2,1,4,3,2,1,1,1,3,2,0,0,1,1,3,2,1,0,14,3,51,1,1,1,2,D,24,0,0,0,0,0,0,0,0,0,0,998,998,0,1,0,6,11,999,999,999,9999999,999,999,999,7,0,2,8,0,1,3,0,998,1.7,35,15,18,0.0,0.0,0.0,71.99682468,9,8
29734,77,33,1-77-2023-033-02,2,2,5N1AR18W06C6,17,478,1911,7,0,35,401,2006,14,3,14,0,1,F,2,2124,5,0,1,1,5,2,64,1,0,0,995,0,0,0,22903,9,9,2,1,4,1,2,1,1,1,0,1,0,0,1,1,3,2,1,0,10,3,53,1,1,1,2,D,25,0,0,0,0,0,0,0,0,0,0,998,998,0,1,1,3,1,31,-31,-5,92086,998,-30,31,0,4,99,99,0,0,0,0,998,0.0,30,30,75,7.0,2.2,7.5,71.99682468,9,8
29735,54,33,1-54-2023-033-04,4,1,3C4NJCBB9NT2,17,483,1946,7,0,2,498,2022,14,3,14,0,1,F,2,1444,5,0,1,1,29,2,40,1,8,0,995,0,7,0,35654,1,1,2,4,2,1,2,1,1,1,1,2,0,0,1,1,2,2,1,0,1,2,17,2,1,1,5,L,88,0,0,0,0,0,0,0,0,0,0,190,95,0,0,0,1,1,25,-25,-4,54352,998,-33,30,0,1,1,1,0,1,6,0,995,9.8,998,998,998,99.8,99.8,99.8,140.3857504,9,8
29735,54,33,1-54-2023-033-04,4,2,1G4HD572X7U1,17,468,4267,13,0,18,23,2007,4,1,5,0,1,L,1,1810,5,0,1,1,29,2,105,1,0,0,995,0,0,0,99999,9,9,2,1,3,1,2,1,1,1,1,3,2,2,1,1,0,0,9,0,1,4,66,99,1,1,5,L,89,0,0,0,0,0,0,0,0,0,0,95,190,0,1,0,1,1,20,-4,20,52436,998,-174,18,0,1,0,0,0,0,0,0,995,9.8,998,998,998,99.8,99.8,99.8,140.3857504,9,8
29736,54,34,1-54-2023-034-04,4,1,4T1BF1FK2GU5,17,448,2469,13,0,49,40,2016,4,1,4,0,1,F,3,1467,5,0,1,1,12,2,0,1,8,0,995,0,7,0,35653,2,2,3,1,3,3,2,2,1,4,3,2,0,0,3,2,0,0,1,0,1,4,71,4,1,1,5,L,88,0,0,0,0,0,0,0,0,0,0,235,140,0,0,0,1,3,63,-62,-11,111206,998,-33,42,0,4,0,0,0,0,0,0,995,9.8,998,998,998,99.8,99.8,99.8,140.3857504,9,8
29736,54,34,1-54-2023-034-04,4,2,1GCPYCEF0LZ3,17,467,1850,60,0,20,481,2020,34,5,31,0,1,L,3,2184,5,9999,9,4,36,2,0,1,8,0,995,0,7,0,35585,1,2,3,4,2,1,2,2,1,1,0,2,0,0,3,2,2,2,1,0,1,2,17,9,1,1,5,L,89,0,0,0,0,0,0,0,0,0,0,140,235,0,0,0,1,3,40,-7,40,291443,998,-31,55,0,4,0,0,0,0,0,0,995,9.8,998,998,998,99.8,99.8,99.8,140.3857504,9,8
29737,48,28,1-48-2023-028-09,9,1,4T1BF28B53U3,17,448,2465,13,0,49,43,2003,4,1,3,0,1,F,1,1560,5,0,1,1,4,2,64,1,0,0,995,0,0,0,84337,9,9,2,4,4,2,2,1,1,1,1,2,0,0,1,1,1,2,2,0,1,2,17,1,1,1,5,L,86,0,0,0,0,0,0,0,0,0,0,90,180,0,1,0,1,1,20,-20,3,63739,998,33,31,0,4,0,0,0,0,0,0,995,9.8,998,998,998,99.8,99.8,99.8,92.28369939,12,8
29737,48,28,1-48-2023-028-09,9,2,JM1NB3533X01,17,473,2072,1,0,41,45,1999,1,1,1,0,1,R,2,1032,5,0,1,1,11,2,64,1,0,0,995,0,0,0,84312,9,9,2,4,4,2,2,1,1,1,1,1,0,0,1,1,1,2,1,0,1,4,66,1,1,1,5,L,87,0,0,0,0,0,0,0,0,0,0,180,90,0,1,0,1,1,28,-5,-27,13423,998,76,14,0,1,9,97,0,1,99,0,995,9.8,998,998,998,99.8,99.8,99.8,92.28369939,12,8
29739,59,51,1-59-2023-051-03,3,1,KM8R1DHE6NU3,17,498,25847,7,0,55,422,2022,15,3,15,0,1,F,1,1957,5,0,1,1,7,2,89,1,8,0,995,0,7,0,25405,1,2,2,4,2,1,2,1,1,1,0,0,0,0,1,1,3,2,9,0,11,2,15,99,1,1,4,K,76,0,0,0,0,0,0,0,0,0,0,190,180,0,0,0,1,5,999,999,999,9999999,999,999,999,6,0,1,1,0,1,4,0,995,9.8,998,998,998,99.8,99.8,99.8,110.4672555,6,8
29739,59,51,1-59-2023-051-03,3,2,4V4NC9EH8PN2,17,487,1967,66,0,51,881,2023,66,8,68,0,1,B,9,,,,,,,5,89,1,8,0,995,0,7,0,47591,9,9,2,1,2,2,2,1,1,1,3,1,0,2,1,1,0,0,9,0,1,4,65,99,1,1,4,K,77,,,,,,,,,,,,,,,,,,,,,,,,,,,95,95,95,95,95,,,9.8,998,998,998,99.8,99.8,99.8,110.4672555,6,8
29740,59,52,1-59-2023-052-09,9,1,1G1JF5244V73,17,467,8834,13,0,20,16,1997,4,1,2,0,1,B,1,1214,5,0,1,1,7,2,48,1,8,0,995,0,7,0,47807,9,9,0,4,2,1,2,1,1,1,0,2,0,0,1,1,0,0,9,1,1,2,11,99,1,4,1,C,11,0,0,0,0,0,0,0,0,0,0,120,180,0,0,0,3,3,6,3,5,6715,998,-227,6,0,4,1,2,0,1,4,0,995,9.8,998,998,998,99.8,99.8,99.8,711.8962759,6,8
29740,59,52,1-59-2023-052-09,9,2,1G6DW6779601,17,469,4300,13,0,19,21,2006,4,1,5,0,2,L,1,1750,5,9999,9,4,7,,,,,,,,,,,,,,,,,,,,,,,,,,,,,,,,,,,,,,,,,,,,,,,,,,,,,,,,,,,,,,,,,,95,95,95,95,95,,,,,,,,,,711.8962759,6,8
29740,59,52,1-59-2023-052-09,9,3,3GNEK12T54G1,17,467,3876,119,0,20,482,2004,34,5,31,0,2,B,2,2466,5,0,1,4,7,,,,,,,,,,,,,,,,,,,,,,,,,,,,,,,,,,,,,,,,,,,,,,,,,,,,,,,,,,,,,,,,,,95,95,95,95,95,,,,,,,,,,711.8962759,6,8
29740,59,52,1-59-2023-052-09,9,4,1FMEU74837UA,17,460,1800,7,0,12,401,2007,14,3,14,0,1,F,1,2100,5,0,1,1,7,2,48,1,8,0,995,0,7,0,47804,9,9,0,4,2,1,2,1,1,1,0,2,0,0,1,1,0,0,1,0,1,4,62,99,1,1,6,M,98,0,0,0,0,0,0,0,0,0,0,180,120,0,0,0,3,3,3,-3,0,899,998,-76,3,0,4,0,0,0,0,4,0,995,9.8,998,998,998,99.8,99.8,99.8,711.8962759,6,8
29741,59,53,1-59-2023-053-06,6,1,5N1AT2MT3EC7,17,478,1913,8,0,35,51,2014,6,1,3,0,1,F,1,1567,5,0,1,1,3,2,48,1,8,0,995,0,7,0,47804,9,9,2,4,3,1,2,1,1,1,0,2,0,0,1,1,1,2,3,0,1,3,51,4,1,1,2,D,24,0,0,0,0,0,0,0,0,0,0,90,90,0,0,0,1,1,15,-15,0,12485,998,14,14,0,1,0,0,0,0,4,0,995,9.8,998,998,998,99.8,99.8,99.8,350.5777295,6,8
29741,59,53,1-59-2023-053-06,6,2,1GCCS1947WK2,17,467,11483,60,0,20,471,1998,34,5,30,0,1,B,1,1425,5,0,1,1,2,2,48,1,8,0,995,0,7,0,47802,9,9,2,4,3,1,2,1,1,1,0,2,0,0,1,1,1,2,9,0,1,3,53,99,1,1,2,D,25,0,0,0,0,0,0,0,0,0,0,90,90,0,0,0,1,1,16,16,0,17064,998,0,17,0,1,0,0,0,0,4,0,995,9.8,998,998,998,99.8,99.8,99.8,350.5777295,6,8
29743,12,42,1-12-2023-042-06,6,1,SAJWA0E79D8S,17,442,2285,13,0,39,37,2013,4,1,5,0,1,L,2,1770,5,0,2,0,998,2,89,1,0,0,995,0,0,0,75249,1,1,1,3,1,1,1,1,3,1,1,2,0,0,1,1,2,2,1,0,11,2,15,2,1,1,4,K,82,0,0,0,0,0,0,0,0,0,0,170,270,0,0,0,1,3,26,-5,26,78510,998,-24,32,0,4,1,1,0,1,0,0,995,9.8,998,998,998,99.8,99.8,99.8,706.936998,9,8
29743,12,42,1-12-2023-042-06,6,2,2G61P5S35E92,17,469,1827,13,0,19,23,2014,4,1,4,0,1,F,2,1817,5,0,1,1,2,2,89,1,0,0,995,0,0,0,73446,1,2,1,1,3,2,2,1,1,1,3,1,0,0,1,1,0,0,1,0,1,4,67,2,1,1,4,K,83,0,0,0,0,0,0,0,0,0,0,270,170,0,0,0,1,3,28,-28,0,31613,998,15,21,0,4,1,1,0,1,6,0,995,9.8,998,998,998,99.8,99.8,99.8,706.936998,9,8