CASEID,PSU,CASENO,CASENUMBER,CATEGORY,VEHNO,VIN,VINLENGTH,VPICMAKE,VPICMODEL,VPICBODYCLASS,ICFINALBODY,MAKE,MODEL,MODELYR,BODYTYPE,BODYCAT,VEHCLASS,SPECUSE,TRANSTAT,DAMPLANE,DAMSEV,CURBWT,CURBSRC,CARGOWT,CARGOSRC,INSPTYPE,INSPLAG,TOWED,SPEEDLIMIT,DRPRESENT,PARALCOHOL,ALCTEST,ALCTESTRESULT,ALCTESTSRC,PARDRUG,DRUGTEST,ZIP,RACE,ETHNICITY,RELTOJUNCT,TRAFFLOW,RDLANES,INITLANE,SURFTYPE,SURFCOND,ALIGNMENT,PROFILE,LINERIGHT,LINELEFT,RUMBINIT,RUMBROAD,LIGHTCOND,WEATHER,TRAFDEV,TRAFFUNCT,DISTRACT,PREFHE,PREMOVE,CRITCAT,CRITEVENT,MANEUVER,PRESTAB,PRELOC,CRASHCAT,CRASHCONF,CRASHTYPE,ROLLTYPE,ROLLTURN,ROLLINTRPT,ROLLPREMAN,ROLLINITYP,ROLLINLOC,ROLLOBJ,ROLLTRIP,ROLLDIR,ROLLDIST,DVANGTHIS,DVANGOTH,TOWHITCH,TRAJDOC,TREEPOLE,DVEVENT,DVBASIS,DVTOTAL,DVLONG,DVLAT,DVENERGY,DVSPEED,DVMOMENT,DVBES,DVEST,DVCONF,VAIS,VISS,VINJSEV,VINJURED,VTREAT,INITOBJCLASS,HEADANGLECAT,SHLDRWIDTH,STRKLENGTH,STRKWIDTH,STRKHEIGHT,EDGEDISTX,EDGEDISTY,EDGEDISTZ,CASEWGT,PSUSTRAT,VERSION
29744,33,26,1-33-2023-026-07,7,1,1N4AL3AP5FC1,17,478,1904,13,0,35,47,2015,4,1,4,0,1,R,1,1416,5,9999,9,0,998,2,89,1,0,0,995,0,0,0,95926,9,1,0,4,2,1,2,1,1,1,1,4,3,3,1,1,0,0,1,1,1,4,64,1,1,2,2,F,48,0,0,0,0,0,0,0,0,0,0,240,210,0,0,0,1,3,11,-7,-8,8237,998,80,10,0,4,0,0,0,0,0,0,995,9.8,998,998,998,99.8,99.8,99.8,1153.975876,12,8
29744,33,26,1-33-2023-026-07,7,2,SHHFK7H55JU4,17,474,1863,5,0,37,31,2018,5,1,3,0,1,L,1,1324,5,0,1,1,23,2,89,1,0,0,995,0,0,0,95973,1,9,0,4,2,1,2,1,1,1,1,4,3,3,1,1,0,0,1,1,11,2,15,8,1,6,2,F,48,0,0,0,0,0,0,0,0,0,0,210,240,0,0,0,1,3,12,2,11,17298,998,150,12,0,4,0,0,0,0,0,0,995,9.8,998,998,998,99.8,99.8,99.8,1153.975876,12,8
29745,33,27,1-33-2023-027-02,2,1,58AGZ1B1XMU1,17,515,2475,13,0,59,31,2021,4,1,4,0,1,T,1,1655,5,0,1,1,44,2,80,1,0,1,238,2,0,1,95407,1,2,0,3,3,1,2,2,3,2,1,3,0,0,5,8,6,2,1,1,6,1,6,7,2,4,1,A,2,2,98,8,8,98,8,32,8,8,998,997,997,0,0,0,1,6,999,999,999,9999999,999,999,999,6,0,2,5,0,1,3,8,997,9.8,998,998,998,99.8,99.8,99.8,24.42240604,12,8
29746,17,57,1-17-2023-057-03,3,1,2GNAXLEX2K61,17,467,1847,7,0,20,404,2019,14,3,14,0,1,F,1,1485,5,0,1,1,8,2,48,1,0,0,995,0,0,0,61201,1,2,2,4,4,1,2,1,1,1,0,1,0,0,1,1,1,2,1,1,10,2,16,1,2,4,1,A,1,0,0,0,0,0,0,0,0,0,0,998,998,0,1,7,1,10,999,999,999,9999999,999,-15,17,2,0,2,9,0,1,4,0,998,0.0,999,999,999,4.6,2.3,5.1,115.0215611,4,8
29747,17,58,1-17-2023-058-04,4,1,1GKKNLLS8NZ1,17,472,1855,7,0,23,423,2022,15,3,15,0,1,F,1,1923,5,0,1,1,8,2,113,1,0,0,995,0,0,0,68152,1,2,0,1,2,1,2,1,1,9,1,3,2,3,1,8,0,0,1,0,1,6,87,2,1,1,1,C,13,0,0,0,0,0,0,0,0,0,0,998,998,0,0,0,1,98,999,999,999,9999999,999,999,999,6,0,0,0,0,0,0,0,998,9.8,998,998,998,99.8,99.8,99.8,367.3209353,4,8
29748,17,59,1-17-2023-059-04,4,1,1GCGK13U05F9,17,467,1850,60,0,20,481,2005,34,5,31,0,1,F,9,2639,5,9999,9,0,998,5,72,1,0,0,995,0,0,0,61244,9,9,2,1,6,4,1,1,1,1,3,1,0,0,1,8,1,2,9,0,1,3,51,99,1,1,2,D,24,0,0,0,0,0,0,0,0,0,0,90,90,0,0,0,1,0,999,999,999,9999999,999,999,999,9,0,95,95,95,95,95,0,995,9.8,998,998,998,99.8,99.8,99.8,367.3209355,4,8
29748,17,59,1-17-2023-059-04,4,2,5NMJACAE3NH0,17,498,2058,7,0,55,402,2022,14,3,14,0,1,B,9,1573,5,0,1,3,10,2,72,1,0,0,995,0,0,0,52806,1,2,2,1,6,2,1,1,1,1,1,3,0,0,1,8,1,2,1,0,1,3,53,2,1,1,2,D,25,0,0,0,0,0,0,0,0,0,0,90,90,0,0,0,1,12,999,999,999,9999999,999,999,999,9,0,0,0,0,0,0,0,995,9.8,998,998,998,99.8,99.8,99.8,367.3209355,4,8
29750,19,68,1-19-2023-068-08,8,1,2T1BU4EE6CC7,17,448,2208,13,0,49,32,2012,4,1,2,0,1,L,2,1255,5,0,1,1,3,2,72,1,0,0,995,0,0,0,35957,2,9,3,4,2,1,2,1,1,1,0,0,0,0,1,1,2,2,2,0,11,2,15,2,1,1,4,K,82,0,0,0,0,0,0,0,0,0,0,30,120,0,0,0,1,1,28,-5,27,24746,998,87,19,0,1,99,99,0,0,4,0,995,9.8,998,998,998,99.8,99.8,99.8,52.62061847,9,8
29750,19,68,1-19-2023-068-08,8,2,5TBEV58107S4,17,448,2467,60,0,49,482,2007,34,5,31,0,1,F,1,2393,8,48,1,1,3,2,72,1,0,0,995,0,0,0,35901,2,9,3,5,5,2,2,1,3,1,3,2,0,0,1,1,0,0,9,0,14,4,72,2,1,1,4,K,83,0,0,0,0,0,0,0,0,0,0,120,30,0,0,0,1,1,14,-14,-3,51902,998,-17,23,0,1,1,2,0,1,4,0,995,9.8,998,998,998,99.8,99.8,99.8,52.62061847,9,8
29751,19,69,1-19-2023-069-03,3,1,1FMCU0H61LUC,17,460,1798,7,0,12,402,2020,14,3,14,0,1,F,1,1496,5,0,1,1,7,2,89,1,0,0,995,0,0,0,36251,2,2,2,1,3,2,2,1,1,1,3,3,2,3,5,1,1,2,1,0,1,4,62,2,1,1,4,J,69,0,0,0,0,0,0,0,0,0,0,160,290,0,0,0,1,1,24,-23,8,24119,998,37,18,0,1,1,1,0,2,4,0,995,9.8,998,998,998,99.8,99.8,99.8,121.3084234,9,8
29751,19,69,1-19-2023-069-03,3,2,2C3CDXBG1EH3,17,476,1895,13,0,7,24,2014,4,1,5,0,1,F,1,1797,5,0,1,1,8,2,89,1,0,0,995,0,0,0,36251,1,2,2,1,2,2,2,1,1,1,3,2,1,3,5,1,1,2,3,0,11,2,15,1,1,1,4,J,68,0,0,0,0,0,0,0,0,0,0,290,160,0,0,0,1,1,20,-18,-10,55049,998,-62,25,0,1,1,1,0,1,0,0,995,9.8,998,998,998,99.8,99.8,99.8,121.3084234,9,8
29752,19,70,1-19-2023-070-09,9,1,2CKDL43F3860,17,536,4591,7,0,22,403,2008,14,3,14,0,1,T,1,1730,5,0,1,1,9,2,72,1,0,0,995,0,0,0,35901,2,9,2,1,4,2,2,1,2,1,3,3,0,0,1,1,1,2,9,1,14,1,9,99,2,4,1,B,7,1,2,2,2,1,4,61,1,2,4,997,997,0,1,0,1,6,999,999,999,9999999,999,999,999,6,0,1,2,0,1,6,3,997,9.8,998,998,998,99.8,99.8,99.8,338.585924,9,8
29755,11,38,1-11-2023-038-06,6,1,2C4RC1BG6FR6,17,477,1936,2,0,6,441,2015,20,4,20,0,1,F,9,2115,5,9999,9,0,998,3,40,1,0,0,995,0,9,0,99999,1,2,2,4,2,1,2,1,1,9,0,0,0,0,1,1,2,2,2,0,11,2,15,1,1,1,4,K,76,0,0,0,0,0,0,0,0,0,0,300,240,0,0,0,1,0,999,999,999,9999999,999,999,999,9,0,0,0,0,0,0,0,995,9.8,998,998,998,99.8,99.8,99.8,5730.884317,8,8
29755,11,38,1-11-2023-038-06,6,2,3TMCZ5AN4HM1,17,448,2223,60,0,49,472,2017,34,5,30,0,1,F,2,1984,5,9999,9,4,52,3,40,1,0,0,995,0,9,0,23860,9,9,2,4,2,1,2,1,2,9,1,2,0,0,1,1,0,0,1,0,14,4,65,99,9,1,4,K,77,0,0,0,0,0,0,0,0,0,0,200,80,0,0,0,2,12,999,999,999,9999999,999,999,999,7,0,99,99,0,0,0,0,995,9.8,998,998,998,99.8,99.8,99.8,5730.884317,8,8
29755,11,38,1-11-2023-038-06,6,3,3FA6P0HD3FR2,17,460,1780,13,0,12,23,2015,4,1,4,0,1,F,2,1554,5,9999,9,4,52,3,40,1,0,0,995,0,9,0,23803,9,9,2,4,2,1,2,1,3,9,1,2,0,0,1,1,0,0,1,0,14,4,62,8,9,1,6,M,98,0,0,0,0,0,0,0,0,0,0,80,200,0,0,0,2,12,999,999,999,9999999,999,999,999,7,0,9,97,0,1,0,0,995,9.8,998,998,998,99.8,99.8,99.8,5730.884317,8,8
29756,24,59,1-24-2023-059-03,3,1,1ZVFT80NX551,17,460,1781,3,0,12,3,2005,2,1,3,0,1,R,2,1497,5,9999,9,0,998,2,24,1,0,0,995,0,0,0,08234,9,9,2,1,3,3,2,1,1,9,1,2,0,0,1,1,1,2,1,0,11,2,15,99,1,1,4,J,68,0,0,0,0,0,0,0,0,0,0,80,330,0,0,0,1,3,30,-5,-30,86753,998,32,36,0,4,1,2,0,1,4,0,995,9.9,999,999,999,99.9,99.9,99.9,366.0614189,1,8
29756,24,59,1-24-2023-059-03,3,2,58ADZ1B18LU0,17,515,2475,13,0,59,31,2020,4,1,4,0,1,F,2,1655,5,0,1,1,31,2,80,1,0,0,995,0,0,0,08050,1,2,2,1,3,1,2,1,1,1,0,1,0,0,1,1,1,2,1,0,1,4,62,2,1,1,4,J,69,0,0,0,0,0,0,0,0,0,0,330,80,0,0,0,1,3,27,-27,-5,37239,998,-69,21,0,4,0,0,0,0,0,0,995,9.8,998,998,998,99.8,99.8,99.8,366.0614189,1,8
29757,24,60,1-24-2023-060-06,6,1,1N4AL3AP0EN3,17,478,1904,13,0,35,47,2014,4,1,4,0,1,B,1,1451,5,9999,9,0,998,5,80,1,0,0,995,0,0,0,08330,9,9,3,4,2,1,2,1,1,1,1,4,0,0,1,1,0,0,1,0,11,2,15,99,1,1,2,D,26,0,0,0,0,0,0,0,0,0,0,210,220,0,0,0,1,3,15,14,-5,21721,998,91,17,0,4,95,95,95,95,95,0,995,9.8,998,998,998,99.8,99.8,99.8,966.8657726,1,8
29757,24,60,1-24-2023-060-06,6,2,2HGFC3A5XHH7,17,474,1863,3,0,37,31,2017,2,1,3,0,1,F,1,1313,5,0,1,1,35,2,80,1,0,0,995,0,0,0,08330,9,9,3,4,2,1,2,1,1,1,1,4,0,0,1,1,0,0,1,0,1,3,51,4,1,1,2,D,24,0,0,0,0,0,0,0,0,0,0,220,210,0,0,0,1,3,15,-13,7,11144,998,67,13,0,4,1,1,0,1,5,0,995,9.8,998,998,998,99.8,99.8,99.8,966.8657726,1,8
29758,14,30,1-14-2023-030-03,3,1,2T3J1RFV0NW2,17,448,2217,7,0,49,402,2022,14,3,14,0,1,R,1,1583,5,0,1,1,14,2,48,1,0,0,995,0,0,0,77076,2,9,2,4,4,2,2,1,1,1,3,2,0,0,1,1,2,2,9,1,10,2,16,99,1,2,4,J,70,0,0,0,0,0,0,0,0,0,0,200,160,0,0,0,1,3,5,-1,-5,3814,998,124,6,0,4,99,99,0,0,0,0,995,9.8,998,998,998,99.8,99.8,99.8,918.0034257,8,8
29758,14,30,1-14-2023-030-03,3,2,JTEMU5JR8P60,17,448,2216,7,0,49,401,2023,14,3,14,0,1,L,1,2111,5,9999,9,4,15,2,48,1,0,0,995,0,0,0,78130,9,1,2,5,4,1,2,1,1,1,0,3,0,0,1,1,2,2,9,0,1,4,60,99,1,1,4,J,71,0,0,0,0,0,0,0,0,0,0,160,200,0,0,0,1,3,4,-2,4,1816,998,124,4,0,4,0,0,0,0,0,0,995,9.8,998,998,998,99.8,99.8,99.8,918.0034257,8,8
29760,13,61,1-13-2023-061-04,4,1,5NPD74LF7KH4,17,498,2735,13,0,55,35,2019,4,1,3,0,1,F,9,1280,5,9999,9,0,998,2,48,1,8,0,995,0,7,0,75062,3,9,0,4,2,1,2,1,1,1,0,2,0,0,1,1,0,0,3,1,1,2,11,99,1,4,1,C,11,0,0,0,0,0,0,0,0,0,0,180,180,0,0,0,1,0,999,999,999,9999999,999,999,999,9,0,0,0,0,0,0,0,995,9.8,998,998,998,99.8,99.8,99.8,825.6361822,7,8
29760,13,61,1-13-2023-061-04,4,2,1N4AL3AP9HC2,17,478,1904,13,0,35,47,2017,4,1,4,0,2,B,9,1453,5,9999,9,0,998,,,,,,,,,,,,,,,,,,,,,,,,,,,,,,,,,,,,,,,,,,,,,,,,,,,,,,,,,,,,,,,,,,95,95,95,95,95,,,,,,,,,,825.6361822,7,8
29761,13,62,1-13-2023-062-08,8,1,1FDWE35P58DA,17,460,1818,62,11,12,870,2008,61,8,60,0,1,F,9,,,,,,,2,56,1,8,0,995,0,7,0,76049,9,9,0,4,2,1,2,1,1,1,1,2,0,0,1,1,0,0,9,1,1,2,10,99,1,2,3,G,50,,,,,,,,,,,,,,,,,,,,,,,,,,,95,95,95,95,95,,,9.8,998,998,998,99.8,99.8,99.8,240.496444,7,8
29761,13,62,1-13-2023-062-08,8,2,1G1ZT518X6F2,17,467,1834,13,0,20,37,2006,4,1,3,0,1,F,2,1500,5,0,1,1,35,2,56,1,8,0,995,0,7,0,76002,1,9,0,4,2,1,2,1,1,1,1,2,0,0,1,1,0,0,9,0,1,4,62,3,1,1,3,G,51,0,0,0,0,0,0,0,0,0,0,245,60,0,0,0,1,5,999,999,999,9999999,999,999,25,3,0,1,1,0,1,4,0,995,9.8,998,998,998,99.8,99.8,99.8,240.496444,7,8
29762,13,63,1-13-2023-063-03,3,1,MAJ3S2GE0LC3,17,460,17774,7,0,12,403,2020,14,3,14,0,1,F,1,1370,5,0,1,1,23,2,64,1,8,0,995,0,7,0,76017,1,1,2,4,3,1,2,1,1,4,1,1,0,0,3,1,2,2,3,1,1,2,12,4,8,4,1,B,7,0,0,0,0,0,0,0,0,0,0,998,998,0,0,0,1,12,999,999,999,9999999,999,999,999,6,0,1,1,0,1,4,0,998,0.0,999,15,19,0.0,0.0,0.0,253.3412958,7,8
29763,13,64,1-13-2023-064-07,7,1,WAUB8GFF9G10,17,582,3676,13,0,32,48,2016,4,1,2,0,1,L,2,1525,5,0,1,1,11,2,72,1,8,0,995,0,7,0,76247,1,9,2,4,3,1,2,1,1,1,0,1,0,0,1,1,2,2,9,0,10,2,16,4,1,1,4,K,78,0,0,0,0,0,0,0,0,0,0,180,270,0,0,0,1,1,27,-9,25,25837,998,54,19,0,4,0,0,0,0,0,0,995,9.8,998,998,998,99.8,99.8,99.8,2153.812155,7,8
29763,13,64,1-13-2023-064-07,7,2,WBA3A5G50FNP,17,452,1709,13,0,34,34,2015,4,1,4,0,1,F,2,1524,5,0,1,1,38,2,72,1,8,0,995,0,7,0,76092,1,9,2,1,4,1,2,1,1,1,0,3,0,0,1,1,0,0,9,0,1,4,65,99,1,1,4,K,79,0,0,0,0,0,0,0,0,0,0,270,180,0,0,0,1,1,27,-25,-9,77090,998,-61,32,0,4,0,0,0,0,0,0,995,9.8,998,998,998,99.8,99.8,99.8,2153.812155,7,8
29764,28,32,1-28-2023-032-05,5,1,3N1CN7AP7EL8,17,478,1894,13,0,35,50,2014,4,1,2,0,1,T,2,1132,5,0,1,1,11,2,56,1,0,1,0,2,0,2,16950,1,2,0,4,2,1,2,1,3,4,0,2,0,0,5,1,0,0,9,1,14,2,13,1,1,4,1,A,1,1,6,2,2,1,4,61,1,1,39,997,997,0,1,0,2,6,999,999,999,9999999,999,999,999,7,0,2,5,0,1,3,3,997,0.0,999,15,999,22.5,3.9,23.0,55.36229171,3,8
29765,25,58,1-25-2023-058-04,4,1,1FM5K8GT2GGB,17,460,1800,7,0,12,401,2016,14,3,14,0,1,R,9,2146,5,9999,9,0,998,5,40,1,0,0,995,0,0,0,04043,9,9,2,4,2,1,2,1,1,1,1,2,0,0,1,1,2,2,1,0,1,2,17,99,1,1,5,L,87,0,0,0,0,0,0,0,0,0,0,70,335,0,0,0,1,0,999,999,999,9999999,999,999,999,9,0,95,95,95,95,95,0,995,9.8,998,998,998,99.8,99.8,99.8,204.047788,2,8
29765,25,58,1-25-2023-058-04,4,2,1N4BL4CWXLC1,17,478,1904,13,0,35,47,2020,4,1,4,0,1,F,9,1545,5,0,1,1,9,2,40,1,0,0,995,0,0,0,04043,2,2,2,4,2,1,2,1,2,1,1,2,0,0,1,1,0,0,1,0,14,4,66,9,1,1,5,L,86,0,0,0,0,0,0,0,0,0,0,335,70,0,0,0,1,12,999,999,999,9999999,999,999,999,9,0,0,0,0,0,0,0,995,9.8,998,998,998,99.8,99.8,99.8,204.047788,2,8
29766,25,59,1-25-2023-059-08,8,1,1G1ZE5E01CF3,17,467,1834,13,0,20,37,2012,4,1,4,0,1,F,9,1551,5,0,1,1,11,2,56,1,8,1,241,2,7,1,04101,9,9,0,4,2,1,2,1,2,2,1,2,0,0,1,1,0,0,9,1,14,2,12,8,1,4,1,B,6,0,0,0,0,0,0,0,0,0,0,998,998,0,1,1,1,12,999,999,999,9999999,999,999,999,9,0,1,2,0,1,4,0,998,0.2,47,33,78,19.4,2.1,19.6,62.49448566,2,8
29767,52,55,1-52-2023-055-09,9,1,3FADP0L37AR1,17,460,1780,13,0,12,23,2010,4,1,3,0,1,F,1,1650,5,0,1,1,19,2,56,1,0,0,995,0,0,0,59102,9,9,2,5,5,1,2,1,1,1,0,3,0,0,1,1,1,2,3,0,1,3,52,1,1,1,2,D,28,0,0,0,0,0,0,0,0,0,0,90,90,0,0,0,1,1,15,-15,0,19857,998,0,17,0,1,99,99,0,0,99,0,995,9.8,998,998,998,99.8,99.8,99.8,172.4039086,12,8
29767,52,55,1-52-2023-055-09,9,2,3D4PH5FV8AT1,17,476,1939,7,0,7,27,2010,6,1,4,0,1,B,1,1923,5,0,1,1,19,2,56,1,0,0,995,0,0,0,59101,9,9,2,5,5,1,2,1,1,1,0,3,0,0,1,1,1,2,9,0,1,3,53,1,1,1,2,D,29,0,0,0,0,0,0,0,0,0,0,90,90,0,0,0,1,1,13,13,0,8090,998,9,10,0,1,99,99,0,0,99,0,995,9.8,998,998,998,99.8,99.8,99.8,172.4039086,12,8
29768,52,56,1-52-2023-056-09,9,1,1G1AT58H4971,17,467,4234,13,0,20,22,2009,4,1,2,0,1,B,1,1261,5,0,1,1,11,2,56,1,1,9,998,8,0,0,99999,9,9,1,2,2,99,1,1,2,4,9,9,0,0,3,1,0,0,9,1,14,1,9,99,9,4,1,A,2,0,0,0,0,0,0,0,0,0,0,998,998,0,0,0,3,1,16,16,3,17112,998,-3,16,0,1,1,1,0,1,4,0,998,0.0,120,20,120,0.0,0.0,0.0,172.4039086,12,8
29770,52,58,1-52-2023-058-04,4,1,1C4PJMBS6EW2,17,483,1945,7,0,2,404,2014,14,3,14,0,1,L,1,1862,5,0,1,1,9,2,56,1,0,0,995,0,0,0,59101,9,9,2,4,5,2,2,2,1,1,1,1,0,0,1,2,1,2,9,0,1,2,17,4,1,1,5,L,89,0,0,0,0,0,0,0,0,0,0,10,80,0,0,0,1,1,14,-9,11,18780,998,45,15,0,4,0,0,0,0,0,0,995,9.8,998,998,998,99.8,99.8,99.8,86.55987561,12,8
29770,52,58,1-52-2023-058-04,4,2,1C6RREBG6NN2,17,496,13620,60,0,7,482,2022,34,5,31,0,1,F,1,2177,5,0,1,1,9,2,56,1,0,0,995,0,0,0,59047,9,9,2,1,2,1,2,2,1,1,1,1,0,0,1,2,1,2,9,0,1,2,17,3,1,1,5,L,88,0,0,0,0,0,0,0,0,0,0,80,10,0,0,0,1,1,13,-6,-11,29647,998,-189,12,0,4,0,0,0,0,0,0,995,9.8,998,998,998,99.8,99.8,99.8,86.55987561,12,8
29771,14,31,1-14-2023-031-07,7,1,1C6RR7LG3HS5,17,496,13620,60,0,7,482,2017,34,5,31,0,1,F,1,2336,5,0,1,1,14,2,72,1,0,0,995,0,0,0,78130,1,9,0,3,2,2,2,1,2,9,3,0,0,0,3,1,0,0,9,1,14,3,51,2,1,2,2,D,24,0,0,0,0,0,0,0,0,0,0,80,80,0,0,0,1,5,999,999,999,9999999,999,999,13,2,0,0,0,0,0,0,0,995,9.8,998,998,998,99.8,99.8,99.8,8107.525471,8,8
29771,14,31,1-14-2023-031-07,7,2,3WKADB9X34F0,17,532,9703,66,0,85,881,2004,66,8,68,0,1,B,9,,,,,,,5,72,1,0,0,995,0,0,0,78648,9,9,0,3,2,1,2,1,2,9,3,0,0,0,3,1,0,0,9,0,14,3,53,99,1,1,2,D,25,,,,,,,,,,,,,,,,,,,,,,,,,,,95,95,95,95,95,,,9.8,998,998,998,99.8,99.8,99.8,8107.525471,8,8
29772,10,75,1-10-2023-075-08,8,1,2G4WY55J7211,17,468,8843,13,0,18,7,2002,4,1,3,0,1,F,9,1528,5,9999,9,0,998,2,56,1,0,1,0,2,0,0,45385,1,9,3,4,2,1,2,2,1,1,0,0,0,0,1,8,0,0,1,1,11,2,12,99,9,4,6,M,98,0,0,0,0,0,0,0,0,0,0,170,0,0,0,0,2,0,999,999,999,9999999,999,999,999,9,0,2,9,0,1,3,0,995,0.0,25,25,78,6.3,1.7,6.5,228.4666841,4,8
29772,10,75,1-10-2023-075-08,8,2,JALC4W16XD70,17,542,3641,11,0,38,882,2013,61,8,60,0,1,F,9,,,,,,,5,56,1,0,0,995,0,0,0,45385,9,9,3,5,5,1,2,2,1,1,0,3,0,0,1,8,0,0,1,0,1,4,62,99,1,1,6,M,98,,,,,,,,,,,,,,,,,,,,,,,,,,,95,95,95,95,95,,,9.8,998,998,998,99.8,99.8,99.8,228.4666841,4,8
29773,10,76,1-10-2023-076-01,1,1,1G6KD57Y66U1,17,469,4308,13,0,19,22,2006,4,1,5,0,1,F,3,1818,5,0,1,1,17,2,105,1,1,1,0,1,1,2,45406,2,9,0,2,3,3,2,2,1,9,2,3,0,2,3,8,0,0,9,0,1,3,54,99,1,1,3,G,52,0,0,0,0,0,0,0,0,0,0,190,0,0,0,0,1,1,95,-94,17,814235,998,30,103,0,4,6,75,1,1,1,0,995,9.8,998,998,998,99.8,99.8,99.8,37.24158463,4,8
29773,10,76,1-10-2023-076-01,1,2,KNAFU4A23A51,17,499,2462,13,0,63,38,2010,4,1,3,0,1,F,3,1228,5,0,1,1,17,2,105,1,1,1,298,1,0,1,45415,9,1,0,2,3,3,2,2,1,9,3,2,1,3,3,8,0,0,9,0,1,3,54,99,1,1,3,G,52,0,0,0,0,0,0,0,0,0,0,0,190,0,0,0,1,1,137,-137,0,839383,998,0,128,0,4,6,75,1,1,1,0,995,1.7,999,999,999,0.0,0.0,0.0,37.24158463,4,8
29773,10,76,1-10-2023-076-01,1,3,1N4AL3AP1HC2,17,478,1904,13,0,35,47,2017,4,1,4,0,1,L,9,1453,5,9999,9,0,998,5,105,1,0,0,995,0,0,0,45373,9,9,0,2,3,2,2,2,1,9,3,3,0,3,3,8,0,0,1,0,1,4,60,99,1,1,6,M,98,0,0,0,0,0,0,0,0,0,0,0,265,0,0,0,2,0,999,999,999,9999999,999,999,999,9,0,95,95,95,95,95,0,995,9.8,998,998,998,99.8,99.8,99.8,37.24158463,4,8
29774,10,77,1-10-2023-077-09,9,1,2C4GP74L82R7,17,477,1936,2,0,6,441,2002,20,4,20,0,1,F,9,1935,5,9999,9,0,998,2,56,1,0,0,995,0,0,0,45417,2,2,2,4,4,2,2,1,1,1,3,2,0,0,1,1,1,2,1,0,1,3,52,99,1,1,2,D,28,0,0,0,0,0,0,0,0,0,0,150,150,0,0,0,1,0,999,999,999,9999999,999,999,999,9,0,1,3,0,1,4,0,995,9.8,998,998,998,99.8,99.8,99.8,1624.008502,4,8
29774,10,77,1-10-2023-077-09,9,2,1FADP3K26HL2,17,460,1779,5,0,12,37,2017,5,1,3,0,1,B,9,1327,5,9999,9,0,998,5,56,1,0,0,995,0,0,0,45309,9,9,2,4,4,2,2,1,1,1,3,2,0,0,1,1,1,2,1,0,2,3,53,99,1,1,2,D,30,0,0,0,0,0,0,0,0,0,0,150,150,0,0,0,1,0,999,999,999,9999999,999,999,999,9,0,95,95,95,95,95,0,995,9.8,998,998,998,99.8,99.8,99.8,1624.008502,4,8
29775,10,78,1-10-2023-078-01,1,1,1GTHK23DX6F1,17,472,1857,60,0,23,481,2006,34,5,31,0,1,L,3,2738,5,0,1,1,19,2,89,1,1,1,157,1,0,3,45311,9,9,4,4,2,1,2,1,1,2,1,2,0,0,2,1,8,2,9,0,1,6,90,1,1,1,1,C,12,0,0,0,0,0,0,0,0,0,0,998,998,0,0,0,2,5,999,999,999,9999999,999,999,74,5,0,9,97,1,1,1,0,998,9.8,998,998,998,99.8,99.8,99.8,37.24158463,4,8
29776,18,34,1-18-2023-034-01,1,1,1FMCU0G76FUA,17,460,1798,7,0,12,402,2015,14,3,14,0,1,F,3,1635,5,0,1,1,12,2,72,1,1,1,426,2,0,2,54755,1,9,2,1,4,3,1,1,1,1,3,3,0,0,3,1,1,2,9,0,1,3,50,4,1,1,2,D,20,0,0,0,0,0,0,0,0,0,0,90,90,0,1,0,1,1,83,-83,0,298643,998,-13,67,0,1,3,19,1,1,3,0,995,0.0,999,999,999,0.8,0.6,1.0,44.11670831,6,8
29776,18,34,1-18-2023-034-01,1,2,2B3CA3CV9AH2,17,476,1895,13,0,7,24,2010,4,1,5,0,1,B,3,1719,5,0,1,5,12,2,72,1,0,0,995,0,0,0,54701,1,9,2,1,4,3,1,1,1,1,3,3,0,0,3,1,1,2,9,0,5,3,53,1,1,1,2,D,21,0,0,0,0,0,0,0,0,0,0,90,90,0,0,0,1,1,79,79,0,589521,998,-9,92,0,1,4,16,1,1,1,0,995,0.0,999,999,999,1.1,0.3,1.3,44.11670831,6,8
29777,18,35,1-18-2023-035-04,4,1,1FMHK8D84BGA,17,460,1800,7,0,12,401,2011,14,3,14,0,1,R,1,2146,5,0,1,4,125,2,72,1,0,0,995,0,0,0,54703,1,9,2,1,3,3,2,1,1,1,1,2,0,0,1,1,1,2,9,0,11,2,15,99,1,1,4,J,68,0,0,0,0,0,0,0,0,0,0,195,85,0,0,0,1,3,10,-3,-9,27768,998,233,10,0,4,0,0,0,0,0,0,995,9.8,998,998,998,99.8,99.8,99.8,877.5445706,6,8
29777,18,35,1-18-2023-035-04,4,2,5NPLS4AG8MH0,17,498,2735,13,0,55,35,2021,4,1,3,0,1,F,1,1236,5,0,1,1,18,2,72,1,0,0,995,0,0,0,54703,1,9,2,1,3,2,1,1,1,1,1,3,0,0,1,1,1,2,9,0,1,4,62,3,1,1,4,J,69,0,0,0,0,0,0,0,0,0,0,85,195,0,0,0,1,3,17,-17,0,17176,998,36,18,0,4,0,0,0,0,0,0,995,9.8,998,998,998,99.8,99.8,99.8,877.5445706,6,8
29778,16,45,1-16-2023-045-06,6,1,2T1BR18EXWC0,17,448,2208,13,0,49,32,1998,4,1,1,0,1,L,1,1095,5,9999,9,0,998,5,56,1,0,0,995,0,0,0,45205,9,9,2,4,5,1,2,1,1,1,0,3,0,0,3,1,1,2,1,0,1,2,17,99,1,1,5,L,89,0,0,0,0,0,0,0,0,0,0,205,295,0,0,0,1,3,19,-12,15,30657,998,-76,23,0,4,95,95,95,95,95,0,995,9.8,998,998,998,99.8,99.8,99.8,597.2335283,5,8