CASEID,PSU,CASENO,CASENUMBER,CATEGORY,VEHNO,VIN,VINLENGTH,VPICMAKE,VPICMODEL,VPICBODYCLASS,ICFINALBODY,MAKE,MODEL,MODELYR,BODYTYPE,BODYCAT,VEHCLASS,SPECUSE,TRANSTAT,DAMPLANE,DAMSEV,CURBWT,CURBSRC,CARGOWT,CARGOSRC,INSPTYPE,INSPLAG,TOWED,SPEEDLIMIT,DRPRESENT,PARALCOHOL,ALCTEST,ALCTESTRESULT,ALCTESTSRC,PARDRUG,DRUGTEST,ZIP,RACE,ETHNICITY,RELTOJUNCT,TRAFFLOW,RDLANES,INITLANE,SURFTYPE,SURFCOND,ALIGNMENT,PROFILE,LINERIGHT,LINELEFT,RUMBINIT,RUMBROAD,LIGHTCOND,WEATHER,TRAFDEV,TRAFFUNCT,DISTRACT,PREFHE,PREMOVE,CRITCAT,CRITEVENT,MANEUVER,PRESTAB,PRELOC,CRASHCAT,CRASHCONF,CRASHTYPE,ROLLTYPE,ROLLTURN,ROLLINTRPT,ROLLPREMAN,ROLLINITYP,ROLLINLOC,ROLLOBJ,ROLLTRIP,ROLLDIR,ROLLDIST,DVANGTHIS,DVANGOTH,TOWHITCH,TRAJDOC,TREEPOLE,DVEVENT,DVBASIS,DVTOTAL,DVLONG,DVLAT,DVENERGY,DVSPEED,DVMOMENT,DVBES,DVEST,DVCONF,VAIS,VISS,VINJSEV,VINJURED,VTREAT,INITOBJCLASS,HEADANGLECAT,SHLDRWIDTH,STRKLENGTH,STRKWIDTH,STRKHEIGHT,EDGEDISTX,EDGEDISTY,EDGEDISTZ,CASEWGT,PSUSTRAT,VERSION
29821,77,34,1-77-2023-034-05,5,2,2HKRM4H52EH6,17,474,1865,7,0,37,402,2014,14,3,14,0,1,B,2,1583,5,0,1,1,23,2,105,1,0,0,995,0,0,0,22939,9,9,0,1,2,2,2,1,1,9,3,2,1,3,1,1,0,0,1,1,2,2,18,99,1,4,2,D,29,0,0,0,0,0,0,0,0,0,0,85,85,0,0,0,1,3,33,33,0,61883,998,-41,29,0,4,99,99,0,0,4,0,995,9.9,999,999,999,99.9,99.9,99.9,95.93827322,9,8
29822,77,35,1-77-2023-035-08,8,1,JTKDE1679802,17,448,2207,5,0,49,50,2008,3,1,3,0,1,T,2,1303,2,0,1,1,7,2,56,1,0,0,995,0,0,0,22911,9,9,2,4,3,2,2,1,3,1,1,2,0,0,1,1,6,2,3,1,14,1,6,99,4,4,1,A,2,1,3,1,2,1,4,61,1,1,14,997,997,0,1,0,4,6,999,999,999,9999999,999,999,999,7,0,9,97,0,1,0,3,997,0.0,5,5,95,7.0,1.0,7.1,531.1743748,9,8
29823,77,36,1-77-2023-036-05,5,1,JTMRJREVXHD1,17,448,2217,7,0,49,402,2017,14,3,14,0,1,F,2,1765,5,0,1,1,13,2,40,1,0,0,995,0,0,0,24541,9,9,2,4,2,1,2,1,1,4,0,2,0,0,1,1,0,0,1,1,6,4,61,7,1,4,1,B,8,0,0,0,0,0,0,0,0,0,0,998,998,0,1,1,1,1,32,-32,0,79520,998,-4,32,0,1,2,5,0,2,4,0,998,0.0,36,38,60,3.1,0.1,3.1,95.93827322,9,8
29824,54,35,1-54-2023-035-05,5,1,5TFAX5GN9HX0,17,448,2223,60,0,49,472,2017,34,5,31,0,1,F,3,1984,5,0,2,4,18,2,89,1,0,1,0,2,0,2,35571,1,2,0,4,2,1,2,1,1,4,1,2,0,0,1,1,0,0,1,1,1,2,10,1,1,2,3,G,53,1,4,2,2,1,4,61,1,1,21,315,145,0,0,0,1,5,999,999,999,9999999,999,999,999,8,0,2,9,0,1,3,3,995,9.8,998,998,998,99.8,99.8,99.8,129.7151114,9,8
29824,54,35,1-54-2023-035-05,5,2,1XKADP9X0EJ4,17,532,2716,66,0,85,881,2014,66,8,68,0,1,9,9,,,,,,,2,89,1,0,0,995,0,0,0,35565,9,9,0,4,2,1,2,1,1,2,1,2,0,0,1,1,0,0,9,0,1,4,62,99,9,1,3,G,53,,,,,,,,,,,,,,,,,,,,,,,,,,,95,95,95,95,95,,,9.8,998,998,998,99.8,99.8,99.8,129.7151114,9,8
29825,54,36,1-54-2023-036-10,10,1,3GNFL4E52CS5,17,467,1846,7,0,20,405,2012,14,3,14,0,1,F,1,1825,5,0,1,1,3,2,40,1,8,0,995,0,7,0,35630,1,9,2,4,2,1,2,1,1,4,0,0,0,0,1,1,0,0,9,0,1,3,52,2,1,1,2,D,28,0,0,0,0,0,0,0,0,0,0,270,300,0,0,0,1,3,20,-20,0,39441,998,-8,23,0,4,0,0,0,0,0,0,995,9.8,998,998,998,99.8,99.8,99.8,694.7979222,9,8
29825,54,36,1-54-2023-036-10,10,2,JTNB11HK3J30,17,448,2469,13,0,49,40,2018,4,1,4,0,1,B,2,1470,5,9999,9,0,998,5,40,1,8,0,995,0,7,0,35653,9,9,2,4,2,1,2,1,1,4,0,0,0,0,1,1,0,0,9,0,1,2,16,99,1,1,2,D,31,0,0,0,0,0,0,0,0,0,0,300,270,0,0,0,1,3,26,23,-13,51410,998,113,24,0,4,95,95,95,95,95,0,995,9.8,998,998,998,99.8,99.8,99.8,694.7979222,9,8
29826,48,29,1-48-2023-029-09,9,1,1D7HA18D15S2,17,476,1938,60,0,7,482,2005,34,5,30,0,1,F,2,2225,5,0,1,1,15,2,56,1,9,1,0,2,0,0,84312,1,2,0,4,2,1,2,2,1,1,0,0,0,0,1,2,0,0,3,1,1,2,12,1,1,4,1,B,6,0,0,0,0,0,0,0,0,0,0,998,998,0,0,7,1,10,999,999,999,9999999,999,62,25,3,0,1,1,0,1,4,0,998,0.0,999,999,999,0.1,0.0,0.1,683.2043178,12,8
29827,48,30,1-48-2023-030-03,3,1,7FARW2H54KE0,17,474,1865,7,0,37,402,2019,14,3,14,0,1,R,1,1580,5,0,1,1,8,2,129,1,0,0,995,0,0,0,83686,1,2,0,1,2,1,2,1,1,1,1,3,2,3,1,1,0,0,9,1,1,2,11,1,1,4,1,C,11,0,0,0,0,0,0,0,0,0,0,100,90,0,0,0,1,5,999,999,999,9999999,999,999,14,2,0,1,1,0,1,4,0,995,3.4,120,999,999,50.5,19.3,54.0,106.4409357,12,8
29827,48,30,1-48-2023-030-03,3,2,1XP5DR9X9YD5,17,495,2046,66,0,87,881,2000,66,8,68,0,2,L,9,,,,,,,,,,,,,,,,,,,,,,,,,,,,,,,,,,,,,,,,,,,,,,,,,,,,,,,,,,,,,,,,,,,,,,,,95,95,95,95,95,,,,,,,,,,106.4409357,12,8
29828,48,31,1-48-2023-031-06,6,1,ZACCJBCB2JPH,17,483,6160,7,0,2,408,2018,14,3,14,0,1,T,2,1583,5,100,1,1,11,2,129,1,1,1,255,2,0,0,84320,1,2,0,1,2,2,2,1,2,2,3,2,1,3,1,1,0,0,9,1,14,2,12,4,1,4,1,B,6,1,6,2,2,1,4,61,1,2,45,997,997,0,0,0,2,6,999,999,999,9999999,999,999,999,7,0,1,1,0,1,6,3,997,1.3,999,999,999,17.0,1.6,17.0,337.7998431,12,8
29829,59,54,1-59-2023-054-01,1,1,1GKFK03279R2,17,472,1859,7,0,23,421,2009,15,3,15,0,1,R,3,2506,5,0,1,1,9,2,64,1,8,1,0,2,7,2,47885,1,2,2,4,2,1,2,1,1,1,1,2,0,0,1,8,8,2,9,1,1,2,17,99,1,2,1,C,15,0,0,0,0,0,0,0,0,0,0,998,998,0,0,0,1,1,95,0,-95,929080,998,-24,95,0,4,5,59,1,1,1,0,998,9.8,998,998,998,99.8,99.8,99.8,48.2239268,6,8
29830,59,55,1-59-2023-055-03,3,1,1GNKVGED9CJ3,17,467,1853,7,0,20,24,2012,6,1,5,0,1,F,1,2234,5,0,1,5,37,2,64,1,0,0,995,0,0,0,47859,1,9,1,1,5,2,2,2,1,1,3,3,0,0,1,2,1,2,9,0,1,2,17,2,1,1,4,K,83,0,0,0,0,0,0,0,0,0,0,20,280,0,0,0,1,3,7,-7,-1,4693,998,0,7,0,4,1,3,0,1,4,0,995,9.8,998,998,998,99.8,99.8,99.8,65.46527909,6,8
29830,59,55,1-59-2023-055-03,3,2,5TDHBRCH1LS5,17,448,2213,7,0,49,403,2020,14,3,14,0,1,L,1,2015,5,0,1,1,8,2,48,1,0,0,995,0,0,0,47802,9,9,1,3,3,3,2,2,1,1,2,1,0,0,1,2,1,2,9,0,11,4,66,4,1,1,4,K,82,0,0,0,0,0,0,0,0,0,0,280,20,0,0,0,1,3,8,-3,7,7658,998,129,7,0,4,0,0,0,0,0,0,995,9.8,998,998,998,99.8,99.8,99.8,65.46527909,6,8
29831,59,56,1-59-2023-056-07,7,1,4A4MM31S28E0,17,481,2167,7,0,52,402,2008,14,3,14,0,1,F,1,1890,5,0,1,1,5,2,64,1,0,0,995,0,0,0,47807,9,9,2,4,2,1,2,1,1,1,1,2,0,0,4,1,2,2,2,0,1,2,17,99,1,1,5,L,86,0,0,0,0,0,0,0,0,0,0,270,0,0,1,0,1,1,19,-6,17,56369,998,201,16,0,1,0,0,0,0,0,0,995,9.8,998,998,998,99.8,99.8,99.8,543.8221299,6,8
29831,59,56,1-59-2023-056-07,7,2,3GTU2TEH9EG3,17,472,1857,60,0,23,481,2014,34,5,31,0,1,R,1,2378,5,0,1,1,5,2,64,1,0,0,995,0,0,0,60614,9,9,2,1,3,2,2,1,1,1,1,3,0,0,4,1,0,0,1,1,1,4,66,3,1,2,5,L,87,0,0,0,0,0,0,0,0,0,0,0,270,0,1,0,1,1,15,-14,-5,48621,998,104,19,0,1,0,0,0,0,0,0,995,9.8,998,998,998,99.8,99.8,99.8,543.8221299,6,8
29832,59,57,1-59-2023-057-04,4,1,1FAFP45X3XF1,17,460,1781,1,0,12,3,1999,1,1,2,0,1,F,2,1524,5,0,1,1,3,2,89,1,0,0,995,0,0,0,47803,9,9,2,4,2,1,2,1,1,3,1,2,0,0,1,1,2,2,9,0,1,2,17,99,1,1,5,L,86,0,0,0,0,0,0,0,0,0,0,270,20,0,1,0,1,3,37,-29,24,91043,998,127,28,0,4,0,0,0,0,0,0,995,9.8,998,998,998,99.8,99.8,99.8,200.3211746,6,8
29832,59,57,1-59-2023-057-04,4,2,3GTN9AEFXMG3,17,472,1857,60,0,23,481,2021,34,5,31,0,1,R,2,2083,5,0,1,1,5,2,89,1,0,0,995,0,0,0,47802,1,2,2,4,2,1,2,1,1,1,1,2,0,0,1,1,0,0,1,0,1,4,66,7,1,1,5,L,87,1,2,2,2,1,4,61,1,1,5,20,270,0,1,0,1,3,29,-25,-14,156140,998,81,39,0,4,0,0,0,0,0,3,995,9.8,998,998,998,99.8,99.8,99.8,200.3211746,6,8
29834,33,28,1-33-2023-028-04,4,1,JM3KE4CYXF04,17,473,2369,7,0,41,403,2015,14,3,14,0,1,L,2,1604,5,0,1,1,6,2,56,1,0,0,995,0,0,0,95965,1,9,2,4,2,1,2,1,1,1,1,2,0,0,1,1,2,2,2,0,1,2,17,9,1,1,5,L,89,0,0,0,0,0,0,0,0,0,0,80,160,0,1,0,1,98,999,999,999,9999999,999,999,999,7,0,1,1,0,1,99,0,995,9.8,998,998,998,99.8,99.8,99.8,45.02561542,12,8
29834,33,28,1-33-2023-028-04,4,2,1FTER4FH4MLE,17,460,1803,60,0,12,471,2021,34,5,30,0,1,F,2,2014,5,0,1,1,6,2,89,1,0,0,995,0,0,0,95948,1,2,2,4,4,2,2,1,1,1,1,1,0,3,1,1,0,0,1,0,1,4,66,3,1,1,5,L,88,0,0,0,0,0,0,0,0,0,0,160,80,0,1,0,1,11,999,999,999,9999999,999,999,999,7,0,0,0,0,0,0,0,995,3.1,120,6,120,4.0,3.1,5.0,45.02561542,12,8
29835,33,29,1-33-2023-029-06,6,1,1G1ZJ5SU2HF2,17,467,1834,13,0,20,37,2017,4,1,4,0,1,F,2,1536,5,0,1,1,95,2,56,1,8,1,0,2,7,0,95926,9,1,0,5,3,1,2,2,1,1,1,2,0,0,3,8,0,0,3,1,1,2,11,1,1,4,1,C,11,0,0,0,0,0,0,0,0,0,0,70,60,0,0,0,1,3,28,-28,-5,57744,998,-8,29,0,4,0,0,0,0,4,0,995,9.8,998,998,998,99.8,99.8,99.8,45.62052222,12,8
29835,33,29,1-33-2023-029-06,6,2,5YFEPMAE9NP2,17,448,2208,13,0,49,32,2022,4,1,4,0,2,B,2,1495,5,9999,9,0,998,,,,,,,,,,,,,,,,,,,,,,,,,,,,,,,,,,,,,,,,,,,,,,,,,,,,,,,,,,,,,,,,,,95,95,95,95,95,,,,,,,,,,45.62052222,12,8
29838,12,44,1-12-2023-044-07,7,1,1GCPTEE12J11,17,467,4086,60,0,20,473,2018,34,5,31,0,1,L,1,2001,5,0,1,1,10,2,40,1,0,0,995,0,0,0,73443,9,9,3,4,2,1,1,1,1,1,0,0,0,0,3,1,0,0,1,0,11,2,15,2,1,1,4,K,82,0,0,0,0,0,0,0,0,0,0,190,290,0,0,0,1,1,10,-2,10,9504,998,-23,11,0,4,0,0,0,0,0,0,995,9.8,998,998,998,99.8,99.8,99.8,2046.105608,9,8
29838,12,44,1-12-2023-044-07,7,2,JM1BK32G0912,17,473,2074,13,0,41,51,2009,4,1,2,0,1,F,1,1249,5,0,1,1,9,2,40,1,0,0,995,0,0,0,73115,9,9,3,4,2,1,2,1,2,2,0,2,0,0,3,1,0,0,1,0,14,4,72,2,2,1,4,K,83,0,0,0,0,0,0,0,0,0,0,290,190,0,0,0,1,1,16,-16,0,11296,998,-23,15,0,4,0,0,0,0,0,0,995,9.8,998,998,998,99.8,99.8,99.8,2046.105608,9,8
29839,12,45,1-12-2023-045-03,3,1,JN1BJ1CP6KW5,17,478,17214,5,0,35,404,2019,14,3,14,0,1,F,3,1550,5,0,1,1,4,2,64,1,0,0,995,0,0,0,73529,1,2,2,1,3,1,2,1,1,1,1,3,0,0,1,1,1,2,1,0,1,2,17,2,2,1,5,L,86,0,0,0,0,0,0,0,0,0,0,165,265,0,0,0,1,3,75,-70,26,166295,998,67,46,0,4,1,2,0,1,4,0,995,9.8,998,998,998,99.8,99.8,99.8,265.8197935,9,8
29839,12,45,1-12-2023-045-03,3,2,1GC1KVEG0JF1,17,467,1850,60,0,20,481,2018,34,5,31,0,1,R,3,2991,5,9999,9,0,998,5,56,1,0,0,995,0,0,0,72634,9,9,2,4,3,1,2,1,1,1,1,1,0,0,1,1,1,2,1,0,1,2,17,99,1,1,5,L,87,0,0,0,0,0,0,0,0,0,0,265,165,0,0,0,1,3,42,-21,-36,496897,998,64,62,0,4,95,95,95,95,95,0,995,9.8,998,998,998,99.8,99.8,99.8,265.8197935,9,8
29840,19,71,1-19-2023-071-05,5,1,5N1AT2MT0FC8,17,478,1913,8,0,35,51,2015,6,1,3,0,1,R,2,1550,5,0,1,1,4,2,72,1,0,1,0,2,0,2,35903,1,9,0,4,2,1,2,1,2,1,1,2,0,0,1,1,0,0,9,1,14,1,8,1,1,4,1,B,6,1,3,1,2,1,4,61,1,1,23,997,997,0,1,0,3,6,999,999,999,9999999,999,999,999,7,0,3,19,1,2,3,3,997,0.4,100,80,-60,23.9,2.3,24.0,43.48554189,9,8
29841,19,72,1-19-2023-072-03,3,1,4T1BE32K33U1,17,448,2469,13,0,49,40,2003,4,1,3,0,1,R,2,1435,5,9999,9,4,34,2,56,1,0,0,995,0,0,0,35904,1,9,2,1,4,4,2,1,1,1,1,0,0,0,1,1,1,2,9,0,11,2,15,99,1,1,4,J,68,0,0,0,0,0,0,0,0,0,0,240,130,0,0,0,1,3,30,-23,-19,87110,998,-25,37,0,4,0,0,0,0,0,0,995,9.8,998,998,998,99.8,99.8,99.8,117.5033667,9,8
29841,19,72,1-19-2023-072-03,3,2,1C3CDZAB8DN7,17,476,1892,13,0,7,26,2013,4,1,3,0,1,F,2,1539,5,0,1,1,7,2,56,1,0,0,995,0,0,0,36206,1,9,2,1,4,3,2,1,1,1,3,3,0,0,1,1,1,2,9,0,1,4,62,4,1,1,4,J,69,0,0,0,0,0,0,0,0,0,0,130,240,0,0,0,1,3,29,-25,14,37548,998,80,21,0,4,0,0,0,0,0,0,995,9.8,998,998,998,99.8,99.8,99.8,117.5033667,9,8
29841,19,72,1-19-2023-072-03,3,3,5TFAZ5CN2MX1,17,448,2223,60,0,49,472,2021,34,5,31,0,1,L,1,2007,5,0,1,1,30,2,56,1,0,0,995,0,0,0,35901,2,2,3,4,2,1,2,1,1,4,0,0,0,0,1,1,0,0,1,0,5,4,66,1,1,1,6,M,98,0,0,0,0,0,0,0,0,0,0,40,140,0,0,0,3,1,14,-2,14,4219,998,-118,6,0,4,0,0,0,0,4,0,995,9.8,998,998,998,99.8,99.8,99.8,117.5033667,9,8
29842,19,73,1-19-2023-073-08,8,1,JN8CS1MU5DM1,17,480,2373,8,0,58,39,2013,6,1,4,0,1,F,3,1954,5,0,1,1,5,2,72,1,0,1,0,2,0,2,35907,2,9,0,4,2,1,2,1,1,2,1,3,0,0,1,8,0,0,9,1,1,2,10,8,1,2,3,I,64,0,0,0,0,0,0,0,0,0,0,300,130,0,1,0,1,5,999,999,999,9999999,999,999,47,4,0,3,17,1,1,3,0,995,9.8,998,998,998,99.8,99.8,99.8,119.2369983,9,8
29842,19,73,1-19-2023-073-08,8,2,3FRXF75F99V1,17,460,1810,11,0,12,881,2009,63,8,60,0,1,L,9,,,,,,,2,72,1,0,0,995,0,0,0,35903,9,9,0,4,2,1,2,1,1,1,1,2,0,0,1,8,0,0,1,0,1,4,62,4,1,1,3,I,65,,,,,,,,,,,,,,,,,,,,,,,,,,,95,95,95,95,95,,,9.8,998,998,998,99.8,99.8,99.8,119.2369983,9,8
29846,24,61,1-24-2023-061-03,3,1,2HGFC2F84KH5,17,474,1863,13,0,37,31,2019,4,1,3,0,1,R,1,1312,5,0,1,1,69,2,40,1,0,0,995,0,0,0,08406,9,9,2,4,2,1,2,1,1,1,0,2,0,0,1,1,2,2,1,0,1,2,17,1,1,1,5,L,87,0,0,0,0,0,0,0,0,0,0,320,230,0,0,0,1,1,14,-7,-13,4373,998,-57,8,0,1,0,0,0,0,0,0,995,9.8,998,998,998,99.8,99.8,99.8,333.5868977,1,8
29846,24,61,1-24-2023-061-03,3,2,3N1AB8CV2LY2,17,478,1907,13,0,35,43,2020,4,1,3,0,1,F,1,1385,5,0,1,1,56,2,40,1,0,0,995,0,0,0,08205,2,2,2,3,2,1,2,1,1,1,0,3,0,0,1,1,0,0,1,0,1,4,66,4,1,1,5,L,86,0,0,0,0,0,0,0,0,0,0,230,320,0,0,0,1,1,13,-11,7,19690,998,41,18,0,1,1,1,0,1,4,0,995,9.8,998,998,998,99.8,99.8,99.8,333.5868977,1,8
29847,24,62,1-24-2023-062-06,6,1,3LNHL2GC8AR6,17,464,1790,13,0,13,13,2010,4,1,3,0,1,L,1,1633,5,0,1,1,40,2,56,1,0,0,995,0,0,0,08319,9,9,2,4,2,1,2,1,1,1,0,0,0,0,1,1,2,2,1,0,11,2,15,1,1,1,4,K,82,0,0,0,0,0,0,0,0,0,0,50,170,0,0,0,1,1,18,-6,17,5561,998,-189,6,0,1,9,97,0,1,0,0,995,9.8,998,998,998,99.8,99.8,99.8,881.091907,1,8
29847,24,62,1-24-2023-062-06,6,2,2T1BURHE3FC4,17,448,2208,13,0,49,32,2015,4,1,3,0,1,F,1,1265,5,0,1,1,40,2,80,1,0,0,995,0,0,0,08203,1,2,2,4,4,1,2,1,1,1,1,3,0,0,1,1,0,0,1,0,1,4,67,1,1,1,4,K,83,0,0,0,0,0,0,0,0,0,0,170,50,0,0,0,1,1,22,-22,4,79477,998,30,38,0,1,1,1,0,1,4,0,995,9.8,998,998,998,99.8,99.8,99.8,881.091907,1,8
29848,52,59,1-52-2023-059-03,3,1,5TDHZRBHXNS5,17,448,2213,7,0,49,403,2022,14,3,14,0,1,F,1,1950,5,0,2,1,12,2,56,1,0,0,995,0,0,0,59041,1,2,2,1,3,1,2,2,1,1,1,1,0,0,1,2,1,2,1,0,1,2,17,8,1,1,5,L,86,0,0,0,0,0,0,0,0,0,0,100,185,0,0,0,1,1,12,-9,8,17058,998,106,12,0,4,1,1,0,1,0,0,995,9.8,998,998,998,99.8,99.8,99.8,20.29700373,12,8
29848,52,59,1-52-2023-059-03,3,2,2G1FA1E39E92,17,467,1829,3,0,20,9,2014,2,1,4,0,1,R,1,1700,5,0,1,1,13,2,56,1,0,0,995,0,0,0,59102,9,9,2,1,1,1,2,2,1,1,1,1,0,0,1,2,1,2,9,0,1,4,66,1,1,1,5,L,87,0,0,0,0,0,0,0,0,0,0,185,100,0,0,0,1,1,14,-9,-11,16554,998,-59,14,0,4,99,99,0,0,99,0,995,9.8,998,998,998,99.8,99.8,99.8,20.29700373,12,8
29848,52,59,1-52-2023-059-03,3,3,1FTFW1EF9CFC,17,460,1801,60,0,12,481,2012,34,5,31,0,1,L,9,2522,5,9999,9,0,998,5,56,1,0,0,995,0,0,0,59102,9,9,2,4,4,3,2,2,1,1,1,2,0,0,1,2,1,2,9,0,5,4,62,1,1,1,6,M,98,0,0,0,0,0,0,0,0,0,0,0,160,0,0,0,3,0,999,999,999,9999999,999,999,999,9,0,95,95,95,95,95,0,995,9.8,998,998,998,99.8,99.8,99.8,20.29700373,12,8
29849,52,60,1-52-2023-060-04,4,1,3N1AB7AP3KL6,17,478,1907,13,0,35,43,2019,4,1,3,0,1,R,1,1315,5,0,1,1,14,2,40,1,0,0,995,0,0,0,59101,9,9,2,4,2,1,2,1,1,1,0,2,0,0,1,1,0,0,9,1,1,2,11,7,1,4,1,C,11,0,0,0,0,0,0,0,0,0,0,275,270,0,0,0,1,8,999,999,999,9999999,999,999,999,6,0,0,0,0,0,0,0,995,9.8,998,998,998,99.8,99.8,99.8,69.40762845,12,8
29849,52,60,1-52-2023-060-04,4,2,1HGCD5604VA1,17,474,1861,13,0,37,32,1997,4,1,3,0,2,L,1,1370,5,9999,9,4,14,,,,,,,,,,,,,,,,,,,,,,,,,,,,,,,,,,,,,,,,,,,,,,,,,,,,,,,,,,,,,,,,,,95,95,95,95,95,,,,,,,,,,69.40762845,12,8
29850,52,61,1-52-2023-061-06,6,1,1YVHP80C585M,17,473,2078,13,0,41,50,2008,4,1,3,0,1,F,1,1387,5,0,1,1,18,2,56,1,0,0,995,0,0,0,59404,9,9,2,4,4,2,2,2,2,1,1,1,0,0,5,1,1,2,9,0,14,3,50,99,9,1,2,D,20,0,0,0,0,0,0,0,0,0,0,215,220,0,0,0,1,1,15,-15,0,17254,998,-34,17,0,4,0,0,0,0,0,0,995,9.8,998,998,998,99.8,99.8,99.8,64.41435924,12,8
29850,52,61,1-52-2023-061-06,6,2,1C3CCCAB3FN5,17,477,2053,13,0,6,18,2015,4,1,3,0,1,B,1,1575,5,0,1,1,18,2,56,1,0,0,995,0,0,0,59405,1,2,2,4,4,2,2,2,2,1,1,1,0,0,5,1,1,2,9,0,5,3,53,1,1,1,2,D,21,0,0,0,0,0,0,0,0,0,0,220,215,0,0,0,1,1,12,12,0,6923,998,-35,10,0,4,1,1,0,1,4,0,995,9.8,998,998,998,99.8,99.8,99.8,64.41435924,12,8
29851,10,79,1-10-2023-079-07,7,1,2HGFC2F58JH5,17,474,1863,13,0,37,31,2018,4,1,3,0,1,F,2,1244,5,0,1,1,12,2,105,1,1,1,195,1,0,0,45371,9,9,0,2,3,1,2,2,1,1,1,3,2,3,2,1,0,0,1,1,1,2,13,99,1,4,1,A,1,0,0,0,0,0,0,0,0,0,0,998,998,0,0,0,1,10,999,999,999,9999999,999,0,26,3,0,99,99,0,0,0,0,998,9.8,998,998,998,99.8,99.8,99.8,948.1400985,4,8
29852,10,80,1-10-2023-080-07,7,1,5XYPG4A30JG3,17,499,2769,7,0,63,402,2018,14,3,14,0,1,L,1,1680,5,0,1,1,5,2,80,1,0,0,995,0,0,0,45066,9,9,0,2,1,1,2,1,1,9,1,2,0,0,1,8,8,2,3,1,1,2,11,3,1,6,2,F,48,0,0,0,0,0,0,0,0,0,0,355,355,0,0,0,1,8,999,999,999,9999999,999,999,999,6,0,0,0,0,0,0,0,995,3.6,999,999,999,0.0,0.0,0.0,948.1400985,4,8
29852,10,80,1-10-2023-080-07,7,2,1C4RDJDG5JC4,17,476,3508,7,0,7,422,2018,15,3,15,0,1,R,1,2262,5,0,1,1,5,2,80,1,0,0,995,0,0,0,45066,9,9,0,2,1,1,2,1,1,9,1,2,0,0,1,8,8,2,1,0,1,4,64,1,1,1,2,F,48,0,0,0,0,0,0,0,0,0,0,355,355,0,0,0,1,8,999,999,999,9999999,999,999,999,6,0,0,0,0,0,0,0,995,9.8,998,998,998,99.8,99.8,99.8,948.1400985,4,8
29853,10,81,1-10-2023-081-07,7,1,1HGCS1B8XBA0,17,474,1861,3,0,37,32,2011,2,1,3,0,1,F,1,1491,5,9999,9,0,998,2,56,1,0,0,995,0,0,0,45424,9,9,2,4,3,1,2,1,1,1,0,2,0,0,1,1,1,2,9,0,1,3,50,1,1,1,2,D,20,0,0,0,0,0,0,0,0,0,0,180,180,0,0,0,1,3,18,-18,0,25005,998,0,20,0,4,99,99,0,0,0,0,995,9.8,998,998,998,99.8,99.8,99.8,948.1400986,4,8
29853,10,81,1-10-2023-081-07,7,2,1FMCU9GD7HUD,17,460,1798,7,0,12,402,2017,14,3,14,0,1,B,1,1611,5,0,1,1,4,2,56,1,0,0,995,0,0,0,43219,9,9,2,4,3,1,2,1,1,1,0,2,0,0,1,1,1,2,1,0,5,3,53,1,1,1,2,D,21,0,0,0,0,0,0,0,0,0,0,180,180,0,0,0,1,3,17,17,0,13234,998,21,14,0,4,99,99,0,0,0,0,995,9.8,998,998,998,99.8,99.8,99.8,948.1400986,4,8
29853,10,81,1-10-2023-081-07,7,3,WDCGG8HB0BF6,17,449,2132,7,0,42,403,2011,14,3,14,0,1,B,9,1940,5,9999,9,0,998,5,56,1,0,0,995,0,0,0,45371,9,9,2,4,3,1,2,1,1,1,0,2,0,0,1,1,1,2,1,0,5,3,53,1,1,1,6,M,98,0,0,0,0,0,0,0,0,0,0,180,180,0,0,0,2,0,999,999,999,9999999,999,999,999,9,0,95,95,95,95,95,0,995,9.8,998,998,998,99.8,99.8,99.8,948.1400986,4,8
29854,10,82,1-10-2023-082-04,4,1,2GCVKPEC9K11,17,467,25279,60,0,20,481,2019,34,5,31,0,1,F,1,2184,5,0,1,1,2,2,56,1,0,0,995,0,0,0,45322,9,9,2,4,6,2,2,1,1,1,3,2,0,0,1,1,1,2,1,0,1,3,50,2,1,1,2,D,20,0,0,0,0,0,0,0,0,0,0,140,140,0,0,0,1,1,17,-17,0,26934,998,12,17,0,4,0,0,0,0,0,0,995,9.8,998,998,998,99.8,99.8,99.8,394.121922,4,8
29854,10,82,1-10-2023-082-04,4,2,5NPD84LF6HH0,17,498,2735,13,0,55,35,2017,4,1,3,0,1,B,2,1275,5,0,1,1,2,2,56,1,0,0,995,0,0,0,45424,9,9,2,4,6,2,2,1,1,1,3,2,0,0,1,1,1,2,1,0,5,3,53,1,1,1,2,D,21,0,0,0,0,0,0,0,0,0,0,140,140,0,0,0,1,1,28,28,0,37863,998,0,27,0,4,0,0,0,0,0,0,995,9.8,998,998,998,99.8,99.8,99.8,394.121922,4,8
29854,10,82,1-10-2023-082-04,4,3,1FADP3F2XDL3,17,460,1779,13,0,12,37,2013,4,1,3,0,1,B,9,1340,5,9999,9,0,998,5,56,1,0,0,995,0,0,0,43202,9,9,2,4,6,2,2,1,1,1,3,2,0,0,1,1,1,2,1,0,5,3,53,1,1,1,6,M,98,0,0,0,0,0,0,0,0,0,0,135,155,0,0,0,2,0,999,999,999,9999999,999,999,999,9,0,95,95,95,95,95,0,995,9.8,998,998,998,99.8,99.8,99.8,394.121922,4,8
29854,10,82,1-10-2023-082-04,4,4,1GCUYDED4KZ1,17,467,1850,60,0,20,481,2019,34,5,31,0,1,B,9,2184,5,9999,9,0,998,5,56,1,0,0,995,0,0,0,45322,9,9,2,4,6,2,2,1,1,1,3,2,0,0,1,1,1,2,1,0,5,3,53,1,1,1,6,M,98,0,0,0,0,0,0,0,0,0,0,145,135,0,0,0,3,0,999,999,999,9999999,999,999,999,9,0,95,95,95,95,95,0,995,9.8,998,998,998,99.8,99.8,99.8,394.121922,4,8