CASEID,PSU,CASENO,CASENUMBER,CATEGORY,VEHNO,VIN,VINLENGTH,VPICMAKE,VPICMODEL,VPICBODYCLASS,ICFINALBODY,MAKE,MODEL,MODELYR,BODYTYPE,BODYCAT,VEHCLASS,SPECUSE,TRANSTAT,DAMPLANE,DAMSEV,CURBWT,CURBSRC,CARGOWT,CARGOSRC,INSPTYPE,INSPLAG,TOWED,SPEEDLIMIT,DRPRESENT,PARALCOHOL,ALCTEST,ALCTESTRESULT,ALCTESTSRC,PARDRUG,DRUGTEST,ZIP,RACE,ETHNICITY,RELTOJUNCT,TRAFFLOW,RDLANES,INITLANE,SURFTYPE,SURFCOND,ALIGNMENT,PROFILE,LINERIGHT,LINELEFT,RUMBINIT,RUMBROAD,LIGHTCOND,WEATHER,TRAFDEV,TRAFFUNCT,DISTRACT,PREFHE,PREMOVE,CRITCAT,CRITEVENT,MANEUVER,PRESTAB,PRELOC,CRASHCAT,CRASHCONF,CRASHTYPE,ROLLTYPE,ROLLTURN,ROLLINTRPT,ROLLPREMAN,ROLLINITYP,ROLLINLOC,ROLLOBJ,ROLLTRIP,ROLLDIR,ROLLDIST,DVANGTHIS,DVANGOTH,TOWHITCH,TRAJDOC,TREEPOLE,DVEVENT,DVBASIS,DVTOTAL,DVLONG,DVLAT,DVENERGY,DVSPEED,DVMOMENT,DVBES,DVEST,DVCONF,VAIS,VISS,VINJSEV,VINJURED,VTREAT,INITOBJCLASS,HEADANGLECAT,SHLDRWIDTH,STRKLENGTH,STRKWIDTH,STRKHEIGHT,EDGEDISTX,EDGEDISTY,EDGEDISTZ,CASEWGT,PSUSTRAT,VERSION
29855,25,60,1-25-2023-060-03,3,1,1GB5YLE7XLF2,17,467,1850,65,11,20,881,2020,61,8,60,0,1,F,9,,,,,,,2,56,1,0,0,995,0,0,0,04029,9,9,0,4,2,1,2,1,1,2,1,2,0,0,1,1,0,0,9,0,1,3,52,99,1,1,2,D,28,,,,,,,,,,,,,,,,,,,,,,,,,,,95,95,95,95,95,,,9.8,998,998,998,99.8,99.8,99.8,689.4956244,2,8
29855,25,60,1-25-2023-060-03,3,2,JF2GTAPCXM83,17,523,13580,7,0,48,403,2021,14,3,14,0,1,B,1,1447,5,0,1,1,16,2,56,1,0,0,995,0,0,0,04093,1,2,0,4,2,1,2,1,1,2,1,2,0,0,1,1,0,0,1,0,2,3,53,1,1,1,2,D,29,0,0,0,0,0,0,0,0,0,0,90,90,0,0,0,1,5,999,999,999,9999999,999,999,17,2,0,0,0,0,0,0,0,995,9.8,998,998,998,99.8,99.8,99.8,689.4956244,2,8
29856,25,61,1-25-2023-061-02,2,1,4T1B11HK7KU2,17,448,2469,13,0,49,40,2019,4,1,4,0,1,F,2,1495,5,0,1,1,20,2,40,1,1,1,314,2,0,1,04103,9,9,0,4,4,1,2,1,3,2,1,1,0,0,4,1,0,0,9,1,14,2,13,3,2,4,1,A,1,0,0,0,0,0,0,0,0,0,0,998,998,0,1,2,2,10,999,999,999,9999999,999,15,32,3,0,2,5,0,1,4,0,998,0.6,120,12,18,0.0,0.0,0.0,36.87662141,2,8
29857,28,33,1-28-2023-033-03,3,1,1FMCU9J94LUA,17,460,1798,7,0,12,402,2020,14,3,14,0,1,F,1,1611,5,0,1,1,10,2,89,1,0,1,0,2,0,1,16946,1,2,0,4,2,1,2,1,1,1,1,2,0,0,1,1,0,0,9,1,1,2,13,4,2,4,1,A,1,1,3,2,2,5,4,31,6,1,28,998,998,0,0,0,1,1,20,-19,-7,41955,998,-108,20,0,1,3,14,1,1,3,2,998,0.7,65,65,-120,6.3,31.5,32.0,178.8526515,3,8
29858,16,48,1-16-2023-048-04,4,1,3GCUYEET9MG2,17,467,1850,60,0,20,481,2021,34,5,31,0,1,F,1,2120,5,0,1,4,16,2,56,1,0,0,995,0,0,0,45227,1,2,0,4,3,1,2,2,1,1,1,1,0,0,1,2,0,0,3,0,1,3,50,7,1,1,2,D,20,0,0,0,0,0,0,0,0,0,0,170,180,0,0,0,1,12,999,999,999,9999999,999,999,999,6,0,0,0,0,0,0,0,995,9.8,998,998,998,99.8,99.8,99.8,1373.712912,5,8
29858,16,48,1-16-2023-048-04,4,2,1HGCG66562A1,17,474,1861,13,0,37,32,2002,4,1,3,0,1,B,3,1375,5,9999,9,4,128,2,56,1,0,0,995,0,0,0,45227,9,9,0,4,3,1,2,2,1,1,1,1,0,0,1,2,0,0,1,0,5,3,53,1,1,1,2,D,21,0,0,0,0,0,0,0,0,0,0,180,170,0,0,0,1,12,999,999,999,9999999,999,999,999,8,0,0,0,0,0,0,0,995,9.8,998,998,998,99.8,99.8,99.8,1373.712912,5,8
29859,16,49,1-16-2023-049-06,6,1,WA1BNAFY6J22,17,582,3862,7,0,32,402,2018,14,3,14,0,1,F,2,1835,5,0,1,1,6,2,72,1,8,0,995,0,7,2,45243,1,2,0,4,2,1,2,1,2,1,1,2,0,0,1,1,0,0,3,1,14,1,8,1,9,4,1,B,7,0,0,0,0,0,0,0,0,0,0,998,998,0,0,2,2,11,999,999,999,9999999,999,999,999,7,0,2,5,0,1,3,0,998,0.5,120,35,68,2.8,0.5,3.0,613.133855,5,8
29860,16,50,1-16-2023-050-01,1,1,1G2ZH57N8842,17,536,4263,13,0,22,22,2008,4,1,4,0,1,L,3,1542,5,0,1,1,25,2,56,1,1,1,89,1,1,2,45220,2,2,2,4,3,1,2,1,1,4,0,1,0,0,1,1,2,2,9,1,1,2,12,99,2,4,1,B,6,0,0,0,0,0,0,0,0,0,0,998,998,0,1,1,2,1,59,-56,20,251940,998,-47,59,0,4,6,75,1,2,1,0,998,0.0,999,999,999,1.8,0.4,1.9,46.10560443,5,8
29861,66,33,1-66-2023-033-04,4,1,1FTYE2CM9KKB,17,460,3608,95,0,12,462,2019,21,4,21,0,1,F,1,2375,5,227,2,1,19,2,113,1,0,0,995,0,7,0,65803,1,2,0,2,2,2,2,2,3,9,3,2,1,3,2,2,0,0,1,0,6,4,61,7,9,1,2,F,49,0,0,0,0,0,0,0,0,0,0,998,998,0,0,0,2,8,999,999,999,9999999,999,999,999,6,0,0,0,0,0,0,0,998,1.6,999,999,999,7.2,16.6,18.3,230.1396006,6,8
29861,66,33,1-66-2023-033-04,4,2,999999999999,99,99999,99999,999,0,99,999,9999,99,10,99,99,1,9,9,,,,,,,5,113,1,9,0,995,0,7,0,99999,9,9,0,2,2,1,2,2,3,9,1,3,2,3,2,2,0,0,9,1,15,3,53,99,1,2,2,F,49,,,,,,,,,,,,,,,,,,,,,,,,,,,95,95,95,95,95,,,9.8,998,998,998,99.8,99.8,99.8,230.1396006,6,8
29862,66,34,1-66-2023-034-06,6,1,1G11C5SL6FF3,17,467,1834,13,0,20,37,2015,4,1,3,0,1,F,2,1625,5,0,1,1,16,2,48,1,0,0,995,0,0,0,65769,1,9,2,4,2,1,2,1,1,1,0,0,0,0,1,1,0,0,3,0,1,3,50,2,1,1,2,D,20,0,0,0,0,0,0,0,0,0,0,180,180,0,0,0,1,3,34,-34,0,67804,998,21,32,0,4,9,97,0,1,99,0,995,9.8,998,998,998,99.8,99.8,99.8,221.1818271,6,8
29862,66,34,1-66-2023-034-06,6,2,1GNKRFED3EJ1,17,467,1853,7,0,20,423,2014,15,3,15,0,1,B,2,2107,5,9999,9,0,998,5,48,1,0,0,995,0,0,0,65605,9,9,2,4,2,1,2,1,1,1,0,0,0,0,1,1,0,0,9,0,5,3,53,1,1,1,2,D,22,0,0,0,0,0,0,0,0,0,0,180,180,0,0,0,1,3,28,28,0,71858,998,0,30,0,4,95,95,95,95,95,0,995,9.8,998,998,998,99.8,99.8,99.8,221.1818271,6,8
29863,32,65,1-32-2023-065-06,6,1,19XFB2F54FE1,17,474,1863,13,0,37,31,2015,4,1,3,0,1,F,1,1258,5,0,1,1,16,2,113,1,0,0,995,0,0,0,76018,3,9,0,2,5,3,1,2,3,9,3,3,0,0,1,2,0,0,9,1,14,1,6,99,3,4,1,A,2,0,0,0,0,0,0,0,0,0,0,998,998,0,0,0,1,10,999,999,999,9999999,999,122,19,2,0,2,5,0,1,3,0,998,3.2,999,999,999,0.0,0.0,0.0,762.4847562,7,8
29866,32,68,1-32-2023-068-03,3,1,1FMCU0H60LUA,17,460,1798,7,0,12,402,2020,14,3,14,0,1,R,1,1496,5,0,1,1,9,2,72,1,0,0,995,0,0,0,79404,9,1,2,1,5,3,1,1,1,4,3,3,0,0,1,1,1,2,9,0,1,2,17,3,1,1,5,L,87,0,0,0,0,0,0,0,0,0,0,200,130,0,0,0,1,1,9,-8,-5,6374,998,94,8,0,1,9,97,0,1,0,0,995,9.8,998,998,998,99.8,99.8,99.8,370.5285215,7,8
29866,32,68,1-32-2023-068-03,3,2,5J6RW1H88JL0,17,474,1865,7,0,37,402,2018,14,3,14,0,1,F,1,1580,5,0,1,1,7,2,56,1,0,0,995,0,0,0,75063,3,9,2,1,2,2,1,1,1,1,3,2,0,0,1,1,1,2,9,0,1,4,66,99,1,1,5,L,86,0,0,0,0,0,0,0,0,0,0,130,200,0,0,0,1,1,9,-2,9,17069,998,192,9,0,1,0,0,0,0,0,0,995,9.8,998,998,998,99.8,99.8,99.8,370.5285215,7,8
29867,13,65,1-13-2023-065-04,4,1,KNADH4A31A66,17,499,2299,13,0,63,32,2010,4,1,1,0,1,R,2,1104,5,0,1,1,53,2,64,1,1,8,997,8,7,0,76207,1,2,2,1,3,3,1,1,1,1,1,0,0,0,1,1,1,2,9,0,11,2,15,99,1,1,4,J,68,0,0,0,0,0,0,0,0,0,0,330,230,0,0,0,1,1,28,-14,-24,22393,998,-72,19,0,4,1,1,0,1,4,0,995,9.8,998,998,998,99.8,99.8,99.8,3817.144961,7,8
29867,13,65,1-13-2023-065-04,4,2,3N1AB7AP1KY4,17,478,1907,13,0,35,43,2019,4,1,3,0,1,F,1,1315,5,0,1,1,66,2,64,1,8,0,995,0,7,0,76116,2,9,2,1,2,1,1,1,1,1,0,3,0,0,1,1,1,2,9,0,1,4,62,4,1,1,4,J,69,0,0,0,0,0,0,0,0,0,0,230,330,0,0,0,1,1,24,-22,8,55478,998,26,32,0,4,0,0,0,0,0,0,995,0.0,22,999,15,0.0,0.0,0.0,3817.144961,7,8
29868,13,66,1-13-2023-066-03,3,1,JM1NDAM72M04,17,473,2072,1,0,41,45,2021,1,1,1,0,1,F,2,1065,5,0,1,1,21,2,64,1,8,1,0,2,7,2,75126,1,9,0,1,2,1,1,1,1,1,0,3,9,9,1,1,0,0,9,1,1,2,13,99,1,4,1,A,1,0,0,0,0,0,0,0,0,0,0,998,998,0,0,1,1,12,999,999,999,9999999,999,999,999,7,0,1,3,0,1,4,0,998,0.0,40,40,120,8.1,2.7,8.6,1171.267044,7,8
29869,13,67,1-13-2023-067-03,3,1,5N1DR3BC8NC2,17,478,1911,7,0,35,401,2022,14,3,14,0,1,R,1,2031,5,0,1,1,42,2,64,1,0,0,995,0,0,0,75063,2,2,1,2,4,2,2,1,1,1,1,1,0,0,1,1,1,2,9,0,1,2,17,3,1,1,5,L,87,1,6,2,5,1,1,61,1,2,21,90,350,0,0,0,1,3,10,-6,-7,17532,998,79,13,0,4,1,2,0,2,4,3,995,9.8,998,998,998,99.8,99.8,99.8,1171.267044,7,8
29869,13,67,1-13-2023-067-03,3,2,2HGFA16876H5,17,474,1863,13,0,37,31,2006,4,1,3,0,1,F,1,1224,5,9999,9,0,998,2,64,1,0,0,995,0,0,0,75154,3,9,1,1,3,2,2,1,1,1,1,1,0,0,1,1,1,2,9,0,1,4,66,99,1,1,5,L,86,0,0,0,0,0,0,0,0,0,0,350,90,0,0,0,1,3,15,-13,7,10845,998,98,11,0,4,0,0,0,0,0,0,995,9.8,998,998,998,99.8,99.8,99.8,1171.267044,7,8
29871,76,39,1-76-2023-039-03,3,1,5XYP5DHC6NG2,17,499,25756,7,0,63,422,2022,15,3,15,0,1,T,2,1970,5,0,1,1,68,2,89,1,1,1,250,1,7,9,13752,9,9,0,4,2,1,2,1,3,4,1,2,0,0,1,1,0,0,9,1,14,2,13,99,1,4,1,A,3,1,6,2,2,1,4,61,1,1,24,997,997,0,1,0,1,6,999,999,999,9999999,999,999,999,7,0,1,1,0,1,4,3,997,9.8,998,998,998,99.8,99.8,99.8,21.3366973,3,8
29872,76,40,1-76-2023-040-03,3,1,19UUB1F35LA0,17,475,5354,13,0,54,44,2020,4,1,4,0,1,F,2,1617,5,0,1,1,5,2,89,1,8,9,998,8,7,9,10973,1,2,0,4,2,1,2,1,3,2,1,2,0,0,1,1,0,0,1,1,14,6,87,1,9,4,1,A,3,0,0,0,0,0,0,0,0,0,0,998,998,0,1,0,1,12,999,999,999,9999999,999,999,999,7,0,1,1,0,1,4,0,998,1.1,120,120,-3,12.0,0.5,12.1,21.3366973,3,8
29873,18,36,1-18-2023-036-04,4,1,LRBFX3SX8LD1,17,468,11438,7,0,18,405,2020,14,3,14,0,1,F,1,1852,5,0,1,1,7,2,105,1,0,0,995,0,0,0,54720,1,2,0,2,2,1,1,1,3,1,1,3,2,3,4,1,0,0,1,0,14,6,87,2,1,1,1,C,13,0,0,0,0,0,0,0,0,0,0,998,998,0,0,0,1,12,999,999,999,9999999,999,999,999,6,0,0,0,0,0,0,0,998,9.8,998,998,998,99.8,99.8,99.8,454.4758557,6,8
29874,18,37,1-18-2023-037-03,3,1,1C6SRFLTXNN1,17,496,13620,60,0,7,482,2022,34,5,31,0,1,F,2,2327,5,54,2,1,8,2,80,1,0,0,995,0,0,0,54701,1,2,2,1,5,5,2,1,1,1,3,2,0,0,1,8,1,2,9,0,11,2,15,1,1,1,4,J,68,0,0,0,0,0,0,0,0,0,0,305,180,0,0,0,1,1,36,-28,-23,192407,998,-145,35,0,1,1,2,0,1,6,0,995,9.8,998,998,998,99.8,99.8,99.8,154.1664141,6,8
29874,18,37,1-18-2023-037-03,3,2,1FTER1FH9MLD,17,460,1803,60,0,12,471,2021,34,5,30,0,1,F,3,1974,5,0,1,1,26,2,80,1,0,0,995,0,0,0,54729,1,2,2,1,2,2,2,1,1,1,2,3,0,0,1,8,1,2,9,0,1,4,62,1,1,1,4,J,69,0,0,0,0,0,0,0,0,0,0,180,305,0,0,0,1,1,43,-41,15,198090,998,71,45,0,1,1,1,0,1,0,0,995,9.8,998,998,998,99.8,99.8,99.8,154.1664141,6,8
29875,18,38,1-18-2023-038-01,1,1,1G1ZT68N77F1,17,467,1834,13,0,20,37,2007,4,1,4,0,1,T,2,1607,5,0,1,1,18,2,72,1,1,1,254,3,0,2,54729,1,9,0,4,2,1,2,1,2,1,1,4,0,0,1,8,0,0,9,1,14,1,6,4,2,4,1,A,2,1,3,2,4,1,2,61,1,1,15,997,997,0,0,0,2,6,999,999,999,9999999,999,999,999,7,0,9,97,1,1,1,3,997,1.5,999,999,999,54.1,3.6,54.2,44.11670831,6,8
29876,73,61,1-73-2023-061-06,6,1,2C4RDGCG3GR1,17,476,14832,2,0,7,442,2016,20,4,20,0,1,F,1,2050,5,0,1,1,11,2,72,1,8,0,995,0,7,0,04976,9,9,0,4,2,1,2,1,1,1,1,2,0,0,2,1,0,0,3,1,1,2,12,1,9,4,1,B,6,0,0,0,0,0,0,0,0,0,0,998,998,0,0,7,2,10,999,999,999,9999999,999,124,16,2,0,0,0,0,0,4,0,998,0.5,30,30,120,11.5,3.8,12.2,96.67500602,3,8
29878,73,63,1-73-2023-063-04,4,1,5TFUY5F19MX9,17,448,2467,60,0,49,482,2021,34,5,31,0,1,F,1,2480,5,9999,9,1,24,2,72,1,8,0,995,0,7,0,01864,9,9,0,4,2,1,2,8,1,1,1,4,0,0,1,1,0,0,1,1,1,1,5,98,9,4,1,B,7,0,0,0,0,0,0,0,0,0,0,998,998,0,0,0,1,12,999,999,999,9999999,999,999,999,6,0,0,0,0,0,0,0,998,0.1,2,2,120,14.9,6.4,16.2,89.55853952,3,8
29879,73,64,1-73-2023-064-09,9,1,JF1SF63501H7,17,523,2234,7,0,48,401,2001,14,3,14,0,1,L,2,1410,5,0,1,1,5,2,72,1,8,0,995,0,7,0,04911,9,9,0,4,2,1,2,1,1,4,1,2,0,0,1,1,0,0,1,1,1,1,3,99,4,4,1,B,7,1,4,2,6,1,4,61,1,1,11,997,997,0,1,0,1,6,999,999,999,9999999,999,999,999,7,0,99,99,0,0,99,3,997,0.3,999,999,120,24.2,9.6,26.0,239.3738325,3,8
29880,32,69,1-32-2023-069-05,5,1,1M1AN3GYXPM0,17,490,20842,66,0,86,881,2023,66,8,68,0,1,R,9,,,,,,,5,64,1,0,0,995,0,0,0,75056,9,9,2,5,7,4,1,1,1,2,4,4,0,0,1,1,0,0,9,0,11,2,15,99,1,1,4,J,68,,,,,,,,,,,,,,,,,,,,,,,,,,,95,95,95,95,95,,,9.8,998,998,998,99.8,99.8,99.8,82.6396102,7,8
29880,32,69,1-32-2023-069-05,5,2,1N4AL3AP5EC1,17,478,1904,13,0,35,47,2014,4,1,4,0,1,F,2,1451,5,0,1,5,21,2,64,1,0,1,130,2,0,2,75116,9,1,2,1,3,2,1,1,1,4,3,3,0,0,1,1,0,0,9,0,1,4,62,99,1,1,4,J,69,0,0,0,0,0,0,0,0,0,0,355,115,0,0,0,1,5,999,999,999,9999999,999,999,999,7,0,3,10,1,1,3,0,995,9.8,998,998,998,99.8,99.8,99.8,82.6396102,7,8
29880,32,69,1-32-2023-069-05,5,3,3TMCZ5AN6KM2,17,448,2223,60,0,49,472,2019,34,5,31,0,2,L,9,1975,5,9999,9,0,998,,,,,,,,,,,,,,,,,,,,,,,,,,,,,,,,,,,,,,,,,,,,,,,,,,,,,,,,,,,,,,,,,,95,95,95,95,95,,,,,,,,,,82.6396102,7,8
29880,32,69,1-32-2023-069-05,5,4,1N4AL3AP8DC1,17,478,1904,13,0,35,47,2013,4,1,4,0,2,R,9,1420,5,9999,9,4,21,,,,,,,,,,,,,,,,,,,,,,,,,,,,,,,,,,,,,,,,,,,,,,,,,,,,,,,,,,,,,,,,,,95,95,95,95,95,,,,,,,,,,82.6396102,7,8
29881,32,70,1-32-2023-070-07,7,1,999999999999,99,99999,99999,999,0,99,999,9999,99,10,99,99,1,F,9,,,,,,,5,113,1,8,0,995,0,7,0,99999,9,9,0,2,4,1,2,1,1,4,1,3,2,3,1,1,0,0,9,0,1,3,51,99,1,1,2,D,24,,,,,,,,,,,,,,,,,,,,,,,,,,,95,95,95,95,95,,,9.8,998,998,998,99.8,99.8,99.8,3016.231871,7,8
29881,32,70,1-32-2023-070-07,7,2,1N4AL3AP7FC2,17,478,1904,13,0,35,47,2015,4,1,4,0,1,B,9,1416,5,9999,9,0,998,2,113,1,0,0,995,0,0,0,75104,2,9,0,2,4,1,2,1,1,4,1,3,2,3,1,1,0,0,9,0,1,3,53,1,1,1,2,D,25,0,0,0,0,0,0,0,0,0,0,185,185,0,0,0,1,0,999,999,999,9999999,999,999,999,9,0,0,0,0,0,0,0,995,9.8,998,998,998,99.8,99.8,99.8,3016.231871,7,8
29882,12,46,1-12-2023-046-09,9,1,2HGES26723H6,17,474,1863,13,0,37,31,2003,4,1,2,0,1,F,2,1151,5,0,1,1,9,2,72,1,0,1,0,2,0,2,73463,1,2,0,4,2,1,2,2,1,1,0,2,0,0,4,2,0,0,3,1,1,2,12,99,2,4,1,B,6,1,5,1,2,1,4,61,1,1,21,998,998,0,1,0,1,98,999,999,999,9999999,999,999,999,7,0,1,1,0,1,4,3,998,0.0,25,25,60,23.3,3.5,23.5,1587.323148,9,8
29884,31,36,1-31-2023-036-03,3,1,3C4NJDBB6KT8,17,483,1946,7,0,2,1,2019,6,1,2,0,1,T,1,1509,5,0,2,5,5,2,89,1,0,1,0,1,0,0,62869,1,1,0,4,2,1,4,1,1,1,0,0,0,0,1,1,0,0,3,1,1,2,13,98,3,4,1,A,2,1,4,2,2,1,4,61,1,2,21,997,997,0,0,0,1,6,999,999,999,9999999,999,999,999,6,0,1,1,0,1,5,3,997,9.8,998,998,998,99.8,99.8,99.8,206.2441745,6,8
29885,31,37,1-31-2023-037-10,10,1,1ZVHT80NX851,17,460,1781,3,0,12,3,2008,2,1,3,0,1,L,1,1516,5,9999,9,1,4,2,56,1,0,0,995,0,0,0,62448,9,9,2,4,2,1,2,1,1,1,1,2,0,0,2,1,2,2,2,0,11,2,17,99,1,1,4,K,82,0,0,0,0,0,0,0,0,0,0,75,210,0,0,0,1,3,8,-1,8,12357,998,-197,8,0,4,0,0,0,0,0,0,995,9.8,998,998,998,99.8,99.8,99.8,190.9257288,6,8
29885,31,37,1-31-2023-037-10,10,2,1GCNKPEA4BZ3,17,467,1850,60,0,20,481,2011,34,5,31,0,1,F,1,2176,5,0,1,1,3,2,89,1,0,0,995,0,0,0,62844,9,9,2,4,2,1,2,1,2,1,1,4,0,0,2,1,6,2,9,0,14,4,67,2,1,1,4,K,83,0,0,0,0,0,0,0,0,0,0,210,75,0,0,0,1,3,6,-4,4,5225,998,144,6,0,4,0,0,0,0,0,0,995,9.8,998,998,998,99.8,99.8,99.8,190.9257288,6,8
29886,27,43,1-27-2023-043-04,4,1,3N1BC13E57L4,17,478,1894,5,0,35,50,2007,5,1,2,0,1,F,1,1235,5,0,1,1,14,2,56,1,0,0,995,0,0,0,01201,1,2,2,4,5,1,2,1,3,1,1,1,0,0,1,1,1,2,3,0,15,3,52,3,1,1,2,D,28,0,0,0,0,0,0,0,0,0,0,245,250,0,0,0,1,1,20,-20,0,16318,998,43,17,0,1,1,1,0,2,0,0,995,9.8,998,998,998,99.8,99.8,99.8,50.13647654,3,8
29886,27,43,1-27-2023-043-04,4,2,3GNAXHEV4KL2,17,467,1847,7,0,20,404,2019,14,3,14,0,1,B,1,1485,5,0,1,1,15,2,56,1,0,0,995,0,0,0,01201,9,9,2,4,5,1,2,1,3,1,1,1,0,0,1,1,1,2,1,0,2,3,53,6,1,1,2,D,29,0,0,0,0,0,0,0,0,0,0,250,245,0,0,0,1,1,18,18,0,28513,998,43,21,0,1,0,0,0,0,0,0,995,9.8,998,998,998,99.8,99.8,99.8,50.13647654,3,8
29887,27,44,1-27-2023-044-10,10,1,JF1VA1C66L98,17,523,2237,13,0,48,47,2020,4,1,3,0,1,L,9,1543,5,9999,9,0,998,5,48,1,0,0,995,0,0,0,01201,9,9,0,1,4,1,2,1,1,1,1,3,0,0,1,1,0,0,9,1,15,2,10,99,1,2,2,F,47,0,0,0,0,0,0,0,0,0,0,50,65,0,0,0,1,0,999,999,999,9999999,999,999,999,9,0,95,95,95,95,95,0,995,9.8,998,998,998,99.8,99.8,99.8,364.4983664,3,8
29887,27,44,1-27-2023-044-10,10,2,1HGCG1653WA0,17,474,1861,13,0,37,32,1998,4,1,3,0,1,R,1,1490,5,0,1,1,9,2,48,1,0,0,995,0,0,0,06514,9,9,0,1,4,2,2,1,1,1,1,2,0,0,1,1,0,0,9,0,1,4,61,99,1,1,2,F,45,0,0,0,0,0,0,0,0,0,0,65,50,0,0,0,1,8,999,999,999,9999999,999,999,999,6,0,0,0,0,0,0,0,995,9.8,998,998,998,99.8,99.8,99.8,364.4983664,3,8
29888,27,45,1-27-2023-045-03,3,1,3FA6P0G72LR1,17,460,1780,13,0,12,23,2020,4,1,4,0,1,F,2,1575,5,0,1,1,11,2,48,1,1,1,0,2,1,2,01201,1,2,0,4,2,1,2,1,1,1,0,0,0,0,3,1,0,0,9,1,1,2,13,7,1,4,1,A,1,0,0,0,0,0,0,0,0,0,0,998,998,0,1,7,2,10,999,999,999,9999999,999,8,26,3,0,1,1,0,1,4,0,998,0.0,120,15,22,0.0,0.0,0.0,16.70101683,3,8
29890,17,61,1-17-2023-061-04,4,1,JF1SG63687H7,17,523,2234,7,0,48,401,2007,14,3,14,0,1,F,9,1425,5,9999,9,0,998,2,48,1,0,0,995,0,0,0,61244,1,9,0,1,3,2,1,1,1,1,3,3,0,0,1,1,0,0,9,0,1,3,50,99,1,1,2,D,20,0,0,0,0,0,0,0,0,0,0,65,65,0,0,0,1,0,999,999,999,9999999,999,999,999,9,0,0,0,0,0,0,0,995,9.8,998,998,998,99.8,99.8,99.8,331.5546091,4,8
29890,17,61,1-17-2023-061-04,4,2,5LM5J7XC1MGL,17,464,2653,7,0,13,423,2021,15,3,15,0,1,B,1,2206,5,0,1,1,8,2,48,1,0,0,995,0,0,0,61244,1,2,0,1,3,2,1,1,1,1,3,3,0,0,1,1,0,0,1,0,5,3,53,2,1,1,2,D,21,0,0,0,0,0,0,0,0,0,0,65,65,0,0,0,1,12,999,999,999,9999999,999,999,999,6,0,0,0,0,0,0,0,995,9.8,998,998,998,99.8,99.8,99.8,331.5546091,4,8
29891,17,62,1-17-2023-062-03,3,1,5J6RE4H7XBL0,17,474,1865,7,0,37,402,2011,14,3,14,0,1,F,1,1604,5,0,1,1,8,2,48,1,0,0,995,0,0,0,61265,1,9,2,4,2,1,2,1,3,1,0,0,0,0,1,1,2,2,9,0,11,2,15,99,1,1,4,K,82,0,0,0,0,0,0,0,0,0,0,110,205,0,0,0,1,1,16,-14,8,29123,998,89,18,0,4,0,0,0,0,0,0,995,9.8,998,998,998,99.8,99.8,99.8,103.8218218,4,8
29891,17,62,1-17-2023-062-03,3,2,1GNSKHKC8LR1,17,467,1851,7,0,20,422,2020,15,3,15,0,1,R,1,2620,5,0,1,1,27,2,48,1,0,0,995,0,0,0,61265,1,2,2,4,4,2,2,1,1,1,3,2,0,0,1,1,0,0,1,0,1,4,67,1,1,1,4,K,83,0,0,0,0,0,0,0,0,0,0,205,110,0,0,0,1,1,10,-6,-7,5988,998,68,7,0,4,1,2,0,1,4,0,995,9.8,998,998,998,99.8,99.8,99.8,103.8218218,4,8
29892,17,63,1-17-2023-063-04,4,1,1FTFX1ET4EFD,17,460,1801,60,0,12,481,2014,34,5,31,0,1,F,1,2484,5,9999,9,0,998,5,48,1,0,0,995,0,0,0,61201,9,9,2,4,2,1,1,1,1,1,0,4,0,0,1,1,2,2,9,0,1,2,17,99,1,1,5,L,88,0,0,0,0,0,0,0,0,0,0,270,180,0,0,0,1,3,4,-1,-4,2710,998,-253,3,0,4,95,95,95,95,95,0,995,9.8,998,998,998,99.8,99.8,99.8,331.5546091,4,8
29892,17,63,1-17-2023-063-04,4,2,1C4RJFBG3KC7,17,483,1949,7,0,2,422,2019,15,3,15,0,1,L,1,2211,5,0,1,1,5,2,48,1,0,0,995,0,0,0,61265,1,2,2,4,2,1,1,1,1,2,0,4,0,0,1,1,0,0,1,0,1,4,66,4,1,1,5,L,89,0,0,0,0,0,0,0,0,0,0,180,270,0,0,0,1,3,4,-4,2,4466,998,-30,7,0,4,0,0,0,0,0,0,995,9.8,998,998,998,99.8,99.8,99.8,331.5546091,4,8
29893,73,65,1-73-2023-065-09,9,1,3GNEK12T64G3,17,467,3876,119,0,20,482,2004,34,5,31,0,1,L,2,2576,5,46,1,1,9,2,80,1,8,1,0,2,7,0,04920,1,9,0,4,2,1,2,1,1,4,1,4,0,0,1,8,0,0,9,1,1,2,12,99,1,4,1,B,6,1,3,1,6,1,4,61,1,2,8,997,997,0,1,0,3,6,999,999,999,9999999,999,999,999,7,0,1,1,0,1,3,3,997,1.4,15,10,999,20.9,3.1,21.3,239.3738325,3,8
29896,21,35,1-21-2023-035-02,2,1,1FM5K7GC6NGB,17,460,1800,7,0,12,425,2022,15,3,15,0,1,F,2,2022,5,9999,9,1,20,2,72,1,0,1,194,2,0,0,92373,1,2,0,1,3,1,2,2,3,2,0,3,0,0,1,8,0,0,9,1,14,1,6,2,2,4,1,A,2,0,0,0,0,0,0,0,0,0,0,998,998,0,0,1,4,1,36,-35,-6,104049,998,-16,35,0,4,3,27,1,1,3,0,998,0.0,999,999,999,0.0,0.0,0.0,145.5674877,11,8