CASEID,PSU,CASENO,CASENUMBER,CATEGORY,VEHNO,VIN,VINLENGTH,VPICMAKE,VPICMODEL,VPICBODYCLASS,ICFINALBODY,MAKE,MODEL,MODELYR,BODYTYPE,BODYCAT,VEHCLASS,SPECUSE,TRANSTAT,DAMPLANE,DAMSEV,CURBWT,CURBSRC,CARGOWT,CARGOSRC,INSPTYPE,INSPLAG,TOWED,SPEEDLIMIT,DRPRESENT,PARALCOHOL,ALCTEST,ALCTESTRESULT,ALCTESTSRC,PARDRUG,DRUGTEST,ZIP,RACE,ETHNICITY,RELTOJUNCT,TRAFFLOW,RDLANES,INITLANE,SURFTYPE,SURFCOND,ALIGNMENT,PROFILE,LINERIGHT,LINELEFT,RUMBINIT,RUMBROAD,LIGHTCOND,WEATHER,TRAFDEV,TRAFFUNCT,DISTRACT,PREFHE,PREMOVE,CRITCAT,CRITEVENT,MANEUVER,PRESTAB,PRELOC,CRASHCAT,CRASHCONF,CRASHTYPE,ROLLTYPE,ROLLTURN,ROLLINTRPT,ROLLPREMAN,ROLLINITYP,ROLLINLOC,ROLLOBJ,ROLLTRIP,ROLLDIR,ROLLDIST,DVANGTHIS,DVANGOTH,TOWHITCH,TRAJDOC,TREEPOLE,DVEVENT,DVBASIS,DVTOTAL,DVLONG,DVLAT,DVENERGY,DVSPEED,DVMOMENT,DVBES,DVEST,DVCONF,VAIS,VISS,VINJSEV,VINJURED,VTREAT,INITOBJCLASS,HEADANGLECAT,SHLDRWIDTH,STRKLENGTH,STRKWIDTH,STRKHEIGHT,EDGEDISTX,EDGEDISTY,EDGEDISTZ,CASEWGT,PSUSTRAT,VERSION
29900,26,58,1-26-2023-058-02,2,1,2C3CDXL96MH6,17,476,1895,13,0,7,24,2021,4,1,5,0,1,F,1,2075,5,0,1,1,48,2,105,1,9,9,998,8,9,9,99999,9,9,0,2,2,2,2,2,1,9,3,2,1,3,2,8,0,0,9,1,6,2,12,4,9,4,2,D,32,0,0,0,0,0,0,0,0,0,0,998,998,0,0,3,5,10,999,999,999,9999999,999,-115,13,2,0,9,97,0,2,8,0,998,3.1,120,4,40,99.9,9.2,99.9,44.02670911,10,8
29900,26,58,1-26-2023-058-02,2,2,1G1RC6S58GU1,17,467,1838,5,0,20,26,2016,5,1,3,0,1,B,3,1607,5,0,1,4,75,2,105,1,0,0,995,0,0,0,95206,9,9,0,2,2,2,2,2,1,9,3,2,1,3,2,8,0,0,9,0,1,3,53,99,1,1,2,D,32,0,0,0,0,0,0,0,0,0,0,145,135,0,0,0,1,12,999,999,999,9999999,999,999,999,8,0,9,97,0,1,8,0,995,3.1,120,4,999,99.9,9.2,99.9,44.02670911,10,8
29901,26,59,1-26-2023-059-08,8,1,JH4CU2F68AC0,17,475,1874,13,0,54,39,2010,4,1,3,0,1,F,2,1545,5,0,1,1,24,2,105,1,0,0,995,0,0,0,95817,1,9,0,2,5,1,2,1,2,9,1,3,0,0,1,1,0,0,9,1,14,2,10,99,1,2,2,D,32,1,4,2,2,1,3,61,1,1,21,335,340,0,0,0,1,5,999,999,999,9999999,999,999,999,7,0,1,1,0,2,8,3,995,9.8,998,998,998,99.8,99.8,99.8,473.1450804,10,8
29901,26,59,1-26-2023-059-08,8,2,1FDXE4FS6ADA,17,460,1819,62,66,12,870,2010,61,8,60,0,1,R,9,,,,,,,2,105,1,0,0,995,0,0,0,95828,9,9,0,2,5,2,2,1,2,9,3,3,0,0,1,1,0,0,1,0,14,4,61,1,1,1,2,D,32,,,,,,,,,,,,,,,,,,,,,,,,,,,95,95,95,95,95,,,9.8,998,998,998,99.8,99.8,99.8,473.1450804,10,8
29902,15,87,1-15-2023-087-06,6,1,3N1AB7AP2FY3,17,478,1907,13,0,35,43,2015,4,1,3,0,1,F,2,1293,5,0,1,1,16,2,48,1,8,9,998,8,7,9,11753,1,2,2,4,5,3,2,1,3,2,1,1,0,0,1,1,1,2,9,0,11,2,15,2,1,1,4,J,68,0,0,0,0,0,0,0,0,0,0,40,240,0,0,0,1,1,33,-25,-21,136790,998,-104,41,0,3,2,6,0,1,4,0,995,9.8,998,998,998,99.8,99.8,99.8,130.7351286,1,8
29902,15,87,1-15-2023-087-06,6,2,YV4102PK2J13,17,485,3132,7,0,51,401,2018,14,3,14,0,1,F,1,2030,5,0,1,1,22,2,48,1,8,9,998,8,7,9,11023,1,2,2,4,5,2,2,1,1,4,1,1,0,0,1,1,1,2,9,0,1,4,62,2,1,1,4,J,69,0,0,0,0,0,0,0,0,0,0,240,40,0,0,0,1,1,22,-20,-7,25834,998,-140,13,0,3,2,6,0,1,4,0,995,0.0,999,999,999,1.4,0.2,1.4,130.7351286,1,8
29903,15,88,1-15-2023-088-10,10,1,4UZABRFC4PCU,17,450,1989,71,73,82,981,2023,50,7,50,2,1,R,9,,,,,,,5,48,1,8,9,998,8,7,9,11553,9,9,2,4,5,3,2,1,1,1,1,2,0,0,1,1,1,2,9,0,11,2,15,99,1,1,4,J,68,,,,,,,,,,,,,,,,,,,,,,,,,,,95,95,95,95,95,,,9.8,998,998,998,99.8,99.8,99.8,1651.068305,1,8
29903,15,88,1-15-2023-088-10,10,2,4T1BK36BX6U0,17,448,2465,13,0,49,43,2006,4,1,4,0,1,F,3,1615,5,0,1,1,35,2,48,1,8,9,998,8,7,9,11596,9,9,2,4,5,1,2,1,1,1,1,1,0,0,1,1,1,2,9,0,1,4,62,99,1,1,4,J,69,0,0,0,0,0,0,0,0,0,0,20,150,0,0,0,1,5,999,999,999,9999999,999,999,999,8,0,99,99,0,0,0,0,995,9.8,998,998,998,99.8,99.8,99.8,1651.068305,1,8
29904,15,89,1-15-2023-089-03,3,1,W1KWJ8EB2NG1,17,449,2085,3,0,42,42,2022,2,1,4,0,1,F,2,1875,5,0,1,1,32,2,48,1,8,9,998,8,7,9,11030,1,2,3,4,2,1,2,1,1,1,1,2,0,0,1,1,0,0,9,0,11,2,15,1,1,1,4,J,68,0,0,0,0,0,0,0,0,0,0,30,255,0,0,0,1,3,29,-25,-15,113115,998,-104,31,0,4,1,1,0,1,0,0,995,9.8,998,998,998,99.8,99.8,99.8,63.53057361,1,8
29904,15,89,1-15-2023-089-03,3,2,1N4AA5AP9BC8,17,478,2302,13,0,35,39,2011,4,1,4,0,1,F,2,1630,5,9999,9,4,32,2,48,1,8,9,998,8,7,9,11434,2,2,3,4,2,1,2,1,1,1,1,2,0,0,1,1,0,0,9,0,1,4,62,1,1,1,4,J,69,0,0,0,0,0,0,0,0,0,0,255,30,0,0,0,1,3,33,-31,11,59766,998,13,30,0,4,0,0,0,0,0,0,995,9.8,998,998,998,99.8,99.8,99.8,63.53057361,1,8
29906,22,32,1-22-2023-032-04,4,1,4S4BSATC4K32,17,523,2233,7,0,48,45,2019,6,1,3,0,1,F,1,1614,5,0,1,1,13,2,89,1,0,0,995,0,0,0,83544,1,2,0,4,2,1,2,1,2,1,1,2,0,0,2,1,0,0,1,0,14,6,87,98,1,1,1,C,13,0,0,0,0,0,0,0,0,0,0,998,998,0,0,0,1,10,999,999,999,9999999,999,999,999,6,0,1,1,0,1,0,0,998,9.8,998,998,998,99.8,99.8,99.8,58.06706686,12,8
29907,22,33,1-22-2023-033-07,7,1,1FMCU9GX1FUC,17,460,1798,7,0,12,402,2015,14,3,14,0,1,F,1,1713,5,0,2,1,12,2,40,1,8,0,995,0,7,0,99161,1,2,2,4,2,1,2,1,1,2,0,0,0,0,1,1,0,0,3,1,11,2,13,1,1,4,1,A,1,0,0,0,0,0,0,0,0,0,0,998,998,0,1,0,2,10,999,999,999,9999999,999,16,12,2,0,0,0,0,0,5,0,998,0.0,999,999,999,1.2,0.0,1.2,145.9831915,12,8
29909,29,26,1-29-2023-026-02,2,1,1C4RJFAG7LC3,17,483,1949,7,0,2,422,2020,15,3,15,0,1,T,3,2121,5,0,1,1,3,2,48,1,0,8,997,8,7,0,02190,2,2,0,1,2,1,2,2,2,1,3,2,0,0,3,2,0,0,9,1,14,1,6,99,9,4,1,B,7,1,2,1,1,1,4,63,1,2,8,996,996,0,0,1,3,7,999,999,999,9999999,999,999,999,8,0,4,29,2,4,3,3,996,0.2,10,15,17,0.0,0.0,0.0,18.06354601,2,8
29912,30,40,1-30-2023-040-05,5,1,1FMSK8DH3NGB,17,460,1800,7,0,12,425,2022,15,3,15,0,1,L,9,2022,5,9999,9,0,998,5,64,1,0,0,995,0,0,0,85016,9,9,2,4,5,1,2,1,1,1,0,1,0,0,1,1,1,2,9,1,10,2,10,99,1,2,2,F,45,0,0,0,0,0,0,0,0,0,0,155,165,0,0,0,1,0,999,999,999,9999999,999,999,999,9,0,95,95,95,95,95,0,995,9.8,998,998,998,99.8,99.8,99.8,37.98860483,10,8
29912,30,40,1-30-2023-040-05,5,2,KMHCT4AE5EU6,17,498,2773,13,0,55,36,2014,4,1,2,0,1,T,2,1180,5,9999,9,4,57,2,64,1,9,1,0,2,9,1,85345,9,9,2,1,2,2,2,1,1,1,3,1,0,0,1,1,1,2,9,1,1,2,11,99,1,2,2,F,44,1,6,2,5,1,4,63,1,1,30,997,997,0,0,0,3,6,999,999,999,9999999,999,999,999,7,0,1,1,0,1,4,3,997,9.9,999,999,999,0.0,0.0,0.0,37.98860483,10,8
29914,21,38,1-21-2023-038-09,9,1,5NPEB4AC1CH3,17,498,2459,13,0,55,33,2012,4,1,4,0,1,F,9,1454,5,0,2,0,998,2,89,1,0,0,995,0,0,0,80226,1,2,2,4,2,1,2,1,2,1,0,2,0,0,1,1,2,2,3,0,14,3,50,1,1,1,2,D,20,0,0,0,0,0,0,0,0,0,0,10,0,0,0,0,1,0,999,999,999,9999999,999,999,999,9,0,0,0,0,0,6,0,995,1.0,120,120,82,99.0,99.0,99.0,1817.667234,11,8
29914,21,38,1-21-2023-038-09,9,2,JN8AZ2AF5M97,17,480,1909,7,0,58,422,2021,15,3,15,0,1,B,9,2671,5,9999,9,0,998,5,89,1,0,0,995,0,0,0,90040,9,9,2,4,2,1,2,1,2,1,0,2,0,0,1,1,2,2,9,0,5,3,53,1,1,1,2,D,21,0,0,0,0,0,0,0,0,0,0,0,10,0,0,0,1,0,999,999,999,9999999,999,999,999,9,0,95,95,95,95,95,0,995,9.8,998,998,998,99.8,99.8,99.8,1817.667234,11,8
29915,30,42,1-30-2023-042-07,7,1,1N4AA5AP5BC8,17,478,2302,13,0,35,39,2011,4,1,4,0,1,L,3,1630,5,9999,9,0,998,2,64,1,0,1,0,2,0,2,85037,9,9,2,4,2,1,2,1,1,1,0,0,0,0,3,1,2,2,9,0,11,2,15,99,1,1,4,K,82,0,0,0,0,0,0,0,0,0,0,340,90,0,0,0,1,3,76,-49,58,527862,998,7,89,0,4,2,5,0,1,3,0,995,9.8,998,998,998,99.8,99.8,99.8,1505.801255,10,8
29915,30,42,1-30-2023-042-07,7,2,1GCNCPEH2EZ3,17,467,1850,60,0,20,481,2014,34,5,31,0,1,F,3,1990,5,0,1,1,45,2,64,1,0,0,995,0,0,0,85392,9,9,2,4,6,1,2,1,1,1,0,3,0,0,3,1,0,0,1,0,1,4,67,2,1,1,4,K,83,0,0,0,0,0,0,0,0,0,0,90,340,0,0,0,1,3,62,-58,-21,223202,998,-71,48,0,4,0,0,0,0,0,0,995,0.0,13,13,65,11.3,3.4,11.8,1505.801255,10,8
29916,30,43,1-30-2023-043-03,3,1,5GALVCED3AJ1,17,468,1841,7,0,18,24,2010,6,1,5,0,1,F,2,2261,5,9999,9,4,46,2,64,1,0,0,995,0,0,0,85022,9,9,2,4,4,2,2,1,1,1,3,1,0,0,1,1,1,2,1,0,1,2,17,99,1,1,5,L,88,0,0,0,0,0,0,0,0,0,0,330,245,0,0,0,1,98,999,999,999,9999999,999,999,999,7,0,0,0,0,0,0,0,995,9.8,998,998,998,99.8,99.8,99.8,120.5260338,10,8
29916,30,43,1-30-2023-043-03,3,2,3MZBPACL5NM3,17,473,2074,13,0,41,51,2022,4,1,3,0,1,L,2,1378,5,9999,9,4,46,2,72,1,0,0,995,0,0,0,85383,9,9,2,4,7,3,2,1,1,1,3,3,0,0,1,1,1,2,1,0,1,2,17,99,1,1,5,L,89,0,0,0,0,0,0,0,0,0,0,245,330,0,0,0,1,98,999,999,999,9999999,999,999,999,7,0,0,0,0,0,0,0,995,9.8,998,998,998,99.8,99.8,99.8,120.5260338,10,8
29918,20,52,1-20-2023-052-06,6,1,1GBHC29D87E1,17,467,1850,65,11,20,481,2007,34,5,31,0,1,L,9,2738,5,9999,9,0,998,7,89,1,0,0,995,0,0,0,93926,9,1,2,4,2,1,2,1,1,1,0,2,0,0,1,1,2,2,1,0,11,2,15,99,1,1,4,K,82,0,0,0,0,0,0,0,0,0,0,350,150,1,1,0,1,0,999,999,999,9999999,999,999,999,9,0,0,0,0,0,0,0,995,9.8,998,998,998,99.8,99.8,99.8,107.0626498,11,8
29918,20,52,1-20-2023-052-06,6,2,1GT42YEY2HF1,17,472,1857,60,0,23,880,2017,67,8,60,0,1,F,9,,,,,,,7,89,1,0,0,995,0,0,0,85350,9,9,2,4,2,1,2,1,1,1,1,2,0,0,1,1,0,0,1,0,1,4,67,2,1,1,4,K,83,,,,,,,,,,,,,,,,,,,,,,,,,,,95,95,95,95,95,,,9.8,998,998,998,99.8,99.8,99.8,107.0626498,11,8
29919,20,53,1-20-2023-053-08,8,1,1FAFP53U63G1,17,460,1782,13,0,12,17,2003,4,1,3,0,1,F,9,1521,5,9999,9,0,998,7,56,1,1,8,997,8,0,0,93905,9,1,2,4,6,3,2,1,1,4,1,2,0,0,3,8,1,2,9,0,11,2,15,99,1,1,4,J,68,0,0,0,0,0,0,0,0,0,0,999,999,0,1,9,99,0,999,999,999,9999999,999,999,999,9,0,1,1,0,1,8,0,999,0.0,12,15,15,0.0,0.0,0.0,34.45465919,11,8
29919,20,53,1-20-2023-053-08,8,2,124377L16368,13,467,1829,3,0,20,9,1967,2,1,3,0,1,F,9,1315,8,9999,9,0,998,7,56,1,0,0,995,0,0,0,95076,9,1,2,5,5,1,2,1,1,1,0,3,0,0,3,8,1,2,1,0,1,4,62,4,1,1,4,J,69,0,0,0,0,0,0,0,0,0,0,130,250,0,0,0,1,0,999,999,999,9999999,999,999,999,9,0,1,1,0,1,99,0,995,9.8,998,998,998,99.8,99.8,99.8,34.45465919,11,8
29920,33,31,1-33-2023-031-04,4,1,5YFEPMAE4MP2,17,448,2208,13,0,49,32,2021,4,1,3,0,1,F,9,1315,5,9999,9,4,19,2,72,1,9,0,995,0,9,0,99999,9,9,2,4,2,1,2,2,1,1,1,2,0,0,2,2,2,2,9,1,1,2,14,99,1,4,1,C,14,0,0,0,0,0,0,0,0,0,0,998,998,0,0,6,2,12,999,999,999,9999999,999,999,999,9,0,9,97,0,1,0,0,998,9.7,5,5,999,4.7,0.0,4.7,45.02561542,12,8
29922,29,29,1-29-2023-029-07,7,1,2T1BURHE5JC0,17,448,2208,13,0,49,32,2018,4,1,3,0,1,F,2,1265,5,0,1,1,13,2,48,1,0,9,998,8,0,9,02719,1,2,0,4,2,1,2,1,1,1,0,2,0,0,1,1,0,0,1,0,1,3,50,2,1,1,2,D,20,0,0,0,0,0,0,0,0,0,0,165,165,0,0,0,1,3,28,-28,0,36555,998,0,27,0,4,0,0,0,0,0,0,995,9.8,998,998,998,99.8,99.8,99.8,664.0434365,2,8
29922,29,29,1-29-2023-029-07,7,2,1D8HB58298F1,17,476,3508,7,0,7,422,2008,15,3,15,0,1,B,1,2328,5,9999,9,0,998,5,48,1,8,0,995,0,7,0,02719,9,9,0,4,2,1,2,1,1,1,0,2,0,0,1,1,0,0,1,0,5,3,53,1,1,1,2,D,21,0,0,0,0,0,0,0,0,0,0,165,165,0,0,0,1,3,16,16,0,27629,998,0,17,0,4,95,95,95,95,95,0,995,9.8,998,998,998,99.8,99.8,99.8,664.0434365,2,8
29923,17,64,1-17-2023-064-04,4,1,1FM5K8AB4NGB,17,460,1800,7,0,12,425,2022,15,3,15,5,1,F,1,2022,5,91,1,1,4,2,89,1,0,0,995,0,0,0,61238,9,9,0,4,2,1,2,1,1,4,0,0,0,0,2,1,0,0,9,0,1,6,87,99,1,1,1,C,13,0,0,0,0,0,0,0,0,0,0,998,998,0,0,0,1,98,999,999,999,9999999,999,999,999,6,0,0,0,0,0,0,0,998,9.8,998,998,998,99.8,99.8,99.8,331.554609,4,8
29924,76,41,1-76-2023-041-04,4,1,JA4AT3AA8LZ0,17,481,17617,7,0,52,403,2020,14,3,14,0,1,F,1,1565,5,0,1,1,44,2,105,1,8,9,998,8,7,9,13838,9,9,0,1,3,3,2,2,1,1,3,2,1,3,2,2,0,0,9,1,1,1,6,8,2,4,1,B,7,0,0,0,0,0,0,0,0,0,0,998,998,0,0,0,1,10,999,999,999,9999999,999,0,17,2,0,0,0,0,0,0,0,998,1.9,999,999,999,11.7,9.3,14.9,56.94005971,3,8
29925,31,38,1-31-2023-038-10,10,1,1FTFW1EF1DKD,17,460,1801,60,0,12,481,2013,34,5,31,0,1,F,1,2522,5,9999,9,1,12,2,113,1,0,0,995,0,0,0,27040,9,9,0,1,2,2,2,2,1,1,3,2,1,3,5,2,0,0,9,1,1,1,6,98,4,4,1,A,2,0,0,0,0,0,0,0,0,0,0,998,998,0,0,0,1,10,999,999,999,9999999,999,-87,22,2,0,99,99,0,0,0,0,998,3.3,999,10,39,0.0,0.0,0.0,190.9257288,6,8
29926,21,39,1-21-2023-039-03,3,1,3N1AB7AP0JY2,17,478,1907,13,0,35,43,2018,4,1,3,0,1,F,1,1300,5,9999,9,4,12,2,64,1,0,0,995,0,0,0,92324,9,1,2,1,2,1,2,1,1,1,0,1,0,0,1,1,1,2,9,0,1,2,17,1,1,1,4,J,69,0,0,0,0,0,0,0,0,0,0,175,80,0,0,0,1,3,19,-19,0,9576,998,0,13,0,4,1,1,0,2,3,0,995,9.8,998,998,998,99.8,99.8,99.8,240.9162808,11,8
29926,21,39,1-21-2023-039-03,3,2,3TYAX5GN6MT0,17,448,2223,60,0,49,472,2021,34,5,31,0,1,L,1,2007,5,0,1,1,31,2,64,1,0,0,995,0,0,0,92324,9,1,2,4,5,3,2,1,1,4,3,1,0,0,1,1,1,2,9,0,11,4,63,4,1,1,4,J,68,0,0,0,0,0,0,0,0,0,0,80,175,0,0,0,1,3,13,-2,13,25096,998,-18,18,0,4,9,97,0,1,8,0,995,9.8,998,998,998,99.8,99.8,99.8,240.9162808,11,8
29928,77,37,1-77-2023-037-02,2,1,KM8K33A52MU6,17,498,22249,7,0,55,404,2021,14,3,14,0,1,F,1,1311,5,0,1,1,9,2,56,1,0,0,995,0,0,0,24590,1,2,2,4,2,1,2,1,1,4,0,2,0,0,1,1,2,2,2,0,11,2,15,9,1,1,4,K,82,0,0,0,0,0,0,0,0,0,0,355,135,0,1,0,1,1,19,-17,10,19987,998,45,18,0,4,2,5,0,2,4,0,995,9.8,998,998,998,99.8,99.8,99.8,71.99682468,9,8
29928,77,37,1-77-2023-037-02,2,2,1HGCP2F68CA2,17,474,1861,13,0,37,32,2012,4,1,4,0,1,F,1,1468,5,0,1,1,10,2,56,1,0,0,995,0,0,0,23901,9,9,2,4,2,1,2,1,3,2,1,2,0,0,1,1,0,0,1,1,14,4,67,7,1,2,4,K,83,0,0,0,0,0,0,0,0,0,0,135,355,0,1,0,1,1,17,-17,-3,22977,998,9,19,0,4,0,0,0,0,4,0,995,9.8,998,998,998,99.8,99.8,99.8,71.99682468,9,8
29929,77,38,1-77-2023-038-02,2,1,3VWCM7BU8NM0,17,482,3137,13,0,30,40,2022,4,1,3,0,1,F,3,1350,5,0,1,1,8,3,89,1,0,1,0,2,0,1,22901,9,9,3,4,2,1,2,1,1,2,1,2,1,0,1,1,0,0,1,0,11,2,15,3,1,1,4,J,68,0,0,0,0,0,0,0,0,0,0,30,240,0,1,0,1,1,46,-43,-16,97155,998,-58,39,0,1,2,5,0,1,4,0,995,0.5,120,8,68,4.6,2.2,5.0,71.99682468,9,8
29929,77,38,1-77-2023-038-02,2,2,JF1VBAA68N90,17,523,2237,13,0,48,47,2022,4,1,3,0,1,F,3,1515,5,0,1,1,9,3,89,1,0,0,995,0,0,0,22960,9,9,3,4,2,1,2,1,1,4,1,2,1,0,1,1,0,0,1,0,1,4,62,3,1,1,4,J,69,0,0,0,0,0,0,0,0,0,0,240,30,0,1,0,1,1,41,-40,7,138366,998,4,47,0,1,1,3,0,1,4,0,995,9.8,998,998,998,99.8,99.8,99.8,71.99682468,9,8
29930,77,39,1-77-2023-039-05,5,1,5NPDH4AEXFH6,17,498,2735,13,0,55,35,2015,4,1,3,0,1,L,1,1305,5,0,1,1,10,2,56,1,0,0,995,0,0,0,22960,9,9,2,4,2,1,2,1,1,2,0,0,0,0,3,1,0,0,1,0,11,2,15,4,1,1,4,K,82,0,0,0,0,0,0,0,0,0,0,335,85,0,0,0,1,3,23,-14,17,41221,998,-82,24,0,4,0,0,0,0,4,0,995,9.8,998,998,998,99.8,99.8,99.8,221.5930787,9,8
29930,77,39,1-77-2023-039-05,5,2,5XYPGDA37HG2,17,499,2769,7,0,63,402,2017,14,3,14,0,1,F,1,1742,5,0,1,1,9,2,56,1,1,0,995,0,9,0,22968,9,9,2,5,5,1,2,1,2,1,1,3,0,0,3,1,0,0,1,0,14,4,67,3,1,1,4,K,83,0,0,0,0,0,0,0,0,0,0,85,335,0,0,0,1,3,16,-15,-6,15584,998,-20,14,0,4,99,99,0,0,99,0,995,9.8,998,998,998,99.8,99.8,99.8,221.5930787,9,8
29931,11,39,1-11-2023-039-01,1,1,KL8CD6SA5MC7,17,467,1836,5,0,20,29,2021,5,1,1,0,1,T,9,1019,5,9999,9,0,998,2,97,1,9,1,0,3,9,2,29479,2,2,1,2,4,2,2,1,3,9,2,3,0,3,2,1,6,2,3,1,14,2,13,99,9,4,1,A,1,9,99,9,9,99,9,99,9,9,999,997,997,0,0,0,1,0,999,999,999,9999999,999,999,999,9,0,3,14,2,2,1,9,997,9.8,998,998,998,99.8,99.8,99.8,83.37049338,8,8
29933,10,83,1-10-2023-083-06,6,1,1XP5DB9X73D5,17,495,2046,66,0,87,881,2003,66,8,68,0,1,F,9,,,,,,,5,89,1,0,0,995,0,0,0,41041,9,9,0,2,4,4,2,1,2,9,3,2,0,0,1,1,0,0,1,0,14,3,51,2,1,1,2,D,24,,,,,,,,,,,,,,,,,,,,,,,,,,,95,95,95,95,95,,,9.8,998,998,998,99.8,99.8,99.8,237.0619175,4,8
29933,10,83,1-10-2023-083-06,6,2,KNALC4J12H50,17,499,3071,13,0,63,39,2017,4,1,4,0,1,B,9,1710,5,9999,9,0,998,3,89,1,0,0,995,0,0,0,45406,9,9,0,2,4,4,2,1,2,9,3,2,0,0,1,1,0,0,1,0,14,3,53,99,1,1,2,D,25,0,0,0,0,0,0,0,0,0,0,240,240,0,0,0,1,0,999,999,999,9999999,999,999,999,9,0,9,97,0,1,8,0,995,9.8,998,998,998,99.8,99.8,99.8,237.0619175,4,8
29934,10,84,1-10-2023-084-06,6,1,2GKFLSEK6G61,17,472,1858,7,0,23,402,2016,14,3,14,0,1,F,1,1823,5,0,1,1,6,2,105,1,0,0,995,0,0,0,45324,1,2,0,2,3,2,2,1,1,9,3,3,0,3,2,1,0,0,1,0,1,3,52,1,1,1,2,D,28,0,0,0,0,0,0,0,0,0,0,180,180,0,0,0,1,5,999,999,999,9999999,999,999,18,2,0,0,0,0,0,4,0,995,9.8,998,998,998,99.8,99.8,99.8,237.0619175,4,8
29934,10,84,1-10-2023-084-06,6,2,1FDUF4HT4HDA,17,460,1807,63,9,12,881,2017,61,8,60,6,1,B,9,,,,,,,5,105,1,0,0,995,0,0,0,99999,9,9,0,2,3,2,2,1,1,9,3,3,0,3,2,1,0,0,1,0,2,3,53,1,1,1,2,D,29,,,,,,,,,,,,,,,,,,,,,,,,,,,95,95,95,95,95,,,9.8,998,998,998,99.8,99.8,99.8,237.0619175,4,8
29935,10,85,1-10-2023-085-03,3,1,1A4GP45R96B5,17,477,1936,2,0,6,441,2006,20,4,20,0,1,F,2,1766,8,0,1,1,4,2,89,1,0,0,995,0,0,0,46743,9,9,0,2,1,1,2,1,1,1,1,2,0,0,1,1,0,0,1,0,1,3,51,99,1,1,2,D,24,0,0,0,0,0,0,0,0,0,0,60,60,0,0,0,1,3,27,-27,0,62327,998,0,29,0,4,9,97,0,1,8,0,995,9.8,998,998,998,99.8,99.8,99.8,115.1999448,4,8
29935,10,85,1-10-2023-085-03,3,2,5NMS3CAD1LH2,17,498,2057,7,0,55,401,2020,14,3,14,0,1,F,2,1694,5,0,1,1,5,2,89,1,0,0,995,0,0,0,45380,9,9,0,2,1,1,2,1,1,1,1,2,0,0,1,1,0,0,1,0,1,3,53,1,1,1,2,D,25,0,0,0,0,0,0,0,0,0,0,60,60,0,0,0,3,3,31,-31,0,68390,998,0,31,0,4,1,1,0,2,4,0,995,9.8,998,998,998,99.8,99.8,99.8,115.1999448,4,8
29935,10,85,1-10-2023-085-03,3,3,1C4HJXFG2JW2,17,483,1943,7,0,2,403,2018,14,3,14,0,1,B,2,2021,5,0,1,1,5,2,89,1,0,0,995,0,0,0,45807,9,9,0,3,1,1,2,1,1,9,1,2,0,0,1,1,0,0,1,0,2,3,51,2,1,1,6,M,98,0,0,0,0,0,0,0,0,0,0,60,60,0,0,0,3,3,26,26,0,58934,998,0,26,0,4,0,0,0,0,0,0,995,9.8,998,998,998,99.8,99.8,99.8,115.1999448,4,8
29935,10,85,1-10-2023-085-03,3,4,1FTFW1E87NKD,17,460,1801,60,0,12,481,2022,34,5,31,0,1,F,1,2134,5,9999,9,0,998,2,89,1,0,0,995,0,0,0,45255,9,9,0,2,1,1,2,1,1,1,1,2,0,0,1,1,0,0,1,0,2,3,53,99,1,1,6,M,98,0,0,0,0,0,0,0,0,0,0,60,60,0,0,0,4,3,9,-9,0,10965,998,0,11,0,4,0,0,0,0,0,0,995,9.8,998,998,998,99.8,99.8,99.8,115.1999448,4,8
29935,10,85,1-10-2023-085-03,3,5,3GNKBBRA6KS5,17,467,11502,7,0,20,498,2019,14,3,14,0,1,B,1,1715,5,0,1,1,5,2,89,1,0,0,995,0,0,0,45066,9,9,0,2,1,1,2,1,1,1,1,2,0,0,1,1,0,0,1,0,2,3,53,1,1,1,6,M,98,0,0,0,0,0,0,0,0,0,0,60,60,0,0,0,4,3,13,13,0,8448,998,0,11,0,4,0,0,0,0,0,0,995,9.8,998,998,998,99.8,99.8,99.8,115.1999448,4,8
29935,10,85,1-10-2023-085-03,3,6,1C6SRFLT4KN6,17,496,13620,60,0,7,482,2019,34,5,31,0,1,B,9,2327,5,9999,9,0,998,5,89,1,0,0,995,0,0,0,40047,9,9,0,2,1,1,2,1,1,1,1,2,0,0,1,1,0,0,1,0,2,3,53,99,1,1,6,M,98,0,0,0,0,0,0,0,0,0,0,60,60,0,0,0,5,0,999,999,999,9999999,999,999,999,9,0,95,95,95,95,95,0,995,9.8,998,998,998,99.8,99.8,99.8,115.1999448,4,8
29935,10,85,1-10-2023-085-03,3,7,1GC1KWE87FF6,17,467,1850,60,0,20,481,2015,34,5,31,0,1,B,9,2918,5,9999,9,0,998,5,89,1,0,0,995,0,0,0,45122,9,9,0,2,1,1,2,1,1,1,1,2,0,0,1,1,0,0,1,0,2,3,53,99,1,1,6,M,98,0,0,0,0,0,0,0,0,0,0,60,60,0,0,0,6,0,999,999,999,9999999,999,999,999,9,0,95,95,95,95,95,0,995,9.8,998,998,998,99.8,99.8,99.8,115.1999448,4,8