CASEID,PSU,CASENO,CASENUMBER,CATEGORY,VEHNO,VIN,VINLENGTH,VPICMAKE,VPICMODEL,VPICBODYCLASS,ICFINALBODY,MAKE,MODEL,MODELYR,BODYTYPE,BODYCAT,VEHCLASS,SPECUSE,TRANSTAT,DAMPLANE,DAMSEV,CURBWT,CURBSRC,CARGOWT,CARGOSRC,INSPTYPE,INSPLAG,TOWED,SPEEDLIMIT,DRPRESENT,PARALCOHOL,ALCTEST,ALCTESTRESULT,ALCTESTSRC,PARDRUG,DRUGTEST,ZIP,RACE,ETHNICITY,RELTOJUNCT,TRAFFLOW,RDLANES,INITLANE,SURFTYPE,SURFCOND,ALIGNMENT,PROFILE,LINERIGHT,LINELEFT,RUMBINIT,RUMBROAD,LIGHTCOND,WEATHER,TRAFDEV,TRAFFUNCT,DISTRACT,PREFHE,PREMOVE,CRITCAT,CRITEVENT,MANEUVER,PRESTAB,PRELOC,CRASHCAT,CRASHCONF,CRASHTYPE,ROLLTYPE,ROLLTURN,ROLLINTRPT,ROLLPREMAN,ROLLINITYP,ROLLINLOC,ROLLOBJ,ROLLTRIP,ROLLDIR,ROLLDIST,DVANGTHIS,DVANGOTH,TOWHITCH,TRAJDOC,TREEPOLE,DVEVENT,DVBASIS,DVTOTAL,DVLONG,DVLAT,DVENERGY,DVSPEED,DVMOMENT,DVBES,DVEST,DVCONF,VAIS,VISS,VINJSEV,VINJURED,VTREAT,INITOBJCLASS,HEADANGLECAT,SHLDRWIDTH,STRKLENGTH,STRKWIDTH,STRKHEIGHT,EDGEDISTX,EDGEDISTY,EDGEDISTZ,CASEWGT,PSUSTRAT,VERSION
29972,73,67,1-73-2023-067-03,3,3,3C63R3AJ7NG1,17,496,13622,60,0,7,880,2022,67,8,60,0,1,B,9,,,,,,,5,89,1,8,0,995,0,7,0,04976,9,9,2,4,2,1,2,1,1,1,1,2,0,0,1,8,0,0,1,0,1,3,53,99,1,1,6,M,98,,,,,,,,,,,,,,,,,,,,,,,,,,,95,95,95,95,95,,,9.8,998,998,998,99.8,99.8,99.8,31.6102783,3,8
29973,73,68,1-73-2023-068-03,3,1,1HGCV3F20NA0,17,474,1861,13,0,37,32,2022,4,1,4,0,1,T,3,1532,5,9999,9,4,31,2,48,1,1,1,80,1,7,0,04091,9,9,2,4,2,1,2,1,2,1,1,2,0,0,1,1,0,0,1,1,14,2,12,99,2,4,1,B,6,2,98,8,8,98,8,32,8,8,998,997,997,0,1,0,2,6,999,999,999,9999999,999,999,999,8,0,1,1,0,1,5,8,997,1.9,120,120,120,17.6,4.2,18.1,31.6102783,3,8
29974,73,69,1-73-2023-069-08,8,1,2LMDU88C19BJ,17,464,1813,7,0,13,14,2009,6,1,4,0,1,T,2,2004,5,9999,9,4,28,2,89,1,8,0,995,0,7,0,04443,9,9,0,4,2,1,2,1,1,2,1,2,0,0,2,1,0,0,1,1,1,2,12,99,1,4,1,B,6,1,6,2,6,1,4,61,1,2,999,997,997,0,0,0,2,6,999,999,999,9999999,999,999,999,7,0,9,97,0,1,99,3,997,9.8,998,998,998,99.8,99.8,99.8,38.19393659,3,8
29975,18,39,1-18-2023-039-03,3,1,WP1AG2A51HLB,17,584,8031,7,0,45,401,2017,14,3,14,0,1,R,2,1925,5,9999,9,4,9,2,72,1,0,0,995,0,0,0,61832,7,2,2,1,6,6,2,1,1,1,1,1,0,0,1,1,1,2,1,0,11,2,15,99,9,1,4,J,68,0,0,0,0,0,0,0,0,0,0,190,120,0,0,0,1,3,25,0,-25,82664,998,-70,29,0,1,0,0,0,0,0,0,995,9.8,998,998,998,99.8,99.8,99.8,45.40318594,6,8
29975,18,39,1-18-2023-039-03,3,2,5J6RT6H87NL0,17,474,1865,7,0,37,402,2022,14,3,14,0,1,F,2,1580,5,68,2,1,10,2,72,1,0,0,995,0,0,0,53105,1,2,2,2,4,2,2,1,1,1,1,3,0,0,1,1,1,2,1,0,1,4,62,98,1,1,4,J,69,0,0,0,0,0,0,0,0,0,0,120,190,0,0,0,1,3,28,-26,10,44995,998,67,23,0,1,1,3,0,2,6,0,995,9.8,998,998,998,99.8,99.8,99.8,45.40318594,6,8
29976,18,40,1-18-2023-040-10,10,1,WAUBFAFL3DN0,17,582,3146,13,0,32,43,2013,4,1,4,0,1,F,2,1590,5,9999,9,0,998,2,48,1,1,8,997,8,0,0,54701,9,9,0,4,2,1,2,1,1,1,1,2,0,0,3,1,0,0,1,1,1,2,13,99,1,4,1,C,11,0,0,0,0,0,0,0,0,0,0,180,180,0,0,0,1,3,27,-27,0,42702,998,0,26,0,4,0,0,0,0,0,0,995,9.8,998,998,998,99.8,99.8,99.8,498.5596216,6,8
29976,18,40,1-18-2023-040-10,10,2,KNMAT2MV3FP5,17,478,1913,8,0,35,51,2015,6,1,3,0,2,B,2,1610,5,0,1,5,47,,,,,,,,,,,,,,,,,,,,,,,,,,,,,,,,,,,,,,,,,,,,,,,,,,,,,,,,,,,,,,,,,,95,95,95,95,95,,,,,,,,,,498.5596216,6,8
29977,59,58,1-59-2023-058-06,6,1,1D7HU18287S2,17,476,1938,60,0,7,482,2007,34,5,31,0,1,F,1,2402,5,9999,9,0,998,2,72,1,0,0,995,0,0,0,47834,9,9,2,4,6,3,2,1,1,1,3,1,0,0,1,1,1,2,3,0,1,2,17,2,1,1,5,L,88,0,0,0,0,0,0,0,0,0,0,70,0,0,0,0,1,3,13,-8,-10,18160,998,-192,9,0,4,0,0,0,0,0,0,995,9.8,998,998,998,99.8,99.8,99.8,120.6538161,6,8
29977,59,58,1-59-2023-058-06,6,2,1G1ZB5ST2JF2,17,467,1834,13,0,20,37,2018,4,1,4,0,1,L,1,1400,5,0,1,1,17,2,48,1,0,0,995,0,0,0,74136,9,9,2,4,2,1,2,1,1,1,1,2,0,0,1,1,1,2,1,0,1,4,66,2,1,1,5,L,89,0,0,0,0,0,0,0,0,0,0,0,70,0,0,0,1,3,21,-10,18,45785,998,37,27,0,4,1,1,0,1,4,0,995,9.8,998,998,998,99.8,99.8,99.8,120.6538161,6,8
29977,59,58,1-59-2023-058-06,6,3,1D7HU18238J2,17,476,1938,60,0,7,482,2008,34,5,31,0,1,L,9,2402,5,9999,9,0,998,5,72,1,0,0,995,0,0,0,47834,9,9,2,4,5,1,2,1,1,1,1,3,0,0,1,1,1,2,1,0,5,4,62,1,1,1,6,M,98,0,0,0,0,0,0,0,0,0,0,245,45,0,0,0,3,0,999,999,999,9999999,999,999,999,9,0,95,95,95,95,95,0,995,9.8,998,998,998,99.8,99.8,99.8,120.6538161,6,8
29978,59,59,1-59-2023-059-06,6,1,1FMCU9G9XHUB,17,460,1798,7,0,12,402,2017,14,3,14,0,1,F,2,1668,5,9999,9,0,998,2,48,1,0,0,995,0,0,0,47805,9,9,0,4,2,1,2,1,1,1,1,4,0,0,1,1,0,0,3,0,1,3,50,99,1,1,2,D,20,0,0,0,0,0,0,0,0,0,0,210,210,0,0,0,1,3,32,-32,0,60673,998,0,30,0,4,0,0,0,0,0,0,995,9.8,998,998,998,99.8,99.8,99.8,120.6538161,6,8
29978,59,59,1-59-2023-059-06,6,2,2G1WT58K4812,17,467,1833,13,0,20,2,2008,4,1,4,0,1,B,9,1630,5,9999,9,0,998,5,48,1,0,0,995,0,0,0,47805,9,9,0,4,2,1,2,1,1,1,1,2,0,0,1,1,0,0,9,0,5,3,53,99,1,1,6,M,98,0,0,0,0,0,0,0,0,0,0,210,210,0,0,0,2,0,999,999,999,9999999,999,999,999,9,0,95,95,95,95,95,0,995,9.8,998,998,998,99.8,99.8,99.8,120.6538161,6,8
29978,59,59,1-59-2023-059-06,6,3,JM1GJ1W68F11,17,473,2078,13,0,41,50,2015,4,1,4,0,1,B,2,1444,5,0,1,1,7,2,48,1,0,1,0,2,0,0,47802,1,2,0,4,2,1,2,1,1,1,1,2,0,0,1,1,0,0,9,0,5,3,53,1,1,1,2,D,21,0,0,0,0,0,0,0,0,0,0,210,210,0,0,0,1,3,38,38,0,96299,998,-25,40,0,4,0,0,0,0,4,0,995,9.8,998,998,998,99.8,99.8,99.8,120.6538161,6,8
29979,59,60,1-59-2023-060-04,4,1,1FTMF1CB8KKC,17,460,1801,60,0,12,481,2019,34,5,31,0,1,F,1,1884,5,0,1,1,3,2,97,1,0,0,995,0,0,0,46234,1,2,0,1,2,1,2,1,3,1,1,3,2,3,1,1,0,0,1,0,14,6,87,1,1,1,1,C,13,0,0,0,0,0,0,0,0,0,0,998,998,0,0,0,1,10,999,999,999,9999999,999,58,15,2,0,0,0,0,0,0,0,998,9.8,998,998,998,99.8,99.8,99.8,116.3338597,6,8
29980,59,61,1-59-2023-061-07,7,1,3N1AB7AP4JY2,17,478,1907,13,0,35,43,2018,4,1,3,0,1,L,2,1300,5,0,1,1,5,2,48,1,0,0,995,0,0,0,47834,9,9,0,4,3,1,2,1,1,1,0,2,0,0,1,1,0,0,1,0,1,3,50,98,1,1,2,F,48,0,0,0,0,0,0,0,0,0,0,5,5,0,1,0,1,8,999,999,999,9999999,999,999,999,7,0,0,0,0,0,0,0,995,0.0,120,20,20,0.0,0.0,0.0,315.817474,6,8
29980,59,61,1-59-2023-061-07,7,2,1GCCS19571K1,17,467,11483,60,0,20,471,2001,34,5,30,0,1,9,9,1471,5,9999,9,0,998,5,48,1,0,0,995,0,0,0,47805,9,9,0,4,3,1,2,1,1,1,0,2,0,0,1,1,0,0,9,0,5,3,53,99,1,1,2,F,48,0,0,0,0,0,0,0,0,0,0,5,5,0,0,0,1,0,999,999,999,9999999,999,999,999,9,0,95,95,95,95,95,0,995,9.8,998,998,998,99.8,99.8,99.8,315.817474,6,8
29981,27,46,1-27-2023-046-04,4,1,1HGCV1F64JA1,17,474,1861,13,0,37,32,2018,4,1,4,0,1,R,1,1462,5,0,1,1,8,2,64,1,8,9,998,8,7,9,12029,1,2,3,5,5,3,2,1,1,1,4,4,0,0,1,1,0,0,2,1,10,2,11,3,1,2,4,J,70,0,0,0,0,0,0,0,0,0,0,85,45,0,1,0,1,3,8,3,-7,6369,998,-103,9,0,4,0,0,0,0,0,0,995,9.8,998,998,998,99.8,99.8,99.8,26.35740571,3,8
29981,27,46,1-27-2023-046-04,4,2,2T2HZMDA2LC2,17,515,2214,7,0,59,403,2020,14,3,14,0,1,F,1,2020,5,0,1,1,9,2,64,1,8,9,998,8,7,9,01240,1,2,3,5,5,1,2,1,1,1,1,3,0,0,1,1,0,0,1,0,1,4,60,4,1,1,4,J,71,0,0,0,0,0,0,0,0,0,0,45,85,0,1,0,1,3,6,-5,3,2259,998,56,5,0,4,0,0,0,0,0,0,995,9.8,998,998,998,99.8,99.8,99.8,26.35740571,3,8
29982,27,47,1-27-2023-047-07,7,1,4S4BRBCCXE32,17,523,2233,7,0,48,45,2014,6,1,3,0,1,L,1,1621,5,0,1,1,9,2,56,1,0,0,995,0,0,9,01220,9,9,0,4,2,1,2,1,2,1,0,2,0,0,1,1,0,0,1,1,14,6,87,4,2,4,1,B,8,0,0,0,0,0,0,0,0,0,0,998,998,0,0,1,1,1,19,-15,12,28301,998,-62,19,0,4,0,0,0,0,0,0,998,0.0,26,26,111,13.7,1.6,13.7,79.83268686,3,8
29983,27,48,1-27-2023-048-07,7,1,JTMRJREV5JD2,17,448,2217,7,0,49,402,2018,14,3,14,0,1,F,3,1780,8,0,2,1,11,2,56,1,8,0,995,0,7,0,01223,1,2,0,4,2,1,4,1,1,4,0,0,0,0,1,1,0,0,3,1,1,2,13,3,1,4,1,A,1,0,0,0,0,0,0,0,0,0,0,998,998,0,1,2,2,98,999,999,999,9999999,999,999,999,8,0,0,0,0,0,0,0,998,0.0,7,7,120,18.2,0.7,18.2,79.83268686,3,8
29984,52,64,1-52-2023-064-10,10,1,3FAHP08178R1,17,460,1780,13,0,12,23,2008,4,1,3,0,1,R,1,1429,5,0,1,1,15,2,56,1,0,0,995,0,0,0,59101,9,9,2,1,4,4,2,1,1,1,1,0,0,0,1,1,0,0,9,0,11,2,15,99,1,1,4,J,68,0,0,0,0,0,0,0,0,0,0,195,95,0,0,0,1,1,13,-7,-12,9604,998,159,9,0,4,0,0,0,0,0,0,995,9.8,998,998,998,99.8,99.8,99.8,533.1553824,12,8
29984,52,64,1-52-2023-064-10,10,2,1FMCU94G59KA,17,460,1798,7,0,12,402,2009,14,3,14,0,1,F,1,1609,5,0,1,1,15,2,56,1,0,0,995,0,0,0,59105,9,9,2,1,4,2,2,1,1,1,3,3,0,0,1,1,0,0,9,0,1,4,62,4,1,1,4,J,69,0,0,0,0,0,0,0,0,0,0,95,195,0,0,0,1,1,12,-11,4,23829,998,46,18,0,4,0,0,0,0,0,0,995,9.8,998,998,998,99.8,99.8,99.8,533.1553824,12,8
29985,19,74,1-19-2023-074-06,6,1,6G3F15RWXEL9,17,467,1837,13,0,20,21,2014,4,1,5,0,1,F,1,1803,8,0,1,1,7,3,105,1,0,0,995,0,0,0,35653,1,2,0,1,2,1,2,6,3,1,1,3,0,0,2,2,0,0,1,1,14,1,5,99,4,4,1,A,2,0,0,0,0,0,0,0,0,0,0,998,998,0,1,0,1,1,12,-12,-2,11475,998,-39,12,0,1,1,1,0,1,4,0,998,0.5,70,120,40,43.1,7.9,44.5,72.17460053,9,8
29986,19,75,1-19-2023-075-06,6,1,3N1AB7AP1GY2,17,478,1907,13,0,35,43,2016,4,1,3,0,1,F,1,1306,5,0,1,1,8,2,56,1,0,0,995,0,0,0,35954,1,9,0,1,2,1,2,1,2,1,1,3,0,0,2,1,0,0,9,1,14,2,13,3,1,4,1,A,1,0,0,0,0,0,0,0,0,0,0,998,998,0,1,0,1,10,999,999,999,9999999,999,39,14,2,0,0,0,0,0,4,0,998,0.0,120,18,95,24.6,0.8,24.7,72.17460053,9,8
29987,19,76,1-19-2023-076-04,4,1,999999999999,99,474,1869,2,0,37,441,9999,20,4,20,0,1,R,9,9999,9,9999,9,0,998,9,72,1,0,0,995,0,0,0,35904,9,9,2,1,3,3,2,1,1,1,2,1,0,0,1,1,1,2,2,0,11,2,15,99,1,1,4,J,68,0,0,0,0,0,0,0,0,0,0,300,210,0,0,0,1,0,999,999,999,9999999,999,999,999,9,0,95,95,95,95,95,0,995,9.8,998,998,998,99.8,99.8,99.8,70.39464652,9,8
29987,19,76,1-19-2023-076-04,4,2,5XYK3CAF0PG1,17,499,2770,7,0,63,401,2023,14,3,14,0,1,F,1,1607,5,0,1,1,4,2,72,1,0,0,995,0,0,0,35904,1,9,2,1,3,2,2,1,2,1,3,1,0,0,1,1,1,2,9,0,14,4,62,99,1,1,4,J,69,0,0,0,0,0,0,0,0,0,0,210,300,0,0,0,1,12,999,999,999,9999999,999,999,12,2,0,0,0,0,0,0,0,995,9.8,998,998,998,99.8,99.8,99.8,70.39464652,9,8
29988,19,77,1-19-2023-077-09,9,1,2GCEC19M2W12,17,467,10978,60,0,20,481,1998,34,5,31,0,1,F,1,2168,5,9999,9,0,998,2,72,1,0,0,995,0,0,0,35904,2,9,2,1,3,2,2,1,1,4,1,1,0,0,1,1,1,2,9,0,11,2,15,99,1,1,4,K,76,0,0,0,0,0,0,0,0,0,0,180,115,0,0,0,1,3,10,-7,-6,12205,998,-166,8,0,4,0,0,0,0,4,0,995,9.8,998,998,998,99.8,99.8,99.8,154.8196114,9,8
29988,19,77,1-19-2023-077-09,9,2,5N1AN08W25C6,17,478,1916,7,0,35,402,2005,14,3,14,0,1,L,1,1973,5,0,4,1,3,2,72,1,0,0,995,0,0,0,35905,1,9,2,1,5,2,2,1,3,1,3,3,0,0,1,1,1,2,9,0,14,4,65,99,1,1,4,K,77,0,0,0,0,0,0,0,0,0,0,115,180,0,0,0,1,3,11,-2,10,12835,998,24,13,0,4,99,99,0,0,99,0,995,9.8,998,998,998,99.8,99.8,99.8,154.8196114,9,8
29989,76,42,1-76-2023-042-06,6,1,JTJBM7FX6F51,17,515,2215,7,0,59,404,2015,14,3,14,0,1,R,1,2350,5,0,1,1,12,2,89,1,8,0,995,0,7,0,13856,9,9,2,4,2,1,2,1,1,4,0,0,0,0,2,1,2,2,3,0,1,2,17,10,1,1,5,L,87,0,0,0,0,0,0,0,0,0,0,195,115,0,0,0,1,3,10,0,-10,20997,998,146,10,0,4,1,1,0,2,4,0,995,9.8,998,998,998,99.8,99.8,99.8,66.39438678,3,8
29989,76,42,1-76-2023-042-06,6,2,4S3BNAD65F30,17,523,2232,13,0,48,34,2015,4,1,3,0,1,F,1,1543,5,0,1,1,12,2,89,1,8,9,998,8,7,9,13856,9,9,2,4,2,1,2,1,1,1,1,2,1,0,2,1,0,0,9,0,1,4,66,4,1,1,5,L,86,0,0,0,0,0,0,0,0,0,0,115,195,0,0,0,1,3,15,-15,3,12988,998,6,14,0,4,0,0,0,0,0,0,995,9.8,998,998,998,99.8,99.8,99.8,66.39438678,3,8
29990,76,43,1-76-2023-043-09,9,1,1G1NE52J8161,17,467,1834,13,0,20,37,2001,4,1,3,0,1,B,2,1384,5,0,1,1,85,2,89,1,8,9,998,8,7,9,13733,9,9,0,4,2,1,2,5,3,2,1,2,1,0,2,8,0,0,9,1,14,1,6,2,2,4,1,A,2,0,0,0,0,0,0,0,0,0,0,998,998,0,0,9,8,1,28,24,14,71415,998,-113,27,0,4,1,1,0,1,8,0,998,2.5,999,999,999,99.9,99.9,99.9,126.0136261,3,8
29992,12,47,1-12-2023-047-03,3,1,JT4RN02P2K40,17,448,14263,60,0,49,471,1989,34,5,31,0,1,L,2,1323,5,0,1,1,14,2,72,1,0,1,0,2,0,2,73456,9,9,2,4,2,1,2,1,1,1,0,0,0,0,1,8,2,2,9,0,1,2,17,99,1,1,5,L,89,1,4,2,2,1,4,61,1,2,21,265,355,0,0,0,1,1,30,-10,28,27029,998,-1,22,0,4,2,9,0,1,3,3,995,9.8,998,998,998,99.8,99.8,99.8,548.4246099,9,8
29992,12,47,1-12-2023-047-03,3,2,3N1CP5CV4PL4,17,478,22791,5,0,35,56,2023,5,1,2,0,1,F,2,1221,5,0,1,1,14,2,72,1,0,1,156,2,0,1,73438,1,2,2,4,2,1,2,1,1,4,0,0,0,0,1,8,0,0,1,0,1,4,66,1,1,1,5,L,88,1,4,2,2,1,4,61,1,1,21,355,265,0,0,0,1,1,32,-30,-11,86555,998,-65,37,0,4,3,19,1,1,3,3,995,9.8,998,998,998,99.8,99.8,99.8,548.4246099,9,8
29993,12,48,1-12-2023-048-02,2,1,5NMS33AD8LH1,17,498,2057,7,0,55,401,2020,14,3,14,0,1,F,3,1629,5,0,1,1,8,2,56,1,0,0,995,0,0,0,73533,1,2,2,4,3,2,1,1,1,1,1,2,0,0,1,1,1,2,9,0,1,3,50,1,1,1,2,D,20,0,0,0,0,0,0,0,0,0,0,175,175,0,0,0,1,1,61,-61,0,71962,998,0,32,0,1,2,6,0,2,3,0,995,9.8,998,998,998,99.8,99.8,99.8,212.0723508,9,8
29993,12,48,1-12-2023-048-02,2,2,2GTEK13T8414,17,472,1857,60,0,23,481,2004,34,5,31,0,1,B,3,2397,5,0,1,1,41,2,56,1,0,0,995,0,0,0,73401,1,2,2,4,3,2,1,1,1,1,1,2,0,0,1,1,1,2,9,0,5,3,53,1,1,1,2,D,21,0,0,0,0,0,0,0,0,0,0,175,175,0,0,0,1,1,43,43,0,359150,998,0,61,0,1,1,1,0,1,4,0,995,9.8,998,998,998,99.8,99.8,99.8,212.0723508,9,8
29994,12,49,1-12-2023-049-06,6,1,5GAKRBKD6GJ1,17,468,1841,7,0,18,421,2016,15,3,15,0,1,F,1,2143,5,0,1,1,6,2,56,1,0,0,995,0,0,2,73401,1,2,2,4,2,1,2,1,1,1,0,2,0,0,1,1,0,0,1,0,1,4,66,2,1,1,4,K,83,0,0,0,0,0,0,0,0,0,0,155,75,0,0,0,1,1,21,-21,-4,39916,998,-40,21,0,1,1,1,0,1,4,0,995,9.8,998,998,998,99.8,99.8,99.8,1740.47462,9,8
29994,12,49,1-12-2023-049-06,6,2,1FTRF12277NA,17,460,1801,60,0,12,481,2007,34,5,31,0,1,L,1,2158,5,0,1,1,7,2,56,1,0,0,995,0,0,0,73443,5,2,2,4,2,1,2,1,1,1,0,0,0,0,1,1,2,2,1,0,11,2,15,99,1,1,4,K,82,1,1,2,5,7,1,1,2,1,5,75,155,0,0,0,1,1,20,0,20,37154,998,5,20,0,1,1,1,0,2,4,1,995,9.8,998,998,998,99.8,99.8,99.8,1740.47462,9,8
29996,26,61,1-26-2023-061-02,2,1,KNAE45LC3N61,17,499,21370,5,0,63,41,2022,5,1,5,0,1,F,2,1873,5,0,1,1,25,2,105,1,1,8,997,8,0,3,95695,1,9,1,3,1,1,2,1,2,9,1,2,0,0,3,1,0,0,9,1,14,2,12,98,9,4,1,B,6,1,4,2,4,1,1,61,1,1,16,998,998,0,1,0,1,7,999,999,999,9999999,999,999,999,7,0,1,1,0,2,4,3,998,9.8,998,998,998,99.8,99.8,99.8,36.93866457,10,8
29998,17,66,1-17-2023-066-10,10,1,1G1AD1F56A71,17,467,4234,3,0,20,22,2010,2,1,2,0,1,F,2,1239,5,0,1,1,6,2,48,1,0,0,995,0,0,0,61265,1,9,0,1,3,1,2,1,1,1,1,2,0,0,1,1,0,0,9,0,1,3,50,2,1,1,2,D,20,0,0,0,0,0,0,0,0,0,0,280,280,0,0,0,1,3,28,-28,0,30208,998,0,25,0,4,0,0,0,0,5,0,995,9.8,998,998,998,99.8,99.8,99.8,924.3458738,4,8
29998,17,66,1-17-2023-066-10,10,2,1GKET16S8461,17,472,4507,7,0,23,401,2004,14,3,14,0,1,B,1,2277,5,9999,9,0,998,5,48,1,0,0,995,0,0,0,52804,9,9,0,1,3,1,2,1,1,1,1,2,0,0,1,1,0,0,9,0,5,3,53,99,1,1,2,D,21,0,0,0,0,0,0,0,0,0,0,280,280,0,0,0,1,3,16,16,0,31792,998,0,19,0,4,95,95,95,95,95,0,995,9.8,998,998,998,99.8,99.8,99.8,924.3458738,4,8
29999,17,67,1-17-2023-067-07,7,1,LRBFXBSA0HD2,17,468,11438,7,0,18,405,2017,14,3,14,0,1,F,1,1839,5,0,1,1,2,2,48,1,0,0,995,0,0,0,61265,2,9,2,3,4,2,1,1,1,1,1,3,0,0,3,1,1,2,9,0,1,3,50,4,1,1,2,D,20,0,0,0,0,0,0,0,0,0,0,170,180,0,0,0,1,3,20,-20,3,36651,998,11,22,0,4,0,0,0,0,0,0,995,9.8,998,998,998,99.8,99.8,99.8,318.3542691,4,8
29999,17,67,1-17-2023-067-07,7,2,2A4RR8DX5AR4,17,477,1936,2,0,6,441,2010,20,4,20,0,1,B,1,2044,5,9999,9,0,998,5,48,1,0,0,995,0,0,0,52742,9,9,2,3,4,2,1,1,1,1,1,3,0,0,3,1,1,2,9,0,5,3,53,99,1,1,2,D,21,0,0,0,0,0,0,0,0,0,0,180,170,0,0,0,1,3,19,18,-6,31584,998,95,17,0,4,95,95,95,95,95,0,995,9.8,998,998,998,99.8,99.8,99.8,318.3542691,4,8
30000,17,68,1-17-2023-068-07,7,1,5XXGM4A78FG4,17,499,2739,13,0,63,34,2015,4,1,4,0,1,F,1,1468,5,0,1,1,8,2,40,1,0,0,995,0,0,0,99999,9,9,0,4,2,1,1,1,1,1,0,0,0,0,3,1,0,0,9,1,1,2,12,8,2,4,1,B,6,0,0,0,0,0,0,0,0,0,0,998,998,0,1,0,3,98,999,999,999,9999999,999,999,999,6,0,99,99,0,0,99,0,998,0.0,26,10,16,0.0,0.0,0.0,318.3542691,4,8
30001,33,32,1-33-2023-032-09,9,1,4S3BH8061276,17,523,2232,15,0,48,34,2002,6,1,3,0,1,T,2,1685,5,9999,9,4,42,2,105,1,0,0,995,0,0,0,95928,1,9,0,1,2,1,2,1,1,1,3,2,1,3,1,1,0,0,3,1,1,1,8,99,2,4,1,A,2,1,4,2,2,1,3,61,1,2,10,997,997,0,0,0,1,6,999,999,999,9999999,999,999,999,7,0,1,1,0,1,4,3,997,3.8,999,999,999,5.1,11.1,12.4,307.1370266,12,8
30002,33,33,1-33-2023-033-08,8,1,KL1TD66607B7,17,467,1828,5,0,20,39,2007,5,1,1,0,1,T,2,1065,5,0,1,1,17,2,24,1,1,1,244,2,0,1,95928,1,9,0,4,2,1,2,1,2,1,1,2,0,0,1,1,0,0,9,1,6,2,12,1,1,4,1,B,6,1,8,1,2,1,3,61,1,2,21,997,997,0,0,0,1,6,999,999,999,9999999,999,999,999,7,0,3,17,1,2,3,3,997,0.6,120,120,120,16.5,11.5,21.0,43.77559116,12,8
30003,66,35,1-66-2023-035-01,1,1,JN8AS5MT2EW6,17,478,18137,8,0,35,51,2014,6,1,3,0,1,F,3,1567,5,0,1,1,11,2,105,1,8,0,995,0,7,0,64836,9,9,0,4,2,1,2,1,1,1,1,2,0,0,1,8,0,0,9,1,1,2,10,4,1,2,3,G,50,1,1,2,2,1,4,61,1,1,3,85,270,0,0,0,1,5,999,999,999,9999999,999,999,67,5,0,9,97,1,1,1,3,995,0.4,100,20,20,6.0,2.6,6.4,103.5334329,6,8
30003,66,35,1-66-2023-035-01,1,2,1NPXD49X2PD8,17,495,2794,66,0,87,881,2023,66,8,68,0,1,F,9,,,,,,,2,105,1,8,1,0,1,7,0,66763,9,9,0,4,2,1,2,1,1,1,1,4,0,0,1,8,0,0,1,0,1,4,62,1,1,1,3,G,51,,,,,,,,,,,,,,,,,,,,,,,,,,,95,95,95,95,95,,,0.6,85,20,20,38.6,4.1,38.8,103.5334329,6,8
30004,66,36,1-66-2023-036-03,3,1,1FAFP53U47A1,17,460,1782,13,0,12,17,2007,4,1,4,0,1,F,2,1653,5,0,1,1,11,2,97,1,0,0,995,0,7,0,65802,9,9,0,2,2,1,2,1,1,9,1,3,2,3,1,8,0,0,3,0,1,3,52,99,9,1,2,D,28,0,0,0,0,0,0,0,0,0,0,90,100,0,0,0,1,5,999,999,999,9999999,999,999,27,3,0,0,0,0,0,3,0,995,9.8,998,998,998,99.8,99.8,99.8,176.7360215,6,8
30004,66,36,1-66-2023-036-03,3,2,1GCGC29J0VE1,17,467,10978,60,0,20,481,1997,34,5,31,0,1,B,9,2385,5,9999,9,0,998,5,97,1,0,0,995,0,7,0,65775,9,9,0,2,2,1,2,1,1,9,1,3,2,3,1,8,0,0,1,0,2,2,18,8,1,1,2,D,29,0,0,0,0,0,0,0,0,0,0,100,90,1,0,0,1,0,999,999,999,9999999,999,999,999,9,0,95,95,95,95,95,0,995,9.8,998,998,998,99.8,99.8,99.8,176.7360215,6,8
30004,66,36,1-66-2023-036-03,3,3,4T1G11AK5NU0,17,448,2469,13,0,49,40,2022,4,1,4,0,1,F,1,1520,5,50,1,1,9,2,97,1,0,0,995,0,7,0,62269,2,2,0,2,2,2,2,1,1,9,3,2,2,3,1,8,0,0,1,0,1,4,61,3,1,1,6,M,98,0,0,0,0,0,0,0,0,0,0,80,130,0,0,0,2,3,18,-17,-6,13030,998,-25,14,0,4,0,0,0,0,4,0,995,9.8,998,998,998,99.8,99.8,99.8,176.7360215,6,8
30005,16,54,1-16-2023-054-03,3,1,1GKKNKL42PZ1,17,472,1855,7,0,23,423,2023,15,3,15,0,1,F,1,1779,5,0,1,1,27,2,56,1,8,0,995,0,7,0,45247,9,9,2,4,4,3,2,1,1,1,1,2,0,0,1,1,1,2,1,0,11,2,15,2,1,1,4,J,68,0,0,0,0,0,0,0,0,0,0,75,275,0,0,0,1,3,18,-15,-9,25791,998,-48,18,0,4,0,0,0,0,0,0,995,9.8,998,998,998,99.8,99.8,99.8,152.7717297,5,8
30005,16,54,1-16-2023-054-03,3,2,WMWWJ3C06L3L,17,456,1767,1,0,69,54,2020,1,1,1,0,1,F,1,1337,5,0,1,1,13,2,56,1,8,0,995,0,7,0,45209,9,9,2,4,3,1,2,1,1,1,0,1,0,0,1,1,1,2,1,0,1,4,62,2,1,1,4,J,69,0,0,0,0,0,0,0,0,0,0,275,75,0,0,0,1,3,23,-23,-4,28715,998,4,23,0,4,9,97,0,1,8,0,995,9.8,998,998,998,99.8,99.8,99.8,152.7717297,5,8