CASEID,PSU,CASENO,CASENUMBER,CATEGORY,VEHNO,VIN,VINLENGTH,VPICMAKE,VPICMODEL,VPICBODYCLASS,ICFINALBODY,MAKE,MODEL,MODELYR,BODYTYPE,BODYCAT,VEHCLASS,SPECUSE,TRANSTAT,DAMPLANE,DAMSEV,CURBWT,CURBSRC,CARGOWT,CARGOSRC,INSPTYPE,INSPLAG,TOWED,SPEEDLIMIT,DRPRESENT,PARALCOHOL,ALCTEST,ALCTESTRESULT,ALCTESTSRC,PARDRUG,DRUGTEST,ZIP,RACE,ETHNICITY,RELTOJUNCT,TRAFFLOW,RDLANES,INITLANE,SURFTYPE,SURFCOND,ALIGNMENT,PROFILE,LINERIGHT,LINELEFT,RUMBINIT,RUMBROAD,LIGHTCOND,WEATHER,TRAFDEV,TRAFFUNCT,DISTRACT,PREFHE,PREMOVE,CRITCAT,CRITEVENT,MANEUVER,PRESTAB,PRELOC,CRASHCAT,CRASHCONF,CRASHTYPE,ROLLTYPE,ROLLTURN,ROLLINTRPT,ROLLPREMAN,ROLLINITYP,ROLLINLOC,ROLLOBJ,ROLLTRIP,ROLLDIR,ROLLDIST,DVANGTHIS,DVANGOTH,TOWHITCH,TRAJDOC,TREEPOLE,DVEVENT,DVBASIS,DVTOTAL,DVLONG,DVLAT,DVENERGY,DVSPEED,DVMOMENT,DVBES,DVEST,DVCONF,VAIS,VISS,VINJSEV,VINJURED,VTREAT,INITOBJCLASS,HEADANGLECAT,SHLDRWIDTH,STRKLENGTH,STRKWIDTH,STRKHEIGHT,EDGEDISTX,EDGEDISTY,EDGEDISTZ,CASEWGT,PSUSTRAT,VERSION
30110,21,44,1-21-2023-044-08,8,1,1HGCM66504A0,17,474,1861,13,0,37,32,2004,4,1,3,0,1,F,2,1504,5,0,1,1,18,2,113,1,0,0,995,0,0,0,92395,2,2,0,2,3,3,1,1,1,9,3,2,1,3,2,1,0,0,3,1,1,2,12,99,4,4,1,B,10,0,0,0,0,0,0,0,0,0,0,998,998,0,0,0,2,1,29,-28,-5,53797,998,-34,29,0,4,9,97,0,1,8,0,998,2.4,999,999,999,12.2,9.7,15.4,131.360103,11,8
30112,29,33,1-29-2023-033-04,4,1,2HGFE2F53NH5,17,474,1863,13,0,37,31,2022,4,1,3,0,1,F,9,1313,5,9999,9,1,2,2,105,1,8,0,995,0,7,0,02740,9,9,1,2,3,3,2,2,1,9,3,2,1,3,2,2,0,0,1,1,1,2,12,99,9,4,1,B,6,0,0,0,0,0,0,0,0,0,0,998,998,0,0,0,1,12,999,999,999,9999999,999,999,999,9,0,0,0,0,0,0,0,998,2.2,999,999,999,0.0,0.0,0.0,273.5266694,2,8
30113,29,34,1-29-2023-034-04,4,1,1FMZK1CM0HKA,17,460,3608,9,0,12,462,2017,21,4,24,2,1,B,2,2318,5,50,1,1,10,2,89,1,0,0,995,0,0,0,02790,1,2,1,2,4,2,2,1,2,9,3,3,0,0,1,1,0,0,1,0,14,3,53,99,1,1,2,D,25,0,0,0,0,0,0,0,0,0,0,145,145,0,1,0,1,1,38,38,0,275757,998,-31,53,0,4,0,0,0,0,4,0,995,9.8,998,998,998,99.8,99.8,99.8,273.5266694,2,8
30113,29,34,1-29-2023-034-04,4,2,1V2NE2CA4LC2,17,482,27124,7,0,30,403,2020,14,3,14,0,1,F,3,2015,5,0,1,1,52,2,89,1,0,0,995,0,0,0,02723,9,9,1,2,4,2,2,1,2,9,3,3,0,0,1,1,0,0,1,0,14,3,51,99,1,1,2,D,24,0,0,0,0,0,0,0,0,0,0,145,145,0,0,0,1,1,45,-45,0,35604,998,15,21,0,1,0,0,0,0,0,0,995,9.8,998,998,998,99.8,99.8,99.8,273.5266694,2,8
30114,29,35,1-29-2023-035-08,8,1,4T1BD1FK4FU1,17,448,2469,13,0,49,40,2015,4,1,4,0,1,F,2,1577,5,0,1,5,4,2,40,1,1,1,80,1,7,9,02746,9,9,2,3,1,1,2,1,1,1,0,0,0,0,3,1,0,0,9,0,1,4,66,99,1,1,5,L,88,0,0,0,0,0,0,0,0,0,0,0,270,0,0,0,1,1,32,-32,-6,76726,998,-34,35,0,1,99,99,0,0,99,0,995,9.8,998,998,998,99.8,99.8,99.8,71.98541694,2,8
30114,29,35,1-29-2023-035-08,8,2,2T1BR12E21C4,17,448,2208,13,0,49,32,2001,4,1,1,0,1,L,2,1145,5,0,1,1,4,2,40,1,0,1,0,2,0,0,02746,9,9,2,4,2,1,2,1,1,2,0,0,0,0,3,1,2,2,1,0,1,2,17,1,1,1,5,L,89,0,0,0,0,0,0,0,0,0,0,270,0,0,0,0,1,1,37,-6,36,67939,998,-38,34,0,1,3,10,1,3,4,0,995,9.8,998,998,998,99.8,99.8,99.8,71.98541694,2,8
30114,29,35,1-29-2023-035-08,8,3,1FADP3F22EL1,17,460,1779,13,0,12,37,2014,4,1,3,0,2,B,9,1340,5,9999,9,0,998,,,,,,,,,,,,,,,,,,,,,,,,,,,,,,,,,,,,,,,,,,,,,,,,,,,,,,,,,,,,,,,,,,95,95,95,95,95,,,,,,,,,,71.98541694,2,8
30115,66,39,1-66-2023-039-10,10,1,JA4MS41X37U0,17,481,2163,7,0,52,47,2007,6,1,3,0,1,R,1,1600,5,0,1,1,8,2,89,1,0,0,995,0,0,0,65712,9,9,0,4,2,1,2,2,3,1,1,2,0,0,1,2,6,2,9,1,14,1,6,99,4,4,1,B,7,1,5,2,2,1,4,61,1,1,26,997,997,0,1,0,1,6,999,999,999,9999999,999,999,999,6,0,99,99,0,0,0,3,997,9.8,998,998,998,99.8,99.8,99.8,112.3254186,6,8
30116,15,99,1-15-2023-099-04,4,1,5TDYRKEC9MS0,17,448,2468,2,0,49,442,2021,20,4,20,0,1,F,9,2150,5,9999,9,0,998,2,80,1,8,9,998,8,7,9,11374,9,9,0,2,3,3,2,1,1,1,3,1,0,3,1,1,0,0,9,0,1,3,52,99,9,1,2,D,28,0,0,0,0,0,0,0,0,0,0,60,55,0,0,0,1,0,999,999,999,9999999,999,999,999,9,0,99,99,0,0,0,0,995,9.8,998,998,998,99.8,99.8,99.8,202.1961405,1,8
30116,15,99,1-15-2023-099-04,4,2,JTHR9JBH2N20,17,515,24984,15,0,59,43,2022,5,1,2,0,1,B,9,1635,5,9999,9,0,998,2,80,1,8,9,998,8,7,9,11358,9,9,0,2,3,3,2,1,1,1,3,1,0,3,1,1,0,0,9,0,1,3,53,99,9,9,2,D,29,0,0,0,0,0,0,0,0,0,0,55,60,0,0,0,1,0,999,999,999,9999999,999,999,999,9,0,99,99,0,0,0,0,995,9.8,998,998,998,99.8,99.8,99.8,202.1961405,1,8
30117,15,100,1-15-2023-100-04,4,1,1N4BL4EV1KC2,17,478,1904,13,0,35,47,2019,4,1,4,0,1,F,2,1545,5,0,1,1,74,2,80,1,8,9,998,8,7,9,11798,2,2,1,2,4,2,2,2,1,9,3,3,0,0,3,8,0,0,9,0,1,3,52,4,1,1,2,D,28,0,0,0,0,0,0,0,0,0,0,310,280,0,0,0,1,12,999,999,999,9999999,999,999,999,7,0,0,0,0,0,0,0,995,9.8,998,998,998,99.8,99.8,99.8,202.1961405,1,8
30117,15,100,1-15-2023-100-04,4,2,JTMBD31VX660,17,448,2217,7,0,49,402,2006,14,3,14,0,1,B,1,1562,5,9999,9,4,67,2,80,1,8,9,998,8,7,9,11710,9,9,1,2,4,2,2,2,1,9,3,3,0,0,3,8,0,0,9,0,1,4,60,99,1,1,2,D,29,0,0,0,0,0,0,0,0,0,0,280,310,0,0,0,1,12,999,999,999,9999999,999,999,999,6,0,0,0,0,0,0,0,995,9.8,998,998,998,99.8,99.8,99.8,202.1961405,1,8
30119,25,65,1-25-2023-065-09,9,1,3C3JY55E66T2,17,477,3595,1,0,6,52,2006,1,1,2,0,1,F,1,1498,5,0,1,1,11,2,48,1,8,0,995,0,7,0,04103,9,9,0,4,2,1,2,8,3,2,0,0,0,0,1,1,0,0,1,1,14,2,13,99,9,4,1,A,2,0,0,0,0,0,0,0,0,0,0,998,998,0,0,1,1,1,14,-14,-2,15744,998,-63,14,0,4,1,1,0,1,5,0,998,0.0,42,42,56,4.6,1.1,4.7,2416.8057,2,8
30120,14,38,1-14-2023-038-10,10,1,1NXBR32E15Z4,17,448,2208,13,0,49,32,2005,4,1,2,0,1,F,9,1135,5,9999,9,0,998,2,113,1,8,0,995,0,7,0,78251,9,9,0,2,4,4,2,1,1,9,3,2,1,3,1,1,0,0,9,0,1,3,50,99,1,1,2,D,20,0,0,0,0,0,0,0,0,0,0,230,230,0,0,0,1,0,999,999,999,9999999,999,999,999,9,0,0,0,0,0,0,0,995,9.8,998,998,998,99.8,99.8,99.8,10980.30775,8,8
30120,14,38,1-14-2023-038-10,10,2,3GCPYFED0LG2,17,467,1850,60,0,20,481,2020,34,5,31,0,1,B,9,2184,5,9999,9,0,998,5,113,1,8,0,995,0,7,0,78108,9,9,0,2,4,4,2,1,1,9,3,2,1,3,1,1,0,0,9,0,5,3,53,1,1,1,2,D,21,0,0,0,0,0,0,0,0,0,0,230,230,0,0,0,1,0,999,999,999,9999999,999,999,999,9,0,95,95,95,95,95,0,995,9.8,998,998,998,99.8,99.8,99.8,10980.30775,8,8
30121,22,38,1-22-2023-038-03,3,1,5N1DR2MM9KC5,17,478,1911,7,0,35,401,2019,14,3,14,0,1,R,1,2005,5,0,1,1,8,2,56,1,8,0,995,0,7,9,83501,9,9,2,4,7,4,2,1,1,2,1,2,0,0,1,1,1,2,9,0,11,2,15,1,1,1,4,J,68,0,0,0,0,0,0,0,0,0,0,110,330,0,0,0,1,1,8,-7,-3,4415,998,143,5,0,4,0,0,0,0,0,0,995,9.8,998,998,998,99.8,99.8,99.8,65.18113924,12,8
30121,22,38,1-22-2023-038-03,3,2,JTDL9RFU6L30,17,448,2209,13,0,49,46,2020,5,1,3,0,1,F,1,1456,8,0,2,1,7,2,56,1,0,0,995,0,0,0,83501,1,2,2,4,7,3,2,1,1,4,3,1,0,0,1,1,1,2,1,0,1,4,62,4,1,1,4,J,69,0,0,0,0,0,0,0,0,0,0,330,110,0,0,0,1,1,9,-9,3,13735,998,103,11,0,4,1,1,0,3,5,0,995,9.8,998,998,998,99.8,99.8,99.8,65.18113924,12,8
30122,30,52,1-30-2023-052-03,3,1,1FT7W2BT0HEB,17,460,1805,60,0,12,481,2017,34,5,31,0,1,F,1,3037,5,0,1,1,34,2,64,1,0,0,995,0,0,0,85262,9,9,2,4,5,3,2,1,1,1,1,2,0,0,1,1,0,0,9,0,11,2,15,1,1,1,4,J,68,0,0,0,0,0,0,0,0,0,0,345,200,0,0,0,1,98,999,999,999,9999999,999,999,999,6,0,0,0,0,0,0,0,995,9.8,998,998,998,99.8,99.8,99.8,218.3975351,10,8
30122,30,52,1-30-2023-052-03,3,2,WBA23AT05NCL,17,452,13827,1,0,34,47,2022,1,1,4,0,1,F,2,1778,5,0,2,4,33,2,64,1,0,0,995,0,0,0,37302,1,2,2,4,5,2,2,1,1,1,3,1,0,0,1,1,0,0,1,0,1,4,62,1,1,1,4,J,69,0,0,0,0,0,0,0,0,0,0,200,345,0,0,0,1,98,999,999,999,9999999,999,999,999,7,0,1,1,0,1,7,0,995,9.8,998,998,998,99.8,99.8,99.8,218.3975351,10,8
30122,30,52,1-30-2023-052-03,3,3,1C6RR7FT8HS6,17,496,13620,60,0,7,482,2017,34,5,31,0,1,F,9,2305,5,9999,9,0,998,5,64,1,0,0,995,0,0,0,85390,9,9,2,4,2,1,2,1,1,4,0,0,0,0,1,1,2,2,1,0,5,4,67,99,1,1,6,M,98,0,0,0,0,0,0,0,0,0,0,110,245,0,0,0,2,0,999,999,999,9999999,999,999,999,9,0,95,95,95,95,95,0,995,9.8,998,998,998,99.8,99.8,99.8,218.3975351,10,8
30123,30,53,1-30-2023-053-07,7,1,1FMCU70E31UA,17,460,1800,7,0,12,401,2001,14,3,14,0,1,R,9,1746,5,9999,9,0,998,2,64,1,0,0,995,0,0,0,85210,9,9,2,1,4,4,2,1,1,1,1,0,0,0,3,1,1,2,1,0,11,2,15,99,1,1,4,J,68,0,0,0,0,0,0,0,0,0,0,220,90,0,0,0,1,0,999,999,999,9999999,999,999,999,9,0,0,0,0,0,0,0,995,9.8,998,998,998,99.8,99.8,99.8,2728.566371,10,8
30123,30,53,1-30-2023-053-07,7,2,2FMPK3K90JBB,17,460,1797,7,0,12,24,2018,6,1,4,0,1,F,9,1774,5,9999,9,0,998,2,64,1,0,0,995,0,0,0,85210,9,9,2,1,4,2,2,1,1,1,1,3,0,0,3,1,1,2,1,0,1,4,62,99,1,1,4,J,69,0,0,0,0,0,0,0,0,0,0,90,220,0,0,0,1,0,999,999,999,9999999,999,999,999,9,0,0,0,0,0,0,0,995,9.8,998,998,998,99.8,99.8,99.8,2728.566371,10,8
30124,26,64,1-26-2023-064-03,3,1,1HGCV1F16JA0,17,474,1861,13,0,37,32,2018,4,1,4,0,1,L,2,1433,5,0,1,1,21,2,48,1,0,0,995,0,0,0,95628,9,1,2,4,3,2,2,1,1,1,1,2,0,0,3,1,1,2,1,0,11,2,15,1,1,1,4,K,82,0,0,0,0,0,0,0,0,0,0,155,255,0,0,0,1,1,27,-13,23,7776,998,48,11,0,4,99,99,0,0,99,0,995,9.8,998,998,998,99.8,99.8,99.8,1175.597802,10,8
30124,26,64,1-26-2023-064-03,3,2,5J8TC1H39ML0,17,475,1871,7,0,54,402,2021,14,3,14,0,1,F,1,1830,5,0,1,1,25,2,72,1,0,0,995,0,0,0,95624,3,9,2,1,4,3,2,1,1,1,3,1,0,0,3,1,1,2,1,0,1,4,67,2,1,1,4,K,83,0,0,0,0,0,0,0,0,0,0,255,155,0,0,0,1,1,21,-20,-7,71563,998,-44,30,0,4,9,97,0,1,8,0,995,9.8,998,998,998,99.8,99.8,99.8,1175.597802,10,8
30125,21,45,1-21-2023-045-03,3,1,2C3CDZFJ4KH7,17,476,1893,13,0,7,28,2019,2,1,5,0,1,F,1,1852,5,0,1,1,35,2,113,1,0,0,995,0,0,0,92673,1,9,0,2,2,2,2,1,1,1,3,1,1,3,1,1,0,0,9,1,1,2,12,8,1,4,1,B,6,0,0,0,0,0,0,0,0,0,0,998,998,0,0,0,1,12,999,999,999,9999999,999,999,999,6,0,1,1,0,1,99,0,998,9.7,120,999,120,4.6,5.4,7.0,154.5401331,11,8
30127,23,55,1-23-2023-055-03,3,1,JF2SKAJC1MH5,17,523,2234,7,0,48,401,2021,14,3,14,0,1,F,1,1569,5,0,1,1,12,2,89,1,0,0,995,0,0,0,43068,1,2,0,1,3,2,2,1,1,1,1,3,0,0,1,1,0,0,1,0,1,6,87,2,1,1,1,C,13,0,0,0,0,0,0,0,0,0,0,998,998,0,0,0,1,98,999,999,999,9999999,999,999,999,6,0,1,1,0,1,4,0,998,9.8,998,998,998,99.8,99.8,99.8,209.3225707,5,8
30128,23,56,1-23-2023-056-06,6,1,1C4HJWDG3EL2,17,483,1943,7,0,2,403,2014,14,3,14,0,1,F,2,1946,8,9999,9,4,65,2,72,1,0,1,0,2,0,1,43021,1,9,0,4,2,1,2,1,1,1,1,4,0,0,4,8,0,0,3,1,1,2,13,1,9,4,1,A,2,1,4,2,6,1,4,61,1,2,14,998,998,0,0,7,2,12,999,999,999,9999999,999,999,999,7,0,1,1,0,1,4,3,998,0.1,18,18,120,4.3,1.0,4.2,430.7502931,5,8
30131,77,44,1-77-2023-044-04,4,1,1G1ZD5ST6PF1,17,467,1834,13,0,20,37,2023,4,1,4,0,1,F,1,1418,5,0,1,1,8,2,89,1,0,0,995,0,0,0,22960,2,2,0,1,3,3,2,1,1,1,3,2,1,1,1,1,6,2,1,0,1,6,87,1,1,1,1,C,13,0,0,0,0,0,0,0,0,0,0,998,998,0,0,0,1,10,999,999,999,9999999,999,999,999,6,0,0,0,0,0,0,0,998,9.8,998,998,998,99.8,99.8,99.8,994.1502285,9,8
30133,48,39,1-48-2023-039-04,4,1,KNMAT2MV7LP5,17,478,1913,8,0,35,404,2020,14,3,14,0,1,R,1,1610,5,0,1,1,10,2,129,1,0,0,995,0,0,0,32095,1,2,0,1,4,1,2,2,1,4,1,3,2,3,1,2,0,0,1,1,1,1,5,4,2,4,1,A,2,0,0,0,0,0,0,0,0,0,0,998,998,0,0,0,1,1,8,-3,-7,5015,998,-79,8,0,4,0,0,0,0,0,0,998,3.3,999,999,999,32.2,3.3,32.4,104.3794548,12,8
30134,48,40,1-48-2023-040-04,4,1,1FTER1FH7MLD,17,460,1803,60,0,12,471,2021,34,5,30,0,1,F,1,1974,5,0,1,1,1,2,56,1,0,0,995,0,0,0,93550,7,1,0,4,2,1,2,1,1,1,0,0,0,0,1,8,0,0,3,1,1,2,12,1,1,4,1,C,11,0,0,0,0,0,0,0,0,0,0,350,170,0,1,0,1,5,999,999,999,9999999,999,999,999,6,0,0,0,0,0,0,0,995,9.8,998,998,998,99.8,99.8,99.8,104.3794548,12,8
30134,48,40,1-48-2023-040-04,4,2,1FDWX37F13EB,17,460,1806,70,60,12,881,2003,61,8,60,0,2,F,9,,,,,,,,,,,,,,,,,,,,,,,,,,,,,,,,,,,,,,,,,,,,,,,,,,,,,,,,,,,,,,,,,,,,,,,,95,95,95,95,95,,,,,,,,,,104.3794548,12,8
30135,54,40,1-54-2023-040-05,5,1,5TFRX5GN8JX1,17,448,2223,60,0,49,472,2018,34,5,30,0,1,F,1,1775,5,68,2,4,34,2,89,1,8,0,995,0,0,0,35564,1,2,0,4,2,1,1,2,1,1,1,2,2,3,1,2,0,0,1,1,1,2,13,4,1,4,1,A,3,0,0,0,0,0,0,0,0,0,0,998,998,0,1,2,1,12,999,999,999,9999999,999,999,999,6,0,1,1,0,1,4,0,998,0.8,40,40,106,21.0,10.0,24.0,129.7151114,9,8
30136,54,41,1-54-2023-041-09,9,1,1G1YY22G1351,17,467,1831,13,0,20,4,2003,3,1,3,0,1,L,9,1458,5,0,1,1,5,2,72,1,8,0,995,0,7,0,35654,1,2,2,4,2,1,2,1,1,1,0,2,0,0,1,1,2,2,9,0,11,2,15,9,1,1,4,K,82,0,0,0,0,0,0,0,0,0,0,175,285,0,0,0,1,12,999,999,999,9999999,999,999,999,9,0,1,1,0,1,4,0,995,0.1,999,999,999,99.9,99.9,99.9,458.3865164,9,8
30136,54,41,1-54-2023-041-09,9,2,3C6UR5ML5KG6,17,496,13621,60,0,7,482,2019,34,5,31,0,1,F,9,3200,5,9999,9,0,998,5,72,1,8,0,995,0,7,0,35651,9,9,2,4,2,1,2,1,1,4,1,2,0,0,1,1,0,0,9,0,1,4,67,5,1,1,4,K,83,0,0,0,0,0,0,0,0,0,0,285,175,0,0,0,1,0,999,999,999,9999999,999,999,999,9,0,95,95,95,95,95,0,995,9.8,998,998,998,99.8,99.8,99.8,458.3865164,9,8
30137,54,42,1-54-2023-042-04,4,1,2G1WW12E6491,17,467,4773,3,0,20,36,2004,2,1,4,0,1,F,1,1516,5,9999,9,0,998,5,40,1,8,0,995,0,7,0,35581,9,9,2,4,2,1,2,1,1,1,1,2,0,0,1,1,2,2,9,0,1,2,17,99,1,1,5,L,86,0,0,0,0,0,0,0,0,0,0,290,15,0,0,0,1,3,8,-6,5,2891,998,158,5,0,4,95,95,95,95,95,0,995,9.8,998,998,998,99.8,99.8,99.8,208.3573321,9,8
30137,54,42,1-54-2023-042-04,4,2,3KPC24A6XNE1,17,498,2773,13,0,55,36,2022,4,1,2,0,1,R,1,1218,8,0,1,1,4,2,40,1,0,0,995,0,0,0,35654,1,2,2,4,2,1,2,1,1,2,0,2,0,0,1,1,2,2,3,0,1,4,66,9,1,1,5,L,87,0,0,0,0,0,0,0,0,0,0,15,290,0,0,0,1,3,8,-5,-6,7613,998,9,11,0,4,0,0,0,0,0,0,995,9.8,998,998,998,99.8,99.8,99.8,208.3573321,9,8
30138,59,66,1-59-2023-066-01,1,1,5N1AA0NE0BN6,17,478,1915,7,0,35,421,2011,15,3,15,0,1,L,3,2652,5,0,1,1,3,2,89,1,8,1,0,2,7,1,47802,1,2,0,4,2,1,2,2,2,1,1,2,0,0,1,2,0,0,9,1,14,2,12,8,3,4,1,B,6,0,0,0,0,0,0,0,0,0,0,998,998,0,1,1,1,1,41,-35,20,192073,998,-50,41,0,4,4,41,1,1,1,0,998,0.0,110,98,120,50.0,11.5,51.3,48.2239268,6,8
30139,59,67,1-59-2023-067-05,5,1,1FMCU9GDXHUA,17,460,1798,7,0,12,402,2017,14,3,14,0,1,L,3,1668,5,0,1,1,7,2,72,1,0,1,0,2,0,2,47807,1,9,2,4,2,1,2,1,1,1,1,2,0,0,1,1,2,2,9,0,1,2,17,99,1,1,5,L,87,1,2,2,2,1,3,61,1,2,16,998,998,0,1,2,5,10,999,999,999,9999999,999,999,999,8,0,1,2,0,1,4,3,998,0.0,999,999,999,4.1,2.0,4.2,49.55652444,6,8
30139,59,67,1-59-2023-067-05,5,2,1HGCP2F83BA0,17,474,1861,13,0,37,32,2011,4,1,4,0,1,F,2,1523,5,0,1,1,7,2,72,1,0,1,0,2,0,1,47802,1,9,2,4,2,1,2,1,1,1,1,2,0,0,1,1,0,0,9,0,1,4,66,99,1,1,5,L,86,0,0,0,0,0,0,0,0,0,0,90,180,0,1,0,1,1,32,-30,11,96305,998,71,36,0,4,1,2,0,1,4,0,995,0.0,999,999,999,1.0,0.9,1.1,49.55652444,6,8
30140,59,68,1-59-2023-068-03,3,1,1C4RDJDG7KC7,17,476,3508,7,0,7,422,2019,15,3,15,0,1,F,2,2262,5,0,1,1,15,2,48,1,0,0,995,0,0,0,47805,1,9,0,4,2,1,2,2,1,1,0,0,0,0,4,2,0,0,3,1,1,1,6,1,1,4,1,A,1,0,0,0,0,0,0,0,0,0,0,998,998,0,1,0,1,12,999,999,999,9999999,999,999,999,7,0,1,1,0,1,5,0,998,9.8,998,998,998,99.8,99.8,99.8,109.1709098,6,8
30141,59,69,1-59-2023-069-04,4,1,3VWLA7AJ5FM2,17,482,3137,13,0,30,40,2015,4,1,3,0,1,R,2,1470,5,9999,9,4,12,5,48,1,0,0,995,0,0,0,47802,9,9,2,4,2,1,2,1,1,1,1,2,0,0,1,1,2,2,2,0,11,2,15,99,1,1,4,K,76,0,0,0,0,0,0,0,0,0,0,110,90,0,0,0,1,12,999,999,999,9999999,999,999,999,7,0,95,95,95,95,95,0,995,9.8,998,998,998,99.8,99.8,99.8,334.0586824,6,8
30141,59,69,1-59-2023-069-04,4,2,5NMS33AD1LH2,17,498,2057,7,0,55,401,2020,14,3,14,0,1,F,2,1629,5,0,1,1,5,2,89,1,0,0,995,0,0,0,47841,1,2,2,4,2,1,2,1,1,1,1,2,0,0,1,1,0,0,1,0,1,4,65,2,1,1,4,K,77,0,0,0,0,0,0,0,0,0,0,90,110,0,0,0,1,12,999,999,999,9999999,999,999,999,7,0,0,0,0,0,0,0,995,9.8,998,998,998,99.8,99.8,99.8,334.0586824,6,8
30142,77,42,1-77-2023-042-09,9,1,JN8AZ28R19T1,17,478,2341,7,0,35,52,2009,6,1,2,0,1,F,1,1308,8,0,1,1,5,2,72,1,0,0,995,0,0,0,22911,9,9,0,4,2,1,2,1,3,1,0,2,0,0,1,1,6,2,1,1,14,2,13,1,1,4,1,A,1,1,4,2,2,6,4,42,3,2,21,998,998,0,0,1,1,1,12,-12,0,9080,998,57,11,0,4,99,99,0,0,99,3,998,0.0,60,55,72,23.0,1.0,24.0,1553.692437,9,8
30143,12,51,1-12-2023-051-09,9,1,5TEJU62N28Z5,17,448,2223,60,0,49,472,2008,34,5,31,0,1,F,3,1767,5,0,1,1,31,2,56,1,0,1,372,2,0,3,73443,1,2,2,4,4,1,2,1,3,1,0,3,0,0,3,1,0,0,1,1,14,2,13,99,1,4,1,A,1,1,3,1,2,5,4,31,6,1,21,998,998,0,0,0,3,7,999,999,999,9999999,999,999,999,8,0,2,5,0,1,4,2,998,0.0,120,17,18,0.0,0.0,0.0,1777.977658,9,8
30144,12,52,1-12-2023-052-07,7,1,3GTP8DED2KG2,17,472,1857,60,0,23,481,2019,34,5,31,0,1,R,1,2097,5,9999,9,0,998,5,56,1,0,0,995,0,0,0,73401,9,9,3,4,2,1,2,1,1,1,0,2,0,0,1,1,0,0,1,0,11,2,15,99,1,1,4,J,68,0,0,0,0,0,0,0,0,0,0,20,270,0,0,0,1,3,21,-4,-20,54577,998,31,26,0,4,95,95,95,95,95,0,995,9.8,998,998,998,99.8,99.8,99.8,2291.864805,9,8
30144,12,52,1-12-2023-052-07,7,2,1FA6P8THXJ51,17,460,1781,3,0,12,3,2018,2,1,3,0,1,F,1,1681,5,0,1,1,5,2,56,1,0,0,995,0,0,0,73401,1,2,3,4,2,1,2,1,1,1,0,2,0,0,1,1,0,0,1,0,1,4,62,3,1,1,4,J,69,0,0,0,0,0,0,0,0,0,0,270,20,0,0,0,1,3,24,-23,-4,20825,998,-18,17,0,4,1,1,0,2,0,0,995,9.8,998,998,998,99.8,99.8,99.8,2291.864805,9,8
30144,12,52,1-12-2023-052-07,7,3,1FT7W2A68MFE,17,460,1805,60,0,12,481,2021,34,5,31,0,1,F,9,2734,5,9999,9,0,998,5,0,1,0,0,995,0,0,0,75166,9,9,3,4,2,1,4,1,1,1,0,0,0,0,1,1,0,0,1,0,5,4,67,99,1,1,6,M,98,0,0,0,0,0,0,0,0,0,0,180,60,0,0,0,2,0,999,999,999,9999999,999,999,999,9,0,95,95,95,95,95,0,995,9.8,998,998,998,99.8,99.8,99.8,2291.864805,9,8
30145,12,53,1-12-2023-053-09,9,1,1FTDR15X4PPA,17,460,1803,60,0,12,471,1993,34,5,30,0,1,F,2,9999,9,0,2,4,27,2,72,1,1,1,100,1,0,0,73401,1,2,0,4,2,1,4,1,3,1,0,0,0,0,4,1,0,0,1,1,14,1,6,1,2,4,1,B,7,0,0,0,0,0,0,0,0,0,0,998,998,0,1,1,1,12,999,999,999,9999999,999,999,999,7,0,1,1,0,1,4,0,998,9.9,15,15,999,16.4,6.1,18.2,1777.977658,9,8
30146,33,37,1-33-2023-037-10,10,1,19UUA66267A0,17,475,1873,13,0,54,35,2007,4,1,3,0,1,F,1,1642,5,0,1,1,16,2,56,1,9,0,995,0,9,0,95928,1,9,0,4,2,1,2,1,2,1,0,2,0,0,2,1,0,0,9,1,14,2,12,1,1,4,1,B,6,0,0,0,0,0,0,0,0,0,0,998,998,0,1,0,8,8,999,999,999,9999999,999,999,999,6,0,0,0,0,0,0,0,998,0.0,25,20,20,0.0,0.0,0.0,262.3600325,12,8
30149,17,74,1-17-2023-074-07,7,1,1GC1KVE89FF1,17,467,1850,60,0,20,481,2015,34,5,31,0,1,F,1,2918,5,0,1,1,6,2,113,1,0,0,995,0,0,0,48875,9,9,0,1,2,1,2,1,1,9,1,3,2,3,2,1,0,0,9,0,1,6,87,1,1,1,1,C,13,0,0,0,0,0,0,0,0,0,0,998,998,0,0,0,1,10,999,999,999,9999999,999,0,17,2,0,0,0,0,0,0,0,998,9.8,998,998,998,99.8,99.8,99.8,387.683832,4,8
30150,17,75,1-17-2023-075-01,1,1,3FA6P0K93ER1,17,460,1780,13,0,12,23,2014,4,1,4,0,1,F,3,1775,5,0,1,4,37,2,89,1,1,8,997,8,1,3,61241,1,9,0,1,2,1,2,1,1,1,1,3,2,3,2,1,0,0,9,0,1,3,51,1,1,1,2,D,24,0,0,0,0,0,0,0,0,0,0,190,190,0,0,0,1,5,999,999,999,9999999,999,999,999,8,0,3,10,2,2,1,0,995,9.8,998,998,998,99.8,99.8,99.8,61.46900928,4,8
30150,17,75,1-17-2023-075-01,1,2,3AKJHLDV2PSU,17,450,2501,66,0,82,881,2023,66,8,68,0,1,B,9,,,,,,,2,89,1,9,8,997,8,9,3,53132,9,9,0,1,2,1,2,1,1,1,1,3,2,3,2,1,0,0,9,0,1,3,53,1,1,1,2,D,25,,,,,,,,,,,,,,,,,,,,,,,,,,,95,95,95,95,95,,,9.8,998,998,998,99.8,99.8,99.8,61.46900928,4,8