CASEID,PSU,CASENO,CASENUMBER,CATEGORY,VEHNO,VIN,VINLENGTH,VPICMAKE,VPICMODEL,VPICBODYCLASS,ICFINALBODY,MAKE,MODEL,MODELYR,BODYTYPE,BODYCAT,VEHCLASS,SPECUSE,TRANSTAT,DAMPLANE,DAMSEV,CURBWT,CURBSRC,CARGOWT,CARGOSRC,INSPTYPE,INSPLAG,TOWED,SPEEDLIMIT,DRPRESENT,PARALCOHOL,ALCTEST,ALCTESTRESULT,ALCTESTSRC,PARDRUG,DRUGTEST,ZIP,RACE,ETHNICITY,RELTOJUNCT,TRAFFLOW,RDLANES,INITLANE,SURFTYPE,SURFCOND,ALIGNMENT,PROFILE,LINERIGHT,LINELEFT,RUMBINIT,RUMBROAD,LIGHTCOND,WEATHER,TRAFDEV,TRAFFUNCT,DISTRACT,PREFHE,PREMOVE,CRITCAT,CRITEVENT,MANEUVER,PRESTAB,PRELOC,CRASHCAT,CRASHCONF,CRASHTYPE,ROLLTYPE,ROLLTURN,ROLLINTRPT,ROLLPREMAN,ROLLINITYP,ROLLINLOC,ROLLOBJ,ROLLTRIP,ROLLDIR,ROLLDIST,DVANGTHIS,DVANGOTH,TOWHITCH,TRAJDOC,TREEPOLE,DVEVENT,DVBASIS,DVTOTAL,DVLONG,DVLAT,DVENERGY,DVSPEED,DVMOMENT,DVBES,DVEST,DVCONF,VAIS,VISS,VINJSEV,VINJURED,VTREAT,INITOBJCLASS,HEADANGLECAT,SHLDRWIDTH,STRKLENGTH,STRKWIDTH,STRKHEIGHT,EDGEDISTX,EDGEDISTY,EDGEDISTZ,CASEWGT,PSUSTRAT,VERSION
30188,32,79,1-32-2023-079-02,2,1,5GAERBKW1LJ1,17,468,1841,7,0,18,421,2020,15,3,15,0,1,F,3,1978,5,91,2,1,12,2,113,1,0,1,0,2,0,2,76120,1,2,1,2,4,1,2,1,1,4,1,3,2,2,3,1,0,0,3,0,1,3,51,2,1,1,2,D,24,0,0,0,0,0,0,0,0,0,0,90,90,0,0,0,1,5,999,999,999,9999999,999,999,63,5,0,4,26,1,1,3,0,995,9.8,998,998,998,99.8,99.8,99.8,24.40393179,7,8
30188,32,79,1-32-2023-079-02,2,2,1M1AN4GY6MM0,17,490,20842,66,0,86,881,2021,66,8,68,0,1,B,9,,,,,,,2,113,1,0,0,995,0,0,0,75149,9,9,1,2,4,1,2,1,1,4,1,3,2,2,3,1,0,0,9,0,1,3,53,1,1,1,2,D,25,,,,,,,,,,,,,,,,,,,,,,,,,,,95,95,95,95,95,,,9.8,998,998,998,99.8,99.8,99.8,24.40393179,7,8
30189,32,80,1-32-2023-080-08,8,1,3GNAXHEVXKL1,17,467,1847,7,0,20,404,2019,14,3,14,0,1,L,9,1485,5,9999,9,0,998,5,72,1,0,0,995,0,0,0,75038,9,9,2,1,1,1,1,1,2,1,0,0,0,0,1,8,0,0,9,0,14,2,17,99,1,1,5,L,89,0,0,0,0,0,0,0,0,0,0,90,180,0,0,0,1,0,999,999,999,9999999,999,999,999,9,0,95,95,95,95,95,0,995,9.8,998,998,998,99.8,99.8,99.8,503.2442252,7,8
30189,32,80,1-32-2023-080-08,8,2,5NPET46C09H5,17,498,2459,13,0,55,33,2009,4,1,3,0,1,F,9,1476,5,9999,9,0,998,2,72,1,0,1,0,2,0,1,76116,9,1,2,1,5,1,1,1,1,1,0,3,0,0,1,8,0,0,9,0,1,4,71,99,1,1,5,L,88,9,99,9,9,99,9,99,9,9,999,180,90,0,0,0,1,0,999,999,999,9999999,999,999,999,9,0,1,1,0,1,4,9,995,9.8,998,998,998,99.8,99.8,99.8,503.2442252,7,8
30192,18,43,1-18-2023-043-05,5,1,4T1BF1FK1EU4,17,448,2469,13,0,49,40,2014,4,1,3,0,1,R,3,1441,5,0,1,1,10,2,89,1,0,0,995,0,0,0,54729,1,9,2,4,2,1,2,1,1,1,0,0,0,0,2,1,2,2,1,0,1,2,17,1,1,1,5,L,87,1,2,2,2,1,4,61,1,2,8,90,0,0,1,0,1,1,56,-19,-53,415800,998,143,58,0,1,2,12,0,1,3,3,995,0.0,999,999,999,3.7,3.7,0.1,45.33580898,6,8
30192,18,43,1-18-2023-043-05,5,2,2GTEK13Z1613,17,472,1857,60,0,23,481,2006,34,5,31,0,1,T,2,2397,5,0,1,1,11,2,89,1,0,0,995,0,0,0,54727,1,9,2,4,2,1,2,1,1,4,1,4,0,0,2,1,0,0,1,0,1,4,66,2,1,1,5,L,86,1,4,2,2,1,4,61,1,2,11,997,997,0,1,0,4,6,999,999,999,9999999,999,999,999,7,0,1,1,0,3,99,3,997,9.8,998,998,998,99.8,99.8,99.8,45.33580898,6,8
30194,31,45,1-31-2023-045-04,4,1,KL4CJASB9KB7,17,468,1842,7,0,18,404,2019,14,3,14,0,1,F,1,1468,5,0,1,5,12,2,72,1,0,0,995,0,0,0,62821,9,9,2,4,3,1,2,1,1,1,1,1,0,0,1,1,1,2,3,1,1,2,13,99,1,4,1,A,3,0,0,0,0,0,0,0,0,0,0,998,998,0,0,0,1,12,999,999,999,9999999,999,999,999,6,0,0,0,0,0,0,0,998,0.0,999,21,17,9.2,8.0,12.0,207.4673558,6,8
30195,31,46,1-31-2023-046-08,8,1,3GNAL4EK2DS6,17,467,1846,7,0,20,405,2013,14,3,14,0,1,R,3,1908,5,9999,9,1,4,2,89,1,0,0,995,0,0,0,62821,1,9,0,4,2,1,2,1,1,1,1,4,0,0,1,1,0,0,3,1,1,2,13,1,3,4,1,A,2,1,8,2,6,1,4,61,1,2,43,997,997,0,0,0,1,6,999,999,999,9999999,999,999,999,8,0,1,1,0,1,4,3,997,9.8,998,998,998,99.8,99.8,99.8,249.1998599,6,8
30196,31,47,1-31-2023-047-04,4,1,3GCUYDED2KG1,17,467,1850,60,0,20,481,2019,34,5,31,0,1,F,1,2184,5,9999,9,1,3,2,113,1,0,0,995,0,0,0,62837,9,9,0,2,2,1,2,2,1,1,1,3,2,3,1,2,0,0,9,0,1,6,87,2,9,1,1,C,13,0,0,0,0,0,0,0,0,0,0,998,998,0,0,0,1,10,999,999,999,9999999,999,5,14,2,0,0,0,0,0,0,0,998,9.8,998,998,998,99.8,99.8,99.8,207.4673558,6,8
30197,76,51,1-76-2023-051-07,7,1,4S4BSALC4F32,17,523,2233,7,0,48,45,2015,6,1,3,0,1,F,1,1614,5,9999,9,4,74,2,89,1,8,9,998,8,7,9,12414,9,9,0,4,2,1,2,1,2,1,1,2,1,0,2,8,0,0,9,0,14,6,87,99,1,1,1,C,13,0,0,0,0,0,0,0,0,0,0,998,998,0,0,0,1,12,999,999,999,9999999,999,999,999,6,0,0,0,0,0,0,0,998,9.8,998,998,998,99.8,99.8,99.8,31.41471452,3,8
30198,73,74,1-73-2023-074-09,9,1,1N4AL21EX8C2,17,478,1904,13,0,35,47,2008,4,1,4,0,1,R,2,1429,5,0,1,1,18,2,40,1,8,0,995,0,7,0,04976,9,9,0,4,2,1,4,1,1,1,0,0,0,0,1,1,0,0,9,1,1,2,12,99,4,4,1,B,7,1,2,2,6,1,4,61,1,1,999,997,997,0,0,0,1,6,999,999,999,9999999,999,999,999,7,0,1,3,0,2,4,3,997,0.0,999,999,999,99.9,99.9,99.9,128.4346522,3,8
30199,73,75,1-73-2023-075-06,6,1,1G2AL18F6873,17,536,4259,3,0,22,19,2008,2,1,2,0,1,F,2,1295,5,0,1,1,29,2,40,1,8,0,995,0,7,0,04967,9,9,0,4,2,1,2,1,1,1,1,2,0,0,1,1,0,0,1,0,1,3,51,2,1,1,2,D,24,0,0,0,0,0,0,0,0,0,0,5,5,0,0,0,1,1,35,-35,0,81574,998,0,39,0,4,0,0,0,0,0,0,995,9.8,998,998,998,99.8,99.8,99.8,51.87041811,3,8
30199,73,75,1-73-2023-075-06,6,2,KNDPBCAC9F77,17,499,2770,7,0,63,401,2015,14,3,14,0,1,B,2,1662,5,0,1,1,14,2,40,1,8,0,995,0,7,0,04911,9,9,0,4,2,1,2,1,1,1,1,2,0,0,1,1,0,0,1,0,1,3,53,99,1,1,2,D,25,0,0,0,0,0,0,0,0,0,0,5,5,0,0,0,1,1,27,27,0,35315,998,0,22,0,1,9,97,0,1,0,0,995,9.8,998,998,998,99.8,99.8,99.8,51.87041811,3,8
30200,73,76,1-73-2023-076-09,9,1,1FAHP28115G1,17,460,2347,13,0,12,21,2005,4,1,4,0,1,F,2,1730,8,0,1,1,33,2,40,1,8,0,995,0,7,0,04976,9,9,0,4,2,1,2,1,3,2,1,2,0,0,1,1,0,0,9,1,14,1,6,99,2,4,1,B,7,0,0,0,0,0,0,0,0,0,0,998,998,0,1,2,1,8,999,999,999,9999999,999,999,999,7,0,99,99,0,0,0,0,998,0.6,28,28,120,15.7,5.0,16.4,128.4346522,3,8
30201,73,77,1-73-2023-077-09,9,1,3MEHM0JA4AR6,17,465,1793,13,0,14,21,2010,4,1,3,0,1,F,2,1490,5,0,1,1,33,2,72,1,8,1,0,2,7,0,04473,9,9,3,4,2,1,2,1,1,1,1,2,0,0,1,1,0,0,1,1,1,1,8,99,9,4,1,C,11,0,0,0,0,0,0,0,0,0,0,350,160,0,1,0,1,3,30,-30,-5,71195,998,-34,32,0,4,2,6,0,2,3,0,995,9.8,998,998,998,99.8,99.8,99.8,128.4346522,3,8
30201,73,77,1-73-2023-077-09,9,2,JN1BZ34E07M5,17,478,2303,3,0,35,48,2007,3,1,3,0,2,F,2,1534,5,9999,9,4,44,,,,,,,,,,,,,,,,,,,,,,,,,,,,,,,,,,,,,,,,,,,,,,,,,,,,,,,,,,,,,,,,,,95,95,95,95,95,,,,,,,,,,128.4346522,3,8
30203,32,82,1-32-2023-082-02,2,1,WAUAFAFL3CN0,17,582,3146,13,0,32,43,2012,4,1,4,0,1,F,9,1640,5,9999,9,0,998,2,56,1,1,1,169,1,1,2,75407,1,1,2,4,5,2,2,1,1,1,3,1,0,0,3,8,1,2,9,0,1,2,17,99,1,1,5,L,88,0,0,0,0,0,0,0,0,0,0,220,130,0,0,0,1,0,999,999,999,9999999,999,999,999,9,0,3,10,1,1,6,0,995,9.8,998,998,998,99.8,99.8,99.8,24.40393179,7,8
30203,32,82,1-32-2023-082-02,2,2,1G1ZD5ST2LF1,17,467,1834,13,0,20,37,2020,4,1,4,0,1,L,9,1418,5,9999,9,0,998,2,48,1,0,1,0,2,0,2,75237,2,9,2,3,3,2,2,1,1,1,1,1,0,0,3,8,1,2,9,0,1,4,66,99,1,1,5,L,89,0,0,0,0,0,0,0,0,0,0,130,220,0,0,0,1,0,999,999,999,9999999,999,999,999,9,0,3,17,1,1,3,0,995,9.8,998,998,998,99.8,99.8,99.8,24.40393179,7,8
30203,32,82,1-32-2023-082-02,2,3,1HGCR3F86FA0,17,474,1861,13,0,37,32,2015,4,1,4,0,2,R,9,1615,5,9999,9,0,998,,,,,,,,,,,,,,,,,,,,,,,,,,,,,,,,,,,,,,,,,,,,,,,,,,,,,,,,,,,,,,,,,,95,95,95,95,95,,,,,,,,,,24.40393179,7,8
30204,33,40,1-33-2023-040-09,9,1,19UUA56672A0,17,475,1873,13,0,54,35,2002,4,1,3,0,1,F,2,1584,5,0,1,1,16,2,56,1,0,1,0,2,0,0,95954,1,9,0,5,3,1,2,1,1,9,1,2,0,0,1,1,0,0,3,1,1,2,13,1,1,4,1,A,1,0,0,0,0,0,0,0,0,0,0,998,998,0,0,9,3,10,999,999,999,9999999,999,999,999,7,0,2,5,0,1,3,0,998,1.6,999,999,999,15.5,1.5,16.1,82.02884842,12,8
30205,33,41,1-33-2023-041-10,10,1,5TBRT341X3S4,17,448,2467,60,0,49,482,2003,34,5,31,0,1,R,1,1950,5,0,1,1,23,2,89,1,0,0,995,0,0,0,99999,3,9,0,4,2,1,2,1,2,1,1,2,0,0,2,1,0,0,9,1,14,1,6,99,9,4,1,B,7,1,1,2,2,2,4,44,4,1,3,997,997,0,0,0,2,6,999,999,999,9999999,999,999,999,6,0,0,0,0,0,0,3,997,1.6,120,120,120,12.4,3.6,12.9,262.3600325,12,8
30206,18,45,1-18-2023-045-06,6,1,2C4RC1BG1ER2,17,477,1936,2,0,6,441,2014,20,4,20,0,1,F,1,2115,5,0,1,1,18,3,24,1,0,0,995,0,0,0,54701,1,9,0,4,2,1,2,1,3,4,0,0,0,0,1,8,0,0,1,1,14,2,13,98,1,4,1,C,11,0,0,0,0,0,0,0,0,0,0,998,998,0,0,1,2,1,12,-12,-2,11909,998,-23,12,0,4,99,99,0,0,99,0,998,0.0,80,80,38,4.4,0.2,4.4,355.1715623,6,8
30206,18,45,1-18-2023-045-06,6,2,2T3H1RFV2NW1,17,448,2217,7,0,49,402,2022,14,3,14,0,2,B,9,1583,5,9999,9,0,998,,,,,,,,,,,,,,,,,,,,,,,,,,,,,,,,,,,,,,,,,,,,,,,,,,,,,,,,,,,,,,,,,,95,95,95,95,95,,,,,,,,,,355.1715623,6,8
30207,66,40,1-66-2023-040-07,7,1,1GKS2GKCXHR1,17,472,4579,7,0,23,422,2017,15,3,15,0,1,F,1,2620,5,68,2,1,13,2,89,1,0,0,995,0,0,0,65723,1,9,0,4,2,1,2,1,1,4,1,2,2,3,2,1,0,0,1,1,1,6,87,4,1,4,1,A,3,1,2,2,2,1,4,61,1,1,3,998,998,0,0,0,2,1,7,-4,-6,17238,998,-229,7,0,4,0,0,0,0,0,3,998,0.0,5,30,120,0.6,0.6,0.9,750.7919083,6,8
30208,66,41,1-66-2023-041-08,8,1,1FTNW21F02EA,17,460,1805,60,0,12,481,2002,34,5,31,0,1,T,3,2728,5,9999,9,1,27,2,89,1,0,1,160,2,7,2,65723,9,9,0,4,2,1,2,1,1,1,0,2,0,0,1,8,0,0,9,1,1,2,13,7,4,4,1,B,7,1,6,2,2,1,4,61,1,1,43,997,997,0,1,0,2,6,999,999,999,9999999,999,999,999,8,0,3,22,1,1,3,3,997,0.0,60,120,0,4.5,2.8,5.3,128.7448736,6,8
30210,30,55,1-30-2023-055-03,3,1,3VW5M7BUXPM0,17,482,3137,13,0,30,40,2023,4,1,3,0,1,R,2,1350,5,0,1,1,15,2,80,1,0,0,995,0,0,0,85374,9,9,2,4,2,1,2,1,1,1,1,2,0,0,1,1,2,2,9,0,1,2,17,1,1,1,5,L,87,0,0,0,0,0,0,0,0,0,0,70,345,0,0,0,1,1,33,-11,-31,19401,998,2,19,0,1,1,1,0,1,4,0,995,9.8,998,998,998,99.8,99.8,99.8,212.9329427,10,8
30210,30,55,1-30-2023-055-03,3,2,JN8AT2MT0LW0,17,478,1913,8,0,35,404,2020,14,3,14,0,1,F,2,1550,5,0,2,1,8,2,80,1,0,0,995,0,0,0,85268,1,2,2,4,3,1,2,1,1,1,1,1,0,0,1,1,0,0,1,0,1,4,66,3,1,1,5,L,86,0,0,0,0,0,0,0,0,0,0,345,70,0,0,0,1,1,26,-22,13,100470,998,80,33,0,1,1,1,0,2,0,0,995,9.8,998,998,998,99.8,99.8,99.8,212.9329427,10,8
30214,21,46,1-21-2023-046-02,2,1,2G61M5S36K91,17,469,1827,13,0,19,23,2019,4,1,4,0,1,L,1,1817,5,0,1,5,52,2,105,1,0,0,995,0,0,0,90630,1,9,0,2,7,7,1,1,1,1,3,2,0,0,2,1,0,0,3,1,1,3,51,1,1,2,2,D,24,0,0,0,0,0,0,0,0,0,0,310,0,0,0,0,2,3,23,14,17,60479,998,24,28,0,4,4,21,1,1,3,0,995,9.8,998,998,998,99.8,99.8,99.8,19.21894787,11,8
30214,21,46,1-21-2023-046-02,2,2,4V4NC9UG8MN2,17,487,1967,66,0,51,881,2021,66,8,68,0,1,B,9,,,,,,,2,105,1,0,0,995,0,0,0,92509,9,9,0,2,7,2,1,1,1,1,3,3,0,0,2,1,0,0,9,0,1,3,53,1,1,1,2,D,25,,,,,,,,,,,,,,,,,,,,,,,,,,,95,95,95,95,95,,,9.8,998,998,998,99.8,99.8,99.8,19.21894787,11,8
30214,21,46,1-21-2023-046-02,2,3,JN8AT3DC5MW1,17,478,1913,7,0,35,404,2021,14,3,14,0,1,F,2,1536,5,9999,9,0,998,2,105,1,0,0,995,0,0,0,92392,1,9,0,2,7,7,1,1,1,1,3,2,0,0,2,1,0,0,9,0,1,4,61,99,1,1,6,M,98,0,0,0,0,0,0,0,0,0,0,0,310,0,0,0,2,3,26,-26,0,21448,998,0,19,0,4,1,1,0,1,3,0,995,4.1,120,999,999,0.0,0.0,0.0,19.21894787,11,8
30215,21,47,1-21-2023-047-05,5,1,KMHE24L17GA0,17,498,2459,13,0,55,33,2016,4,1,4,0,1,F,3,1586,5,0,1,1,9,2,105,1,0,1,0,2,0,3,92307,1,2,1,3,2,1,1,1,1,9,1,3,0,0,3,1,0,0,1,1,14,2,13,99,9,4,1,A,1,0,0,0,0,0,0,0,0,0,0,998,998,0,0,0,2,1,48,-47,-8,173635,998,-31,48,0,1,3,27,1,3,3,0,998,2.7,999,999,999,99.9,99.9,99.9,24.64239361,11,8
30219,15,103,1-15-2023-103-04,4,1,JTHBA1D20K50,17,515,2184,13,0,59,35,2019,4,1,4,0,1,F,2,1695,5,0,1,5,6,2,48,1,8,9,998,8,7,9,11566,7,1,0,4,2,1,2,1,1,1,0,0,0,0,3,1,0,0,9,1,1,1,8,99,1,4,1,C,11,0,0,0,0,0,0,0,0,0,0,170,160,0,0,0,1,98,999,999,999,9999999,999,999,999,7,0,0,0,0,0,0,0,995,9.8,998,998,998,99.8,99.8,99.8,72.18993361,1,8
30219,15,103,1-15-2023-103-04,4,2,SALZL2FX1PH2,17,444,2244,7,0,62,404,2023,14,3,14,0,2,L,9,1770,5,9999,9,0,998,,,,,,,,,,,,,,,,,,,,,,,,,,,,,,,,,,,,,,,,,,,,,,,,,,,,,,,,,,,,,,,,,,95,95,95,95,95,,,,,,,,,,72.18993361,1,8
30223,22,40,1-22-2023-040-03,3,1,5TDGZRBH2LS5,17,448,2213,7,0,49,403,2020,14,3,14,0,1,R,1,1950,5,0,1,1,12,2,56,1,8,0,995,0,7,0,83501,1,2,2,4,7,4,2,1,1,4,1,2,0,0,1,1,1,2,1,0,11,2,15,9,1,1,4,J,68,1,3,2,9,7,1,2,2,2,35,250,135,0,0,0,1,1,19,-6,-18,24370,998,118,14,0,1,1,1,0,1,4,1,995,9.8,998,998,998,99.8,99.8,99.8,40.62842331,12,8
30223,22,40,1-22-2023-040-03,3,2,1N4AL3AP8DN4,17,478,1904,13,0,35,47,2013,4,1,4,0,1,F,2,1420,5,0,1,1,12,2,56,1,8,0,995,0,7,0,83501,9,9,2,4,6,3,2,1,1,2,3,1,0,0,1,1,1,2,9,0,1,4,62,3,1,1,4,J,69,0,0,0,0,0,0,0,0,0,0,135,250,0,0,0,1,1,25,-25,0,58026,998,0,32,0,1,1,1,0,1,5,0,995,9.8,998,998,998,99.8,99.8,99.8,40.62842331,12,8
30224,22,41,1-22-2023-041-09,9,1,5TESM92N74Z4,17,448,2223,60,0,49,472,2004,34,5,30,0,1,F,1,1483,5,0,1,1,8,2,40,1,0,1,0,2,0,1,83536,1,9,0,4,2,1,2,1,1,1,0,4,0,0,1,1,0,0,9,1,1,1,8,1,1,4,1,A,1,0,0,0,0,0,0,0,0,0,0,998,998,0,1,0,4,1,18,-18,0,19132,998,0,18,0,4,0,0,0,0,4,0,998,0.0,6,6,105,99.9,1.3,99.9,141.1265675,12,8
30225,29,36,1-29-2023-036-03,3,1,5XXGT4L36KG3,17,499,2739,13,0,63,34,2019,4,1,4,0,1,L,1,1614,5,0,1,1,10,2,105,1,0,1,63,2,0,1,02777,9,1,0,1,3,3,2,1,1,9,3,2,1,3,2,1,0,0,3,1,1,2,12,99,2,4,1,B,6,0,0,0,0,0,0,0,0,0,0,998,998,0,0,9,1,1,6,-5,4,5344,998,-149,6,0,1,9,97,0,1,4,0,998,9.9,999,999,999,99.9,99.9,99.9,169.5679579,2,8
30226,29,37,1-29-2023-037-04,4,1,1HGCT1B85GA0,17,474,1861,3,0,37,32,2016,2,1,3,0,1,F,1,1603,5,0,1,1,4,2,40,1,8,0,995,0,7,0,02852,9,9,1,2,3,1,2,1,2,9,1,3,2,3,1,1,0,0,1,1,14,3,52,1,1,6,2,D,28,0,0,0,0,0,0,0,0,0,0,70,80,0,0,0,1,3,12,-12,0,11773,998,-67,12,0,4,99,99,0,0,0,0,995,1.4,999,999,999,8.9,1.4,4.4,547.672761,2,8
30226,29,37,1-29-2023-037-04,4,2,JF2SKAPC1NH5,17,523,2234,7,0,48,401,2022,14,3,14,0,1,B,1,1569,5,0,1,1,3,2,40,1,0,0,995,0,0,0,02852,9,9,1,2,3,1,2,1,2,9,1,3,2,3,1,1,0,0,1,0,2,3,53,1,1,1,2,D,29,0,0,0,0,0,0,0,0,0,0,80,70,0,0,0,1,3,12,12,-2,9729,998,-27,12,0,4,0,0,0,0,0,0,995,9.8,998,998,998,99.8,99.8,99.8,547.672761,2,8
30227,29,38,1-29-2023-038-02,2,1,1HGCV1F33NA1,17,474,1861,13,0,37,32,2022,4,1,4,0,1,L,1,1462,5,0,1,1,5,2,48,1,0,1,0,2,0,8,02747,1,2,0,4,2,1,2,1,1,1,1,2,0,0,3,1,0,0,1,1,13,2,20,99,1,4,6,M,98,0,0,0,0,0,0,0,0,0,0,998,998,0,0,0,1,7,999,999,999,9999999,999,999,999,6,0,2,4,0,2,3,0,998,0.2,999,999,999,99.9,99.9,99.9,18.06354601,2,8
30229,15,105,1-15-2023-105-04,4,1,1C6SRFFT7MN5,17,496,13620,60,0,7,482,2021,34,5,31,0,1,F,9,2327,5,9999,9,0,998,5,48,1,8,9,998,8,7,9,11783,9,9,3,4,2,1,2,1,1,2,0,0,0,0,1,1,0,0,9,0,1,4,72,99,1,1,4,K,83,0,0,0,0,0,0,0,0,0,0,110,320,0,0,0,1,0,999,999,999,9999999,999,999,999,9,0,95,95,95,95,95,0,995,9.8,998,998,998,99.8,99.8,99.8,72.18993361,1,8
30229,15,105,1-15-2023-105-04,4,2,KL4MMGSL4PB0,17,468,26604,7,0,18,404,2023,14,3,14,0,1,F,1,1477,5,0,1,1,17,2,48,1,8,1,0,2,7,3,11530,1,2,3,4,2,1,2,1,1,1,0,0,0,0,1,1,0,0,9,0,11,2,15,99,1,1,4,K,82,0,0,0,0,0,0,0,0,0,0,320,110,0,0,0,1,98,999,999,999,9999999,999,999,999,6,0,0,0,0,0,4,0,995,9.8,998,998,998,99.8,99.8,99.8,72.18993361,1,8
30230,15,106,1-15-2023-106-06,6,1,5NPE24AF6HH5,17,498,2459,13,0,55,33,2017,4,1,4,0,1,F,1,1475,5,0,1,5,7,2,48,1,8,9,998,8,7,9,11520,7,1,0,4,4,1,2,1,1,1,1,3,0,0,1,1,0,0,9,0,1,3,50,99,1,1,2,D,20,0,0,0,0,0,0,0,0,0,0,235,230,0,0,0,1,12,999,999,999,9999999,999,999,999,6,0,1,1,0,1,4,0,995,9.8,998,998,998,99.8,99.8,99.8,45.42884184,1,8
30230,15,106,1-15-2023-106-06,6,2,2T2BZMCA1HC1,17,515,2214,7,0,59,403,2017,14,3,14,0,1,B,9,1475,5,9999,9,0,998,5,48,1,8,9,998,8,7,9,10011,9,9,0,4,4,1,2,1,1,1,1,3,0,0,1,1,0,0,9,0,5,3,53,99,1,1,2,D,21,0,0,0,0,0,0,0,0,0,0,230,235,0,0,0,1,0,999,999,999,9999999,999,999,999,9,0,95,95,95,95,95,0,995,9.8,998,998,998,99.8,99.8,99.8,45.42884184,1,8
30231,15,107,1-15-2023-107-07,7,1,5PVNV8JV9F4S,17,514,2168,65,11,98,806,2015,63,8,60,0,1,F,9,,,,,,,5,56,1,8,9,998,8,7,9,12076,9,9,2,4,5,2,2,1,1,1,1,1,0,0,1,8,1,2,9,0,1,3,50,99,1,1,2,D,20,,,,,,,,,,,,,,,,,,,,,,,,,,,95,95,95,95,95,,,9.8,998,998,998,99.8,99.8,99.8,220.7146922,1,8
30231,15,107,1-15-2023-107-07,7,2,5TDDK3DC3FS1,17,448,2468,2,0,49,442,2015,20,4,20,0,1,B,9,2045,5,9999,9,0,998,2,56,1,8,9,998,8,7,9,11801,9,9,2,4,5,2,2,1,1,1,1,1,0,0,1,8,1,2,9,0,5,3,53,1,1,1,2,D,21,0,0,0,0,0,0,0,0,0,0,140,140,0,0,0,1,0,999,999,999,9999999,999,999,999,9,0,0,0,0,0,0,0,995,9.8,998,998,998,99.8,99.8,99.8,220.7146922,1,8
30231,15,107,1-15-2023-107-07,7,3,55SWF4KBXFU0,17,449,2085,13,0,42,42,2015,4,1,4,0,1,B,9,1625,5,9999,9,0,998,5,56,1,0,9,998,8,7,9,11590,9,9,2,4,5,2,2,1,1,1,1,1,0,0,1,8,1,2,9,0,5,3,53,99,1,1,6,M,98,0,0,0,0,0,0,0,0,0,0,140,140,0,0,0,2,0,999,999,999,9999999,999,999,999,9,0,95,95,95,95,95,0,995,9.8,998,998,998,99.8,99.8,99.8,220.7146922,1,8
30232,48,41,1-48-2023-041-10,10,1,1GKEK13R3XJ7,17,472,1859,7,0,23,421,1999,15,3,15,0,1,F,2,2419,5,0,1,1,8,2,129,1,0,0,995,0,0,0,83318,9,9,0,1,4,1,2,1,1,4,1,3,2,3,2,1,0,0,3,1,1,2,13,1,1,4,1,A,1,1,4,2,2,1,4,61,1,1,30,998,998,0,0,2,2,10,999,999,999,9999999,999,3,30,3,0,0,0,0,0,0,3,998,3.3,999,999,999,39.5,24.9,46.5,307.6425026,12,8
30233,26,67,1-26-2023-067-05,5,1,1N4AL3AP5FC1,17,478,1904,13,0,35,47,2015,4,1,4,0,1,F,3,1416,5,9999,9,4,39,2,105,1,1,1,194,1,1,3,95833,9,9,1,3,2,2,2,1,2,9,3,2,0,0,2,1,0,0,9,1,14,2,12,99,9,4,1,B,6,0,0,0,0,0,0,0,0,0,0,998,998,0,0,1,1,12,999,999,999,9999999,999,999,999,8,0,2,4,0,1,8,0,998,0.9,999,999,999,99.9,99.9,99.9,45.73238089,10,8
30234,32,83,1-32-2023-083-07,7,1,2CNFLFEY3A62,17,467,1847,7,0,20,404,2010,14,3,14,0,1,F,2,1713,5,0,1,1,21,2,64,1,0,0,995,0,0,0,75067,9,1,2,1,3,3,1,1,1,4,1,0,0,0,1,1,1,2,9,0,11,2,15,2,1,1,4,J,68,0,0,0,0,0,0,0,0,0,0,325,190,0,0,0,1,3,36,-34,-12,124611,998,-3,42,0,4,0,0,0,0,0,0,995,9.8,998,998,998,99.8,99.8,99.8,4315.381641,7,8
30234,32,83,1-32-2023-083-07,7,2,1G1BF5SM7H71,17,467,1832,13,0,20,25,2017,4,1,3,0,1,F,3,1250,5,0,1,1,16,2,64,1,0,0,995,0,0,0,75155,9,1,2,1,4,3,1,1,1,2,3,1,0,0,1,1,1,2,9,0,1,4,62,2,1,1,4,J,69,0,0,0,0,0,0,0,0,0,0,190,325,0,0,0,1,3,44,-42,15,102783,998,63,39,0,4,0,0,0,0,0,0,995,9.8,998,998,998,99.8,99.8,99.8,4315.381641,7,8
30235,77,43,1-77-2023-043-03,3,1,JTDKARFU1H35,17,448,2209,5,0,49,46,2017,6,1,3,0,1,F,1,1390,5,0,1,1,7,2,89,1,0,0,995,0,0,0,15601,9,9,2,1,3,3,2,1,1,1,1,2,0,0,1,1,3,2,1,0,11,2,15,2,1,1,4,J,68,0,0,0,0,0,0,0,0,0,0,340,250,0,0,0,1,1,10,-9,-5,9135,998,-101,9,0,4,99,99,0,0,0,0,995,9.8,998,998,998,99.8,99.8,99.8,244.7733926,9,8