CASEID,PSU,CASENO,CASENUMBER,CATEGORY,VEHNO,VIN,VINLENGTH,VPICMAKE,VPICMODEL,VPICBODYCLASS,ICFINALBODY,MAKE,MODEL,MODELYR,BODYTYPE,BODYCAT,VEHCLASS,SPECUSE,TRANSTAT,DAMPLANE,DAMSEV,CURBWT,CURBSRC,CARGOWT,CARGOSRC,INSPTYPE,INSPLAG,TOWED,SPEEDLIMIT,DRPRESENT,PARALCOHOL,ALCTEST,ALCTESTRESULT,ALCTESTSRC,PARDRUG,DRUGTEST,ZIP,RACE,ETHNICITY,RELTOJUNCT,TRAFFLOW,RDLANES,INITLANE,SURFTYPE,SURFCOND,ALIGNMENT,PROFILE,LINERIGHT,LINELEFT,RUMBINIT,RUMBROAD,LIGHTCOND,WEATHER,TRAFDEV,TRAFFUNCT,DISTRACT,PREFHE,PREMOVE,CRITCAT,CRITEVENT,MANEUVER,PRESTAB,PRELOC,CRASHCAT,CRASHCONF,CRASHTYPE,ROLLTYPE,ROLLTURN,ROLLINTRPT,ROLLPREMAN,ROLLINITYP,ROLLINLOC,ROLLOBJ,ROLLTRIP,ROLLDIR,ROLLDIST,DVANGTHIS,DVANGOTH,TOWHITCH,TRAJDOC,TREEPOLE,DVEVENT,DVBASIS,DVTOTAL,DVLONG,DVLAT,DVENERGY,DVSPEED,DVMOMENT,DVBES,DVEST,DVCONF,VAIS,VISS,VINJSEV,VINJURED,VTREAT,INITOBJCLASS,HEADANGLECAT,SHLDRWIDTH,STRKLENGTH,STRKWIDTH,STRKHEIGHT,EDGEDISTX,EDGEDISTY,EDGEDISTZ,CASEWGT,PSUSTRAT,VERSION
30271,10,93,1-10-2023-093-06,6,2,1HGCP26469A0,17,474,1861,13,0,37,32,2009,4,1,4,0,1,B,9,1468,5,9999,9,0,998,5,56,1,0,0,995,0,0,0,45420,9,9,2,4,5,2,2,2,1,9,1,1,0,0,1,2,1,2,1,0,5,3,53,1,1,1,2,D,21,0,0,0,0,0,0,0,0,0,0,5,5,0,0,0,1,0,999,999,999,9999999,999,999,999,9,0,95,95,95,95,95,0,995,9.8,998,998,998,99.8,99.8,99.8,192.9060462,4,8
30271,10,93,1-10-2023-093-06,6,3,5XXGT4L39JG2,17,499,2739,13,0,63,34,2018,4,1,4,0,1,L,1,1463,5,0,1,1,40,2,56,1,0,0,995,0,0,0,45502,9,9,2,3,2,2,1,2,1,9,1,2,0,0,1,2,1,2,1,0,11,4,66,99,1,1,6,M,98,0,0,0,0,0,0,0,0,0,0,275,5,0,0,0,2,3,15,0,15,26044,998,-78,18,0,4,99,99,0,0,5,0,995,9.8,998,998,998,99.8,99.8,99.8,192.9060462,4,8
30272,10,94,1-10-2023-094-03,3,1,3KPF54AD1NE4,17,499,2462,13,0,63,38,2022,4,1,3,0,1,F,1,1366,5,0,1,1,5,2,56,1,0,0,995,0,0,0,45322,9,9,2,4,5,3,2,1,1,1,1,2,0,0,1,8,1,2,1,0,11,2,15,99,1,1,4,J,68,0,0,0,0,0,0,0,0,0,0,250,100,0,0,0,1,1,20,-20,-3,37502,998,-22,26,0,1,99,99,0,0,5,0,995,9.8,998,998,998,99.8,99.8,99.8,106.8207923,4,8
30272,10,94,1-10-2023-094-03,3,2,1G1BC5SM8J72,17,467,1832,13,0,20,25,2018,4,1,3,0,1,F,1,1250,5,0,1,1,5,2,56,1,0,0,995,0,0,0,45415,9,9,2,4,5,2,2,1,1,1,1,1,0,0,1,8,1,2,1,0,1,4,62,2,1,1,4,J,69,0,0,0,0,0,0,0,0,0,0,100,250,0,0,0,1,1,22,-21,8,10696,998,30,14,0,1,0,0,0,0,0,0,995,9.8,998,998,998,99.8,99.8,99.8,106.8207923,4,8
30273,10,95,1-10-2023-095-03,3,1,2C3CDXCT4LH1,17,476,1895,13,0,7,24,2020,4,1,5,0,1,F,9,1996,5,0,1,4,48,2,64,1,0,0,995,0,0,0,45405,9,9,2,1,3,1,2,1,1,1,0,1,0,0,1,1,1,2,9,0,1,3,50,1,1,1,2,D,20,0,0,0,0,0,0,0,0,0,0,225,225,0,0,0,1,12,999,999,999,9999999,999,999,999,9,0,0,0,0,0,0,0,995,9.8,998,998,998,99.8,99.8,99.8,93.74245387,4,8
30273,10,95,1-10-2023-095-03,3,2,1D7RV1CT2BS6,17,476,1938,60,0,7,482,2011,34,5,31,0,1,B,9,2404,5,9999,9,0,998,2,64,1,0,0,995,0,0,0,45424,9,9,2,1,3,1,2,1,1,1,0,1,0,0,1,1,1,2,1,0,5,3,53,1,1,1,2,D,21,0,0,0,0,0,0,0,0,0,0,225,225,0,0,0,1,0,999,999,999,9999999,999,999,999,9,0,0,0,0,0,0,0,995,9.8,998,998,998,99.8,99.8,99.8,93.74245387,4,8
30273,10,95,1-10-2023-095-03,3,3,2G4GN5EX3F91,17,468,1822,13,0,18,19,2015,4,1,3,0,1,B,9,1675,5,9999,9,4,48,3,64,1,0,0,995,0,0,0,45426,9,9,2,1,3,1,2,1,1,1,0,1,0,0,1,1,1,2,1,0,5,3,53,1,1,1,6,M,98,0,0,0,0,0,0,0,0,0,0,225,225,0,0,0,2,12,999,999,999,9999999,999,999,999,9,0,0,0,0,0,0,0,995,9.8,998,998,998,99.8,99.8,99.8,93.74245387,4,8
30273,10,95,1-10-2023-095-03,3,4,3FAHP0JG0BR2,17,460,1780,13,0,12,23,2011,4,1,3,0,1,R,9,1563,5,9999,9,0,998,5,64,1,0,0,995,0,0,0,45406,9,9,2,2,3,2,2,1,1,1,1,1,0,0,1,1,1,2,1,0,5,4,61,1,1,1,6,M,98,0,0,0,0,0,0,0,0,0,0,225,205,0,0,0,3,0,999,999,999,9999999,999,999,999,9,0,95,95,95,95,95,0,995,9.8,998,998,998,99.8,99.8,99.8,93.74245387,4,8
30273,10,95,1-10-2023-095-03,3,5,1GKFK63817J2,17,472,1859,7,0,23,421,2007,15,3,15,0,1,R,9,2556,5,9999,9,0,998,5,64,1,0,0,995,0,0,0,45424,9,9,2,1,3,1,2,1,1,1,0,1,0,0,1,1,0,0,1,0,5,4,61,1,1,1,6,M,98,0,0,0,0,0,0,0,0,0,0,225,225,0,0,0,4,0,999,999,999,9999999,999,999,999,9,0,95,95,95,95,95,0,995,9.8,998,998,998,99.8,99.8,99.8,93.74245387,4,8
30276,28,44,1-28-2023-044-07,7,1,ZARFAEBN9H75,17,493,10326,13,0,31,37,2017,4,1,4,0,1,F,1,1429,5,0,1,1,5,2,113,1,0,0,995,0,0,0,15963,9,9,0,2,2,1,2,2,1,1,1,3,2,3,1,2,0,0,1,1,1,1,6,98,3,4,1,A,2,0,0,0,0,0,0,0,0,0,0,998,998,0,0,0,1,10,999,999,999,9999999,999,110,13,2,0,0,0,0,0,0,0,998,3.0,120,43,89,1.6,0.9,1.9,70.35037127,3,8
30277,28,45,1-28-2023-045-09,9,1,2HGFA1F56AH5,17,474,1863,13,0,37,31,2010,4,1,3,0,1,F,1,1199,5,0,1,1,11,2,56,1,1,8,997,8,9,9,15857,9,9,0,4,2,1,2,2,3,2,0,0,0,0,2,2,6,2,9,1,14,6,87,99,9,4,1,A,3,0,0,0,0,0,0,0,0,0,0,998,998,0,0,0,1,1,13,-13,-5,9221,998,-2,13,0,1,1,1,0,1,99,0,998,0.0,100,15,86,3.8,2.2,4.5,54.57625078,3,8
30278,13,81,1-13-2023-081-07,7,1,1GKS2GKC9GR2,17,472,4579,7,0,23,422,2016,15,3,15,0,1,L,9,2620,5,0,2,0,998,2,56,1,1,8,997,8,1,3,76116,1,2,0,1,3,2,2,1,1,1,3,3,0,0,1,1,0,0,1,1,15,2,10,1,1,2,2,F,47,0,0,0,0,0,0,0,0,0,0,70,90,0,0,0,1,0,999,999,999,9999999,999,999,999,9,0,0,0,0,0,0,0,995,9.8,998,998,998,99.8,99.8,99.8,3038.943246,7,8
30278,13,81,1-13-2023-081-07,7,2,KM8J33AL2LU2,17,498,2058,7,0,55,402,2020,14,3,14,0,1,R,9,1560,5,9999,9,0,998,5,56,1,8,0,995,0,7,0,76116,9,9,0,1,3,3,2,1,1,1,3,2,0,0,1,1,0,0,9,0,1,4,61,99,1,1,2,F,45,0,0,0,0,0,0,0,0,0,0,90,70,0,0,0,1,0,999,999,999,9999999,999,999,999,9,0,95,95,95,95,95,0,995,9.8,998,998,998,99.8,99.8,99.8,3038.943246,7,8
30279,18,46,1-18-2023-046-04,4,1,1GTG6FEN8N12,17,472,4093,60,0,23,472,2022,34,5,31,0,1,F,2,2001,5,0,1,1,12,2,72,1,0,0,995,0,0,0,54612,9,1,2,1,1,1,2,1,1,1,0,0,0,0,5,1,1,2,1,0,11,2,15,1,1,1,4,J,68,0,0,0,0,0,0,0,0,0,0,35,270,0,0,0,1,3,37,-28,-24,107383,998,-142,27,0,4,0,0,0,0,0,0,995,9.8,998,998,998,99.8,99.8,99.8,627.735867,6,8
30279,18,46,1-18-2023-046-04,4,2,19XFB2F86CE0,17,474,1863,13,0,37,31,2012,4,1,3,0,1,L,3,1311,5,9999,9,0,998,2,72,1,0,0,995,0,0,0,54720,1,2,2,1,3,2,2,1,1,1,3,3,0,0,5,1,1,2,1,0,1,4,62,99,1,1,4,J,69,0,0,0,0,0,0,0,0,0,0,270,35,0,0,0,1,3,50,-47,17,253956,998,-46,62,0,4,9,97,0,2,99,0,995,9.8,998,998,998,99.8,99.8,99.8,627.735867,6,8
30280,18,47,1-18-2023-047-04,4,1,5N1DR2CM2LC6,17,478,1911,7,0,35,401,2020,14,3,14,0,1,R,1,2005,5,0,1,1,5,2,113,1,0,0,995,0,0,0,54812,1,2,0,1,2,1,2,1,1,9,1,3,2,3,1,1,0,0,1,0,1,6,87,1,1,1,1,C,13,0,0,0,0,0,0,0,0,0,0,998,998,0,0,0,1,10,999,999,999,9999999,999,76,11,2,0,0,0,0,0,0,0,998,9.8,998,998,998,99.8,99.8,99.8,627.735867,6,8
30282,32,85,1-32-2023-085-05,5,1,1FA6P8CF7H52,17,460,1781,3,0,12,3,2017,2,1,3,0,1,F,3,1681,5,0,1,1,18,2,64,1,0,0,995,0,0,0,76071,9,1,2,4,5,1,1,1,1,2,0,3,0,0,3,1,1,2,9,1,1,2,13,99,9,4,1,A,1,0,0,0,0,0,0,0,0,0,0,998,998,0,0,1,1,1,65,-65,0,340799,998,55,65,0,4,9,97,0,1,8,0,998,2.7,74,74,120,27.3,7.3,28.8,206.1952844,7,8
30283,32,86,1-32-2023-086-02,2,1,WMWXP5C58J2H,17,456,1862,5,0,69,54,2018,3,1,1,0,1,R,9,1182,5,9999,9,0,998,2,48,1,0,0,995,0,0,0,75206,1,9,2,5,5,3,2,1,1,1,4,4,0,0,1,1,0,0,9,0,11,2,15,99,1,1,4,J,68,0,0,0,0,0,0,0,0,0,0,140,40,0,0,0,1,0,999,999,999,9999999,999,999,999,9,0,99,99,0,0,5,0,995,9.8,998,998,998,99.8,99.8,99.8,42.5594284,7,8
30283,32,86,1-32-2023-086-02,2,2,4JGFB4JB3MA3,17,449,5886,7,0,42,423,2021,15,3,15,0,1,F,2,2140,5,0,1,4,13,2,48,1,0,0,995,0,0,0,75204,1,2,2,5,5,1,2,1,1,1,0,3,0,0,1,1,0,0,9,0,1,4,62,99,1,1,4,J,69,0,0,0,0,0,0,0,0,0,0,40,140,0,0,0,1,12,999,999,999,9999999,999,999,999,7,0,2,5,0,1,4,0,995,9.8,998,998,998,99.8,99.8,99.8,42.5594284,7,8
30284,32,87,1-32-2023-087-01,1,1,JTHGL5EF8D50,17,515,2182,13,0,59,32,2013,4,1,5,0,1,F,3,2160,5,9999,9,0,998,2,113,1,0,0,995,0,0,0,75038,2,9,0,2,4,1,1,1,1,2,1,3,0,0,2,1,0,0,9,0,1,3,50,2,1,1,2,D,20,0,0,0,0,0,0,0,0,0,0,105,110,0,0,0,1,3,59,-59,0,173146,998,0,45,0,4,1,1,0,1,4,0,995,9.9,999,999,999,0.0,0.0,0.0,143.0606051,7,8
30284,32,87,1-32-2023-087-01,1,2,JHMCG56632C0,17,474,1861,13,0,37,32,2002,4,1,3,0,1,B,3,1367,5,0,1,1,31,2,113,1,0,1,0,3,9,2,75249,2,9,0,2,4,1,1,1,1,2,1,3,0,0,2,1,0,0,9,0,5,3,53,1,1,1,2,D,21,0,0,0,0,0,0,0,0,0,0,110,105,0,0,0,1,3,92,92,0,610682,998,22,103,0,4,6,75,1,1,1,0,995,9.9,999,999,999,0.0,0.0,0.0,143.0606051,7,8
30285,48,42,1-48-2023-042-07,7,1,JF2SJADC1FH4,17,523,2234,7,0,48,401,2015,14,3,14,0,1,L,9,1498,5,0,1,1,8,2,105,1,0,0,995,0,0,0,84302,1,2,0,2,2,1,2,1,2,2,1,3,2,2,1,1,0,0,3,1,14,2,12,98,9,4,1,B,6,0,0,0,0,0,0,0,0,0,0,998,998,0,0,0,1,8,999,999,999,9999999,999,999,999,9,0,0,0,0,0,0,0,998,1.3,120,60,81,0.0,0.0,0.0,318.5846054,12,8
30286,48,43,1-48-2023-043-01,1,1,1FTNF21L61EB,17,460,1805,60,0,12,481,2001,34,5,31,0,1,T,3,2540,5,9999,9,1,93,2,97,1,0,1,0,3,0,1,84319,1,9,0,4,2,1,2,1,3,4,1,2,1,1,1,1,0,0,3,1,14,2,10,1,1,2,3,I,64,1,2,2,4,1,1,61,1,1,15,997,997,0,0,0,2,6,999,999,999,9999999,999,999,999,8,0,5,38,1,1,1,3,997,9.8,998,998,998,99.8,99.8,99.8,72.66818926,12,8
30286,48,43,1-48-2023-043-01,1,2,JM1BK12F2512,17,473,2074,13,0,41,51,2005,4,1,2,0,1,L,1,1230,5,0,1,1,93,2,97,1,0,0,995,0,0,0,84404,9,9,0,4,2,1,2,1,2,2,1,2,1,1,1,1,0,0,9,0,14,4,62,1,1,1,3,I,65,0,0,0,0,0,0,0,0,0,0,20,200,0,0,0,1,8,999,999,999,9999999,999,999,999,6,0,9,97,0,1,99,0,995,9.8,998,998,998,99.8,99.8,99.8,72.66818926,12,8
30287,48,44,1-48-2023-044-07,7,1,1N4AL3APXDN5,17,478,1904,13,0,35,47,2013,4,1,4,0,1,F,2,1420,5,9999,9,4,11,2,105,1,0,0,995,0,0,0,84047,9,9,1,1,3,3,2,1,2,2,3,2,2,2,1,1,0,0,3,1,14,3,51,99,1,2,2,D,24,0,0,0,0,0,0,0,0,0,0,90,90,0,0,0,1,12,999,999,999,9999999,999,999,999,7,0,99,99,0,0,0,0,995,9.8,998,998,998,99.8,99.8,99.8,318.5846054,12,8
30287,48,44,1-48-2023-044-07,7,2,1C3CDFBB8FD2,17,476,2054,13,0,7,29,2015,4,1,3,0,1,B,2,1445,5,0,1,1,1,2,105,1,0,0,995,0,0,0,84302,9,9,1,2,3,2,2,1,2,2,3,3,2,0,1,1,0,0,1,0,14,3,53,1,1,1,2,D,25,0,0,0,0,0,0,0,0,0,0,90,90,0,0,0,1,8,999,999,999,9999999,999,999,999,7,0,0,0,0,0,0,0,995,9.8,998,998,998,99.8,99.8,99.8,318.5846054,12,8
30288,31,48,1-31-2023-048-04,4,1,5GAKVBKD1HJ2,17,468,1841,7,0,18,421,2017,15,3,15,0,1,F,1,2233,5,9999,9,0,998,5,40,1,0,0,995,0,0,0,62821,9,9,2,4,2,1,2,1,1,1,0,0,0,0,1,1,2,2,1,0,1,2,17,99,1,1,5,L,86,0,0,0,0,0,0,0,0,0,0,310,40,0,0,0,1,3,2,-2,0,680,998,0,3,0,4,95,95,95,95,95,0,995,9.8,998,998,998,99.8,99.8,99.8,230.6389208,6,8
30288,31,48,1-31-2023-048-04,4,2,3VVPX7B25NM0,17,482,28652,7,0,30,498,2022,14,3,14,0,1,R,1,1556,5,0,1,1,7,2,40,1,0,0,995,0,0,0,62821,1,2,2,4,2,1,2,1,1,1,0,0,0,0,1,1,2,2,1,0,1,4,66,1,1,1,5,L,87,0,0,0,0,0,0,0,0,0,0,40,310,0,0,0,1,3,3,0,-3,1254,998,176,3,0,4,0,0,0,0,0,0,995,9.8,998,998,998,99.8,99.8,99.8,230.6389208,6,8
30289,31,49,1-31-2023-049-04,4,1,1FMCU9H68LUA,17,460,1798,7,0,12,402,2020,14,3,14,0,1,R,1,1571,5,0,2,1,6,2,72,1,0,0,995,0,7,0,62835,1,2,2,5,3,2,2,1,1,1,2,1,0,0,5,1,2,2,2,0,11,2,15,1,1,1,4,K,76,0,0,0,0,0,0,0,0,0,0,330,270,0,0,0,1,3,5,1,-5,4560,998,184,5,0,4,0,0,0,0,0,0,995,9.8,998,998,998,99.8,99.8,99.8,230.6389208,6,8
30289,31,49,1-31-2023-049-04,4,2,2G1WT58N3891,17,467,1833,13,0,20,2,2008,4,1,4,0,1,F,1,1630,5,9999,9,0,998,5,72,1,0,0,995,0,0,0,40515,9,9,2,5,3,1,2,1,1,1,1,2,0,0,5,1,0,0,9,0,1,4,65,99,1,1,4,K,77,0,0,0,0,0,0,0,0,0,0,270,330,0,0,0,1,3,5,-5,2,2809,998,75,6,0,4,95,95,95,95,95,0,995,9.8,998,998,998,99.8,99.8,99.8,230.6389208,6,8
30290,31,50,1-31-2023-050-07,7,1,1GCVKREH6GZ3,17,467,1850,60,0,20,481,2016,34,5,31,0,1,F,1,2366,5,9999,9,1,23,2,89,1,0,0,995,0,0,0,62930,9,9,0,4,2,1,2,1,2,1,1,2,2,3,2,1,0,0,9,0,14,6,87,2,1,1,1,C,13,0,0,0,0,0,0,0,0,0,0,998,998,0,0,0,1,10,999,999,999,9999999,999,-39,15,2,0,0,0,0,0,0,0,998,9.8,998,998,998,99.8,99.8,99.8,651.588894,6,8
30291,27,54,1-27-2023-054-09,9,1,1FTPX14518FA,17,460,1801,60,0,12,481,2008,34,5,31,0,1,F,1,2478,5,0,1,1,11,2,56,1,0,0,995,0,0,0,01201,1,2,0,1,1,1,2,1,1,4,1,2,0,0,1,1,0,0,9,1,1,2,12,1,1,4,1,B,6,0,0,0,0,0,0,0,0,0,0,998,998,0,1,2,1,10,999,999,999,9999999,999,-43,20,2,0,1,2,0,1,3,0,998,9.7,56,56,100,14.1,6.2,15.2,107.398082,3,8
30292,27,55,1-27-2023-055-03,3,1,1FTEW1EP8KFB,17,460,1801,60,0,12,481,2019,34,5,31,0,1,F,1,2130,5,0,1,1,4,2,24,1,9,9,998,8,9,9,99999,9,9,0,4,2,1,2,1,2,1,1,2,0,0,3,1,6,2,9,1,14,2,12,4,2,4,1,B,6,0,0,0,0,0,0,0,0,0,0,998,998,0,1,0,1,11,999,999,999,9999999,999,999,999,6,0,99,99,0,0,99,0,998,0.9,120,25,69,1.9,1.5,2.4,16.37214353,3,8
30293,54,43,1-54-2023-043-08,8,1,5NPEU46F28H3,17,498,2459,13,0,55,33,2008,4,1,3,0,1,F,2,1476,5,0,1,1,6,2,56,1,8,0,995,0,7,0,35593,1,9,0,4,2,1,2,2,2,1,0,2,0,0,1,2,0,0,9,1,14,2,12,99,9,4,1,B,6,0,0,0,0,0,0,0,0,0,0,998,998,0,1,7,1,10,999,999,999,9999999,999,-23,31,3,0,2,4,0,1,4,0,998,0.0,999,999,999,14.0,4.0,14.5,156.9645701,9,8
30294,54,44,1-54-2023-044-09,9,1,1G4HP52L9RH4,17,468,8842,13,0,18,2,1994,4,1,4,0,1,F,2,1559,5,0,1,1,7,2,64,1,8,0,995,0,7,0,35581,1,9,0,4,2,1,2,2,1,1,1,2,0,0,2,8,0,0,9,1,1,6,87,8,1,4,1,A,3,0,0,0,0,0,0,0,0,0,0,998,998,0,1,5,1,10,999,999,999,9999999,999,-3,32,3,0,1,2,0,2,4,0,998,0.6,24,24,999,5.0,8.3,9.7,431.4502,9,8
30296,12,54,1-12-2023-054-07,7,1,3N1CN7AP8FL9,17,478,1894,13,0,35,50,2015,4,1,2,0,1,F,9,1096,5,9999,9,0,998,2,64,1,0,0,995,0,0,0,73401,9,9,2,1,3,3,2,1,1,1,1,2,0,0,1,1,1,2,9,1,15,3,50,8,1,2,2,D,32,0,0,0,0,0,0,0,0,0,0,180,170,0,0,0,1,0,999,999,999,9999999,999,999,999,9,0,0,0,0,0,0,0,995,9.8,998,998,998,99.8,99.8,99.8,254.5977106,9,8
30296,12,54,1-12-2023-054-07,7,2,1GTUUCED0NZ6,17,472,1857,60,0,23,481,2022,34,5,31,0,1,B,9,2193,5,9999,9,0,998,5,64,1,0,0,995,0,0,0,73401,9,9,2,1,3,3,2,1,1,1,1,2,0,0,1,1,1,2,9,0,5,3,53,99,1,1,2,D,32,0,0,0,0,0,0,0,0,0,0,170,180,0,0,0,1,0,999,999,999,9999999,999,999,999,9,0,95,95,95,95,95,0,995,9.8,998,998,998,99.8,99.8,99.8,254.5977106,9,8
30297,12,55,1-12-2023-055-09,9,1,1N4AL2AP1BN4,17,478,1904,13,0,35,47,2011,4,1,4,0,1,R,1,1437,5,0,1,1,7,2,40,1,0,0,995,0,0,0,73401,9,9,2,4,2,1,2,1,1,1,0,0,0,0,1,1,2,2,9,0,1,2,17,99,1,1,5,L,87,0,0,0,0,0,0,0,0,0,0,210,120,0,0,0,1,1,21,-7,-19,9455,998,171,8,0,1,0,0,0,0,0,0,995,0.0,100,17,15,0.0,0.0,0.0,274.770948,9,8
30297,12,55,1-12-2023-055-09,9,2,4T1BF1FK8CU0,17,448,2469,13,0,49,40,2012,4,1,3,0,1,F,1,1523,5,0,1,1,6,2,40,1,0,0,995,0,0,0,73401,9,9,2,4,2,1,2,1,1,1,0,0,0,0,1,1,0,0,9,0,1,4,66,1,1,1,5,L,86,0,0,0,0,0,0,0,0,0,0,120,210,0,0,0,1,1,19,-18,6,74575,998,55,32,0,1,0,0,0,0,4,0,995,0.0,120,999,90,8.5,2.6,8.9,274.770948,9,8
30298,12,56,1-12-2023-056-06,6,1,1FVACXFE5PHU,17,450,2499,11,0,82,898,2023,63,8,60,0,1,L,9,,,,,,,5,56,1,0,0,995,0,0,0,73401,9,9,3,4,2,1,1,1,1,1,0,0,0,0,1,1,0,0,1,0,10,2,16,99,1,1,4,K,78,,,,,,,,,,,,,,,,,,,,,,,,,,,95,95,95,95,95,,,9.8,998,998,998,99.8,99.8,99.8,287.591337,9,8
30298,12,56,1-12-2023-056-06,6,2,1C4HJWDG7FL5,17,483,1943,7,0,2,403,2015,14,3,14,0,1,F,1,1940,5,0,1,1,5,2,56,1,0,0,995,0,0,0,73401,1,2,3,4,2,1,2,1,1,1,0,0,0,0,1,1,0,0,1,0,1,4,70,7,1,1,4,K,79,1,1,2,5,1,1,61,1,2,5,175,115,0,0,0,1,5,999,999,999,9999999,999,999,999,6,0,2,5,0,1,4,3,995,9.8,998,998,998,99.8,99.8,99.8,287.591337,9,8
30299,59,70,1-59-2023-070-08,8,1,4T1BB46K08U0,17,448,2469,13,0,49,40,2008,4,1,4,0,1,F,2,1669,5,0,1,1,8,2,89,1,1,1,180,2,0,2,47834,1,1,0,4,2,1,2,1,3,1,1,2,0,0,2,1,0,0,9,1,14,2,13,2,1,4,1,A,1,0,0,0,0,0,0,0,0,0,0,998,998,0,0,2,1,10,999,999,999,9999999,999,14,33,3,0,1,2,0,1,4,0,998,0.0,33,33,999,4.6,2.8,5.3,59.96694194,6,8
30300,59,71,1-59-2023-071-06,6,1,1C4NJDBB8GD5,17,483,1946,7,0,2,1,2016,6,1,2,0,1,F,2,1479,5,0,1,1,10,2,64,1,0,0,995,0,0,0,47872,1,9,0,4,2,1,2,1,1,1,0,2,0,0,1,1,0,0,9,1,1,2,13,99,1,4,1,A,1,0,0,0,0,0,0,0,0,0,0,998,998,0,1,7,1,10,999,999,999,9999999,999,-11,38,3,0,0,0,0,0,4,0,998,0.0,999,999,999,5.0,2.9,5.9,186.0656746,6,8
30301,59,72,1-59-2023-072-09,9,1,1G11C5SA7DF1,17,467,1834,13,0,20,37,2013,4,1,3,0,1,F,2,1602,5,0,1,1,8,2,72,1,0,0,995,0,0,0,47807,1,2,2,2,4,4,2,1,1,1,1,2,0,0,2,1,1,2,9,0,11,2,15,1,1,1,4,J,68,0,0,0,0,0,0,0,0,0,0,160,20,0,0,0,1,1,33,-31,-11,134007,998,-56,41,0,4,2,5,0,1,4,0,995,9.8,998,998,998,99.8,99.8,99.8,377.831932,6,8
30301,59,72,1-59-2023-072-09,9,2,2C4RC1BG5DR5,17,477,1936,2,0,6,441,2013,20,4,20,0,1,F,2,2115,5,0,1,1,8,2,72,1,0,0,995,0,0,0,47803,9,9,2,2,4,2,2,1,1,1,1,1,0,0,2,1,1,2,9,0,1,4,62,4,1,1,4,J,69,0,0,0,0,0,0,0,0,0,0,20,160,0,0,0,1,1,27,-25,9,14230,998,24,13,0,4,1,1,0,1,99,0,995,9.8,998,998,998,99.8,99.8,99.8,377.831932,6,8
30302,59,73,1-59-2023-073-04,4,1,3KPC24A34KE0,17,498,2773,13,0,55,36,2019,4,1,2,0,1,F,1,1218,5,0,1,1,2,2,48,1,0,0,995,0,0,0,47460,9,9,2,4,3,2,2,1,1,1,1,2,0,0,1,1,1,2,9,0,11,2,15,99,1,1,4,J,68,0,0,0,0,0,0,0,0,0,0,70,270,0,0,0,1,3,16,-16,-3,11714,998,8,15,0,4,0,0,0,0,0,0,995,9.8,998,998,998,99.8,99.8,99.8,179.4036757,6,8
30302,59,73,1-59-2023-073-04,4,2,2C3CA6CT1AH1,17,477,25754,13,0,6,51,2010,4,1,5,0,1,9,1,1895,5,9999,9,0,998,2,48,1,0,0,995,0,0,0,47885,9,9,2,4,2,1,2,1,1,1,0,4,0,0,1,1,1,2,1,0,1,4,62,99,1,1,4,J,69,0,0,0,0,0,0,0,0,0,0,270,70,0,0,0,1,3,11,-11,2,11566,998,39,12,0,4,0,0,0,0,0,0,995,9.8,998,998,998,99.8,99.8,99.8,179.4036757,6,8
30304,54,45,1-54-2023-045-07,7,1,2C3CDZAG8GH1,17,476,1893,3,0,7,28,2016,2,1,5,0,1,R,1,1785,5,68,1,1,7,2,89,1,8,0,995,0,7,0,35674,1,2,2,4,2,1,2,1,3,4,1,2,2,3,1,8,2,2,3,0,14,3,50,2,2,1,2,F,48,0,0,0,0,0,0,0,0,0,0,180,185,0,1,0,1,8,999,999,999,9999999,999,999,999,6,0,0,0,0,0,0,0,995,9.8,998,998,998,99.8,99.8,99.8,556.1518302,9,8
30304,54,45,1-54-2023-045-07,7,2,5XYKT3A61EG5,17,499,2769,7,0,63,402,2014,14,3,14,0,1,L,9,1722,5,9999,9,0,998,5,89,1,8,0,995,0,7,0,35674,9,9,2,4,2,1,2,1,3,4,1,2,2,3,1,8,2,2,9,0,5,3,53,99,1,1,2,F,48,0,0,0,0,0,0,0,0,0,0,185,180,0,1,0,1,0,999,999,999,9999999,999,999,999,9,0,95,95,95,95,95,0,995,9.8,998,998,998,99.8,99.8,99.8,556.1518302,9,8
30305,19,82,1-19-2023-082-02,2,1,1GTN1TEX0BZ2,17,472,1857,60,0,23,481,2011,34,5,31,0,1,F,2,2155,5,0,1,1,7,2,89,1,0,1,0,2,0,2,30165,1,9,2,4,2,1,2,1,1,1,1,2,2,3,1,8,0,0,9,1,1,2,10,99,1,2,3,G,50,1,2,2,2,1,4,61,1,2,4,998,998,0,1,7,2,10,999,999,999,9999999,999,67,31,3,0,2,5,0,1,3,3,998,0.4,999,999,999,8.7,3.5,9.1,43.98969372,9,8
30305,19,82,1-19-2023-082-02,2,2,2FMPK4K9XNBA,17,460,1797,7,0,12,424,2022,15,3,15,0,1,F,1,1875,5,0,1,1,5,2,89,1,0,0,995,0,0,0,35116,1,9,2,4,2,1,2,1,1,1,1,2,2,3,1,8,0,0,9,0,1,4,62,3,1,1,3,G,51,0,0,0,0,0,0,0,0,0,0,50,225,0,1,0,1,3,21,-20,-7,29072,998,-8,19,0,4,0,0,0,0,4,0,995,9.8,998,998,998,99.8,99.8,99.8,43.98969372,9,8