CASEID,PSU,CASENO,CASENUMBER,CATEGORY,VEHNO,VIN,VINLENGTH,VPICMAKE,VPICMODEL,VPICBODYCLASS,ICFINALBODY,MAKE,MODEL,MODELYR,BODYTYPE,BODYCAT,VEHCLASS,SPECUSE,TRANSTAT,DAMPLANE,DAMSEV,CURBWT,CURBSRC,CARGOWT,CARGOSRC,INSPTYPE,INSPLAG,TOWED,SPEEDLIMIT,DRPRESENT,PARALCOHOL,ALCTEST,ALCTESTRESULT,ALCTESTSRC,PARDRUG,DRUGTEST,ZIP,RACE,ETHNICITY,RELTOJUNCT,TRAFFLOW,RDLANES,INITLANE,SURFTYPE,SURFCOND,ALIGNMENT,PROFILE,LINERIGHT,LINELEFT,RUMBINIT,RUMBROAD,LIGHTCOND,WEATHER,TRAFDEV,TRAFFUNCT,DISTRACT,PREFHE,PREMOVE,CRITCAT,CRITEVENT,MANEUVER,PRESTAB,PRELOC,CRASHCAT,CRASHCONF,CRASHTYPE,ROLLTYPE,ROLLTURN,ROLLINTRPT,ROLLPREMAN,ROLLINITYP,ROLLINLOC,ROLLOBJ,ROLLTRIP,ROLLDIR,ROLLDIST,DVANGTHIS,DVANGOTH,TOWHITCH,TRAJDOC,TREEPOLE,DVEVENT,DVBASIS,DVTOTAL,DVLONG,DVLAT,DVENERGY,DVSPEED,DVMOMENT,DVBES,DVEST,DVCONF,VAIS,VISS,VINJSEV,VINJURED,VTREAT,INITOBJCLASS,HEADANGLECAT,SHLDRWIDTH,STRKLENGTH,STRKWIDTH,STRKHEIGHT,EDGEDISTX,EDGEDISTY,EDGEDISTZ,CASEWGT,PSUSTRAT,VERSION
30306,19,83,1-19-2023-083-04,4,1,1C4PJMLN7KD1,17,483,1945,7,0,2,404,2019,14,3,14,0,1,F,1,1797,5,0,2,1,2,2,56,1,0,0,995,0,0,0,35903,1,2,2,4,2,1,2,1,1,4,1,2,0,0,1,8,0,0,1,1,10,2,12,4,2,4,1,B,6,0,0,0,0,0,0,0,0,0,0,998,998,0,1,1,1,1,23,-22,-4,40404,998,-16,22,0,1,1,1,0,1,0,0,998,0.0,40,40,66,3.7,1.3,3.5,293.6896203,9,8
30307,19,84,1-19-2023-084-09,9,1,3GNEC16T11G1,17,467,1851,7,0,20,431,2001,16,3,16,0,1,F,1,2301,5,9999,9,0,998,2,72,1,0,0,995,0,0,0,30149,1,9,2,4,4,2,2,1,1,1,3,2,0,0,1,1,1,2,9,0,1,2,17,99,1,1,5,L,88,0,0,0,0,0,0,0,0,0,0,130,40,0,0,0,1,3,5,-5,-1,1301,998,-44,4,0,4,1,2,0,2,4,0,995,9.8,998,998,998,99.8,99.8,99.8,645.9143578,9,8
30307,19,84,1-19-2023-084-09,9,2,1GCEK19T84E1,17,467,1850,60,0,20,481,2004,34,5,31,0,1,L,1,2151,5,0,1,1,8,2,72,1,0,0,995,0,0,0,35904,1,9,2,4,3,1,2,1,1,1,0,1,0,0,1,1,1,2,9,0,1,4,66,2,1,1,5,L,89,0,0,0,0,0,0,0,0,0,0,40,130,0,0,0,1,3,5,-1,5,3887,998,-21,7,0,4,0,0,0,0,4,0,995,9.8,998,998,998,99.8,99.8,99.8,645.9143578,9,8
30308,19,85,1-19-2023-085-08,8,1,4T1BG22K4VU0,17,448,2469,13,0,49,40,1997,4,1,3,0,1,T,2,1350,5,0,1,1,6,2,72,1,0,0,995,0,0,0,35904,1,9,0,4,2,1,2,2,3,1,1,2,0,0,1,2,0,0,9,1,14,2,12,99,3,4,1,B,7,1,8,2,2,1,4,61,1,2,35,997,997,0,1,0,2,6,999,999,999,9999999,999,999,999,7,0,2,5,0,2,4,3,997,0.0,120,90,-10,13.6,3.4,13.9,96.28160442,9,8
30309,33,42,1-33-2023-042-05,5,1,2GNALDEK6H15,17,467,1847,7,0,20,404,2017,14,3,14,0,1,L,2,1706,5,0,1,1,7,2,72,1,0,1,0,2,0,1,95926,1,9,2,4,2,1,2,1,1,1,0,2,0,0,1,1,2,2,9,0,11,2,15,99,1,1,4,K,82,0,0,0,0,0,0,0,0,0,0,195,295,0,0,0,1,5,999,999,999,9999999,999,999,30,3,0,3,17,1,1,3,0,995,9.8,998,998,998,99.8,99.8,99.8,23.0841485,12,8
30309,33,42,1-33-2023-042-05,5,2,1XKYDP9X1KJ2,17,532,2733,66,0,85,881,2019,66,8,68,0,1,F,9,,,,,,,2,89,1,0,0,995,0,0,0,96007,9,9,2,5,3,1,2,1,1,1,3,2,2,1,1,1,0,0,1,1,1,4,67,3,2,2,4,K,83,,,,,,,,,,,,,,,,,,,,,,,,,,,95,95,95,95,95,,,9.8,998,998,998,99.8,99.8,99.8,23.0841485,12,8
30310,33,43,1-33-2023-043-06,6,1,4T1BF1FK5FU0,17,448,2469,13,0,49,40,2015,4,1,4,0,1,F,3,1467,5,0,1,1,4,2,80,1,1,1,80,1,7,0,95973,9,9,2,4,2,1,2,1,1,1,1,2,0,0,1,1,2,2,3,0,1,2,17,11,1,1,4,J,69,0,0,0,0,0,0,0,0,0,0,105,230,0,1,0,1,3,46,-35,29,221047,998,132,45,0,4,1,1,0,1,4,0,995,0.0,120,40,-22,3.8,0.0,3.8,399.1531915,12,8
30310,33,43,1-33-2023-043-06,6,2,JA4AS2AWXAZ0,17,481,2163,7,0,52,47,2010,6,1,3,0,1,F,3,1535,5,0,1,1,5,2,80,1,0,0,995,0,0,0,95928,1,9,2,4,2,1,2,1,1,1,0,0,0,0,1,1,2,2,9,0,11,4,63,99,1,1,4,J,68,0,0,0,0,0,0,0,0,0,0,230,105,0,1,0,1,3,44,-41,-15,179651,998,-93,45,0,4,99,99,0,0,99,0,995,9.8,998,998,998,99.8,99.8,99.8,399.1531915,12,8
30311,17,78,1-17-2023-078-04,4,1,W1Y4EDHY3NT0,17,449,1703,95,0,42,461,2022,21,4,21,0,1,F,1,2320,5,0,1,1,7,2,113,1,0,0,995,0,0,0,60707,9,9,1,1,3,2,2,1,1,9,1,3,0,3,1,1,0,0,9,0,1,6,87,99,1,1,1,C,13,0,0,0,0,0,0,0,0,0,0,998,998,0,0,0,1,10,999,999,999,9999999,999,-21,12,2,0,0,0,0,0,0,0,998,9.8,998,998,998,99.8,99.8,99.8,101.2713708,4,8
30312,17,79,1-17-2023-079-07,7,1,4T1BF1FK9GU2,17,448,2469,13,0,49,40,2016,4,1,4,0,1,F,1,1467,5,0,1,1,6,2,113,1,0,0,995,0,0,0,61401,1,2,0,1,2,1,2,1,1,9,1,3,2,3,2,1,0,0,1,0,1,6,87,1,1,1,1,C,13,0,0,0,0,0,0,0,0,0,0,998,998,0,0,0,1,10,999,999,999,9999999,999,999,999,6,0,0,0,0,0,0,0,998,9.8,998,998,998,99.8,99.8,99.8,277.1983395,4,8
30313,17,80,1-17-2023-080-07,7,1,5NPE24AF4GH4,17,498,2459,13,0,55,33,2016,4,1,4,0,1,F,1,1475,5,0,1,1,36,2,113,1,0,0,995,0,0,0,52246,9,9,0,1,2,1,2,1,3,9,1,3,2,3,2,1,0,0,9,0,14,6,87,99,1,1,1,C,13,0,0,0,0,0,0,0,0,0,0,998,998,0,0,0,1,10,999,999,999,9999999,999,999,999,6,0,0,0,0,0,0,0,998,9.8,998,998,998,99.8,99.8,99.8,277.1983395,4,8
30314,17,81,1-17-2023-081-09,9,1,5TDBT48A63S1,17,448,2827,7,0,49,422,2003,15,3,15,0,1,F,1,2390,5,0,1,1,10,2,89,1,0,0,995,0,0,0,52803,1,9,0,2,4,2,1,1,1,9,3,3,0,0,1,1,0,0,9,1,6,1,4,99,4,2,2,F,48,0,0,0,0,0,0,0,0,0,0,330,350,1,0,0,1,5,999,999,999,9999999,999,999,999,1,0,0,0,0,0,0,0,995,9.8,998,998,998,99.8,99.8,99.8,196.4664517,4,8
30314,17,81,1-17-2023-081-09,9,2,1FMDU34X6TUA,17,460,1800,7,0,12,401,1996,14,3,14,0,1,R,1,1631,5,0,1,1,10,2,89,1,0,0,995,0,0,0,61240,1,9,0,2,4,3,1,1,1,9,3,3,0,0,1,1,0,0,9,0,1,4,61,99,1,1,2,F,48,0,0,0,0,0,0,0,0,0,0,350,330,0,0,0,1,5,999,999,999,9999999,999,999,12,2,0,1,3,0,1,4,0,995,3.9,999,999,999,0.0,0.0,0.0,196.4664517,4,8
30316,22,42,1-22-2023-042-02,2,1,3C4NJDBB2LT2,17,483,1946,7,0,2,1,2020,6,1,2,0,1,T,1,1648,5,0,1,1,11,2,40,1,8,1,36,2,7,1,83501,5,2,0,4,2,1,2,1,3,4,0,2,0,0,1,1,0,0,1,1,14,2,13,7,1,4,1,A,3,1,3,1,1,2,4,43,4,2,17,997,997,0,1,0,4,6,999,999,999,9999999,999,999,999,6,0,2,5,0,1,3,3,997,0.0,70,16,10,0.0,0.0,0.0,35.96292743,12,8
30323,15,111,1-15-2023-111-09,9,1,JTEGD20V1400,17,448,2217,7,0,49,402,2004,14,3,14,0,1,R,2,1361,5,9999,9,5,6,2,64,1,0,0,995,0,0,0,11554,9,9,2,4,5,3,2,1,1,4,1,2,0,0,1,8,0,0,9,0,11,2,15,99,9,1,4,J,68,0,0,0,0,0,0,0,0,0,0,115,5,0,0,0,1,12,999,999,999,9999999,999,999,999,7,0,0,0,0,0,4,0,995,9.8,998,998,998,99.8,99.8,99.8,76.61796818,1,8
30323,15,111,1-15-2023-111-09,9,2,1GNEVGKW4MJ1,17,467,1853,7,0,20,423,2021,15,3,15,0,1,F,9,2132,5,9999,9,0,998,5,64,1,0,0,995,0,0,0,11793,9,9,2,4,4,2,2,1,1,2,3,2,0,0,1,8,0,0,9,0,1,4,62,99,9,1,4,J,69,0,0,0,0,0,0,0,0,0,0,5,115,0,0,0,1,0,999,999,999,9999999,999,999,999,9,0,95,95,95,95,95,0,995,9.8,998,998,998,99.8,99.8,99.8,76.61796818,1,8
30328,30,60,1-30-2023-060-03,3,1,JM1BK12F3818,17,473,2074,13,0,41,51,2008,4,1,2,0,1,L,1,1271,5,0,1,1,8,2,72,1,0,0,995,0,0,0,86042,9,9,3,4,2,1,2,1,1,1,0,0,0,0,5,1,0,0,1,0,10,2,16,99,1,1,4,K,78,0,0,0,0,0,0,0,0,0,0,120,170,0,0,0,1,1,14,2,14,14055,998,137,11,0,4,0,0,0,0,0,0,995,9.8,998,998,998,99.8,99.8,99.8,118.5642758,10,8
30328,30,60,1-30-2023-060-03,3,2,5N1DR2BMXLC5,17,478,1911,7,0,35,401,2020,14,3,14,0,1,F,1,1939,5,0,1,1,7,2,72,1,0,0,995,0,0,0,85122,9,9,3,4,7,3,2,1,1,1,3,2,0,0,5,1,0,0,1,0,1,4,70,2,1,1,4,K,79,0,0,0,0,0,0,0,0,0,0,170,120,0,0,0,1,1,10,-9,-5,17574,998,-61,14,0,4,1,1,0,1,5,0,995,9.8,998,998,998,99.8,99.8,99.8,118.5642758,10,8
30329,30,61,1-30-2023-061-03,3,1,1FMCU0DG2CKC,17,460,1798,7,0,12,402,2012,14,3,14,0,1,R,1,1495,5,9999,9,0,998,2,80,1,0,0,995,0,0,0,85262,9,9,3,4,6,3,2,1,1,1,1,2,0,0,1,1,0,0,9,0,11,2,15,99,1,1,4,J,68,0,0,0,0,0,0,0,0,0,0,90,0,0,0,0,1,3,12,-2,-12,26791,998,215,11,0,4,99,99,0,0,99,0,995,9.8,998,998,998,99.8,99.8,99.8,118.5642757,10,8
30329,30,61,1-30-2023-061-03,3,2,3LN6L5C91KR6,17,464,1790,13,0,13,13,2019,4,1,4,0,1,F,1,1701,8,0,1,1,17,2,80,1,0,0,995,0,0,0,85377,9,9,3,5,5,2,2,1,1,1,1,3,0,0,1,1,0,0,9,0,1,4,62,4,1,1,4,J,69,0,0,0,0,0,0,0,0,0,0,0,90,0,0,0,1,3,10,-10,2,14760,998,61,13,0,4,9,97,0,1,99,0,995,9.8,998,998,998,99.8,99.8,99.8,118.5642757,10,8
30330,66,42,1-66-2023-042-03,3,1,5XXGT4L3XKG2,17,499,2739,13,0,63,34,2019,4,1,4,0,1,F,2,1614,5,0,1,1,7,2,64,1,0,0,995,0,0,0,65723,9,9,2,4,2,1,2,1,1,1,0,0,0,0,1,1,2,2,3,0,1,2,17,99,1,1,5,L,88,0,0,0,0,0,0,0,0,0,0,355,270,0,0,0,1,1,36,-28,-23,133747,998,-118,35,0,4,2,5,0,3,4,0,995,9.8,998,998,998,99.8,99.8,99.8,136.3945613,6,8
30330,66,42,1-66-2023-042-03,3,2,2T2HK31U08C0,17,515,2214,7,0,59,403,2008,14,3,14,0,1,L,2,1855,5,0,1,1,7,2,64,1,0,0,995,0,0,0,65708,9,9,2,4,2,1,2,1,1,1,0,0,0,0,1,1,0,0,1,0,1,4,66,99,1,1,5,L,89,1,3,2,2,1,4,61,1,1,16,270,355,0,0,0,1,1,33,-16,28,93843,998,-19,35,0,4,3,10,1,1,3,3,995,9.8,998,998,998,99.8,99.8,99.8,136.3945613,6,8
30331,66,43,1-66-2023-043-01,1,1,3MEHM081X7R6,17,465,1793,13,0,14,21,2007,4,1,3,0,1,L,1,1490,5,0,1,1,11,2,97,1,9,0,995,0,7,0,65605,9,9,0,4,2,1,2,99,3,1,1,2,2,3,9,99,0,0,9,1,14,1,6,5,3,4,1,A,2,1,2,1,2,1,4,61,1,2,3,998,998,0,1,1,1,1,17,-3,17,29278,998,121,17,0,4,9,97,1,1,1,3,998,0.9,28,28,100,35.3,12.1,37.2,103.5334329,6,8
30332,21,52,1-21-2023-052-03,3,1,JTNBE46K0730,17,448,2469,13,0,49,40,2007,4,1,3,0,1,F,9,1490,5,9999,9,0,998,2,89,1,1,8,997,8,0,0,92411,9,1,1,2,2,2,1,1,2,1,3,3,0,0,2,1,0,0,9,0,14,3,51,99,1,1,2,D,24,0,0,0,0,0,0,0,0,0,0,220,220,0,0,0,1,0,999,999,999,9999999,999,999,999,9,0,0,0,0,0,0,0,995,9.8,998,998,998,99.8,99.8,99.8,156.673632,11,8
30332,21,52,1-21-2023-052-03,3,2,2T3S1RFV3PW3,17,448,2217,7,0,49,402,2023,14,3,14,0,1,B,2,1639,8,9999,9,4,34,2,89,1,0,0,995,0,0,0,92404,1,1,1,2,2,2,1,1,2,1,3,3,0,0,2,1,0,0,1,0,14,3,53,1,1,1,2,D,25,0,0,0,0,0,0,0,0,0,0,220,220,0,0,0,1,12,999,999,999,9999999,999,999,999,7,0,1,1,0,2,4,0,995,3.4,999,999,999,3.4,1.5,3.8,156.673632,11,8
30333,21,53,1-21-2023-053-03,3,1,1G1ZC5E1XBF1,17,467,1834,13,0,20,37,2011,4,1,4,0,1,F,3,1549,5,0,1,1,8,2,113,1,1,8,997,8,0,0,92407,9,1,0,1,5,1,1,1,1,9,1,3,2,2,3,1,0,0,9,1,15,2,10,4,1,2,2,D,32,0,0,0,0,0,0,0,0,0,0,25,45,0,0,0,1,1,42,-41,-7,179519,998,-8,54,0,4,99,99,0,0,0,0,995,9.8,998,998,998,99.8,99.8,99.8,156.673632,11,8
30333,21,53,1-21-2023-053-03,3,2,1C4HJXFG8LW3,17,483,1943,7,0,2,403,2020,14,3,14,0,1,B,2,2018,5,0,1,1,10,2,113,1,0,1,0,2,0,1,92407,1,2,0,2,5,5,1,1,1,9,3,3,0,0,3,1,0,0,1,0,1,3,53,1,1,1,2,D,32,1,4,2,5,7,1,1,3,2,17,45,25,0,0,0,1,1,31,31,-5,51567,998,100,20,0,4,1,2,0,1,3,1,995,9.8,998,998,998,99.8,99.8,99.8,156.673632,11,8
30334,29,39,1-29-2023-039-04,4,1,JA4AR3AUXLU0,17,481,13867,7,0,52,404,2020,14,3,14,0,1,L,1,1545,5,0,1,1,48,2,48,1,8,0,995,0,7,0,02771,1,2,3,4,2,1,2,1,1,4,0,0,0,0,3,1,0,0,1,0,11,2,11,99,1,1,4,K,82,0,0,0,0,0,0,0,0,0,0,180,300,0,0,0,1,5,999,999,999,9999999,999,999,999,6,0,0,0,0,0,0,0,995,9.8,998,998,998,99.8,99.8,99.8,806.9078677,2,8
30334,29,39,1-29-2023-039-04,4,2,ML5LEEH10NDA,17,510,29452,85,0,73,705,2022,80,9,80,0,1,9,9,,,,,,,2,48,1,0,9,998,8,0,9,02771,9,9,3,4,2,1,2,1,2,1,1,2,0,0,3,1,0,0,1,0,14,4,67,99,1,1,4,K,83,,,,,,,,,,,,,,,,,,,,,,,,,,,95,95,95,95,95,,,9.8,998,998,998,99.8,99.8,99.8,806.9078677,2,8
30335,29,40,1-29-2023-040-02,2,1,5NPEB4AC7BH2,17,498,2459,13,0,55,33,2011,4,1,4,0,1,R,2,1454,5,9999,9,0,998,2,64,1,0,0,995,0,0,0,02860,9,9,3,4,2,1,2,1,1,4,1,3,0,0,1,1,0,0,9,1,11,2,15,99,1,2,4,J,68,0,0,0,0,0,0,0,0,0,0,40,300,0,0,0,1,3,38,-24,-29,134950,998,-25,45,0,4,0,0,0,0,0,0,995,9.8,998,998,998,99.8,99.8,99.8,34.07978433,2,8
30335,29,40,1-29-2023-040-02,2,2,5FNYF6H06LB0,17,474,1864,7,0,37,421,2020,15,3,15,0,1,F,2,1932,5,0,1,1,27,2,64,1,0,0,995,0,0,0,02760,1,2,3,4,2,1,2,1,1,2,1,2,0,0,1,1,0,0,1,0,1,4,62,2,1,1,4,J,69,0,0,0,0,0,0,0,0,0,0,300,40,0,0,0,1,3,31,-27,16,51019,998,67,23,0,4,2,4,0,1,4,0,995,9.8,998,998,998,99.8,99.8,99.8,34.07978433,2,8
30336,29,41,1-29-2023-041-04,4,1,1C4RJKBGXN85,17,483,1949,7,0,2,422,2022,15,3,15,0,1,F,1,1980,5,0,1,1,48,2,48,1,8,0,995,0,7,0,02703,9,9,3,4,2,1,2,1,1,1,0,0,0,0,1,1,0,0,9,0,11,2,15,99,1,1,4,K,82,0,0,0,0,0,0,0,0,0,0,150,270,0,0,0,1,1,17,-16,6,25411,998,59,17,0,4,0,0,0,0,0,0,995,9.8,998,998,998,99.8,99.8,99.8,806.9078674,2,8
30336,29,41,1-29-2023-041-04,4,2,1N4BL2AP0AN4,17,478,1904,13,0,35,47,2010,4,1,4,0,1,F,1,1526,5,0,1,1,21,2,48,1,8,0,995,0,7,0,02703,9,9,3,4,3,1,2,1,1,4,1,2,0,0,1,1,0,0,9,0,1,4,67,99,1,1,4,K,83,0,0,0,0,0,0,0,0,0,0,270,150,0,0,0,1,1,22,-17,-14,43368,998,-102,22,0,4,2,5,0,1,3,0,995,9.8,998,998,998,99.8,99.8,99.8,806.9078674,2,8
30337,73,82,1-73-2023-082-04,4,1,1N4BL4BV2PN3,17,478,1904,13,0,35,47,2023,4,1,4,0,1,F,1,1558,5,9999,9,5,88,2,89,1,8,0,995,0,7,0,04441,9,9,0,4,2,1,2,1,1,4,1,4,0,0,1,1,0,0,1,0,1,6,87,99,1,1,1,C,13,0,0,0,0,0,0,0,0,0,0,998,998,0,0,0,1,12,999,999,999,9999999,999,999,999,6,0,0,0,0,0,0,0,998,9.8,998,998,998,99.8,99.8,99.8,30.19835927,3,8
30338,32,88,1-32-2023-088-02,2,1,KL7CJKSB1MB3,17,467,10988,7,0,20,406,2021,14,3,14,0,1,F,3,1382,5,0,1,5,16,2,56,1,0,1,0,2,0,0,75253,1,2,0,4,4,2,2,1,3,4,3,2,0,0,1,1,0,0,9,1,14,2,10,99,1,2,3,G,50,0,0,0,0,0,0,0,0,0,0,10,200,0,0,0,1,5,999,999,999,9999999,999,999,999,8,0,3,17,1,1,3,0,995,9.8,998,998,998,99.8,99.8,99.8,42.5594284,7,8
30338,32,88,1-32-2023-088-02,2,2,1XKAD69X2PJ5,17,532,9703,66,0,85,881,1993,66,8,67,0,1,F,9,,,,,,,5,56,1,0,0,995,0,0,0,76641,9,9,0,4,4,2,1,1,2,1,3,2,0,0,1,1,0,0,9,0,14,4,62,99,1,1,3,G,51,,,,,,,,,,,,,,,,,,,,,,,,,,,95,95,95,95,95,,,9.8,998,998,998,99.8,99.8,99.8,42.5594284,7,8
30339,15,112,1-15-2023-112-09,9,1,1N6BF0LY4JN8,17,478,1922,95,0,35,461,2018,21,4,21,0,1,F,9,2759,5,9999,9,0,998,5,48,1,8,9,998,8,7,9,11428,9,9,2,4,2,1,2,1,1,1,0,0,0,0,1,8,2,2,9,0,1,2,17,99,1,1,5,L,88,0,0,0,0,0,0,0,0,0,0,60,350,0,0,0,1,0,999,999,999,9999999,999,999,999,9,0,95,95,95,95,95,0,995,9.8,998,998,998,99.8,99.8,99.8,76.61796818,1,8
30339,15,112,1-15-2023-112-09,9,2,WBAWB73568P1,17,452,1711,3,0,34,34,2008,2,1,3,0,1,L,9,1620,5,9999,9,0,998,2,48,1,8,9,998,8,7,9,11220,9,1,2,4,2,1,2,1,1,1,1,2,0,0,1,8,0,0,9,0,1,4,66,99,1,1,5,L,89,0,0,0,0,0,0,0,0,0,0,350,60,0,0,0,1,0,999,999,999,9999999,999,999,999,9,0,2,4,0,2,4,0,995,9.8,998,998,998,99.8,99.8,99.8,76.61796818,1,8
30340,15,113,1-15-2023-113-06,6,1,WBXHT3Z37H4A,17,452,2300,7,0,34,403,2017,14,3,14,0,1,F,2,1660,5,9999,9,4,41,2,56,1,8,1,0,2,7,2,11735,1,2,0,4,2,1,2,1,1,1,1,2,0,0,1,1,0,0,9,1,1,2,10,1,1,2,3,G,50,0,0,0,0,0,0,0,0,0,0,70,250,0,0,0,1,12,999,999,999,9999999,999,999,999,7,0,1,2,0,1,3,0,995,9.8,998,998,998,99.8,99.8,99.8,22.250167,1,8
30340,15,113,1-15-2023-113-06,6,2,JTKDE1777601,17,448,2207,5,0,49,50,2006,3,1,1,0,1,F,3,1050,5,9999,9,5,19,2,56,1,8,0,995,0,7,0,11735,1,2,0,4,2,1,2,1,1,1,1,2,0,0,1,1,0,0,9,0,1,4,62,99,1,1,3,G,51,0,0,0,0,0,0,0,0,0,0,250,70,0,0,0,1,98,999,999,999,9999999,999,999,999,8,0,1,1,0,1,4,0,995,9.8,998,998,998,99.8,99.8,99.8,22.250167,1,8
30340,15,113,1-15-2023-113-06,6,3,4T1BF3EK2AU0,17,448,2469,13,0,49,40,2010,4,1,4,0,2,L,1,1500,5,9999,9,4,41,,,,,,,,,,,,,,,,,,,,,,,,,,,,,,,,,,,,,,,,,,,,,,,,,,,,,,,,,,,,,,,,,,95,95,95,95,95,,,,,,,,,,22.250167,1,8
30341,15,114,1-15-2023-114-04,4,1,WA1EECF34N10,17,582,4051,7,0,32,405,2022,14,3,14,0,1,L,1,1535,5,0,1,1,14,2,48,1,8,9,998,8,7,9,11413,9,9,2,4,2,1,2,2,1,1,0,0,0,0,1,2,2,2,9,0,11,2,15,99,9,1,4,K,82,0,0,0,0,0,0,0,0,0,0,155,270,0,0,0,1,3,14,-11,9,20199,998,-94,15,0,4,99,99,0,0,0,0,995,9.8,998,998,998,99.8,99.8,99.8,35.35723153,1,8
30341,15,114,1-15-2023-114-04,4,2,JN1CA21A6XT7,17,478,2302,13,0,35,39,1999,4,1,3,0,1,F,1,1369,5,9999,9,4,9,2,48,1,8,9,998,8,7,9,11580,9,9,2,4,5,2,2,2,1,1,3,3,0,0,1,2,0,0,9,0,1,4,67,99,9,1,4,K,83,0,0,0,0,0,0,0,0,0,0,270,155,0,0,0,1,3,16,-15,-5,16166,998,-69,15,0,4,99,99,0,0,0,0,995,9.8,998,998,998,99.8,99.8,99.8,35.35723153,1,8
30342,20,62,1-20-2023-062-03,3,1,5TFCZ5AN9KX2,17,448,2223,60,0,49,472,2019,34,5,30,0,1,L,2,1975,5,9999,9,4,21,2,105,1,0,0,995,0,0,0,95060,9,1,0,2,3,1,2,1,1,1,1,3,0,1,1,8,0,0,1,1,15,2,10,99,1,2,2,F,47,0,0,0,0,0,0,0,0,0,0,20,25,0,0,0,1,12,999,999,999,9999999,999,999,999,7,0,99,99,0,0,8,0,995,9.8,998,998,998,99.8,99.8,99.8,403.0484466,11,8
30342,20,62,1-20-2023-062-03,3,2,WDDGF56X49R0,17,449,2085,13,0,42,42,2009,4,1,3,0,1,L,2,1600,5,50,1,1,17,2,105,1,0,0,995,0,0,0,94509,9,1,0,2,3,2,2,1,1,1,3,3,0,1,1,8,0,0,1,0,1,4,61,1,1,1,2,F,45,1,7,2,5,1,1,61,1,1,64,997,997,0,0,0,2,6,999,999,999,9999999,999,999,999,7,0,1,1,0,1,8,3,997,9.8,998,998,998,99.8,99.8,99.8,403.0484466,11,8
30343,28,46,1-28-2023-046-09,9,1,4S4BRBKC4D32,17,523,2233,7,0,48,45,2013,6,1,3,0,1,F,1,1619,5,0,1,1,21,2,72,1,0,0,995,0,0,0,15834,9,9,0,4,2,1,2,1,1,1,0,0,0,0,1,1,0,0,1,1,1,6,87,4,1,4,1,A,3,0,0,0,0,0,0,0,0,0,0,998,998,0,1,1,3,1,15,-15,0,15696,998,-3,15,0,1,2,5,0,3,4,0,998,0.0,120,120,-43,32.5,4.9,32.9,54.57625078,3,8
30344,22,44,1-22-2023-044-09,9,1,1FAHP34N98W1,17,460,1779,13,0,12,37,2008,4,1,2,0,1,T,2,1189,5,0,1,1,39,2,89,1,9,0,995,0,9,0,99999,9,9,0,4,2,1,2,2,3,2,1,2,0,0,1,2,0,0,9,1,14,1,9,99,3,4,1,A,2,1,4,2,2,1,4,61,1,2,11,997,997,0,0,0,1,6,999,999,999,9999999,999,999,999,7,0,99,99,0,0,0,3,997,9.8,998,998,998,99.8,99.8,99.8,163.1025783,12,8
30345,26,70,1-26-2023-070-05,5,1,JHMFA16856S0,17,474,1863,13,0,37,31,2006,4,1,3,0,1,F,3,1224,5,0,1,1,8,2,105,1,0,1,0,2,0,2,95695,9,1,0,2,5,5,2,1,1,9,3,2,0,0,1,1,0,0,3,0,1,3,52,2,1,1,2,D,28,0,0,0,0,0,0,0,0,0,0,345,340,0,0,0,1,1,58,-57,10,169752,998,11,58,0,4,2,5,0,1,3,0,995,9.8,998,998,998,99.8,99.8,99.8,84.23643451,10,8
30345,26,70,1-26-2023-070-05,5,2,JA4AP3AU3JZ0,17,481,13867,7,0,52,47,2018,6,1,3,0,1,B,3,1545,5,0,1,1,13,2,105,1,0,0,995,0,0,0,95605,1,9,0,2,5,5,2,1,1,9,3,2,0,0,1,1,0,0,1,0,2,3,53,1,1,1,2,D,29,0,0,0,0,0,0,0,0,0,0,340,345,0,0,0,1,1,42,42,-7,121513,998,27,42,0,4,2,5,0,3,4,0,995,9.8,998,998,998,99.8,99.8,99.8,84.23643451,10,8
30345,26,70,1-26-2023-070-05,5,3,7FARW5H30JE0,17,474,1865,7,0,37,402,2018,14,3,14,0,1,B,9,1502,5,9999,9,0,998,5,105,1,0,0,995,0,0,0,95961,9,9,0,2,5,5,2,1,1,9,3,2,0,0,1,1,0,0,1,0,5,3,53,1,1,1,6,M,98,0,0,0,0,0,0,0,0,0,0,340,305,0,0,0,2,0,999,999,999,9999999,999,999,999,9,0,95,95,95,95,95,0,995,9.8,998,998,998,99.8,99.8,99.8,84.23643451,10,8
30345,26,70,1-26-2023-070-05,5,4,999999999999,99,99999,99999,999,0,99,399,9999,9,1,9,99,1,B,9,9999,9,9999,9,0,998,5,105,1,9,0,995,0,9,0,99999,9,9,0,2,5,4,2,1,1,9,3,3,0,0,1,1,0,0,9,0,1,4,60,99,1,1,6,M,98,0,0,0,0,0,0,0,0,0,0,340,350,0,0,0,3,0,999,999,999,9999999,999,999,999,9,0,95,95,95,95,95,0,995,9.8,998,998,998,99.8,99.8,99.8,84.23643451,10,8