CASEID,PSU,CASENO,CASENUMBER,CATEGORY,VEHNO,VIN,VINLENGTH,VPICMAKE,VPICMODEL,VPICBODYCLASS,ICFINALBODY,MAKE,MODEL,MODELYR,BODYTYPE,BODYCAT,VEHCLASS,SPECUSE,TRANSTAT,DAMPLANE,DAMSEV,CURBWT,CURBSRC,CARGOWT,CARGOSRC,INSPTYPE,INSPLAG,TOWED,SPEEDLIMIT,DRPRESENT,PARALCOHOL,ALCTEST,ALCTESTRESULT,ALCTESTSRC,PARDRUG,DRUGTEST,ZIP,RACE,ETHNICITY,RELTOJUNCT,TRAFFLOW,RDLANES,INITLANE,SURFTYPE,SURFCOND,ALIGNMENT,PROFILE,LINERIGHT,LINELEFT,RUMBINIT,RUMBROAD,LIGHTCOND,WEATHER,TRAFDEV,TRAFFUNCT,DISTRACT,PREFHE,PREMOVE,CRITCAT,CRITEVENT,MANEUVER,PRESTAB,PRELOC,CRASHCAT,CRASHCONF,CRASHTYPE,ROLLTYPE,ROLLTURN,ROLLINTRPT,ROLLPREMAN,ROLLINITYP,ROLLINLOC,ROLLOBJ,ROLLTRIP,ROLLDIR,ROLLDIST,DVANGTHIS,DVANGOTH,TOWHITCH,TRAJDOC,TREEPOLE,DVEVENT,DVBASIS,DVTOTAL,DVLONG,DVLAT,DVENERGY,DVSPEED,DVMOMENT,DVBES,DVEST,DVCONF,VAIS,VISS,VINJSEV,VINJURED,VTREAT,INITOBJCLASS,HEADANGLECAT,SHLDRWIDTH,STRKLENGTH,STRKWIDTH,STRKHEIGHT,EDGEDISTX,EDGEDISTY,EDGEDISTZ,CASEWGT,PSUSTRAT,VERSION
30445,13,85,1-13-2023-085-03,3,1,ZN661YUAXJX3,17,443,11446,7,0,69,40,2018,14,3,14,0,1,R,2,2109,5,0,1,1,44,2,64,1,8,0,995,0,7,0,76133,2,9,2,1,3,3,1,1,1,1,1,0,0,0,1,1,0,0,9,0,11,2,15,9,1,1,4,J,68,0,0,0,0,0,0,0,0,0,0,60,340,0,0,0,1,1,27,-14,-24,14390,998,98,11,0,4,0,0,0,0,0,0,995,0.0,30,30,65,6.2,0.4,6.3,908.2177411,7,8
30445,13,85,1-13-2023-085-03,3,2,3N1AB7AP2KY3,17,478,1907,13,0,35,43,2019,4,1,4,0,1,F,3,1315,5,0,1,1,47,2,64,1,8,0,995,0,7,0,76123,2,9,2,1,3,1,1,1,2,1,0,3,0,0,1,1,0,0,9,0,14,4,62,8,1,1,4,J,69,0,0,0,0,0,0,0,0,0,0,340,60,0,0,0,1,1,43,-33,28,236738,998,115,52,0,4,2,5,0,1,6,0,995,9.8,998,998,998,99.8,99.8,99.8,908.2177411,7,8
30446,13,86,1-13-2023-086-04,4,1,1GKS1DKLXPR3,17,472,1859,7,0,23,421,2023,15,3,15,0,1,R,9,2439,5,9999,9,0,998,5,64,1,8,0,995,0,7,0,76182,9,9,1,2,5,4,1,1,1,3,1,1,0,0,1,1,1,2,9,1,15,2,11,99,1,2,2,F,46,0,0,0,0,0,0,0,0,0,0,5,0,0,0,0,1,0,999,999,999,9999999,999,999,999,9,0,95,95,95,95,95,0,995,9.8,998,998,998,99.8,99.8,99.8,3331.236288,7,8
30446,13,86,1-13-2023-086-04,4,2,WAUENAF49KN0,17,582,3146,13,0,32,43,2019,4,1,4,0,1,L,1,1645,5,0,1,3,20,2,64,1,8,0,995,0,7,0,76177,9,1,1,2,5,3,1,1,1,3,3,1,0,0,1,1,1,2,9,0,1,4,60,99,1,1,2,F,45,0,0,0,0,0,0,0,0,0,0,0,5,0,0,0,1,12,999,999,999,9999999,999,999,999,6,0,0,0,0,0,0,0,995,9.8,998,998,998,99.8,99.8,99.8,3331.236288,7,8
30447,31,54,1-31-2023-054-07,7,1,1FADP3F23GL3,17,460,1779,13,0,12,37,2016,4,1,3,0,1,F,2,1340,5,0,1,5,4,3,113,1,0,0,995,0,0,0,65202,9,9,0,1,2,1,2,1,1,1,1,3,2,3,2,1,0,0,3,1,1,2,11,99,1,4,1,C,11,0,0,0,0,0,0,0,0,0,0,275,280,0,0,0,1,5,999,999,999,9999999,999,999,999,7,0,0,0,0,0,0,0,995,9.8,998,998,998,99.8,99.8,99.8,300.2151124,6,8
30447,31,54,1-31-2023-054-07,7,2,999999999999,99,99999,99999,999,0,99,999,1990,99,10,99,4,2,B,9,,,,,,,,,,,,,,,,,,,,,,,,,,,,,,,,,,,,,,,,,,,,,,,,,,,,,,,,,,,,,,,,,,,,,,,,95,95,95,95,95,,,,,,,,,,300.2151124,6,8
30448,31,55,1-31-2023-055-10,10,1,KNAGN4A79B51,17,499,2739,13,0,63,34,2011,4,1,4,0,1,F,1,1462,8,0,1,1,3,2,89,1,0,0,995,0,0,0,47715,9,9,0,4,2,1,4,1,1,2,0,0,0,0,5,1,0,0,9,1,1,1,6,99,2,4,1,A,2,0,0,0,0,0,0,0,0,0,0,998,998,0,0,0,1,12,999,999,999,9999999,999,999,999,6,0,0,0,0,0,0,0,998,0.0,62,54,999,21.7,8.4,23.1,858.974854,6,8
30449,32,91,1-32-2023-091-01,1,1,JNKCV51E53M3,17,480,2305,13,0,58,37,2003,4,1,4,0,1,F,3,1536,5,0,1,1,17,2,56,1,0,0,995,0,0,0,75081,3,9,2,1,3,3,1,1,1,1,3,0,0,0,1,1,0,0,9,1,1,1,8,1,1,4,1,B,6,0,0,0,0,0,0,0,0,0,0,998,998,0,0,0,1,1,51,-51,0,178722,998,-13,51,0,1,4,29,2,3,1,0,998,0.0,60,60,55,10.3,0.5,10.3,134.9012622,7,8
30451,10,100,1-10-2023-100-03,3,1,1GKKNKLS8LZ2,17,472,1855,7,0,23,423,2020,15,3,15,0,1,F,1,1923,5,0,1,1,7,2,56,1,0,0,995,0,0,0,45414,1,2,2,4,6,2,2,1,1,1,0,3,0,0,1,1,1,2,1,0,1,3,50,2,1,1,2,D,20,0,0,0,0,0,0,0,0,0,0,270,260,0,0,0,1,3,16,-16,0,21915,998,-55,15,0,4,1,1,0,1,4,0,995,9.8,998,998,998,99.8,99.8,99.8,134.9781089,4,8
30451,10,100,1-10-2023-100-03,3,2,1J4HR58N36C1,17,483,1949,7,0,2,404,2006,14,3,14,0,1,B,1,2116,5,9999,9,0,998,5,56,1,0,0,995,0,0,0,45414,9,9,2,4,6,2,2,1,1,1,0,3,0,0,1,1,1,2,1,0,5,3,53,1,1,1,2,D,21,0,0,0,0,0,0,0,0,0,0,260,270,0,0,0,1,3,16,16,3,26296,998,-45,17,0,4,95,95,95,95,95,0,995,9.8,998,998,998,99.8,99.8,99.8,134.9781089,4,8
30451,10,100,1-10-2023-100-03,3,3,W1NYC7HJ6MX3,17,449,2131,7,0,42,402,2021,14,3,14,0,1,B,9,2650,5,9999,9,0,998,5,56,1,0,0,995,0,0,0,45066,9,9,2,4,6,2,2,1,1,1,0,3,0,0,1,1,1,2,1,0,5,3,53,1,1,1,6,M,98,0,0,0,0,0,0,0,0,0,0,260,260,0,0,0,2,0,999,999,999,9999999,999,999,999,9,0,95,95,95,95,95,0,995,9.8,998,998,998,99.8,99.8,99.8,134.9781089,4,8
30452,10,101,1-10-2023-101-08,8,1,1FTRW12527FA,17,460,1801,60,0,12,481,2007,34,5,31,0,1,F,3,2363,5,0,1,4,46,2,56,1,1,1,290,2,0,0,45315,1,2,0,1,2,2,2,1,1,1,3,2,0,0,1,1,0,0,1,0,1,3,51,1,1,1,2,D,24,0,0,0,0,0,0,0,0,0,0,85,85,0,0,0,1,11,999,999,999,9999999,999,999,999,8,0,2,5,0,1,4,0,995,0.0,45,45,115,1.8,0.6,1.8,130.1880687,4,8
30452,10,101,1-10-2023-101-08,8,2,2CTALHEW6A63,17,472,1858,7,0,23,402,2010,14,3,14,0,1,B,3,1748,5,9999,9,4,46,2,56,1,0,1,0,2,0,0,45331,1,2,0,1,2,2,2,1,1,1,3,2,0,0,1,1,0,0,3,0,1,3,53,1,1,1,2,D,25,0,0,0,0,0,0,0,0,0,0,85,85,0,0,0,1,12,999,999,999,9999999,999,999,999,8,0,2,5,0,2,4,0,995,9.8,998,998,998,99.8,99.8,99.8,130.1880687,4,8
30454,10,103,1-10-2023-103-01,1,1,KM8JFCAE8PU1,17,498,2058,7,0,55,402,2023,14,3,14,0,1,F,2,1573,5,0,1,1,16,2,64,1,0,0,995,0,0,0,45439,9,9,2,4,5,2,2,1,1,1,3,1,0,0,3,1,1,2,9,0,1,2,17,99,1,1,5,L,88,0,0,0,0,0,0,0,0,0,0,5,275,0,0,0,1,1,32,-31,-6,81715,998,-34,34,0,1,9,97,0,2,5,0,995,9.8,998,998,998,99.8,99.8,99.8,114.2452463,4,8
30454,10,103,1-10-2023-103-01,1,2,JTNKARJE4GJ5,17,448,11501,5,0,67,37,2016,5,1,2,0,1,L,2,1335,5,0,1,1,16,2,56,1,0,1,0,3,0,1,45439,1,2,2,1,3,2,2,1,1,1,1,1,0,0,3,1,0,0,9,0,1,4,66,99,1,1,5,L,89,0,0,0,0,0,0,0,0,0,0,275,5,0,0,0,1,1,39,-7,38,107498,998,-86,37,0,1,6,75,1,1,1,0,995,0.0,999,999,999,99.9,99.9,99.9,114.2452463,4,8
30455,54,48,1-54-2023-048-04,4,1,5TDKZRFH3KS3,17,448,2213,7,0,49,403,2019,14,3,14,0,1,R,1,1965,5,0,1,1,11,2,64,1,0,0,995,0,0,0,35654,9,1,2,4,2,1,2,1,3,1,0,2,0,0,1,8,2,2,2,0,14,2,17,1,1,1,5,L,90,0,0,0,0,0,0,0,0,0,0,330,250,0,0,0,1,1,11,-4,-10,18325,998,-143,10,0,1,0,0,0,0,0,0,995,9.8,998,998,998,99.8,99.8,99.8,309.9535922,9,8
30455,54,48,1-54-2023-048-04,4,2,1LNLM81W0NY6,17,464,1791,13,0,13,1,1992,4,1,5,0,1,L,1,1830,5,0,1,1,4,2,72,1,0,0,995,0,0,0,35646,1,9,2,4,2,1,2,1,1,1,1,2,0,0,1,8,0,0,9,0,1,4,66,99,1,1,5,L,90,0,0,0,0,0,0,0,0,0,0,250,330,0,0,0,1,1,13,-11,6,12613,998,-9,13,0,1,1,2,0,1,4,0,995,9.8,998,998,998,99.8,99.8,99.8,309.9535922,9,8
30456,52,78,1-52-2023-078-03,3,1,1N4BL4CV5MN4,17,478,1904,13,0,35,47,2021,4,1,4,0,1,F,3,1545,5,0,1,1,26,2,56,1,1,8,997,8,0,0,59101,1,1,0,4,2,1,2,1,3,1,1,2,0,0,2,1,0,0,1,1,14,2,13,1,1,4,1,A,1,0,0,0,0,0,0,0,0,0,0,998,998,0,0,0,1,1,42,-42,0,107344,998,0,41,0,4,1,1,0,1,4,0,998,2.6,120,57,87,25.7,2.6,26.2,82.1166528,12,8
30457,52,79,1-52-2023-079-09,9,1,2T2HK31U58C0,17,515,2214,7,0,59,403,2008,14,3,14,0,1,R,1,1855,5,0,1,1,33,2,80,1,0,0,995,0,0,0,59102,1,9,2,4,2,1,2,1,1,1,1,2,0,0,1,1,2,2,9,0,1,2,17,99,1,1,5,L,87,1,2,2,5,7,1,2,2,2,10,90,10,0,0,0,1,1,23,-12,-20,88795,998,64,31,0,1,1,2,0,1,4,1,995,9.8,998,998,998,99.8,99.8,99.8,625.8802714,12,8
30457,52,79,1-52-2023-079-09,9,2,1FTCR10A6VUB,17,460,1803,60,0,12,471,1997,34,5,30,0,1,F,2,1347,5,9999,9,1,33,2,80,1,0,0,995,0,0,0,59101,9,9,2,4,2,1,2,1,1,1,1,2,0,0,1,1,0,0,9,0,1,4,66,99,1,1,5,L,86,0,0,0,0,0,0,0,0,0,0,10,90,0,0,0,1,1,31,-24,20,60038,998,132,24,0,1,0,0,0,0,0,0,995,9.8,998,998,998,99.8,99.8,99.8,625.8802714,12,8
30458,52,80,1-52-2023-080-07,7,1,3TMLU4EN7FM2,17,448,2223,60,0,49,472,2015,34,5,31,0,1,T,2,1887,5,46,1,1,31,2,129,1,0,0,995,0,0,0,38485,9,9,0,1,2,2,2,2,3,1,3,2,1,3,1,2,0,0,9,1,14,1,6,4,3,4,1,B,7,1,6,2,2,1,4,61,1,2,23,997,997,0,0,0,1,6,999,999,999,9999999,999,999,999,7,0,0,0,0,0,0,3,997,9.8,998,998,998,99.8,99.8,99.8,845.4468786,12,8
30459,48,48,1-48-2023-048-04,4,1,3GCUYDETXMG3,17,467,1850,60,0,20,481,2021,34,5,31,0,1,F,1,2208,5,0,1,1,8,2,129,1,0,0,995,0,0,0,83252,1,2,0,2,2,1,1,1,1,1,1,3,2,3,2,1,0,0,2,0,1,3,51,1,1,1,2,D,24,0,0,0,0,0,0,0,0,0,0,15,30,0,0,0,1,1,23,-22,-4,46938,998,3,23,0,4,1,1,0,1,0,0,995,9.8,998,998,998,99.8,99.8,99.8,181.3734565,12,8
30459,48,48,1-48-2023-048-04,4,2,JT4RN38D1B00,17,448,14263,60,0,49,471,1981,34,5,30,0,1,B,2,1142,5,454,1,1,8,2,129,1,0,0,995,0,0,0,83822,9,9,0,2,2,1,1,1,1,1,1,3,2,3,2,1,0,0,1,0,1,3,53,1,1,1,2,D,25,1,1,2,2,3,4,31,1,1,12,30,15,0,0,0,1,1,32,31,-6,88106,998,74,32,0,4,9,97,0,1,8,2,995,9.8,998,998,998,99.8,99.8,99.8,181.3734565,12,8
30461,48,50,1-48-2023-050-09,9,1,JT4RN63A4J50,17,448,14263,60,0,49,471,1988,34,5,30,0,1,T,2,9999,9,0,1,1,4,2,97,1,0,0,995,0,0,0,84314,9,9,0,4,2,1,2,1,1,1,1,4,1,0,1,1,0,0,9,1,1,1,9,98,3,4,1,A,2,1,4,2,2,1,3,61,1,2,12,997,997,0,1,0,3,6,999,999,999,9999999,999,999,999,7,0,9,97,0,1,0,3,997,0.6,10,1,-120,21.2,3.6,21.3,269.5015093,12,8
30462,73,88,1-73-2023-088-01,1,1,1C3CDZAB2EN1,17,476,1892,13,0,7,26,2014,4,1,3,0,1,T,3,1539,5,9999,9,4,18,2,40,1,8,0,995,0,7,0,04978,9,9,0,4,2,1,2,1,3,1,1,2,0,0,3,1,0,0,1,1,14,2,13,1,1,4,1,A,1,0,0,0,0,0,0,0,0,0,0,998,998,0,0,1,4,7,999,999,999,9999999,999,999,999,8,0,9,97,1,1,1,0,998,1.6,999,999,999,34.7,3.9,35.0,30.71461613,3,8
30462,73,88,1-73-2023-088-01,1,2,JM1BL1L87C16,17,473,2074,5,0,41,51,2012,5,1,2,0,2,R,9,1387,5,9999,9,0,998,,,,,,,,,,,,,,,,,,,,,,,,,,,,,,,,,,,,,,,,,,,,,,,,,,,,,,,,,,,,,,,,,,95,95,95,95,95,,,,,,,,,,30.71461613,3,8
30464,18,50,1-18-2023-050-05,5,1,1FMCU9G98GUA,17,460,1798,7,0,12,402,2016,14,3,14,0,1,F,2,1713,5,0,1,1,13,2,89,1,1,1,215,2,1,2,54730,1,9,2,4,2,1,2,1,1,1,1,2,0,0,4,1,2,2,9,0,1,2,14,99,2,4,1,C,14,0,0,0,0,0,0,0,0,0,0,998,998,0,1,0,1,10,999,999,999,9999999,999,-69,25,3,0,2,5,0,1,3,0,998,0.2,999,999,999,0.8,0.0,0.8,45.33580898,6,8
30465,18,51,1-18-2023-051-03,3,1,5LMJJ2LT2KEL,17,464,1814,7,0,13,421,2019,15,3,15,0,1,F,1,2656,5,0,1,1,36,2,113,1,0,0,995,0,0,0,61525,1,2,0,1,2,2,2,1,1,9,3,2,1,3,1,1,0,0,1,0,1,6,87,3,2,1,1,C,13,0,0,0,0,0,0,0,0,0,0,998,998,0,0,0,1,12,999,999,999,9999999,999,999,999,6,0,1,1,0,1,0,0,998,9.8,998,998,998,99.8,99.8,99.8,175.0700216,6,8
30466,77,54,1-77-2023-054-03,3,1,2HKRW2H81LH6,17,474,1865,7,0,37,402,2020,14,3,14,0,1,B,1,1580,5,0,1,1,7,2,64,1,0,0,995,0,0,0,22942,9,9,0,1,4,3,2,1,1,4,3,1,0,0,1,1,0,0,1,0,2,3,53,1,1,1,2,D,29,0,0,0,0,0,0,0,0,0,0,60,60,0,0,0,1,1,16,16,0,7866,998,-33,11,0,4,99,99,0,0,0,0,995,9.8,998,998,998,99.8,99.8,99.8,216.4816611,9,8
30466,77,54,1-77-2023-054-03,3,2,KMHCN4AC7BU6,17,498,2773,13,0,55,36,2011,4,1,1,0,1,F,1,1080,5,0,1,1,6,2,64,1,0,0,995,0,0,0,22903,9,9,0,1,4,3,2,1,1,4,3,1,0,0,1,1,0,0,1,0,1,3,52,99,1,1,2,D,28,0,0,0,0,0,0,0,0,0,0,60,60,0,0,0,1,1,23,-23,0,34982,998,-36,27,0,4,99,99,0,0,0,0,995,9.8,998,998,998,99.8,99.8,99.8,216.4816611,9,8
30467,12,60,1-12-2023-060-04,4,1,1G1PA5SH5E73,17,467,1832,13,0,20,25,2014,4,1,3,0,1,F,3,1407,5,0,1,1,29,2,121,1,0,0,995,0,0,0,75119,7,2,0,2,2,2,1,1,1,9,3,2,1,3,3,8,0,0,1,1,1,3,52,4,1,2,2,D,28,0,0,0,0,0,0,0,0,0,0,10,10,0,0,0,2,1,48,-47,8,163966,998,7,54,0,4,1,1,0,1,4,0,995,3.2,999,999,999,3.8,1.0,4.0,2422.783743,9,8
30467,12,60,1-12-2023-060-04,4,2,WBA5R7C0XLFH,17,452,2777,13,0,34,34,2020,4,1,4,0,1,B,9,1585,5,9999,9,0,998,5,121,1,0,0,995,0,0,0,73401,9,9,0,2,2,2,1,1,1,9,3,2,1,3,3,8,0,0,9,0,1,3,53,99,1,1,2,D,29,0,0,0,0,0,0,0,0,0,0,5,5,0,0,0,1,0,999,999,999,9999999,999,999,999,9,0,95,95,95,95,95,0,995,9.8,998,998,998,99.8,99.8,99.8,2422.783743,9,8
30467,12,60,1-12-2023-060-04,4,3,1FMCU0G6XLUB,17,460,1798,7,0,12,402,2020,14,3,14,0,1,B,3,1496,5,0,1,1,27,2,121,1,0,0,995,0,0,0,76210,1,2,0,2,2,1,1,1,1,2,2,3,2,3,3,8,0,0,1,0,2,3,53,4,1,1,6,M,98,0,0,0,0,0,0,0,0,0,0,10,10,0,0,0,2,1,44,43,-8,84987,998,22,37,0,4,0,0,0,0,0,0,995,9.8,998,998,998,99.8,99.8,99.8,2422.783743,9,8
30468,59,77,1-59-2023-077-06,6,1,KL4CJCSB4FB2,17,468,1842,7,0,18,404,2015,14,3,14,0,1,F,1,1468,5,0,1,1,5,2,64,1,0,0,995,0,0,0,47802,9,9,3,4,2,1,2,1,1,1,1,2,0,0,1,1,3,2,2,0,1,2,17,99,1,1,5,L,88,0,0,0,0,0,0,0,0,0,0,280,170,0,0,0,1,1,18,-16,-9,22343,998,-57,18,0,1,1,1,0,1,4,0,995,9.8,998,998,998,99.8,99.8,99.8,556.2511084,6,8
30468,59,77,1-59-2023-077-06,6,2,4S3BNBH60G30,17,523,2232,13,0,48,34,2016,4,1,3,0,1,L,1,1543,5,0,1,1,4,2,64,1,0,0,995,0,0,0,47885,9,9,3,1,4,3,2,1,1,1,3,1,0,0,1,1,0,0,9,0,1,4,71,4,1,1,5,L,89,0,0,0,0,0,0,0,0,0,0,170,280,0,0,0,1,1,16,-12,10,34216,998,-144,16,0,1,0,0,0,0,4,0,995,9.8,998,998,998,99.8,99.8,99.8,556.2511084,6,8
30469,59,78,1-59-2023-078-03,3,1,1G1ZB5ST3KF1,17,467,1834,13,0,20,37,2019,4,1,4,0,1,R,1,1400,5,0,1,1,4,2,48,1,0,0,995,0,0,0,47874,9,9,2,4,4,1,2,2,1,1,0,1,0,0,2,2,1,1,9,0,1,2,17,99,1,1,5,L,87,0,0,0,0,0,0,0,0,0,0,180,90,0,0,0,1,3,14,-9,-11,21148,998,-48,18,0,4,1,1,0,1,0,0,995,9.8,998,998,998,99.8,99.8,99.8,165.7963385,6,8
30469,59,78,1-59-2023-078-03,3,2,1GCEC14K1NZ2,17,467,10978,60,0,20,481,1992,34,5,31,0,1,F,1,1680,5,9999,9,0,998,2,48,1,0,0,995,0,0,0,47807,9,9,2,4,3,1,2,2,1,1,0,1,0,0,2,2,1,1,9,0,1,4,66,99,1,1,5,L,86,0,0,0,0,0,0,0,0,0,0,90,180,0,0,0,1,3,12,-9,8,13145,998,148,10,0,4,1,1,0,1,4,0,995,9.8,998,998,998,99.8,99.8,99.8,165.7963385,6,8
30470,27,59,1-27-2023-059-04,4,1,JTMBFREV0FJ0,17,448,2217,7,0,49,402,2015,14,3,14,0,1,R,2,1600,5,0,1,1,6,2,48,1,0,0,995,0,0,0,01201,9,9,2,4,4,2,2,1,1,1,3,2,0,0,1,1,0,0,1,0,11,2,15,2,1,1,4,J,68,0,0,0,0,0,0,0,0,0,0,135,25,0,0,0,1,1,27,-17,-20,17013,998,-59,15,0,4,0,0,0,0,0,0,995,9.8,998,998,998,99.8,99.8,99.8,74.01082037,3,8
30470,27,59,1-27-2023-059-04,4,2,JTEAAAAH5NJ1,17,448,3005,7,0,49,498,2022,14,3,14,0,1,F,2,1745,5,0,1,1,6,2,48,1,0,0,995,0,0,0,01201,3,2,2,4,4,1,2,1,3,1,1,3,0,0,1,1,0,0,1,0,14,4,62,4,1,1,4,J,69,0,0,0,0,0,0,0,0,0,0,25,135,0,0,0,1,1,25,-23,8,82582,998,34,33,0,4,1,2,0,1,4,0,995,9.8,998,998,998,99.8,99.8,99.8,74.01082037,3,8
30471,27,60,1-27-2023-060-09,9,1,4T1BE46K79U8,17,448,2469,13,0,49,40,2009,4,1,4,0,1,F,1,1500,5,0,1,1,3,2,48,1,0,0,995,0,0,0,01201,9,9,2,4,2,1,2,1,1,2,0,2,0,0,1,1,1,2,9,0,1,2,17,2,1,1,5,L,88,0,0,0,0,0,0,0,0,0,0,110,20,0,0,0,1,1,13,-13,-2,14114,998,-36,15,0,4,0,0,0,0,0,0,995,9.8,998,998,998,99.8,99.8,99.8,172.9147911,3,8
30471,27,60,1-27-2023-060-09,9,2,1N4AL2APXAN4,17,478,1904,13,0,35,47,2010,4,1,4,0,1,L,1,1437,5,0,1,1,3,2,48,1,0,0,995,0,0,0,01201,2,2,2,4,2,1,2,1,1,1,0,0,0,0,1,1,1,2,2,0,1,4,66,99,1,1,5,L,89,0,0,0,0,0,0,0,0,0,0,20,110,0,0,0,1,1,13,-2,13,9418,998,74,11,0,4,1,1,0,1,4,0,995,0.0,999,999,999,0.3,3.4,3.4,172.9147911,3,8
30472,27,61,1-27-2023-061-09,9,1,JF1GPAD65CH2,17,523,2235,15,0,48,38,2012,6,1,3,0,1,F,1,1320,5,48,1,1,3,2,48,1,0,0,995,0,0,0,01201,1,2,0,4,2,1,2,1,1,1,1,2,0,0,1,1,0,0,9,0,1,3,50,98,1,1,2,D,20,0,0,0,0,0,0,0,0,0,0,25,15,0,0,0,1,3,24,-23,4,23719,998,1,21,0,4,1,1,0,1,4,0,995,9.8,998,998,998,99.8,99.8,99.8,172.9147911,3,8
30472,27,61,1-27-2023-061-09,9,2,5TFUY5F14JX7,17,448,2467,60,0,49,482,2018,34,5,31,0,1,B,1,2450,5,9999,9,0,998,5,48,1,0,9,998,8,0,9,06790,9,9,0,4,2,1,2,1,1,1,1,2,0,0,1,1,0,0,1,0,5,3,53,1,1,1,2,D,21,0,0,0,0,0,0,0,0,0,0,15,25,0,1,0,1,3,14,14,0,26483,998,0,17,0,4,95,95,95,95,95,0,995,9.8,998,998,998,99.8,99.8,99.8,172.9147911,3,8
30474,21,58,1-21-2023-058-01,1,1,4S3BNAN65J30,17,523,2232,13,0,48,34,2018,4,1,3,0,1,F,3,1543,5,0,1,1,127,2,105,1,0,1,0,2,0,1,93555,9,1,0,4,2,1,2,1,1,1,1,2,3,3,1,1,0,0,9,1,6,3,54,3,1,2,3,G,52,0,0,0,0,0,0,0,0,0,0,350,180,0,0,0,1,1,98,-96,-17,698438,998,-29,104,0,4,2,5,0,1,3,0,995,9.8,998,998,998,99.8,99.8,99.8,42.72072021,11,8
30474,21,58,1-21-2023-058-01,1,2,JN8AF5MV0CT1,17,478,1912,8,0,35,403,2012,14,3,14,0,1,F,3,1430,5,0,1,1,125,2,105,1,0,0,995,0,0,0,93555,9,9,0,4,2,1,2,1,1,1,1,2,3,3,1,1,0,0,9,0,1,3,54,99,1,1,3,G,52,0,0,0,0,0,0,0,0,0,0,180,350,0,0,0,1,1,98,-98,0,524550,998,5,92,0,4,1,1,2,2,1,0,995,9.8,998,998,998,99.8,99.8,99.8,42.72072021,11,8
30475,21,59,1-21-2023-059-03,3,1,JTEBU5JR3K56,17,448,2216,7,0,49,401,2019,14,3,14,0,1,T,1,2111,5,9999,9,4,30,2,56,1,0,0,995,0,0,0,92324,9,1,0,4,2,1,2,1,1,1,0,2,0,0,1,1,0,0,9,1,1,2,13,99,1,4,1,A,1,1,2,2,5,1,1,61,1,2,10,997,997,0,0,0,2,6,999,999,999,9999999,999,999,999,6,0,0,0,0,0,4,3,997,0.0,999,999,999,5.1,1.2,5.1,314.5130124,11,8
30477,33,46,1-33-2023-046-10,10,1,YV1MS6828520,17,485,3127,13,0,51,46,2005,4,1,2,0,1,9,9,1345,5,9999,9,0,998,2,89,1,0,0,995,0,0,0,95814,1,9,0,4,2,1,2,1,2,1,1,2,0,0,1,1,0,0,9,1,14,6,87,7,1,4,1,B,8,0,0,0,0,0,0,0,0,0,0,998,998,0,1,0,1,0,999,999,999,9999999,999,999,999,9,0,0,0,0,0,0,0,998,0.8,120,46,48,1.9,1.6,2.4,2187.579993,12,8
30479,22,48,1-22-2023-048-01,1,1,KL1TD56627B1,17,467,1828,13,0,20,39,2007,4,1,1,0,1,F,3,1148,5,0,1,1,15,2,89,1,0,8,997,8,0,3,83535,9,9,0,4,4,1,2,1,1,1,1,1,0,0,1,1,6,2,9,1,1,2,12,99,1,4,1,B,6,0,0,0,0,0,0,0,0,0,0,998,998,0,0,1,4,1,71,-71,0,238321,998,-8,70,0,4,3,10,1,1,2,0,998,1.0,120,120,-120,50.6,6.9,51.1,42.48962388,12,8
30481,17,87,1-17-2023-087-05,5,1,3N1CP5CU9JL5,17,478,22791,5,0,35,56,2018,5,1,2,0,1,F,3,1197,8,0,1,1,5,2,89,1,0,1,230,2,0,2,61201,9,9,2,4,2,1,2,1,1,1,1,4,0,0,1,1,0,0,9,0,1,3,51,99,1,1,2,D,24,0,0,0,0,0,0,0,0,0,0,190,150,0,0,0,1,3,73,-72,13,215655,998,16,66,0,4,5,45,1,1,3,0,995,9.8,998,998,998,99.8,99.8,99.8,70.01329971,4,8
30481,17,87,1-17-2023-087-05,5,2,3C6UR5ML8HG6,17,496,13621,60,0,7,482,2017,34,5,31,0,1,B,2,3200,5,9999,9,0,998,5,89,1,0,1,0,1,0,0,52206,9,9,2,4,2,1,2,1,1,1,1,4,0,0,1,1,0,0,9,0,11,3,53,99,1,1,2,D,26,0,0,0,0,0,0,0,0,0,0,150,190,0,0,0,1,3,29,25,15,240790,998,-168,33,0,4,95,95,95,95,95,0,995,9.8,998,998,998,99.8,99.8,99.8,70.01329971,4,8
30482,26,73,1-26-2023-073-03,3,1,1HGCV3F21NA0,17,474,1861,13,0,37,32,2022,4,1,4,0,1,F,2,1462,5,0,1,1,18,2,64,1,0,1,0,2,0,1,95758,2,9,2,1,4,3,2,1,1,1,3,1,0,0,1,1,1,2,1,0,1,2,17,4,1,1,5,L,88,0,0,0,0,0,0,0,0,0,0,85,355,0,0,0,1,1,28,-18,-21,125696,998,-153,32,0,1,3,14,1,1,3,0,995,9.8,998,998,998,99.8,99.8,99.8,1154.797748,10,8