CASEID,PSU,CASENO,CASENUMBER,CATEGORY,VEHNO,VIN,VINLENGTH,VPICMAKE,VPICMODEL,VPICBODYCLASS,ICFINALBODY,MAKE,MODEL,MODELYR,BODYTYPE,BODYCAT,VEHCLASS,SPECUSE,TRANSTAT,DAMPLANE,DAMSEV,CURBWT,CURBSRC,CARGOWT,CARGOSRC,INSPTYPE,INSPLAG,TOWED,SPEEDLIMIT,DRPRESENT,PARALCOHOL,ALCTEST,ALCTESTRESULT,ALCTESTSRC,PARDRUG,DRUGTEST,ZIP,RACE,ETHNICITY,RELTOJUNCT,TRAFFLOW,RDLANES,INITLANE,SURFTYPE,SURFCOND,ALIGNMENT,PROFILE,LINERIGHT,LINELEFT,RUMBINIT,RUMBROAD,LIGHTCOND,WEATHER,TRAFDEV,TRAFFUNCT,DISTRACT,PREFHE,PREMOVE,CRITCAT,CRITEVENT,MANEUVER,PRESTAB,PRELOC,CRASHCAT,CRASHCONF,CRASHTYPE,ROLLTYPE,ROLLTURN,ROLLINTRPT,ROLLPREMAN,ROLLINITYP,ROLLINLOC,ROLLOBJ,ROLLTRIP,ROLLDIR,ROLLDIST,DVANGTHIS,DVANGOTH,TOWHITCH,TRAJDOC,TREEPOLE,DVEVENT,DVBASIS,DVTOTAL,DVLONG,DVLAT,DVENERGY,DVSPEED,DVMOMENT,DVBES,DVEST,DVCONF,VAIS,VISS,VINJSEV,VINJURED,VTREAT,INITOBJCLASS,HEADANGLECAT,SHLDRWIDTH,STRKLENGTH,STRKWIDTH,STRKHEIGHT,EDGEDISTX,EDGEDISTY,EDGEDISTZ,CASEWGT,PSUSTRAT,VERSION
30482,26,73,1-26-2023-073-03,3,2,3G1BC6SM0KS6,17,467,1832,5,0,20,25,2019,5,1,3,0,1,L,2,1312,5,0,1,1,17,2,56,1,0,1,0,2,0,1,95825,2,9,2,4,4,1,2,1,1,1,0,3,0,0,1,1,1,2,1,0,1,4,66,1,1,1,5,L,89,0,0,0,0,0,0,0,0,0,0,355,85,0,1,0,1,1,31,-24,20,24650,998,13,21,0,1,3,11,1,1,3,0,995,0.0,55,15,5,0.0,0.0,0.0,1154.797748,10,8
30482,26,73,1-26-2023-073-03,3,3,1N6AD0ER1FN7,17,478,1919,60,0,35,472,2015,34,5,30,0,1,R,1,2154,5,0,1,1,18,2,64,1,0,0,995,0,0,0,95825,9,1,2,1,3,1,2,1,1,4,0,3,0,0,1,1,1,2,1,0,5,4,62,1,1,1,6,M,98,0,0,0,0,0,0,0,0,0,0,998,998,0,1,1,6,1,13,2,-13,16172,998,-30,13,0,1,1,1,0,1,4,0,998,0.0,90,15,14,0.0,0.0,0.0,1154.797748,10,8
30483,20,65,1-20-2023-065-05,5,1,3C4PDCBB8HT6,17,476,1939,7,0,7,27,2017,6,1,4,0,1,T,2,1735,5,0,1,1,29,2,89,1,0,0,995,0,0,0,93933,1,9,0,4,2,1,2,1,2,1,0,0,0,0,1,1,6,2,1,1,14,2,12,4,2,4,1,B,6,1,6,9,2,5,4,31,6,2,39,997,997,0,0,0,3,6,999,999,999,9999999,999,999,999,7,0,9,97,0,1,8,2,997,0.0,120,120,120,5.8,1.6,6.2,98.30356745,11,8
30484,19,90,1-19-2023-090-02,2,1,1FA6P8TH1K51,17,460,1781,3,0,12,3,2019,2,1,3,0,1,L,2,1607,5,0,1,1,4,2,56,1,0,0,995,0,0,0,35901,1,9,0,4,2,1,2,1,3,1,0,0,0,0,1,1,0,0,9,1,14,2,13,99,2,4,1,A,1,1,2,2,2,1,4,61,1,2,9,998,998,0,1,7,5,10,999,999,999,9999999,999,-66,25,3,0,1,1,0,1,4,3,998,0.0,37,37,120,31.9,5.6,31.4,43.98969372,9,8
30485,19,91,1-19-2023-091-10,10,1,1FTZF1727YKA,17,460,1801,60,0,12,481,2000,34,5,31,0,1,R,1,1769,5,0,1,1,7,2,56,1,0,0,995,0,0,0,35952,1,9,0,4,2,1,2,1,2,2,0,0,0,0,2,1,0,0,9,1,14,2,13,1,1,4,1,A,1,0,0,0,0,0,0,0,0,0,0,998,998,0,1,1,1,1,9,-9,0,8299,998,93,9,0,1,0,0,0,0,0,0,998,0.0,40,40,120,26.6,2.3,26.8,4703.894276,9,8
30486,29,46,1-29-2023-046-09,9,1,JF1SG63687H7,17,523,2234,7,0,48,401,2007,14,3,14,0,1,T,3,1425,5,0,1,1,12,2,105,1,0,1,0,2,0,0,02723,2,2,0,2,2,2,2,1,1,9,3,2,0,2,4,8,0,0,9,1,1,2,12,99,9,4,1,B,6,1,2,2,2,4,4,48,4,2,20,997,997,0,0,0,2,6,999,999,999,9999999,999,999,999,8,0,2,5,0,1,3,3,997,2.6,999,999,999,18.2,8.7,20.4,345.3588035,2,8
30487,29,47,1-29-2023-047-06,6,1,5J6RW2H59HL0,17,474,1865,7,0,37,402,2017,14,3,14,0,1,F,2,1580,5,0,1,1,12,2,56,1,8,0,995,0,7,0,01360,9,9,3,4,2,1,2,1,3,1,1,2,0,0,1,1,0,0,2,0,11,2,15,1,1,1,4,J,68,0,0,0,0,0,0,0,0,0,0,310,140,0,1,0,1,5,999,999,999,9999999,999,999,25,3,0,1,1,0,2,99,0,995,9.8,998,998,998,99.8,99.8,99.8,156.8551466,2,8
30487,29,47,1-29-2023-047-06,6,2,WB10J3300KZ7,17,452,1760,98,0,34,706,2019,80,9,80,0,1,F,9,,,,,,,2,56,1,0,0,995,0,0,0,01081,9,9,3,4,2,1,2,1,2,1,1,2,0,0,1,1,0,0,9,0,14,4,62,99,9,1,4,J,69,,,,,,,,,,,,,,,,,,,,,,,,,,,95,95,95,95,95,,,9.8,998,998,998,99.8,99.8,99.8,156.8551466,2,8
30488,29,48,1-29-2023-048-03,3,1,5XXG64J21PG2,17,499,27527,13,0,63,398,2023,4,1,4,0,1,F,2,1464,2,0,1,1,5,2,48,1,1,0,995,0,7,8,99999,9,9,0,4,2,1,2,1,1,1,0,0,0,0,3,1,0,0,9,1,1,2,11,99,1,4,1,C,11,0,0,0,0,0,0,0,0,0,0,100,100,0,0,0,1,12,999,999,999,9999999,999,999,999,7,0,99,99,0,0,99,0,995,9.8,998,998,998,99.8,99.8,99.8,56.17477617,2,8
30488,29,48,1-29-2023-048-03,3,2,1J8FF28W08D5,17,483,1947,7,0,2,407,2008,14,3,14,0,2,L,2,1410,8,9999,9,4,5,,,,,,,,,,,,,,,,,,,,,,,,,,,,,,,,,,,,,,,,,,,,,,,,,,,,,,,,,,,,,,,,,,95,95,95,95,95,,,,,,,,,,56.17477617,2,8
30489,11,46,1-11-2023-046-08,8,1,9BWGK61JX240,17,482,3133,5,0,30,42,2002,5,1,1,0,1,L,1,1314,5,0,1,1,30,2,40,1,0,0,995,0,0,0,23112,1,2,2,4,2,1,2,1,2,9,0,0,0,0,1,1,2,2,1,0,11,2,15,10,1,1,4,K,82,0,0,0,0,0,0,0,0,0,0,290,35,0,0,0,1,3,19,-9,16,27510,998,-69,20,0,4,1,1,0,1,4,0,995,9.8,998,998,998,99.8,99.8,99.8,1548.931572,8,8
30489,11,46,1-11-2023-046-08,8,2,1FTRX02W85KE,17,460,1801,60,0,12,481,2005,34,5,31,0,1,F,1,2320,5,9999,9,0,998,2,56,1,0,0,995,0,0,0,23112,9,9,2,4,2,1,2,1,3,9,0,2,0,0,1,1,0,0,1,0,14,4,67,7,1,3,4,K,83,0,0,0,0,0,0,0,0,0,0,35,290,0,0,0,1,3,11,-10,-4,10290,998,-87,9,0,4,9,97,0,1,99,0,995,9.8,998,998,998,99.8,99.8,99.8,1548.931572,8,8
30490,24,74,1-24-2023-074-03,3,1,JTHD51GF6N50,17,515,2182,13,0,59,32,2022,4,1,4,0,1,F,9,2660,5,9999,9,0,998,2,72,1,0,0,995,0,0,0,19444,1,2,2,4,6,3,2,1,1,1,1,1,0,0,1,1,1,2,9,1,15,2,12,99,9,4,1,B,6,0,0,0,0,0,0,0,0,0,0,998,998,0,0,6,1,0,999,999,999,9999999,999,999,999,9,0,0,0,0,0,0,0,998,0.0,999,999,999,0.0,0.0,0.0,413.2216135,1,8
30491,28,50,1-28-2023-050-09,9,1,3D7KS28L49G5,17,476,1938,60,0,7,482,2009,34,5,31,0,1,F,1,2719,5,0,1,1,36,2,89,1,0,0,995,0,0,0,16901,9,9,3,4,2,1,2,1,1,1,1,2,3,3,1,1,0,0,3,0,1,3,52,99,1,1,2,D,28,0,0,0,0,0,0,0,0,0,0,235,235,0,1,0,1,1,18,-18,0,37414,998,0,19,0,4,0,0,0,0,0,0,995,9.8,998,998,998,99.8,99.8,99.8,47.6282045,3,8
30491,28,50,1-28-2023-050-09,9,2,1ZVFT82H5752,17,460,1781,3,0,12,3,2007,2,1,3,0,1,B,2,1582,5,0,1,1,20,2,89,1,0,0,995,0,0,0,16933,9,9,3,4,2,1,2,1,1,1,1,2,3,3,1,1,0,0,1,0,2,3,53,1,1,1,2,D,30,0,0,0,0,0,0,0,0,0,0,235,235,0,0,0,1,1,31,31,0,60425,998,0,31,0,4,1,3,0,1,4,0,995,2.1,61,120,80,20.5,20.0,28.6,47.6282045,3,8
30492,28,51,1-28-2023-051-08,8,1,1G1AB1F55A72,17,467,4234,3,0,20,22,2010,2,1,2,0,1,T,1,1239,5,0,1,1,14,2,48,1,0,1,0,2,0,0,16942,1,9,0,1,2,1,1,1,3,1,1,2,1,0,1,1,6,2,9,1,14,2,13,1,2,4,1,A,1,1,6,2,2,1,4,61,1,2,27,997,997,0,0,0,3,6,999,999,999,9999999,999,999,999,6,0,3,10,1,1,3,3,997,0.6,120,112,-120,21.0,1.9,21.2,53.0882662,3,8
30493,16,65,1-16-2023-065-01,1,1,3KPF24AD2LE1,17,499,2462,13,0,63,38,2020,4,1,3,0,1,F,3,1256,5,0,1,1,82,2,40,1,0,1,190,3,0,1,45030,1,2,0,4,2,1,2,1,2,1,1,2,0,0,2,8,6,2,1,1,14,2,12,99,1,4,1,B,6,0,0,0,0,0,0,0,0,0,0,998,998,0,0,0,1,10,999,999,999,9999999,999,999,999,8,0,3,10,1,1,1,0,998,0.5,120,7,80,4.6,0.5,4.4,31.77289712,5,8
30494,16,66,1-16-2023-066-01,1,1,5YJ3E1EB8LF6,17,441,17834,13,0,29,5,2020,4,1,4,0,1,L,1,1645,5,0,1,2,65,5,105,1,0,0,995,0,0,0,45230,9,9,0,1,3,1,2,1,1,1,1,3,2,3,1,1,0,0,1,0,1,4,62,99,1,1,6,M,98,0,0,0,0,0,0,0,0,0,0,290,240,0,0,0,3,3,5,-4,4,5002,998,-150,6,0,4,95,95,95,95,95,0,995,9.8,998,998,998,99.8,99.8,99.8,31.77289712,5,8
30494,16,66,1-16-2023-066-01,1,2,2NP3LJ0X5HM4,17,495,2798,11,0,87,881,2017,63,8,60,0,1,F,9,,,,,,,2,105,1,0,0,995,0,0,0,41005,9,9,0,1,3,2,2,1,1,1,3,3,0,3,1,1,0,0,1,0,1,4,60,4,1,1,6,M,98,,,,,,,,,,,,,,,,,,,,,,,,,,,95,95,95,95,95,,,9.8,998,998,998,99.8,99.8,99.8,31.77289712,5,8
30494,16,66,1-16-2023-066-01,1,3,KMHHN65F14U1,17,498,5847,3,0,55,37,2004,3,1,1,0,1,R,1,1333,5,0,1,1,59,2,105,1,0,0,995,0,0,0,45154,9,9,0,1,3,2,2,1,1,1,3,3,0,3,1,1,0,0,1,1,6,2,11,99,1,2,2,F,46,0,0,0,0,0,0,0,0,0,0,110,105,0,0,0,1,8,999,999,999,9999999,999,999,999,6,0,0,0,0,0,0,0,995,9.8,998,998,998,99.8,99.8,99.8,31.77289712,5,8
30494,16,66,1-16-2023-066-01,1,4,2T1BURHE5KC1,17,448,2208,13,0,49,32,2019,4,1,3,0,1,L,3,1265,5,0,1,5,59,2,105,1,0,1,0,3,0,2,41048,9,9,0,1,3,1,2,1,1,1,3,1,2,3,1,1,0,0,1,1,1,4,61,99,1,2,2,F,45,0,0,0,0,0,0,0,0,0,0,200,300,0,0,0,4,5,999,999,999,9999999,999,999,999,8,0,6,75,1,1,1,0,995,9.8,998,998,998,99.8,99.8,99.8,31.77289712,5,8
30495,16,67,1-16-2023-067-04,4,1,4T1BD1EB2JU0,17,448,2465,13,0,49,43,2018,4,1,4,0,1,R,1,1610,5,0,1,1,5,2,56,1,8,0,995,0,7,0,45224,2,2,2,4,5,3,2,1,1,1,1,2,0,0,1,8,1,2,1,0,11,2,15,2,1,1,4,J,68,0,0,0,0,0,0,0,0,0,0,120,0,0,0,0,1,1,10,-3,-9,22764,998,237,10,0,1,1,1,0,1,4,0,995,0.4,36,36,45,1.0,0.4,1.2,1137.779184,5,8
30495,16,67,1-16-2023-067-04,4,2,3N1CN8EV2LL8,17,478,1894,13,0,35,50,2020,4,1,2,0,1,F,1,1205,8,0,1,1,11,2,56,1,8,0,995,0,7,0,45011,9,9,2,4,5,1,2,1,1,1,0,3,0,0,1,8,1,2,1,0,1,2,17,3,1,1,4,J,69,0,0,0,0,0,0,0,0,0,0,0,120,0,0,0,1,1,13,-13,-2,8228,998,14,13,0,4,0,0,0,0,0,0,995,9.8,998,998,998,99.8,99.8,99.8,1137.779184,5,8
30497,76,58,1-76-2023-058-03,3,1,5XYPHDA55LG7,17,499,2769,7,0,63,402,2020,14,3,14,0,1,R,2,1860,5,0,1,1,28,2,89,1,1,9,998,8,7,9,13856,9,9,0,4,2,1,2,1,2,1,1,2,0,0,1,1,0,0,9,1,14,2,13,99,1,4,1,A,1,1,6,2,2,1,4,61,1,2,30,997,997,0,0,0,3,6,999,999,999,9999999,999,999,999,7,0,9,97,0,1,99,3,997,3.0,120,104,-47,19.7,1.6,19.8,20.54026918,3,8
30498,76,59,1-76-2023-059-04,4,1,7SAYGDEE4PF5,17,441,27027,7,0,29,5,2023,14,3,14,0,1,F,3,2003,5,0,1,1,24,2,89,1,8,9,998,8,7,9,13856,9,9,0,4,2,1,2,1,1,1,1,2,0,0,1,1,0,0,9,0,1,6,87,1,1,1,1,C,13,0,0,0,0,0,0,0,0,0,0,998,998,0,0,0,1,12,999,999,999,9999999,999,999,999,8,0,0,0,0,0,0,0,998,9.8,998,998,998,99.8,99.8,99.8,59.87847166,3,8
30501,66,45,1-66-2023-045-10,10,1,1FTYR10U23PA,17,460,1803,60,0,12,471,2003,34,5,30,0,1,T,3,1392,5,0,2,1,19,2,89,1,0,0,995,0,7,0,65646,1,2,0,4,2,1,2,1,1,1,1,2,0,0,1,1,0,0,1,1,1,1,4,3,1,4,1,A,1,1,8,2,2,8,4,60,4,2,81,997,997,0,1,0,2,6,999,999,999,9999999,999,999,999,8,0,1,1,0,1,0,3,997,0.0,120,120,0,61.0,1.2,61.0,112.3254186,6,8
30503,22,49,1-22-2023-049-07,7,1,5J8YD4H81JL0,17,475,2147,7,0,54,421,2018,15,3,15,0,1,L,1,1940,5,0,2,1,17,2,105,1,9,0,995,0,9,0,99338,1,2,2,4,2,1,2,1,1,1,1,2,0,0,1,1,2,2,2,0,10,2,16,1,1,1,4,K,78,0,0,0,0,0,0,0,0,0,0,220,245,0,0,0,1,1,5,3,4,4269,998,133,5,0,1,1,1,0,1,0,0,995,9.8,998,998,998,99.8,99.8,99.8,137.1389738,12,8
30503,22,49,1-22-2023-049-07,7,2,4S3BNAJ6XF30,17,523,2232,13,0,48,34,2015,4,1,2,0,1,R,1,1498,5,0,1,1,24,2,105,1,8,0,995,0,7,0,99337,9,9,2,4,2,1,2,1,1,1,1,2,2,3,1,1,0,0,9,0,1,4,65,3,1,1,4,K,79,0,0,0,0,0,0,0,0,0,0,245,220,0,0,0,1,1,7,-7,-2,3071,998,50,7,0,1,0,0,0,0,0,0,995,9.8,998,998,998,99.8,99.8,99.8,137.1389738,12,8
30504,66,47,1-66-2023-047-10,10,1,1FTNW21F01ED,17,460,1805,60,0,12,481,2001,34,5,31,0,1,L,1,2673,5,9999,9,1,12,2,89,1,0,0,995,0,0,0,65712,9,9,0,4,2,1,2,1,1,1,1,4,0,0,1,1,0,0,1,1,1,1,9,99,3,4,1,A,2,1,1,2,2,1,4,61,1,2,7,997,997,1,1,0,1,5,999,999,999,9999999,999,999,999,6,0,0,0,0,0,0,3,997,9.8,998,998,998,99.8,99.8,99.8,112.3254186,6,8
30505,30,65,1-30-2023-065-06,6,1,999999999999,99,99999,99999,999,0,99,499,9999,19,3,19,0,1,L,9,9999,9,9999,9,0,998,5,105,1,9,0,995,0,9,0,99999,9,9,1,2,6,3,2,1,1,1,3,3,0,0,3,1,0,0,9,1,15,2,10,99,1,2,2,F,47,0,0,0,0,0,0,0,0,0,0,0,0,0,0,0,1,0,999,999,999,9999999,999,999,999,9,0,95,95,95,95,95,0,995,9.8,998,998,998,99.8,99.8,99.8,684.4350049,10,8
30505,30,65,1-30-2023-065-06,6,2,JN8AT2MT4JW4,17,478,1913,8,0,35,51,2018,6,1,3,0,1,B,1,1550,5,0,1,1,17,2,105,1,0,0,995,0,0,0,85006,9,9,1,2,6,4,2,1,1,1,3,3,0,0,3,1,0,0,1,0,1,4,61,1,1,1,2,F,45,0,0,0,0,0,0,0,0,0,0,998,998,0,0,0,3,1,15,14,-5,16292,998,52,15,0,4,9,97,0,1,8,0,998,2.5,999,999,999,0.0,0.0,0.0,684.4350049,10,8
30506,30,66,1-30-2023-066-06,6,1,4T1B11HK8JU6,17,448,2469,13,0,49,40,2018,4,1,4,0,1,T,2,1470,5,175,2,1,23,2,105,1,0,1,0,2,0,0,11362,9,9,0,1,2,2,2,1,1,1,3,2,1,3,2,1,0,0,3,1,1,2,13,99,1,4,1,A,1,1,8,2,2,1,3,61,1,2,47,997,997,0,0,0,1,6,999,999,999,9999999,999,999,999,7,0,2,5,0,2,4,3,997,9.8,998,998,998,99.8,99.8,99.8,684.4350049,10,8
30509,15,123,1-15-2023-123-03,3,1,JTENU5JR6N60,17,448,2216,7,0,49,401,2022,14,3,14,0,1,F,1,2180,5,0,1,1,41,2,48,1,8,0,995,0,7,0,11575,9,1,2,4,4,2,2,1,1,1,1,2,0,0,1,1,1,2,9,0,1,4,66,99,1,1,5,L,86,0,0,0,0,0,0,0,0,0,0,180,270,0,0,0,1,3,16,-12,10,23591,998,131,12,0,4,1,1,0,1,4,0,995,9.8,998,998,998,99.8,99.8,99.8,64.63169995,1,8
30509,15,123,1-15-2023-123-03,3,2,1G1YS2DW2A51,17,467,1831,3,0,20,4,2010,3,1,3,0,1,R,1,1440,5,0,1,1,41,2,48,1,8,9,998,8,7,9,11001,9,9,2,3,3,2,2,1,1,1,1,1,0,0,1,1,1,2,9,0,1,4,66,99,1,1,5,L,87,0,0,0,0,0,0,0,0,0,0,270,180,0,0,0,1,3,22,-14,-17,62400,998,107,25,0,4,99,99,0,0,8,0,995,9.8,998,998,998,99.8,99.8,99.8,64.63169995,1,8
30510,32,93,1-32-2023-093-06,6,1,JTDKB20U2978,17,448,2209,5,0,49,46,2009,5,1,3,0,1,R,1,1335,5,0,1,1,35,2,72,1,0,0,995,0,0,0,75043,1,9,2,1,4,4,1,1,1,1,5,0,0,0,1,1,1,2,9,0,11,2,15,1,1,1,4,J,68,0,0,0,0,0,0,0,0,0,0,300,190,0,0,0,1,3,13,-10,-9,16373,998,1,17,0,4,0,0,0,0,0,0,995,9.8,998,998,998,99.8,99.8,99.8,2025.29814,7,8
30510,32,93,1-32-2023-093-06,6,2,1N4AL3AP5FN3,17,478,1904,13,0,35,47,2015,4,1,4,0,1,F,1,1416,5,9999,9,0,998,2,72,1,0,0,995,0,0,0,75042,9,1,2,1,4,3,1,1,1,1,5,5,0,0,1,1,1,2,9,0,1,4,62,99,1,1,4,J,69,0,0,0,0,0,0,0,0,0,0,190,300,0,0,0,1,3,13,-11,6,7057,998,104,9,0,4,1,2,0,1,4,0,995,9.8,998,998,998,99.8,99.8,99.8,2025.29814,7,8
30511,76,60,1-76-2023-060-06,6,1,4S4BRBKC3C32,17,523,2233,7,0,48,45,2012,6,1,3,0,1,R,2,1542,5,9999,9,4,121,2,64,1,8,0,995,0,7,0,12058,9,9,2,4,2,1,2,1,3,2,0,2,0,0,1,8,2,2,2,0,14,2,17,99,1,1,5,L,87,0,0,0,0,0,0,0,0,0,0,240,140,0,0,0,1,12,999,999,999,9999999,999,999,999,7,0,1,1,0,1,0,0,995,9.8,998,998,998,99.8,99.8,99.8,55.66787953,3,8
30511,76,60,1-76-2023-060-06,6,2,JF2GTABC0JH3,17,523,13580,7,0,48,403,2018,14,3,14,0,1,F,2,1445,8,9999,9,4,121,2,89,1,8,0,995,0,7,0,07647,9,9,2,2,3,1,2,1,2,2,1,3,0,0,1,8,0,0,9,0,14,4,66,99,1,1,5,L,86,0,0,0,0,0,0,0,0,0,0,140,240,0,0,0,1,12,999,999,999,9999999,999,999,999,7,0,1,1,0,1,0,0,995,9.8,998,998,998,99.8,99.8,99.8,55.66787953,3,8
30512,10,104,1-10-2023-104-08,8,1,3B7HF12Y7WM2,17,476,1938,60,0,7,482,1998,34,5,31,0,1,R,1,2273,5,0,1,1,5,2,56,1,0,0,995,0,0,0,45414,9,9,2,1,2,1,2,1,1,1,0,1,0,0,1,1,1,2,9,0,1,2,17,99,1,1,5,L,87,0,0,0,0,0,0,0,0,0,0,40,310,0,0,0,1,1,24,-12,-21,80622,998,184,20,0,4,2,5,0,1,3,0,995,9.8,998,998,998,99.8,99.8,99.8,130.1880687,4,8
30512,10,104,1-10-2023-104-08,8,2,1D7HA16K04J1,17,476,1938,60,0,7,482,2004,34,5,31,0,1,F,2,2048,5,0,1,1,5,2,56,1,0,0,995,0,0,0,45405,9,9,2,4,3,1,2,1,1,1,0,1,0,0,1,1,1,2,1,0,1,4,66,99,1,1,5,L,86,0,0,0,0,0,0,0,0,0,0,310,40,0,0,0,1,1,28,-24,14,138484,998,106,34,0,4,0,0,0,0,0,0,995,9.8,998,998,998,99.8,99.8,99.8,130.1880687,4,8
30513,30,68,1-30-2023-068-09,9,1,2D4FV48V25H5,17,476,3680,7,0,7,21,2005,6,1,5,0,1,F,1,1750,5,0,1,1,14,2,56,1,0,0,995,0,0,0,85388,9,9,3,5,6,3,2,1,1,1,3,4,0,0,1,1,0,0,9,0,1,3,50,99,1,1,2,D,20,0,0,0,0,0,0,0,0,0,0,0,0,0,0,0,1,1,19,-19,0,15000,998,5,15,0,4,0,0,0,0,0,0,995,9.8,998,998,998,99.8,99.8,99.8,3117.570829,10,8
30513,30,68,1-30-2023-068-09,9,2,1ZVFT80N5752,17,460,1781,3,0,12,3,2007,2,1,3,0,1,B,1,1516,5,0,1,1,27,2,56,1,0,0,995,0,0,0,85040,9,9,3,5,6,3,2,1,1,1,3,4,0,0,1,1,0,0,9,0,5,3,53,99,1,1,2,D,22,0,0,0,0,0,0,0,0,0,0,0,0,0,0,0,1,1,22,22,0,38892,998,0,25,0,4,0,0,0,0,0,0,995,9.8,998,998,998,99.8,99.8,99.8,3117.570829,10,8
30513,30,68,1-30-2023-068-09,9,3,5YJ3E1EC6MF9,17,441,17834,13,0,29,5,2021,4,1,4,0,1,F,9,1726,5,9999,9,0,998,5,56,1,0,0,995,0,0,0,85340,9,9,3,5,6,3,2,1,1,1,3,4,0,0,1,1,0,0,9,0,1,3,50,99,1,1,6,M,98,0,0,0,0,0,0,0,0,0,0,0,0,0,0,0,2,0,999,999,999,9999999,999,999,999,9,0,95,95,95,95,95,0,995,9.8,998,998,998,99.8,99.8,99.8,3117.570829,10,8
30514,48,51,1-48-2023-051-06,6,1,2C4RC1BG4ER1,17,477,1936,2,0,6,441,2014,20,4,20,0,1,F,1,2115,5,0,1,1,11,2,97,1,0,0,995,0,0,0,84302,9,9,2,5,5,2,2,1,1,3,3,2,0,0,1,1,0,0,9,1,1,2,12,1,1,4,1,B,6,0,0,0,0,0,0,0,0,0,0,998,998,0,1,2,1,10,999,999,999,9999999,999,-1,20,2,0,9,97,0,1,8,0,998,3.9,32,32,120,20.2,5.1,20.9,125.8812282,12,8
30515,15,124,1-15-2023-124-03,3,1,3N1AB7AP2JY2,17,478,1907,13,0,35,43,2018,4,1,3,0,1,F,2,1300,5,9999,9,4,18,2,64,1,0,0,995,0,0,0,11967,1,9,2,1,3,3,2,1,1,1,1,2,0,0,1,1,1,2,9,0,11,2,15,99,1,9,4,J,68,0,0,0,0,0,0,0,0,0,0,290,175,0,0,0,1,98,999,999,999,9999999,999,999,999,7,0,1,1,0,1,4,0,995,9.8,998,998,998,99.8,99.8,99.8,64.63169994,1,8
30515,15,124,1-15-2023-124-03,3,2,1HGCV1F10LA0,17,474,1861,13,0,37,32,2020,4,1,4,0,1,F,3,1433,5,0,1,1,18,2,64,1,0,0,995,0,0,0,11050,1,2,2,1,3,1,2,1,1,1,1,1,0,0,1,1,1,2,9,0,1,4,62,4,1,1,4,J,69,0,0,0,0,0,0,0,0,0,0,998,998,0,0,7,2,10,999,999,999,9999999,999,-4,42,4,0,2,5,0,1,3,0,998,9.9,999,999,999,99.9,99.9,99.9,64.63169994,1,8
30516,17,88,1-17-2023-088-07,7,1,KL7CJKSB5FB2,17,467,10988,7,0,20,406,2015,14,3,14,0,1,F,1,1382,5,0,1,1,28,2,89,1,0,0,995,0,0,0,61241,9,9,0,2,3,2,2,1,1,1,1,3,0,0,1,1,0,0,9,0,1,6,87,99,1,1,1,C,13,0,0,0,0,0,0,0,0,0,0,998,998,0,0,0,1,10,999,999,999,9999999,999,-37,15,2,0,0,0,0,0,0,0,998,9.8,998,998,998,99.8,99.8,99.8,329.6356593,4,8
30517,73,90,1-73-2023-090-08,8,1,1GCDT13X13K1,17,467,11483,60,0,20,471,2003,34,5,30,0,1,L,2,1832,5,0,1,1,9,2,72,1,1,1,122,2,7,0,04950,9,9,0,4,2,1,2,2,3,2,0,0,0,0,2,2,0,0,9,1,14,2,13,99,1,4,1,A,1,1,3,2,2,1,4,61,1,1,11,997,997,0,1,0,3,6,999,999,999,9999999,999,999,999,7,0,3,10,1,2,4,3,997,0.0,5,5,120,23.4,3.3,23.8,38.19393659,3,8
30518,14,50,1-14-2023-050-05,5,1,1N6AA1F4XHN5,17,478,1920,60,0,35,481,2017,34,5,30,0,1,F,2,3298,5,0,1,1,35,2,80,1,0,0,995,0,0,0,78132,1,2,0,4,2,1,2,1,2,1,1,2,0,0,1,1,0,0,9,1,14,2,10,4,1,2,3,G,50,0,0,0,0,0,0,0,0,0,0,225,55,0,0,0,1,3,32,-32,0,126223,998,0,31,0,4,3,9,1,1,4,0,995,9.8,998,998,998,99.8,99.8,99.8,246.3604584,8,8
30518,14,50,1-14-2023-050-05,5,2,1GCHC29K38E2,17,467,1850,60,0,20,481,2008,34,5,30,0,1,F,3,2601,5,9999,9,0,998,2,80,1,0,0,995,0,0,0,78640,1,1,0,4,2,1,2,1,3,1,1,2,0,0,1,1,0,0,9,0,14,4,62,99,9,1,3,G,51,0,0,0,0,0,0,0,0,0,0,55,225,0,0,0,1,3,40,-39,7,180848,998,50,40,0,4,9,97,0,1,8,0,995,9.8,998,998,998,99.8,99.8,99.8,246.3604584,8,8
30519,21,60,1-21-2023-060-06,6,1,3MYDLBYV1HY1,17,448,24949,13,0,49,51,2017,4,1,2,0,1,F,1,1095,5,9999,9,4,82,2,72,1,0,0,995,0,0,0,92405,9,1,2,4,5,2,2,1,1,4,1,1,0,0,1,1,1,2,9,0,1,4,62,2,1,1,4,J,69,0,0,0,0,0,0,0,0,0,0,135,265,0,0,0,1,12,999,999,999,9999999,999,999,999,6,0,1,1,0,1,0,0,995,9.8,998,998,998,99.8,99.8,99.8,878.2052738,11,8
30519,21,60,1-21-2023-060-06,6,2,1GKLVKED4AJ1,17,472,1855,7,0,23,8,2010,6,1,5,0,1,F,1,2234,5,9999,9,4,192,5,72,1,0,0,995,0,0,0,92411,9,9,2,4,5,3,2,1,1,2,1,2,0,0,1,1,1,2,9,0,11,2,15,99,1,1,4,J,68,0,0,0,0,0,0,0,0,0,0,265,135,0,0,0,1,12,999,999,999,9999999,999,999,999,6,0,95,95,95,95,95,0,995,3.0,18,13,16,0.0,0.0,0.0,878.2052738,11,8