CASEID,PSU,CASENO,CASENUMBER,CATEGORY,VEHNO,VIN,VINLENGTH,VPICMAKE,VPICMODEL,VPICBODYCLASS,ICFINALBODY,MAKE,MODEL,MODELYR,BODYTYPE,BODYCAT,VEHCLASS,SPECUSE,TRANSTAT,DAMPLANE,DAMSEV,CURBWT,CURBSRC,CARGOWT,CARGOSRC,INSPTYPE,INSPLAG,TOWED,SPEEDLIMIT,DRPRESENT,PARALCOHOL,ALCTEST,ALCTESTRESULT,ALCTESTSRC,PARDRUG,DRUGTEST,ZIP,RACE,ETHNICITY,RELTOJUNCT,TRAFFLOW,RDLANES,INITLANE,SURFTYPE,SURFCOND,ALIGNMENT,PROFILE,LINERIGHT,LINELEFT,RUMBINIT,RUMBROAD,LIGHTCOND,WEATHER,TRAFDEV,TRAFFUNCT,DISTRACT,PREFHE,PREMOVE,CRITCAT,CRITEVENT,MANEUVER,PRESTAB,PRELOC,CRASHCAT,CRASHCONF,CRASHTYPE,ROLLTYPE,ROLLTURN,ROLLINTRPT,ROLLPREMAN,ROLLINITYP,ROLLINLOC,ROLLOBJ,ROLLTRIP,ROLLDIR,ROLLDIST,DVANGTHIS,DVANGOTH,TOWHITCH,TRAJDOC,TREEPOLE,DVEVENT,DVBASIS,DVTOTAL,DVLONG,DVLAT,DVENERGY,DVSPEED,DVMOMENT,DVBES,DVEST,DVCONF,VAIS,VISS,VINJSEV,VINJURED,VTREAT,INITOBJCLASS,HEADANGLECAT,SHLDRWIDTH,STRKLENGTH,STRKWIDTH,STRKHEIGHT,EDGEDISTX,EDGEDISTY,EDGEDISTZ,CASEWGT,PSUSTRAT,VERSION
30549,48,55,1-48-2023-055-09,9,1,1NPXL49X0PD7,17,495,2794,11,0,87,881,2023,63,8,60,0,1,R,9,,,,,,,5,129,1,0,0,995,0,0,0,28262,9,9,0,2,2,2,2,1,1,1,3,2,1,3,1,1,0,0,2,1,15,2,11,1,1,2,2,F,46,,,,,,,,,,,,,,,,,,,,,,,,,,,95,95,95,95,95,,,9.8,998,998,998,99.8,99.8,99.8,415.5570624,12,8
30549,48,55,1-48-2023-055-09,9,2,JTDDR32T1301,17,448,3645,5,0,49,33,2003,3,1,2,0,1,B,1,1100,5,0,1,1,14,2,129,1,0,0,995,0,0,0,78840,9,9,0,2,2,1,2,1,1,1,2,3,2,3,1,1,0,0,1,0,1,4,60,99,1,1,2,F,45,0,0,0,0,0,0,0,0,0,0,240,310,0,0,0,2,5,999,999,999,9999999,999,999,14,2,0,99,99,0,0,0,0,995,2.0,120,999,999,10.4,2.5,10.7,415.5570624,12,8
30550,11,47,1-11-2023-047-06,6,1,5FNRL6H71KB0,17,474,1869,2,0,37,441,2019,20,4,20,0,1,R,9,2046,5,9999,9,0,998,5,97,1,0,0,995,0,0,0,23836,9,9,0,2,4,2,2,1,1,9,3,3,0,0,1,1,0,0,1,1,15,2,11,99,1,2,2,F,46,0,0,0,0,0,0,0,0,0,0,345,340,0,0,0,1,0,999,999,999,9999999,999,999,999,9,0,95,95,95,95,95,0,995,9.8,998,998,998,99.8,99.8,99.8,1089.74029,8,8
30550,11,47,1-11-2023-047-06,6,2,3VWD67AJ2GM2,17,482,3137,13,0,30,40,2016,4,1,3,0,1,F,1,1364,5,0,1,1,21,2,97,1,0,1,0,2,0,0,23225,2,2,0,2,4,1,2,1,1,9,1,3,0,0,1,1,0,0,1,0,1,4,60,99,1,1,2,F,45,0,0,0,0,0,0,0,0,0,0,998,998,0,0,0,3,1,15,-15,-3,12787,998,-14,15,0,4,0,0,0,0,4,0,998,3.2,999,999,999,17.3,2.8,17.5,1089.74029,8,8
30550,11,47,1-11-2023-047-06,6,3,5FNYF3H96FB0,17,474,1864,7,0,37,421,2015,15,3,15,0,1,R,9,1956,5,9999,9,0,998,5,97,1,0,0,995,0,0,0,23234,9,9,0,2,4,3,2,1,1,9,3,3,0,0,1,1,0,0,1,0,1,4,61,99,1,1,6,M,98,0,0,0,0,0,0,0,0,0,0,345,340,0,0,0,2,0,999,999,999,9999999,999,999,999,9,0,95,95,95,95,95,0,995,9.8,998,998,998,99.8,99.8,99.8,1089.74029,8,8
30551,11,48,1-11-2023-048-01,1,1,1FAFP34N15W2,17,460,1779,13,0,12,37,2005,4,1,2,0,1,R,9,1163,5,9999,9,0,998,2,72,1,0,1,0,3,0,2,23112,1,2,2,1,3,3,2,2,3,9,1,2,0,0,1,2,0,0,1,0,11,2,15,99,1,1,4,J,68,0,0,0,0,0,0,0,0,0,0,250,125,0,0,0,1,0,999,999,999,9999999,999,999,999,9,0,1,1,1,1,1,0,995,9.8,998,998,998,99.8,99.8,99.8,82.03441271,8,8
30551,11,48,1-11-2023-048-01,1,2,3C6UR5DJ7NG1,17,496,13621,60,0,7,482,2022,34,5,31,0,1,F,9,3022,5,9999,9,0,998,2,72,1,0,0,995,0,0,0,23234,9,9,2,1,3,2,2,2,2,9,3,1,0,0,1,2,0,0,1,0,14,4,62,99,1,1,4,J,69,0,0,0,0,0,0,0,0,0,0,125,250,0,0,0,1,0,999,999,999,9999999,999,999,999,9,0,0,0,0,0,0,0,995,0.0,999,999,999,23.1,5.7,24.2,82.03441271,8,8
30552,24,75,1-24-2023-075-05,5,1,1G1BF5SM3H71,17,467,1832,13,0,20,25,2017,4,1,3,0,1,B,3,1250,5,0,1,1,32,2,89,1,1,8,997,8,9,0,08330,1,2,3,1,2,1,2,1,1,1,1,3,0,0,2,1,0,0,1,0,3,3,53,1,1,1,2,D,25,0,0,0,0,0,0,0,0,0,0,340,350,0,0,0,1,1,57,56,10,220869,998,-40,62,0,1,1,1,0,1,4,0,995,9.8,998,998,998,99.8,99.8,99.8,67.94873816,1,8
30552,24,75,1-24-2023-075-05,5,2,1N4AA6AP4HC4,17,478,2302,13,0,35,39,2017,4,1,4,0,1,F,3,1627,5,0,1,1,10,2,89,1,0,0,995,0,0,0,08094,1,2,3,1,2,1,2,1,1,1,1,3,0,0,2,1,0,0,2,0,1,3,51,1,1,1,2,D,24,0,0,0,0,0,0,0,0,0,0,350,340,0,0,0,1,1,44,-44,0,98458,998,7,38,0,4,4,26,1,2,3,0,995,3.0,999,999,999,99.9,99.9,99.9,67.94873816,1,8
30552,24,75,1-24-2023-075-05,5,3,JTEBU11F0700,17,448,2463,7,0,49,404,2007,14,3,14,0,2,F,9,1948,5,9999,9,0,998,,,,,,,,,,,,,,,,,,,,,,,,,,,,,,,,,,,,,,,,,,,,,,,,,,,,,,,,,,,,,,,,,,95,95,95,95,95,,,,,,,,,,67.94873816,1,8
30553,24,76,1-24-2023-076-10,10,1,1GB2KVCG2DZ2,17,467,1850,65,60,20,481,2013,34,5,31,0,1,R,2,9999,9,9999,9,1,22,2,80,1,0,0,995,0,0,0,07731,9,9,0,4,2,1,2,1,1,1,1,4,1,0,1,1,0,0,9,1,1,2,13,2,9,4,1,C,11,0,0,0,0,0,0,0,0,0,0,50,40,1,0,0,1,5,999,999,999,9999999,999,999,999,7,0,0,0,0,0,0,0,995,9.8,998,998,998,99.8,99.8,99.8,7639.238539,1,8
30553,24,76,1-24-2023-076-10,10,2,4V4NC9EH1EN1,17,487,1967,66,0,51,881,2014,66,8,68,0,2,L,9,,,,,,,,,,,,,,,,,,,,,,,,,,,,,,,,,,,,,,,,,,,,,,,,,,,,,,,,,,,,,,,,,,,,,,,,95,95,95,95,95,,,,,,,,,,7639.238539,1,8
30554,16,68,1-16-2023-068-02,2,1,JHLRD1841XC0,17,474,1865,7,0,37,402,1999,14,3,14,0,1,F,3,1452,5,0,1,1,33,2,64,1,0,0,995,0,0,0,45223,9,9,1,4,4,1,2,1,1,1,1,3,0,0,1,1,1,2,1,1,1,1,3,99,9,2,3,H,58,0,0,0,0,0,0,0,0,0,0,320,190,0,0,0,1,1,50,-43,-25,180370,998,-75,48,0,4,9,97,0,1,8,0,995,9.8,998,998,998,99.8,99.8,99.8,32.62164026,5,8
30554,16,68,1-16-2023-068-02,2,2,1C4JJXFMXMW5,17,483,1943,7,0,2,403,2021,14,3,14,0,1,F,2,2018,5,0,1,1,13,2,64,1,0,0,995,0,0,0,45244,9,9,1,4,4,1,2,1,1,1,1,3,0,0,1,1,1,2,1,0,1,4,62,4,1,1,3,H,59,0,0,0,0,0,0,0,0,0,0,190,320,0,0,0,1,1,34,-32,11,122456,998,51,35,0,4,1,1,0,3,8,0,995,9.8,998,998,998,99.8,99.8,99.8,32.62164026,5,8
30554,16,68,1-16-2023-068-02,2,3,3VWD17AJ8EM4,17,482,3137,13,0,30,40,2014,4,1,3,0,1,L,9,1393,5,9999,9,0,998,5,64,1,0,0,995,0,0,0,41015,9,9,1,3,2,1,2,1,1,1,1,1,0,0,1,1,0,0,1,0,1,4,60,99,1,1,6,M,98,0,0,0,0,0,0,0,0,0,0,180,250,0,0,0,2,0,999,999,999,9999999,999,999,999,9,0,95,95,95,95,95,0,995,9.8,998,998,998,99.8,99.8,99.8,32.62164026,5,8
30555,16,69,1-16-2023-069-08,8,1,1GTEC14W0TZ5,17,472,1857,60,0,23,481,1996,34,5,31,0,1,F,1,1779,5,46,1,4,7,2,56,1,0,0,995,0,0,0,45240,1,2,2,5,3,1,2,1,1,1,0,2,0,0,1,1,0,0,1,1,1,1,8,1,1,4,1,A,2,0,0,0,0,0,0,0,0,0,0,998,998,0,0,3,1,12,999,999,999,9999999,999,999,999,6,0,0,0,0,0,4,0,998,0.7,25,25,107,17.2,0.7,17.4,342.3800879,5,8
30556,16,70,1-16-2023-070-03,3,1,5NPD84LF2LH5,17,498,2735,13,0,55,35,2020,4,1,3,0,1,F,2,1280,5,0,1,1,2,2,56,1,8,0,995,0,7,0,45225,2,2,0,5,3,1,2,1,2,1,0,2,0,0,1,1,0,0,3,1,14,2,13,1,1,4,1,A,1,0,0,0,0,0,0,0,0,0,0,998,998,0,1,1,1,98,999,999,999,9999999,999,999,999,7,0,2,5,0,1,4,0,998,0.0,38,38,30,4.7,0.6,4.7,354.977359,5,8
30557,14,51,1-14-2023-051-06,6,1,WAUCCGFF5F11,17,582,3676,13,0,32,48,2015,4,1,2,0,1,F,1,1440,5,9999,9,0,998,2,113,1,8,0,995,0,7,0,78666,9,1,0,2,3,3,1,1,2,9,3,2,1,3,1,1,0,0,3,0,14,3,52,99,1,1,2,D,28,0,0,0,0,0,0,0,0,0,0,210,210,0,0,0,1,3,19,-19,0,21620,998,0,19,0,4,0,0,0,0,0,0,995,9.8,998,998,998,99.8,99.8,99.8,1971.508858,8,8
30557,14,51,1-14-2023-051-06,6,2,2HKRW2H87HH6,17,474,1865,7,0,37,402,2017,14,3,14,0,1,B,1,1580,5,0,1,1,20,2,113,1,8,0,995,0,7,0,78132,1,9,0,2,3,3,1,1,2,9,3,2,1,3,1,1,0,0,9,0,2,3,53,1,1,1,2,D,29,0,0,0,0,0,0,0,0,0,0,210,210,0,0,0,1,3,17,17,0,16341,998,0,16,0,4,9,97,0,1,99,0,995,9.8,998,998,998,99.8,99.8,99.8,1971.508858,8,8
30557,14,51,1-14-2023-051-06,6,3,5TFLA5AB0NX0,17,448,2467,60,0,49,482,2022,34,5,31,0,1,B,9,2310,5,9999,9,0,998,5,113,1,8,0,995,0,7,0,78130,9,9,0,2,3,3,1,1,2,9,3,2,1,3,1,1,0,0,9,0,2,3,53,99,1,1,6,M,98,0,0,0,0,0,0,0,0,0,0,210,210,0,0,0,2,0,999,999,999,9999999,999,999,999,9,0,95,95,95,95,95,0,995,9.8,998,998,998,99.8,99.8,99.8,1971.508858,8,8
30558,14,52,1-14-2023-052-05,5,1,1G1PE5SB6G71,17,467,34069,13,0,20,25,2016,4,1,3,0,1,F,2,1399,5,9999,9,5,8,2,48,1,1,1,155,1,0,0,78666,1,2,2,4,3,1,2,1,1,1,0,1,0,0,1,1,1,2,9,1,10,2,10,99,1,2,3,G,50,0,0,0,0,0,0,0,0,0,0,0,165,0,0,0,1,12,999,999,999,9999999,999,999,999,7,0,1,1,0,1,4,0,995,9.8,998,998,998,99.8,99.8,99.8,216.3819845,8,8
30558,14,52,1-14-2023-052-05,5,2,JTMWFREV4JJ7,17,448,2217,7,0,49,402,2018,14,3,14,0,1,F,2,1555,5,46,1,1,7,2,48,1,0,0,995,0,0,0,78245,9,1,2,4,2,1,2,1,2,1,0,2,0,0,1,1,0,0,9,0,14,4,62,99,1,1,3,G,51,0,0,0,0,0,0,0,0,0,0,165,0,0,0,0,1,12,999,999,999,9999999,999,999,999,7,0,2,5,0,2,4,0,995,9.8,998,998,998,99.8,99.8,99.8,216.3819845,8,8
30559,14,53,1-14-2023-053-07,7,1,ML32A3HJ1FH0,17,481,2342,5,0,52,48,2015,5,1,1,0,1,R,1,895,5,0,1,1,22,2,97,1,8,0,995,0,7,0,78641,1,9,2,1,4,3,2,1,1,1,3,1,0,0,1,1,0,0,2,1,15,2,11,1,1,2,2,F,46,0,0,0,0,0,0,0,0,0,0,5,355,0,0,0,1,3,6,-1,-6,2350,998,-76,6,0,4,0,0,0,0,0,0,995,9.8,998,998,998,99.8,99.8,99.8,9385.87289,8,8
30559,14,53,1-14-2023-053-07,7,2,JN8BT3BA3PW4,17,478,1913,7,0,35,404,2023,14,3,14,0,1,L,1,1536,5,9999,9,0,998,5,97,1,8,0,995,0,7,0,78133,9,9,2,1,4,1,2,1,1,1,1,1,0,0,1,1,0,0,9,0,1,4,60,99,1,1,2,F,45,0,0,0,0,0,0,0,0,0,0,355,5,0,0,0,1,3,4,0,4,690,998,-24,3,0,4,95,95,95,95,95,0,995,9.8,998,998,998,99.8,99.8,99.8,9385.87289,8,8
30560,13,87,1-13-2023-087-04,4,1,1GKFK16T51J2,17,472,4579,7,0,23,431,2001,16,3,16,0,1,F,1,2424,5,0,1,5,32,2,56,1,8,0,995,0,7,0,76110,1,9,2,2,6,4,1,1,1,1,3,1,0,0,1,1,1,2,9,0,1,2,17,99,1,1,5,L,86,0,0,0,0,0,0,0,0,0,0,0,100,0,0,0,1,3,13,-13,2,11063,998,40,10,0,4,0,0,0,0,0,0,995,9.8,998,998,998,99.8,99.8,99.8,2852.110259,7,8
30560,13,87,1-13-2023-087-04,4,2,3GCPWBEH7LG4,17,467,1850,60,0,20,481,2020,34,5,31,0,1,R,1,2120,5,0,1,1,24,2,56,1,8,0,995,0,7,0,76104,2,9,2,1,3,1,2,1,1,1,1,3,0,0,1,1,1,2,9,0,1,4,66,99,1,1,5,L,87,1,6,2,5,1,4,61,1,2,22,100,0,0,0,0,1,3,15,-5,-14,28601,998,66,17,0,4,0,0,0,0,0,3,995,9.8,998,998,998,99.8,99.8,99.8,2852.110259,7,8
30561,13,88,1-13-2023-088-08,8,1,2GCEC13C3812,17,467,1850,60,0,20,481,2008,34,5,31,0,1,T,3,2329,5,68,1,5,46,2,64,1,9,0,995,0,9,0,99999,9,9,0,1,3,3,1,1,3,1,3,0,0,0,3,1,0,0,9,1,14,1,9,99,2,4,1,B,7,1,6,2,2,1,4,61,1,1,34,997,997,0,0,0,2,6,999,999,999,9999999,999,999,999,8,0,5,38,2,4,3,3,997,0.0,18,16,15,0.0,0.0,0.0,749.9955702,7,8
30562,13,89,1-13-2023-089-08,8,1,3D7UT2HL4BG5,17,476,1938,60,0,7,482,2011,34,5,31,0,1,R,9,3031,5,9999,9,0,998,5,113,1,8,0,995,0,7,0,95023,9,9,1,2,5,5,2,1,1,9,3,2,0,2,3,1,0,0,9,0,1,4,61,99,1,1,2,F,45,0,0,0,0,0,0,0,0,0,0,265,255,0,0,0,1,0,999,999,999,9999999,999,999,999,9,0,95,95,95,95,95,0,995,9.8,998,998,998,99.8,99.8,99.8,749.9955702,7,8
30562,13,89,1-13-2023-089-08,8,2,2GCEC19V2213,17,467,1850,60,0,20,481,2002,34,5,31,0,1,F,2,1980,5,0,1,5,16,2,113,1,8,0,995,0,7,0,76164,9,1,1,2,5,4,2,1,1,9,3,3,0,2,3,1,0,0,9,1,15,2,10,99,1,2,2,F,47,0,0,0,0,0,0,0,0,0,0,998,998,0,0,0,2,1,30,-23,-20,129026,998,-136,30,0,1,2,5,0,1,4,0,998,2.9,999,999,999,0.0,0.0,0.0,749.9955702,7,8
30563,25,71,1-25-2023-071-06,6,1,1VWBT7A39GC0,17,482,3134,13,0,30,46,2016,4,1,4,0,1,F,2,1439,5,0,1,1,11,2,48,1,0,0,995,0,0,0,04092,9,9,2,4,2,1,2,2,1,1,0,0,0,0,3,5,2,2,9,0,1,2,17,99,1,1,5,L,88,0,0,0,0,0,0,0,0,0,0,290,180,0,1,0,1,1,33,-32,-6,104051,998,-33,38,0,1,99,99,0,0,4,0,995,9.8,998,998,998,99.8,99.8,99.8,393.4461768,2,8
30563,25,71,1-25-2023-071-06,6,2,19XFB2F83DE2,17,474,1863,13,0,37,31,2013,4,1,3,0,1,L,2,1236,5,0,1,1,17,2,48,1,0,0,995,0,0,0,04092,9,9,2,4,2,1,2,2,2,1,1,2,0,0,3,5,0,0,1,0,14,4,66,4,1,1,5,L,89,0,0,0,0,0,0,0,0,0,0,180,290,0,1,0,1,1,37,-19,32,56591,998,-6,31,0,1,0,0,0,0,0,0,995,1.8,999,999,999,4.6,0.0,4.6,393.4461768,2,8
30564,25,72,1-25-2023-072-03,3,1,5TDJZRFH4KS9,17,448,2213,7,0,49,403,2019,14,3,14,0,1,F,3,2030,5,0,1,1,19,2,40,1,0,1,0,2,0,1,04074,1,2,0,4,2,1,2,1,1,1,0,0,0,0,1,1,0,0,3,1,1,2,12,2,1,4,1,B,6,0,0,0,0,0,0,0,0,0,0,998,998,0,1,2,1,10,999,999,999,9999999,999,1,49,4,0,3,17,1,1,3,0,998,0.0,17,17,98,66.2,23.9,70.3,180.8550387,2,8
30565,10,105,1-10-2023-105-04,4,1,5XYP5DHC1LG0,17,499,25756,7,0,63,422,2020,15,3,15,0,1,L,1,1970,5,0,1,3,9,2,56,1,0,0,995,0,0,0,45415,1,2,2,4,4,1,2,2,1,1,0,3,0,0,3,2,1,2,1,0,1,2,17,2,1,1,5,L,89,0,0,0,0,0,0,0,0,0,0,20,110,0,0,0,1,3,11,-2,11,21942,998,180,10,0,4,1,1,0,1,0,0,995,9.8,998,998,998,99.8,99.8,99.8,1387.981042,4,8
30565,10,105,1-10-2023-105-04,4,2,5NPEJ4J25MH0,17,498,2459,13,0,55,33,2021,4,1,4,0,1,F,1,1527,5,0,1,1,8,2,56,1,0,0,995,0,0,0,45415,2,2,2,4,5,1,2,2,1,1,0,3,0,0,3,2,1,2,1,0,1,4,66,3,1,1,5,L,88,0,0,0,0,0,0,0,0,0,0,110,20,0,0,0,1,3,14,-14,-2,13516,998,18,15,0,4,1,1,0,1,0,0,995,9.8,998,998,998,99.8,99.8,99.8,1387.981042,4,8
30566,10,106,1-10-2023-106-06,6,1,3VWF17AT6EM6,17,482,8119,5,0,30,47,2014,3,1,2,0,1,F,1,1353,5,0,1,1,11,2,97,1,0,0,995,0,0,0,45439,1,2,0,1,3,3,2,1,1,9,3,2,1,3,1,1,0,0,1,0,1,3,51,99,1,1,2,D,24,0,0,0,0,0,0,0,0,0,0,355,355,0,0,0,1,3,16,-16,0,11152,998,-3,14,0,4,1,2,0,1,4,0,995,9.8,998,998,998,99.8,99.8,99.8,677.9179457,4,8
30566,10,106,1-10-2023-106-06,6,2,1FTFX1E50MKE,17,460,1801,60,0,12,481,2021,34,5,31,0,1,B,1,2086,5,9999,9,0,998,5,97,1,0,0,995,0,0,0,48849,9,9,0,1,3,3,2,1,1,9,3,2,1,3,1,1,0,0,1,0,1,3,53,1,1,1,2,D,25,0,0,0,0,0,0,0,0,0,0,355,355,0,0,0,1,3,11,11,0,12751,998,0,12,0,4,95,95,95,95,95,0,995,9.8,998,998,998,99.8,99.8,99.8,677.9179457,4,8
30569,73,92,1-73-2023-092-06,6,1,1FTFW1ET8EFA,17,460,1801,60,0,12,481,2014,34,5,31,0,1,F,1,2283,5,0,1,1,11,2,56,1,8,0,995,0,7,0,04957,9,9,2,4,4,1,2,1,1,1,1,3,0,0,1,1,0,0,1,0,1,3,52,4,1,1,2,D,28,0,0,0,0,0,0,0,0,0,0,180,180,0,0,0,1,3,15,-15,0,23413,998,0,16,0,1,0,0,0,0,0,0,995,9.8,998,998,998,99.8,99.8,99.8,37.98103991,3,8
30569,73,92,1-73-2023-092-06,6,2,1FM5K8HT0GGB,17,460,1800,7,0,12,401,2016,14,3,14,0,1,B,1,2146,5,9999,9,4,45,2,56,1,8,1,0,2,7,2,04976,1,9,2,4,4,1,2,1,1,1,1,3,0,0,1,1,0,0,1,0,10,3,53,99,1,1,2,D,31,0,0,0,0,0,0,0,0,0,0,180,180,0,0,0,1,3,16,16,0,20672,998,0,15,0,1,99,99,0,0,4,0,995,9.8,998,998,998,99.8,99.8,99.8,37.98103991,3,8
30569,73,92,1-73-2023-092-06,6,3,1G4HE57Y87U1,17,468,4267,13,0,18,23,2007,4,1,5,0,1,L,1,1707,5,0,1,4,11,2,56,1,8,0,995,0,7,0,04976,9,9,2,4,2,1,2,1,1,1,0,0,0,0,1,1,2,2,1,0,5,4,67,1,1,1,6,M,98,0,0,0,0,0,0,0,0,0,0,90,195,0,0,0,2,12,999,999,999,9999999,999,999,999,6,0,0,0,0,0,0,0,995,9.8,998,998,998,99.8,99.8,99.8,37.98103991,3,8
30570,73,93,1-73-2023-093-04,4,1,1C4GJXAN1LW2,17,483,1943,7,0,2,403,2020,14,3,14,0,1,L,1,1915,5,0,1,1,26,2,72,1,8,0,995,0,7,0,04426,9,9,0,4,2,1,5,8,1,2,0,0,0,0,2,8,0,0,3,1,1,2,12,99,1,4,1,B,6,1,1,2,6,1,4,61,1,2,5,997,997,0,0,0,1,6,999,999,999,9999999,999,999,999,6,0,0,0,0,0,5,3,997,9.8,998,998,998,99.8,99.8,99.8,82.69279612,3,8
30574,32,96,1-32-2023-096-03,3,1,1FMCU0J94FUC,17,460,1798,7,0,12,402,2015,14,3,14,0,1,R,1,1635,5,0,1,5,4,2,56,1,0,0,995,0,0,0,60452,1,9,2,1,4,4,2,1,1,4,1,1,0,0,1,8,1,2,9,0,11,2,15,99,1,1,4,J,68,0,0,0,0,0,0,0,0,0,0,80,310,0,0,0,1,3,24,-18,-15,50936,998,-11,28,0,4,9,97,0,1,5,0,995,9.8,998,998,998,99.8,99.8,99.8,481.2335505,7,8
30574,32,96,1-32-2023-096-03,3,2,WA1DECF34M11,17,582,4051,7,0,32,405,2021,14,3,14,0,1,F,2,1535,5,0,1,1,4,2,56,1,0,0,995,0,0,0,75201,1,9,2,1,4,2,2,1,1,2,1,1,0,0,1,8,1,2,9,0,1,4,62,99,1,1,4,J,69,0,0,0,0,0,0,0,0,0,0,310,80,0,0,0,1,3,25,-25,4,27634,998,16,21,0,4,0,0,0,0,5,0,995,0.0,120,5,60,10.5,0.0,10.5,481.2335505,7,8
30578,28,54,1-28-2023-054-09,9,1,JF2GPACC6D28,17,523,2236,7,0,48,403,2013,14,3,14,0,1,L,1,1425,5,0,1,1,9,2,40,1,0,0,995,0,0,0,15834,1,2,0,4,2,1,4,8,3,4,0,0,0,0,1,2,0,0,1,1,14,1,6,3,4,4,1,A,2,1,3,1,2,5,4,31,6,1,999,997,997,0,0,0,1,6,999,999,999,9999999,999,999,999,6,0,1,1,0,1,6,2,997,0.0,999,999,999,99.9,99.9,99.9,50.89149747,3,8
30581,30,71,1-30-2023-071-02,2,1,1HGCV3F54KA0,17,474,1861,13,0,37,32,2019,4,1,4,0,1,F,1,1524,5,9999,9,4,62,2,56,1,0,0,995,0,0,0,85086,9,9,2,1,5,3,2,1,1,1,3,3,0,0,1,1,1,2,9,0,1,2,17,99,1,1,4,J,69,0,0,0,0,0,0,0,0,0,0,85,180,0,1,0,1,3,19,-18,7,18578,998,70,16,0,4,2,6,0,1,3,0,995,9.8,998,998,998,99.8,99.8,99.8,27.76223934,10,8
30581,30,71,1-30-2023-071-02,2,2,2LMPJ6KP2KBL,17,464,24892,7,0,13,422,2019,15,3,15,0,1,R,1,2071,5,0,1,1,57,2,56,1,0,0,995,0,0,0,85086,9,9,2,1,5,5,2,1,1,1,1,0,0,0,1,1,1,2,9,0,11,4,63,1,1,1,4,J,68,1,1,2,5,7,1,1,2,2,5,180,85,0,1,0,1,3,14,-7,-12,30160,998,67,17,0,4,9,97,0,1,8,1,995,9.8,998,998,998,99.8,99.8,99.8,27.76223934,10,8
30582,27,62,1-27-2023-062-04,4,1,5YFBURHE5HP6,17,448,2208,13,0,49,32,2017,4,1,3,0,1,F,2,1265,5,0,1,1,6,2,48,1,0,0,995,0,0,0,01201,9,9,2,4,5,3,2,1,1,1,1,2,0,0,1,8,1,2,9,0,11,2,15,3,1,1,4,J,68,0,0,0,0,0,0,0,0,0,0,190,70,0,0,0,1,1,28,-26,-10,75985,998,-65,35,0,4,0,0,0,0,0,0,995,9.8,998,998,998,99.8,99.8,99.8,15.97084567,3,8
30582,27,62,1-27-2023-062-04,4,2,3VWEM7BU8NM0,17,482,3137,13,0,30,40,2022,4,1,3,0,1,L,1,1350,5,0,1,1,8,2,48,1,0,0,995,0,0,0,01201,9,9,2,1,2,1,2,1,1,1,1,1,0,0,1,8,1,2,9,0,1,4,62,3,1,1,4,J,69,0,0,0,0,0,0,0,0,0,0,70,190,0,1,0,1,1,24,-18,15,11691,998,-51,13,0,4,0,0,0,0,0,0,995,0.5,119,30,60,1.6,0.9,1.7,15.97084567,3,8
30583,27,63,1-27-2023-063-10,10,1,1GBCS10A8M29,17,467,14457,7,0,20,401,1991,14,3,14,0,1,L,1,1383,8,9999,9,3,7,2,40,1,0,0,995,0,0,0,01220,9,9,3,4,2,1,1,1,1,1,0,0,0,0,1,1,8,2,1,0,10,2,16,99,1,1,4,K,78,0,0,0,0,0,0,0,0,0,0,85,135,0,0,0,1,5,999,999,999,9999999,999,999,999,6,0,0,0,0,0,0,0,995,9.8,998,998,998,99.8,99.8,99.8,86.28229523,3,8
30583,27,63,1-27-2023-063-10,10,2,1FDUF5HT1HEB,17,460,1808,63,11,12,880,2017,67,8,60,0,1,R,9,,,,,,,5,40,1,0,0,995,0,0,0,01201,9,9,3,4,2,1,2,1,1,1,1,2,0,0,1,1,8,9,1,0,1,4,70,99,1,1,4,K,79,,,,,,,,,,,,,,,,,,,,,,,,,,,95,95,95,95,95,,,9.8,998,998,998,99.8,99.8,99.8,86.28229523,3,8
30584,27,64,1-27-2023-064-07,7,1,5FNYF4H56FB0,17,474,1864,7,0,37,421,2015,15,3,15,0,1,F,3,2047,5,0,1,1,10,2,56,1,0,0,995,0,0,0,01201,1,2,0,4,2,1,2,1,3,4,1,2,0,0,2,8,0,0,3,1,14,2,13,5,2,4,1,A,1,0,0,0,0,0,0,0,0,0,0,998,998,0,1,1,1,98,999,999,999,9999999,999,999,999,8,0,1,1,0,1,0,0,998,0.2,65,65,98,56.5,3.5,55.7,32.33037916,3,8
30585,66,48,1-66-2023-048-09,9,1,1FDWF7DC8GDA,17,460,1810,11,0,12,881,2016,62,8,60,0,1,F,9,,,,,,,5,105,1,0,0,995,0,7,0,65604,9,9,2,4,2,1,2,1,1,1,4,1,3,3,1,1,0,0,9,0,6,4,61,99,1,1,4,J,73,,,,,,,,,,,,,,,,,,,,,,,,,,,95,95,95,95,95,,,9.8,998,998,998,99.8,99.8,99.8,316.5046093,6,8
30585,66,48,1-66-2023-048-09,9,2,1G2WJ52M7XF2,17,536,4262,13,0,22,20,1999,4,1,4,0,1,L,1,1531,5,0,1,1,18,2,105,1,0,0,995,0,7,0,65646,1,2,2,4,2,1,2,1,1,1,1,4,3,3,1,1,0,0,9,0,11,2,15,1,1,1,4,J,72,0,0,0,0,0,0,0,0,0,0,70,90,0,0,0,1,5,999,999,999,9999999,999,999,12,2,0,2,5,0,1,3,0,995,3.8,6,6,65,29.0,19.0,34.0,316.5046093,6,8