CASEID,PSU,CASENO,CASENUMBER,CATEGORY,VEHNO,VIN,VINLENGTH,VPICMAKE,VPICMODEL,VPICBODYCLASS,ICFINALBODY,MAKE,MODEL,MODELYR,BODYTYPE,BODYCAT,VEHCLASS,SPECUSE,TRANSTAT,DAMPLANE,DAMSEV,CURBWT,CURBSRC,CARGOWT,CARGOSRC,INSPTYPE,INSPLAG,TOWED,SPEEDLIMIT,DRPRESENT,PARALCOHOL,ALCTEST,ALCTESTRESULT,ALCTESTSRC,PARDRUG,DRUGTEST,ZIP,RACE,ETHNICITY,RELTOJUNCT,TRAFFLOW,RDLANES,INITLANE,SURFTYPE,SURFCOND,ALIGNMENT,PROFILE,LINERIGHT,LINELEFT,RUMBINIT,RUMBROAD,LIGHTCOND,WEATHER,TRAFDEV,TRAFFUNCT,DISTRACT,PREFHE,PREMOVE,CRITCAT,CRITEVENT,MANEUVER,PRESTAB,PRELOC,CRASHCAT,CRASHCONF,CRASHTYPE,ROLLTYPE,ROLLTURN,ROLLINTRPT,ROLLPREMAN,ROLLINITYP,ROLLINLOC,ROLLOBJ,ROLLTRIP,ROLLDIR,ROLLDIST,DVANGTHIS,DVANGOTH,TOWHITCH,TRAJDOC,TREEPOLE,DVEVENT,DVBASIS,DVTOTAL,DVLONG,DVLAT,DVENERGY,DVSPEED,DVMOMENT,DVBES,DVEST,DVCONF,VAIS,VISS,VINJSEV,VINJURED,VTREAT,INITOBJCLASS,HEADANGLECAT,SHLDRWIDTH,STRKLENGTH,STRKWIDTH,STRKHEIGHT,EDGEDISTX,EDGEDISTY,EDGEDISTZ,CASEWGT,PSUSTRAT,VERSION
30586,66,49,1-66-2023-049-10,10,1,JTEZT17R7400,17,448,2216,7,0,49,401,2004,14,3,14,0,1,F,1,1940,5,0,1,5,27,2,89,1,0,0,995,0,0,0,36908,9,9,0,4,2,1,2,1,1,1,1,2,0,0,1,1,0,0,1,1,6,2,11,4,1,2,2,E,42,0,0,0,0,0,0,0,0,0,0,110,90,1,1,0,1,5,999,999,999,9999999,999,999,999,6,0,0,0,0,0,0,0,995,0.0,48,12,120,0.8,3.2,3.3,1329.483655,6,8
30586,66,49,1-66-2023-049-10,10,2,999999999999,99,99999,99999,66,0,99,884,9999,66,8,68,99,1,L,9,,,,,,,5,89,1,9,0,995,0,9,0,99999,9,9,0,4,2,1,2,1,1,1,1,2,0,0,1,1,0,0,9,0,1,4,60,99,1,1,2,E,42,,,,,,,,,,,,,,,,,,,,,,,,,,,95,95,95,95,95,,,9.8,998,998,998,99.8,99.8,99.8,1329.483655,6,8
30587,52,81,1-52-2023-081-04,4,1,KM8R5DGE6PU5,17,498,25847,7,0,55,422,2023,15,3,15,0,1,L,1,1957,5,0,2,1,14,2,72,1,0,0,995,0,0,0,59106,1,2,2,1,2,1,2,1,2,1,1,1,0,0,1,1,3,2,1,0,10,2,16,1,1,1,4,K,78,0,0,0,0,0,0,0,0,0,0,135,175,0,0,0,1,3,7,2,7,9670,998,196,7,0,4,0,0,0,0,0,0,995,9.8,998,998,998,99.8,99.8,99.8,232.7173316,12,8
30587,52,81,1-52-2023-081-04,4,2,1FTER4EH2KLA,17,460,1803,60,0,12,471,2019,34,5,31,0,1,F,1,2014,5,9999,9,0,998,5,72,1,0,0,995,0,0,0,59028,9,9,2,3,2,1,2,1,3,1,1,1,0,0,1,1,0,0,9,0,14,4,65,99,1,1,4,K,79,0,0,0,0,0,0,0,0,0,0,175,135,0,0,0,1,3,7,-6,-4,5868,998,-64,8,0,4,95,95,95,95,95,0,995,9.8,998,998,998,99.8,99.8,99.8,232.7173316,12,8
30588,28,55,1-28-2023-055-10,10,1,1HGCG32731A0,17,474,1861,3,0,37,32,2001,2,1,3,0,1,T,1,1367,5,0,1,4,52,2,89,1,0,0,995,0,0,0,16936,1,2,0,4,2,1,5,1,2,4,0,0,0,0,1,1,0,0,1,0,14,6,87,98,3,3,6,M,98,1,6,9,5,1,1,61,1,2,999,997,997,0,0,0,1,6,999,999,999,9999999,999,999,999,6,0,0,0,0,0,0,3,997,9.8,998,998,998,99.8,99.8,99.8,204.2616039,3,8
30589,32,98,1-32-2023-098-08,8,1,3D4GH57V69T5,17,476,1939,7,0,7,27,2009,6,1,4,0,1,L,2,1910,5,0,1,5,9,2,113,1,0,1,0,2,0,0,72401,2,2,1,2,6,2,2,1,1,1,3,3,0,0,1,1,0,0,9,1,15,2,11,99,1,2,2,F,46,1,5,2,5,2,4,58,4,2,26,997,997,0,0,0,3,6,999,999,999,9999999,999,999,999,7,0,2,5,0,3,3,3,997,9.8,998,998,998,99.8,99.8,99.8,464.1557585,7,8
30589,32,98,1-32-2023-098-08,8,2,999999999999,99,99999,99999,999,0,99,399,9999,9,1,9,0,1,9,9,9999,9,9999,9,0,998,5,113,1,8,0,995,0,7,0,99999,9,9,1,2,6,1,2,1,1,1,3,3,0,0,1,1,0,0,0,0,1,4,60,99,1,1,2,F,45,0,0,0,0,0,0,0,0,0,0,70,80,0,0,0,1,0,999,999,999,9999999,999,999,999,9,0,95,95,95,95,95,0,995,9.8,998,998,998,99.8,99.8,99.8,464.1557585,7,8
30589,32,98,1-32-2023-098-08,8,3,1N4BL4CV7NN3,17,478,1904,13,0,35,47,2022,4,1,4,0,1,F,9,1558,5,9999,9,0,998,5,113,1,0,0,995,0,0,0,75229,9,9,1,2,6,1,2,1,1,1,3,3,0,0,1,1,0,0,9,0,1,4,60,99,1,1,6,M,98,0,0,0,0,0,0,0,0,0,0,70,90,0,0,9,2,0,999,999,999,9999999,999,999,999,9,0,95,95,95,95,95,0,995,9.8,998,998,998,99.8,99.8,99.8,464.1557585,7,8
30592,26,74,1-26-2023-074-02,2,1,2HGFC2F67KH5,17,474,1863,13,0,37,31,2019,4,1,3,0,1,F,9,1252,5,9999,9,4,42,2,89,1,1,8,997,8,9,9,95815,2,9,1,2,3,3,2,1,1,9,3,2,0,0,3,1,8,2,9,1,15,3,51,99,9,2,2,D,24,0,0,0,0,0,0,0,0,0,0,10,5,0,0,0,1,5,999,999,999,9999999,999,999,999,9,0,1,1,0,2,8,0,995,9.8,998,998,998,99.8,99.8,99.8,64.77087639,10,8
30592,26,74,1-26-2023-074-02,2,2,3AKJHLDV3MSM,17,450,2501,66,0,82,881,2021,66,8,68,0,1,B,9,,,,,,,5,89,1,0,0,995,0,0,0,95335,9,9,1,2,3,2,2,1,1,9,3,3,0,0,3,1,8,2,1,0,1,4,60,99,1,1,2,D,25,,,,,,,,,,,,,,,,,,,,,,,,,,,95,95,95,95,95,,,9.8,998,998,998,99.8,99.8,99.8,64.77087639,10,8
30594,28,56,1-28-2023-056-09,9,1,2G1WG5E36D11,17,467,1833,13,0,20,2,2013,4,1,4,0,1,F,1,1613,5,0,1,1,7,2,89,1,0,0,995,0,0,0,16731,1,2,0,1,2,1,2,1,1,1,1,4,0,0,2,1,0,0,1,0,1,6,87,1,1,1,1,C,13,0,0,0,0,0,0,0,0,0,0,998,998,0,0,0,1,12,999,999,999,9999999,999,999,999,6,0,0,0,0,0,5,0,998,9.8,998,998,998,99.8,99.8,99.8,50.89149747,3,8
30595,22,50,1-22-2023-050-03,3,1,2T3A1RFV8LW1,17,448,2217,7,0,49,402,2020,14,3,14,0,1,T,2,1583,5,0,1,1,8,2,40,1,1,1,229,1,0,0,99402,9,9,0,4,2,1,2,1,1,2,0,0,0,0,3,1,0,0,9,1,1,2,11,1,1,4,1,C,11,1,2,2,1,7,2,2,2,2,25,997,997,0,0,0,2,6,999,999,999,9999999,999,999,999,7,0,1,1,0,1,0,1,997,9.8,998,998,998,99.8,99.8,99.8,142.8944575,12,8
30595,22,50,1-22-2023-050-03,3,2,5TFNA5DB3NX0,17,448,2467,60,0,49,482,2022,34,5,30,0,2,F,9,2445,5,9999,9,0,998,,,,,,,,,,,,,,,,,,,,,,,,,,,,,,,,,,,,,,,,,,,,,,,,,,,,,,,,,,,,,,,,,,95,95,95,95,95,,,,,,,,,,142.8944575,12,8
30596,26,75,1-26-2023-075-02,2,1,1GYFZCR47KF2,17,469,24948,7,0,19,422,2019,15,3,15,0,1,T,2,1660,5,0,1,1,12,2,89,1,1,8,997,8,9,9,95207,9,1,0,4,2,1,2,1,1,1,1,4,0,0,1,1,0,0,9,1,1,2,12,99,4,4,1,B,7,1,4,1,2,1,3,61,1,1,10,997,997,0,0,0,1,6,999,999,999,9999999,999,999,999,7,0,9,97,0,1,8,3,997,0.7,28,28,70,12.4,4.3,13.3,64.77087639,10,8
30599,15,127,1-15-2023-127-02,2,1,1C4RJFAG0KC6,17,483,1949,7,0,2,422,2019,15,3,15,0,1,F,1,2121,5,0,1,1,76,2,80,1,8,9,998,8,7,9,11756,1,2,1,2,3,1,2,1,1,1,1,3,0,0,1,8,0,0,1,1,1,1,8,1,1,4,1,A,1,0,0,0,0,0,0,0,0,0,0,998,998,0,0,0,5,1,21,-21,-4,41047,998,-38,21,0,4,0,0,0,0,4,0,998,9.9,999,999,999,3.2,1.1,3.0,10.48566673,1,8
30600,15,128,1-15-2023-128-03,3,1,JN1EV7EL2KM2,17,480,1902,3,0,58,42,2019,2,1,4,0,1,F,2,1750,5,9999,9,4,74,2,80,1,8,9,998,8,7,9,11422,9,9,1,2,4,4,2,2,1,1,1,2,0,0,1,2,0,0,9,1,1,1,6,99,9,4,1,B,7,0,0,0,0,0,0,0,0,0,0,998,998,0,0,0,1,12,999,999,999,9999999,999,999,999,7,0,9,97,0,1,0,0,998,3.6,999,999,999,0.0,0.0,0.0,67.37996985,1,8
30602,21,62,1-21-2023-062-02,2,1,3KPF54AD0PE5,17,499,2462,13,0,63,38,2023,4,1,3,0,1,F,2,1366,5,0,1,1,14,2,113,1,0,0,995,0,0,0,90201,1,2,0,2,2,1,2,1,1,1,1,3,0,1,4,1,0,0,3,1,1,2,13,1,1,4,1,A,1,0,0,0,0,0,0,0,0,0,0,998,998,0,0,0,1,1,31,-31,0,71838,998,48,31,0,4,3,17,2,2,3,0,998,3.6,999,999,999,14.1,2.9,14.1,58.86931901,11,8
30603,21,63,1-21-2023-063-02,2,1,5TDZZRFHXJS2,17,448,2213,7,0,49,403,2018,14,3,14,0,1,F,1,1965,5,9999,9,4,103,2,72,1,8,9,998,8,7,9,92407,1,9,2,4,5,3,2,1,1,1,1,2,0,0,1,1,1,2,9,0,1,2,17,99,1,1,5,L,88,1,1,1,5,7,1,2,3,1,7,100,10,0,0,0,1,3,13,-13,-2,10933,998,-39,11,0,4,1,1,0,1,8,1,995,9.8,998,998,998,99.8,99.8,99.8,43.55612421,11,8
30603,21,63,1-21-2023-063-02,2,2,4T1B11HK2KU8,17,448,2469,13,0,49,40,2019,4,1,4,0,1,L,1,1495,5,0,1,1,74,2,72,1,0,1,0,2,0,0,92399,3,2,2,4,5,2,2,1,1,1,1,1,0,0,1,1,1,2,9,0,1,4,66,99,1,1,5,L,89,0,0,0,0,0,0,0,0,0,0,10,100,0,0,0,1,3,16,-3,15,30829,998,127,16,0,4,4,22,2,3,3,0,995,9.8,998,998,998,99.8,99.8,99.8,43.55612421,11,8
30603,21,63,1-21-2023-063-02,2,3,1FTYR44U52PA,17,460,1803,60,0,12,471,2002,34,5,30,0,1,F,2,1502,5,0,1,1,101,2,72,1,0,0,995,0,0,0,92394,9,1,2,4,6,4,2,1,1,1,1,2,0,0,1,1,1,2,9,0,5,4,62,1,1,1,6,M,98,0,0,0,0,0,0,0,0,0,0,270,80,0,0,0,3,98,999,999,999,9999999,999,999,999,7,0,99,99,0,0,8,0,995,9.8,998,998,998,99.8,99.8,99.8,43.55612421,11,8
30603,21,63,1-21-2023-063-02,2,4,WDDSJ4EB3JN5,17,449,2083,13,0,42,54,2018,4,1,3,0,1,F,1,1585,5,9999,9,4,99,2,72,1,0,1,10,2,0,2,92407,2,2,2,4,6,2,2,1,1,1,1,1,0,0,1,1,1,2,1,0,5,4,62,1,1,1,6,M,98,0,0,0,0,0,0,0,0,0,0,996,996,0,0,0,5,7,999,999,999,9999999,999,999,999,6,0,1,1,0,1,4,0,996,9.8,998,998,998,99.8,99.8,99.8,43.55612421,11,8
30603,21,63,1-21-2023-063-02,2,5,1GCEC19X38Z2,17,467,1850,60,0,20,481,2008,34,5,31,0,1,F,9,2342,5,9999,9,0,998,5,72,1,0,0,995,0,0,0,92404,9,9,2,4,6,2,2,1,1,1,1,1,0,0,1,1,1,2,1,0,5,3,54,1,1,1,6,M,98,0,0,0,0,0,0,0,0,0,0,270,280,0,0,0,8,0,999,999,999,9999999,999,999,999,9,0,95,95,95,95,95,0,995,9.8,998,998,998,99.8,99.8,99.8,43.55612421,11,8
30603,21,63,1-21-2023-063-02,2,6,5TFRV54119X0,17,448,2467,60,0,49,482,2009,34,5,31,0,1,F,1,2561,5,9999,9,4,93,2,72,1,0,0,995,0,0,0,92346,2,9,2,4,6,3,2,1,1,1,3,1,0,0,1,1,1,2,9,0,5,3,54,99,1,1,6,M,98,0,0,0,0,0,0,0,0,0,0,996,996,0,0,0,6,7,999,999,999,9999999,999,999,999,6,0,99,99,0,0,8,0,996,9.8,998,998,998,99.8,99.8,99.8,43.55612421,11,8
30603,21,63,1-21-2023-063-02,2,7,JTNB11HK3J30,17,448,2469,13,0,49,40,2018,4,1,4,0,1,F,1,1470,5,9999,9,4,93,2,72,1,0,0,995,0,0,0,92345,2,9,2,4,6,3,2,1,1,1,1,1,0,0,1,1,1,2,9,0,5,3,54,99,1,1,6,M,98,0,0,0,0,0,0,0,0,0,0,270,270,0,0,0,9,12,999,999,999,9999999,999,999,999,6,0,0,0,0,0,0,0,995,9.8,998,998,998,99.8,99.8,99.8,43.55612421,11,8
30603,21,63,1-21-2023-063-02,2,8,1FMJK1K50DEF,17,460,1799,7,0,12,422,2013,15,3,15,0,1,F,9,2633,5,0,2,0,998,5,72,1,0,0,995,0,0,0,92346,9,9,2,4,6,3,2,1,1,1,3,1,0,0,1,1,1,2,1,0,5,3,54,1,1,1,6,M,98,0,0,0,0,0,0,0,0,0,0,270,270,0,0,0,10,0,999,999,999,9999999,999,999,999,9,0,95,95,95,95,95,0,995,9.8,998,998,998,99.8,99.8,99.8,43.55612421,11,8
30604,32,99,1-32-2023-099-02,2,1,3GCUYDED9KG2,17,467,1850,60,0,20,481,2019,34,5,30,0,1,F,2,2184,5,9999,9,0,998,2,72,1,0,1,123,2,0,1,75052,9,1,0,5,7,3,1,1,2,1,3,2,0,0,3,1,0,0,9,1,14,2,10,99,1,2,3,G,50,9,99,9,9,99,9,99,9,9,999,140,340,0,0,0,1,3,38,-36,-13,159971,998,-36,42,0,4,1,2,0,1,4,9,995,9.8,998,998,998,99.8,99.8,99.8,20.73120473,7,8
30604,32,99,1-32-2023-099-02,2,2,1N4BL4BV9LC1,17,478,1904,13,0,35,47,2020,4,1,4,0,1,F,3,1545,5,0,1,1,19,2,72,1,0,0,995,0,0,0,75230,9,1,0,5,7,3,1,1,3,1,3,2,0,0,3,1,0,0,9,0,14,4,62,99,1,1,3,G,51,0,0,0,0,0,0,0,0,0,0,340,140,0,0,0,1,3,51,-51,0,145135,998,0,47,0,4,9,97,0,1,8,0,995,0.0,22,22,120,5.0,2.7,5.8,20.73120473,7,8
30605,32,100,1-32-2023-100-02,2,1,1FMCU0F74KUA,17,460,1798,7,0,12,402,2019,14,3,14,0,1,F,1,1611,5,0,1,1,14,2,105,1,0,1,182,2,0,0,75044,9,1,1,2,4,1,1,1,1,2,1,3,0,0,1,1,0,0,3,1,1,2,13,8,1,4,1,A,1,0,0,0,0,0,0,0,0,0,0,998,998,0,0,0,1,10,999,999,999,9999999,999,0,19,2,0,1,1,0,1,4,0,998,9.8,998,998,998,99.8,99.8,99.8,20.73120473,7,8
30607,29,50,1-29-2023-050-03,3,1,2HGFC2F86LH5,17,474,1863,13,0,37,31,2020,4,1,3,0,1,9,9,1312,5,9999,9,6,40,2,56,1,8,0,995,0,7,0,02719,9,9,3,4,2,1,4,1,1,1,0,0,0,0,1,8,0,0,1,0,11,2,15,99,9,1,4,K,82,0,0,0,0,0,0,0,0,0,0,70,320,0,0,0,1,12,999,999,999,9999999,999,999,999,9,0,9,97,0,1,99,0,995,9.8,998,998,998,99.8,99.8,99.8,153.2118273,2,8
30607,29,50,1-29-2023-050-03,3,2,JTMLWRFV9ND1,17,448,2217,7,0,49,402,2022,14,3,14,0,1,9,9,1583,5,9999,9,0,998,2,56,1,8,0,995,0,7,0,02739,9,9,3,4,4,2,2,1,1,1,1,3,0,0,1,8,0,0,1,0,1,4,72,99,1,1,4,K,83,0,0,0,0,0,0,0,0,0,0,320,70,0,0,0,1,0,999,999,999,9999999,999,999,999,9,0,0,0,0,0,0,0,995,9.8,998,998,998,99.8,99.8,99.8,153.2118273,2,8
30608,29,51,1-29-2023-051-04,4,1,1C6SRFLT4KN9,17,496,13620,60,0,7,482,2019,34,5,31,0,1,R,1,2327,5,0,1,1,48,2,40,1,8,0,995,0,7,0,02719,9,9,2,4,2,1,2,2,1,4,1,2,0,0,5,1,2,2,1,1,1,1,6,99,2,4,1,C,14,0,0,0,0,0,0,0,0,0,0,998,998,0,1,0,1,8,999,999,999,9999999,999,999,999,6,0,0,0,0,0,0,0,998,1.4,999,999,60,1.7,0.7,1.9,556.9322563,2,8
30609,15,129,1-15-2023-129-10,10,1,5FNYF4H2XAB0,17,474,1864,7,0,37,421,2010,15,3,15,0,1,F,1,2058,5,9999,9,4,66,2,89,1,8,9,998,8,7,9,11596,9,9,1,3,2,1,2,1,1,9,3,2,0,0,1,8,0,0,9,0,1,3,52,99,1,1,2,D,28,0,0,0,0,0,0,0,0,0,0,130,130,0,0,0,1,98,999,999,999,9999999,999,999,999,6,0,0,0,0,0,0,0,995,9.8,998,998,998,99.8,99.8,99.8,2283.215523,1,8
30609,15,129,1-15-2023-129-10,10,2,5N1AR1NB2BC6,17,478,1911,7,0,35,401,2011,14,3,14,0,1,B,9,2243,5,9999,9,0,998,5,89,1,8,9,998,8,7,9,11554,9,9,1,3,2,1,2,1,1,9,3,2,0,0,1,8,0,0,9,0,1,2,18,99,1,1,2,D,29,0,0,0,0,0,0,0,0,0,0,130,130,0,0,0,1,0,999,999,999,9999999,999,999,999,9,0,95,95,95,95,95,0,995,9.8,998,998,998,99.8,99.8,99.8,2283.215523,1,8
30610,15,130,1-15-2023-130-06,6,1,5N1AT2MV4FC8,17,478,1913,8,0,35,51,2015,6,1,3,0,1,F,9,1610,5,9999,9,0,998,2,48,1,8,0,995,0,7,0,11550,9,1,2,4,2,1,2,1,1,1,1,1,0,0,1,8,1,2,9,0,1,2,17,99,1,1,5,L,88,0,0,0,0,0,0,0,0,0,0,275,185,0,0,0,1,0,999,999,999,9999999,999,999,999,9,0,1,1,0,1,4,0,995,9.8,998,998,998,99.8,99.8,99.8,146.5836491,1,8
30610,15,130,1-15-2023-130-06,6,2,1C4RJFAG0HC8,17,483,1949,7,0,2,422,2017,15,3,15,0,1,L,1,2121,5,9999,9,4,30,2,48,1,8,9,998,8,7,9,11550,9,9,2,4,4,1,2,1,1,1,1,1,0,0,1,8,1,2,9,0,1,4,66,99,1,1,5,L,89,0,0,0,0,0,0,0,0,0,0,185,275,0,0,0,1,12,999,999,999,9999999,999,999,999,6,0,0,0,0,0,0,0,995,9.8,998,998,998,99.8,99.8,99.8,146.5836491,1,8
30612,21,64,1-21-2023-064-01,1,1,5N1AA08A45N7,17,478,1915,7,0,35,421,2005,15,3,15,0,1,T,3,2504,5,0,1,1,81,2,113,1,1,8,997,8,7,3,92336,9,1,0,1,4,2,2,1,1,1,3,2,1,3,2,1,0,0,9,1,98,1,6,4,3,4,1,A,2,1,1,1,2,1,4,61,1,2,18,996,996,0,0,6,2,7,999,999,999,9999999,999,999,999,8,0,3,19,2,2,1,3,996,4.7,999,999,999,14.0,12.0,18.6,83.44880043,11,8
30613,29,52,1-29-2023-052-03,3,1,5J6RS6H95PL0,17,474,1865,7,0,37,402,2023,14,3,14,0,1,F,2,1649,5,0,1,3,38,2,56,1,0,0,995,0,0,0,07093,9,9,2,1,2,1,2,2,1,1,1,1,0,0,1,1,1,2,9,1,10,2,13,99,9,4,1,A,2,0,0,0,0,0,0,0,0,0,0,998,998,0,0,0,4,12,999,999,999,9999999,999,999,999,7,0,99,99,0,0,99,0,998,0.5,120,15,12,0.0,0.0,0.0,153.2118273,2,8
30614,73,95,1-73-2023-095-09,9,1,3N1BC11E07L4,17,478,1894,13,0,35,50,2007,4,1,2,0,1,F,1,1235,5,9999,9,4,56,2,72,1,8,1,0,2,7,0,04450,1,9,0,4,2,1,4,1,1,4,0,0,0,0,1,1,0,0,9,1,98,1,6,99,8,4,1,A,2,0,0,0,0,0,0,0,0,0,0,998,998,0,0,0,1,12,999,999,999,9999999,999,999,999,6,0,1,3,0,1,6,0,998,9.8,998,998,998,99.8,99.8,99.8,94.91618861,3,8
30615,73,96,1-73-2023-096-04,4,1,1C4PJMBN5LD5,17,483,1945,7,0,2,404,2020,14,3,14,0,1,F,9,1661,5,9999,9,0,998,2,89,1,8,0,995,0,7,0,04950,9,9,0,4,2,1,2,1,1,1,1,4,0,0,5,1,0,0,9,0,1,6,87,99,1,1,1,C,13,0,0,0,0,0,0,0,0,0,0,998,998,0,0,0,1,0,999,999,999,9999999,999,999,999,9,0,0,0,0,0,0,0,998,9.8,998,998,998,99.8,99.8,99.8,35.71487072,3,8
30616,30,72,1-30-2023-072-04,4,1,JNKAY01E47M3,17,480,2306,13,0,58,38,2007,4,1,4,0,1,F,2,1738,5,9999,9,4,170,2,80,1,0,1,0,1,0,0,85338,9,9,2,4,5,3,2,1,1,1,1,2,0,0,3,1,1,2,1,0,11,2,15,99,1,1,4,J,68,0,0,0,0,0,0,0,0,0,0,30,260,0,0,0,1,98,999,999,999,9999999,999,999,999,7,0,0,0,0,0,6,0,995,9.8,998,998,998,99.8,99.8,99.8,1977.509087,10,8
30616,30,72,1-30-2023-072-04,4,2,2GNAXKEV8K62,17,467,1847,7,0,20,404,2019,14,3,14,0,1,F,2,1485,5,9999,9,4,160,2,80,1,0,0,995,0,0,0,85041,9,9,2,4,6,3,2,1,1,1,3,1,0,0,3,1,1,2,1,0,1,4,62,99,1,1,4,J,69,0,0,0,0,0,0,0,0,0,0,260,30,0,0,0,1,98,999,999,999,9999999,999,999,999,7,0,0,0,0,0,0,0,995,9.8,998,998,998,99.8,99.8,99.8,1977.509087,10,8
30617,30,73,1-30-2023-073-03,3,1,1N4AL21E37C1,17,478,1904,13,0,35,47,2007,4,1,4,0,1,F,2,1429,5,9999,9,4,72,2,64,1,0,1,10,2,0,0,85353,2,9,3,4,5,3,2,1,1,1,1,2,0,0,5,1,0,0,1,0,11,2,15,99,1,1,4,J,68,0,0,0,0,0,0,0,0,0,0,120,0,0,0,0,1,98,999,999,999,9999999,999,999,999,7,0,0,0,0,0,4,0,995,9.8,998,998,998,99.8,99.8,99.8,368.7561712,10,8
30617,30,73,1-30-2023-073-03,3,2,WA1ABAFY2P20,17,582,3862,7,0,32,402,2023,14,3,14,0,1,F,9,1775,5,9999,9,0,998,2,64,1,0,0,995,0,0,0,85340,9,9,3,4,6,2,2,1,1,1,1,3,0,0,5,1,0,0,1,0,1,4,62,99,1,1,4,J,69,0,0,0,0,0,0,0,0,0,0,0,120,0,0,0,1,0,999,999,999,9999999,999,999,999,9,0,9,97,0,1,99,0,995,9.8,998,998,998,99.8,99.8,99.8,368.7561712,10,8
30620,22,52,1-22-2023-052-07,7,1,1C4RDJAG2GC3,17,476,3508,7,0,7,422,2016,15,3,15,0,1,F,1,2262,5,0,1,1,27,2,40,1,9,0,995,0,9,0,83843,9,9,0,4,2,1,2,1,1,1,0,0,0,0,1,1,0,0,9,1,1,2,11,1,1,4,1,C,11,0,0,0,0,0,0,0,0,0,0,105,100,0,0,0,1,12,999,999,999,9999999,999,999,999,2,0,0,0,0,0,0,0,995,9.8,998,998,998,99.8,99.8,99.8,1078.45276,12,8
30620,22,52,1-22-2023-052-07,7,2,5TFBV541X8X0,17,448,2467,60,0,49,482,2008,34,5,31,0,2,B,9,2470,5,9999,9,0,998,,,,,,,,,,,,,,,,,,,,,,,,,,,,,,,,,,,,,,,,,,,,,,,,,,,,,,,,,,,,,,,,,,95,95,95,95,95,,,,,,,,,,1078.45276,12,8
30622,23,63,1-23-2023-063-09,9,1,1C4RJFBG9CC2,17,483,1949,7,0,2,404,2012,14,3,14,0,1,F,2,2114,5,9999,9,4,75,2,89,1,0,0,995,0,0,0,43065,1,2,3,4,2,1,2,1,1,1,1,2,0,0,1,1,0,0,1,0,1,3,50,99,1,1,2,D,20,0,0,0,0,0,0,0,0,0,0,165,165,0,0,0,1,12,999,999,999,9999999,999,999,999,7,0,1,1,0,1,8,0,995,9.8,998,998,998,99.8,99.8,99.8,1498.901492,5,8
30622,23,63,1-23-2023-063-09,9,2,5UXZV4C57D0G,17,452,1717,7,0,34,401,2013,14,3,14,0,1,B,9,2250,5,9999,9,0,998,2,89,1,0,0,995,0,0,0,43065,3,2,3,4,2,1,2,1,1,1,1,2,0,0,1,1,0,0,1,0,5,3,53,99,1,1,2,D,21,0,0,0,0,0,0,0,0,0,0,165,165,0,0,0,1,0,999,999,999,9999999,999,999,999,9,0,0,0,0,0,5,0,995,9.8,998,998,998,99.8,99.8,99.8,1498.901492,5,8
30623,23,64,1-23-2023-064-03,3,1,NM0LS7F25K13,17,460,1811,95,0,12,444,2019,20,4,20,0,1,R,1,1624,5,0,1,1,9,2,72,1,0,0,995,0,0,0,43229,1,9,2,4,2,1,2,1,1,1,1,2,0,0,1,8,2,2,9,0,1,4,66,99,1,1,5,L,87,0,0,0,0,0,0,0,0,0,0,180,90,0,0,0,1,3,10,-3,-10,14254,998,134,11,0,1,1,1,0,1,4,0,995,9.8,998,998,998,99.8,99.8,99.8,206.008174,5,8
30623,23,64,1-23-2023-064-03,3,2,1GKKNULSXKZ1,17,472,1855,7,0,23,423,2019,15,3,15,0,1,F,1,1998,5,9999,9,0,998,5,56,1,0,0,995,0,0,0,43081,9,9,2,4,2,1,2,1,1,1,1,2,0,0,1,8,2,2,9,0,1,2,17,99,1,1,5,L,86,0,0,0,0,0,0,0,0,0,0,90,180,0,0,0,1,3,9,-8,3,5626,998,75,8,0,4,95,95,95,95,95,0,995,9.8,998,998,998,99.8,99.8,99.8,206.008174,5,8
30624,77,58,1-77-2023-058-05,5,1,999999999999,99,449,99999,999,0,42,399,9999,9,1,9,0,1,F,9,9999,9,9999,9,0,998,5,113,1,9,9,998,8,9,9,99999,9,9,0,1,2,1,2,1,1,9,1,3,1,3,1,1,0,0,9,1,15,2,10,99,1,2,2,F,47,0,0,0,0,0,0,0,0,0,0,75,75,0,0,0,1,0,999,999,999,9999999,999,999,999,9,0,95,95,95,95,95,0,995,9.8,998,998,998,99.8,99.8,99.8,76.33062011,9,8
30624,77,58,1-77-2023-058-05,5,2,2T1BURHE5EC0,17,448,2208,13,0,49,32,2014,4,1,3,0,1,T,1,1290,5,0,1,1,10,2,113,1,0,1,0,2,0,1,22903,9,9,0,1,2,2,2,1,1,9,3,2,1,3,1,1,0,0,1,0,1,4,61,1,1,1,2,F,45,1,4,2,2,1,4,61,1,2,999,997,997,0,0,0,2,6,999,999,999,9999999,999,999,999,6,0,2,5,0,1,4,3,997,9.8,998,998,998,99.8,99.8,99.8,76.33062011,9,8