CASEID,PSU,CASENO,CASENUMBER,CATEGORY,VEHNO,VIN,VINLENGTH,VPICMAKE,VPICMODEL,VPICBODYCLASS,ICFINALBODY,MAKE,MODEL,MODELYR,BODYTYPE,BODYCAT,VEHCLASS,SPECUSE,TRANSTAT,DAMPLANE,DAMSEV,CURBWT,CURBSRC,CARGOWT,CARGOSRC,INSPTYPE,INSPLAG,TOWED,SPEEDLIMIT,DRPRESENT,PARALCOHOL,ALCTEST,ALCTESTRESULT,ALCTESTSRC,PARDRUG,DRUGTEST,ZIP,RACE,ETHNICITY,RELTOJUNCT,TRAFFLOW,RDLANES,INITLANE,SURFTYPE,SURFCOND,ALIGNMENT,PROFILE,LINERIGHT,LINELEFT,RUMBINIT,RUMBROAD,LIGHTCOND,WEATHER,TRAFDEV,TRAFFUNCT,DISTRACT,PREFHE,PREMOVE,CRITCAT,CRITEVENT,MANEUVER,PRESTAB,PRELOC,CRASHCAT,CRASHCONF,CRASHTYPE,ROLLTYPE,ROLLTURN,ROLLINTRPT,ROLLPREMAN,ROLLINITYP,ROLLINLOC,ROLLOBJ,ROLLTRIP,ROLLDIR,ROLLDIST,DVANGTHIS,DVANGOTH,TOWHITCH,TRAJDOC,TREEPOLE,DVEVENT,DVBASIS,DVTOTAL,DVLONG,DVLAT,DVENERGY,DVSPEED,DVMOMENT,DVBES,DVEST,DVCONF,VAIS,VISS,VINJSEV,VINJURED,VTREAT,INITOBJCLASS,HEADANGLECAT,SHLDRWIDTH,STRKLENGTH,STRKWIDTH,STRKHEIGHT,EDGEDISTX,EDGEDISTY,EDGEDISTZ,CASEWGT,PSUSTRAT,VERSION
30626,77,60,1-77-2023-060-08,8,1,1FMDU73E95UA,17,460,1800,7,0,12,401,2005,14,3,14,0,1,F,1,1984,5,0,1,1,12,2,56,1,0,0,995,0,0,0,22935,1,2,0,4,2,1,2,1,3,2,0,2,0,0,1,1,0,0,1,1,14,2,10,1,1,2,3,I,64,0,0,0,0,0,0,0,0,0,0,130,320,0,0,0,1,3,16,-16,3,10543,998,-31,11,0,4,0,0,0,0,0,0,995,0.0,120,120,120,9.1,1.8,9.4,249.0145739,9,8
30626,77,60,1-77-2023-060-08,8,2,1D7RV1GT8BS5,17,476,1938,60,0,7,482,2011,34,5,31,0,1,L,1,2385,5,0,1,1,6,2,56,1,0,0,995,0,0,0,22935,9,9,0,4,2,1,2,1,2,1,0,2,0,0,1,1,0,0,1,0,14,4,62,8,1,1,3,I,65,0,0,0,0,0,0,0,0,0,0,320,130,0,0,0,1,3,13,-12,4,31503,998,-99,16,0,4,0,0,0,0,0,0,995,9.8,998,998,998,99.8,99.8,99.8,249.0145739,9,8
30628,18,55,1-18-2023-055-07,7,1,5NPEB4AC0BH1,17,498,2459,13,0,55,33,2011,4,1,4,0,1,F,9,1454,5,9999,9,0,998,5,48,1,0,0,995,0,0,0,54722,9,9,2,4,2,1,2,2,1,9,0,0,0,0,3,2,0,0,9,1,10,2,10,99,1,2,4,K,80,0,0,0,0,0,0,0,0,0,0,75,275,0,0,0,1,0,999,999,999,9999999,999,999,999,9,0,95,95,95,95,95,0,995,9.8,998,998,998,99.8,99.8,99.8,1678.020546,6,8
30628,18,55,1-18-2023-055-07,7,2,1GCVKREC5FZ4,17,467,1850,60,0,20,481,2015,34,5,30,0,1,F,1,2366,5,101,1,1,14,2,48,1,0,0,995,0,0,0,54701,1,9,2,4,3,2,2,2,1,9,0,0,0,0,3,2,2,2,1,0,5,4,67,99,1,1,4,K,81,0,0,0,0,0,0,0,0,0,0,275,75,0,0,0,1,12,999,999,999,9999999,999,999,999,6,0,0,0,0,0,0,0,995,9.8,998,998,998,99.8,99.8,99.8,1678.020546,6,8
30629,48,56,1-48-2023-056-07,7,1,1GC1KWE81FF1,17,467,1850,60,0,20,481,2015,34,5,31,0,1,F,1,2918,5,9999,9,4,8,5,40,1,0,0,995,0,0,0,52070,9,9,2,4,2,1,2,1,1,1,0,4,0,0,1,1,2,2,3,0,1,2,17,1,1,1,5,L,86,0,0,0,0,0,0,0,0,0,0,90,180,1,0,0,1,5,999,999,999,9999999,999,999,999,1,0,95,95,95,95,95,0,995,9.8,998,998,998,99.8,99.8,99.8,109.9463278,12,8
30629,48,56,1-48-2023-056-07,7,2,JM3KFBCM2J04,17,473,2369,7,0,41,403,2018,14,3,14,0,1,R,1,1659,5,0,1,1,6,2,40,1,0,0,995,0,0,0,84302,1,2,2,4,4,2,2,1,1,1,1,1,0,0,1,1,2,2,1,0,1,4,66,2,1,1,5,L,87,0,0,0,0,0,0,0,0,0,0,180,90,0,0,0,1,5,999,999,999,9999999,999,999,14,2,0,2,4,0,2,6,0,995,9.8,998,998,998,99.8,99.8,99.8,109.9463278,12,8
30631,48,58,1-48-2023-058-04,4,1,2T3L6RFV0MW0,17,448,2217,7,0,49,402,2021,14,3,14,0,1,T,1,1703,5,0,1,1,3,2,121,1,0,0,995,0,0,0,85140,9,9,1,2,3,3,2,1,2,1,3,2,2,3,1,1,0,0,1,1,14,2,12,4,1,4,1,B,6,1,2,2,2,1,3,61,1,2,20,997,997,0,0,0,1,6,999,999,999,9999999,999,999,999,6,0,0,0,0,0,0,3,997,9.8,998,998,998,99.8,99.8,99.8,104.3794548,12,8
30632,54,52,1-54-2023-052-02,2,1,1GB2WLE74MF2,17,467,1850,70,60,20,481,2021,40,6,45,0,1,R,1,3305,8,454,1,1,7,2,64,1,0,0,995,0,0,1,35654,1,9,2,4,2,1,2,1,1,1,1,2,0,0,1,1,2,2,9,0,1,2,17,99,1,1,5,L,87,0,0,0,0,0,0,0,0,0,0,190,95,0,1,0,1,1,17,-6,-16,86354,998,-28,24,0,4,1,1,0,1,4,0,995,0.6,6,9,999,3.0,0.0,3.0,132.1015698,9,8
30632,54,52,1-54-2023-052-02,2,2,KNDERCAA9P74,17,499,26900,7,0,63,498,2023,14,3,14,0,1,F,3,1445,5,0,1,1,8,2,105,1,0,0,995,0,0,0,35653,9,9,2,1,3,1,2,1,1,1,1,3,2,2,1,1,0,0,9,0,1,4,66,99,1,1,5,L,86,0,0,0,0,0,0,0,0,0,0,95,190,0,0,0,1,1,43,-42,7,70657,998,32,34,0,4,2,9,0,1,4,0,995,9.8,998,998,998,99.8,99.8,99.8,132.1015698,9,8
30633,54,53,1-54-2023-053-01,1,1,1GCEK19R3VE1,17,467,10978,60,0,20,481,1997,34,5,31,0,1,F,1,2071,5,9999,9,4,8,5,72,1,0,8,997,8,0,0,35585,9,9,2,1,4,1,1,1,1,1,1,3,0,0,1,1,1,2,9,0,1,2,17,99,1,1,5,L,86,0,0,0,0,0,0,0,0,0,0,45,135,0,0,0,1,3,15,-14,5,29451,998,89,17,0,4,95,95,95,95,95,0,995,0.6,120,84,-113,6.2,6.7,8.8,149.0643076,9,8
30633,54,53,1-54-2023-053-01,1,2,1N4AL21E09C1,17,478,1904,13,0,35,47,2009,4,1,4,0,1,R,1,1429,5,0,1,1,8,2,72,1,0,1,0,2,0,1,35654,1,9,2,4,4,1,2,1,1,1,0,1,0,0,1,1,1,2,9,0,1,4,66,99,1,1,5,L,87,0,0,0,0,0,0,0,0,0,0,135,45,0,0,0,1,3,20,-7,-19,44445,998,147,19,0,4,5,38,2,2,1,0,995,9.8,998,998,998,99.8,99.8,99.8,149.0643076,9,8
30635,18,56,1-18-2023-056-05,5,1,1FTEW1EP6HKD,17,460,1801,60,0,12,481,2017,34,5,31,0,1,F,2,2130,5,0,1,1,31,2,89,1,0,0,995,0,0,0,54729,1,9,0,4,2,1,2,2,1,2,1,2,0,0,2,1,0,0,9,0,1,4,62,3,1,1,3,G,51,0,0,0,0,0,0,0,0,0,0,250,95,0,0,0,1,1,39,-38,-7,241856,998,-11,52,0,1,2,5,0,3,3,0,995,9.8,998,998,998,99.8,99.8,99.8,45.33580898,6,8
30635,18,56,1-18-2023-056-05,5,2,WVWNM7AJ6BW1,17,482,3133,5,0,30,42,2011,5,1,2,0,1,F,3,1388,5,0,1,1,13,2,89,1,0,0,995,0,0,1,54727,1,9,0,4,2,1,2,2,2,4,1,2,0,0,2,1,0,0,9,1,14,2,10,99,1,2,3,G,50,0,0,0,0,0,0,0,0,0,0,95,250,0,0,0,1,1,62,-58,21,136113,998,42,47,0,1,2,12,0,1,3,0,995,9.8,998,998,998,99.8,99.8,99.8,45.33580898,6,8
30637,59,82,1-59-2023-082-04,4,1,1J4GW58N2XC7,17,483,1949,7,0,2,404,1999,14,3,14,0,1,F,1,1776,5,9999,9,1,8,2,48,1,8,0,995,0,7,0,47807,9,9,0,5,3,1,2,1,1,1,0,2,0,0,1,1,0,0,9,0,1,3,50,99,1,1,2,D,20,0,0,0,0,0,0,0,0,0,0,265,265,0,0,0,1,3,13,-13,0,16091,998,30,14,0,4,1,1,0,2,0,0,995,9.8,998,998,998,99.8,99.8,99.8,62.53023528,6,8
30637,59,82,1-59-2023-082-04,4,2,KL79MVSL0PB1,17,467,4548,7,0,20,498,2023,14,3,14,0,1,B,1,1391,5,0,1,5,36,2,48,1,8,0,995,0,7,0,61917,1,2,0,5,3,1,2,1,1,1,0,2,0,0,1,1,0,0,1,0,5,3,53,1,1,1,2,D,21,0,0,0,0,0,0,0,0,0,0,265,265,0,0,0,1,3,16,16,0,13008,998,0,15,0,4,1,1,0,1,6,0,995,9.8,998,998,998,99.8,99.8,99.8,62.53023528,6,8
30637,59,82,1-59-2023-082-04,4,3,3FADP4BJ9KM1,17,460,3267,13,0,12,32,2019,4,1,1,0,1,B,9,1169,5,9999,9,0,998,5,48,1,8,0,995,0,7,0,47802,9,9,0,5,3,1,2,1,1,1,0,2,0,0,1,1,0,0,9,0,5,3,53,1,1,1,6,M,98,0,0,0,0,0,0,0,0,0,0,265,265,0,0,0,2,0,999,999,999,9999999,999,999,999,9,0,95,95,95,95,95,0,995,9.8,998,998,998,99.8,99.8,99.8,62.53023528,6,8
30638,59,83,1-59-2023-083-07,7,1,1FTPW14594KB,17,460,1801,60,0,12,481,2004,34,5,31,0,1,F,9,2495,5,9999,9,0,998,3,64,1,8,0,995,0,7,0,47802,9,9,2,4,2,1,2,1,1,1,0,2,0,0,1,1,0,0,3,0,1,3,52,2,1,1,2,D,28,0,0,0,0,0,0,0,0,0,0,280,280,1,0,0,1,0,999,999,999,9999999,999,999,999,9,0,0,0,0,0,0,0,995,9.8,998,998,998,99.8,99.8,99.8,176.8780679,6,8
30638,59,83,1-59-2023-083-07,7,2,5N1AT2MT6HC7,17,478,1913,8,0,35,51,2017,6,1,3,0,1,B,2,1550,5,0,1,1,6,2,64,1,8,0,995,0,7,0,47802,9,9,2,4,2,1,2,1,1,1,0,2,0,0,1,1,0,0,1,0,2,3,53,7,1,1,2,D,29,0,0,0,0,0,0,0,0,0,0,280,280,0,0,0,1,12,999,999,999,9999999,999,999,999,7,0,0,0,0,0,0,0,995,9.8,998,998,998,99.8,99.8,99.8,176.8780679,6,8
30638,59,83,1-59-2023-083-07,7,3,3C4PDCBB6GT1,17,476,1939,7,0,7,27,2016,6,1,4,0,1,B,9,1735,5,9999,9,0,998,5,64,1,8,0,995,0,7,0,47802,9,9,2,4,2,1,2,1,1,1,0,2,0,0,1,1,0,0,1,0,5,3,50,1,1,1,6,M,98,0,0,0,0,0,0,0,0,0,0,280,280,0,0,0,2,0,999,999,999,9999999,999,999,999,9,0,95,95,95,95,95,0,995,9.8,998,998,998,99.8,99.8,99.8,176.8780679,6,8
30639,59,84,1-59-2023-084-04,4,1,3N1CN7AP1KL8,17,478,1894,13,0,35,50,2019,4,1,2,0,1,F,2,1114,5,0,1,1,2,2,48,1,8,0,995,0,7,0,47803,1,2,0,4,2,1,2,1,1,1,0,2,0,0,1,5,0,0,3,1,1,2,12,1,1,4,1,C,11,0,0,0,0,0,0,0,0,0,0,85,270,0,1,0,1,5,999,999,999,9999999,999,999,999,7,0,0,0,0,0,0,0,995,9.8,998,998,998,99.8,99.8,99.8,62.53023528,6,8
30639,59,84,1-59-2023-084-04,4,2,2FTRX07W1YCA,17,460,1801,60,0,12,481,2000,34,5,31,0,2,F,2,1982,5,9999,9,4,3,,,,,,,,,,,,,,,,,,,,,,,,,,,,,,,,,,,,,,,,,,,,,,,,,,,,,,,,,,,,,,,,,,95,95,95,95,95,,,,,,,,,,62.53023528,6,8
30640,33,48,1-33-2023-048-03,3,1,4T1K61AK4LU9,17,448,2469,13,0,49,40,2020,4,1,4,0,1,F,3,1520,5,91,2,1,10,2,89,1,0,0,995,0,0,0,95969,1,9,0,1,2,2,2,1,1,2,3,2,1,3,2,1,0,0,3,0,1,6,87,4,1,1,1,C,13,0,0,0,0,0,0,0,0,0,0,998,998,0,0,0,1,10,999,999,999,9999999,999,-50,40,4,0,1,1,0,2,0,0,998,9.8,998,998,998,99.8,99.8,99.8,70.60732772,12,8
30642,17,93,1-17-2023-093-09,9,1,1FTYR44E42PB,17,460,1803,60,0,12,471,2002,34,5,30,0,1,T,2,1502,5,0,1,1,4,2,113,1,0,0,995,0,0,0,61273,9,9,0,1,2,1,2,1,1,9,1,3,2,3,2,1,0,0,9,1,1,2,13,99,3,4,1,A,3,1,4,2,1,1,2,61,1,2,21,997,997,0,0,0,1,6,999,999,999,9999999,999,999,999,7,0,9,97,0,1,8,3,997,9.8,998,998,998,99.8,99.8,99.8,312.6406645,4,8
30643,17,94,1-17-2023-094-06,6,1,1MEHM42137G6,17,465,2366,13,0,14,20,2007,4,1,4,0,1,R,1,1733,2,0,1,1,6,2,48,1,0,0,995,0,0,0,61244,1,9,2,2,5,2,2,1,1,1,1,1,0,0,1,1,1,2,9,0,1,2,17,2,1,1,5,L,87,0,0,0,0,0,0,0,0,0,0,0,270,0,0,0,1,1,15,-5,-14,9465,998,-92,10,0,4,9,97,0,1,5,0,995,9.8,998,998,998,99.8,99.8,99.8,98.10198137,4,8
30643,17,94,1-17-2023-094-06,6,2,2FMPK3J82GBC,17,460,1797,7,0,12,24,2016,6,1,4,0,1,F,1,1774,5,0,1,1,26,2,48,1,0,0,995,0,0,0,61282,2,9,2,3,4,2,2,1,1,1,1,3,0,0,1,1,1,2,9,0,1,4,66,99,1,1,5,L,86,0,0,0,0,0,0,0,0,0,0,270,0,0,0,0,1,1,14,-13,5,28860,998,53,18,0,4,9,97,0,2,5,0,995,9.8,998,998,998,99.8,99.8,99.8,98.10198137,4,8
30644,17,95,1-17-2023-095-08,8,1,1GNDT13S3622,17,467,4548,7,0,20,403,2006,14,3,14,0,1,R,1,2084,5,227,1,1,9,2,105,1,0,0,995,0,0,0,52748,9,9,1,2,2,1,2,1,1,9,1,3,2,2,3,1,0,0,9,1,1,1,8,99,4,4,1,B,9,1,8,1,1,4,4,48,4,1,23,998,998,0,0,0,1,98,999,999,999,9999999,999,999,999,6,0,9,97,0,2,8,3,998,2.0,999,999,999,0.0,0.0,0.0,65.13020502,4,8
30645,17,96,1-17-2023-096-04,4,1,JF2SH6CCXAH7,17,523,2234,7,0,48,401,2010,14,3,14,0,1,F,1,1483,5,0,1,1,11,2,72,1,0,0,995,0,0,0,61265,1,9,2,1,6,5,2,1,1,1,1,1,0,0,1,1,1,2,9,0,1,3,50,99,1,1,2,D,20,0,0,0,0,0,0,0,0,0,0,110,110,0,0,0,1,1,16,-16,0,13972,998,0,15,0,4,0,0,0,0,0,0,995,9.8,998,998,998,99.8,99.8,99.8,162.0773079,4,8
30645,17,96,1-17-2023-096-04,4,2,WBA73BJ08PWX,17,452,5195,13,0,34,35,2023,4,1,5,0,1,B,1,1745,5,0,1,1,6,2,72,1,0,0,995,0,0,0,61265,1,2,2,1,6,5,2,1,1,1,1,1,0,0,1,1,1,2,1,0,5,3,53,1,1,1,2,D,21,0,0,0,0,0,0,0,0,0,0,110,110,0,0,0,1,1,14,14,0,15584,998,0,15,0,4,0,0,0,0,0,0,995,9.8,998,998,998,99.8,99.8,99.8,162.0773079,4,8
30646,20,68,1-20-2023-068-05,5,1,1GT120EGXFF6,17,472,1857,60,0,23,481,2015,34,5,31,0,1,F,3,2971,5,0,1,1,18,2,89,1,0,0,995,0,0,0,93960,1,9,0,4,2,1,2,1,1,1,1,4,0,0,5,1,0,0,9,0,1,3,51,99,1,1,2,D,24,0,0,0,0,0,0,0,0,0,0,290,290,0,1,0,1,5,999,999,999,9999999,999,999,54,4,0,1,1,0,1,8,0,995,9.8,998,998,998,99.8,99.8,99.8,34.68985934,11,8
30646,20,68,1-20-2023-068-05,5,2,999999999999,99,5431,14115,126,0,98,998,9999,92,10,90,99,1,B,9,,,,,,,7,89,1,0,0,995,0,0,0,93960,9,9,0,4,2,1,2,1,1,1,1,2,0,0,5,1,0,0,1,0,1,3,53,1,1,1,2,D,25,,,,,,,,,,,,,,,,,,,,,,,,,,,95,95,95,95,95,,,9.8,998,998,998,99.8,99.8,99.8,34.68985934,11,8
30647,20,69,1-20-2023-069-03,3,1,JN1CA31D5YT7,17,478,2302,13,0,35,39,2000,4,1,3,0,1,F,2,1451,5,9999,9,4,44,2,89,1,0,0,995,0,0,0,94303,9,1,0,4,2,1,2,1,3,1,0,2,0,0,1,1,0,0,1,1,14,2,10,99,2,2,3,I,64,0,0,0,0,0,0,0,0,0,0,330,150,0,1,0,1,12,999,999,999,9999999,999,999,999,7,0,0,0,0,0,0,0,995,9.8,998,998,998,99.8,99.8,99.8,198.9955435,11,8
30647,20,69,1-20-2023-069-03,3,2,1G1ZE5SX0KF1,17,467,1834,13,0,20,37,2019,4,1,4,0,1,L,2,1400,5,9999,9,4,39,2,89,1,0,0,995,0,0,0,93426,9,1,0,4,2,1,2,1,1,1,0,2,0,0,1,1,0,0,1,0,1,4,60,99,1,1,3,I,65,0,0,0,0,0,0,0,0,0,0,150,330,0,1,0,1,12,999,999,999,9999999,999,999,999,7,0,99,99,0,0,8,0,995,9.9,120,4,120,13.6,11.9,18.4,198.9955435,11,8
30648,59,85,1-59-2023-085-04,4,1,3FADP4BJ5KM1,17,460,3267,13,0,12,32,2019,4,1,1,0,1,F,2,1169,5,9999,9,4,9,2,48,1,0,0,995,0,0,0,47874,1,2,2,4,2,1,2,1,1,1,0,2,0,0,1,1,1,2,9,0,1,3,50,2,1,1,2,D,20,0,0,0,0,0,0,0,0,0,0,210,210,0,0,0,1,12,999,999,999,9999999,999,999,999,7,0,0,0,0,0,0,0,995,9.8,998,998,998,99.8,99.8,99.8,62.53023528,6,8
30648,59,85,1-59-2023-085-04,4,2,KNAGM4A79E55,17,499,2739,13,0,63,34,2014,4,1,4,0,1,B,9,1484,5,9999,9,0,998,5,48,1,0,0,995,0,0,0,47804,9,9,2,4,2,1,2,1,1,1,0,2,0,0,1,1,1,2,9,0,5,3,53,1,1,1,2,D,21,0,0,0,0,0,0,0,0,0,0,210,210,0,0,0,1,0,999,999,999,9999999,999,999,999,9,0,95,95,95,95,95,0,995,9.8,998,998,998,99.8,99.8,99.8,62.53023528,6,8
30649,19,96,1-19-2023-096-04,4,1,2C3CDZAG7MH5,17,476,1893,13,0,7,28,2021,2,1,5,0,1,F,2,1785,5,0,1,1,18,2,40,1,8,0,995,0,7,0,99999,9,9,0,4,2,1,2,1,2,4,0,2,0,0,3,8,0,0,9,1,14,2,12,2,2,4,1,B,6,0,0,0,0,0,0,0,0,0,0,998,998,0,1,0,1,98,999,999,999,9999999,999,999,999,7,0,99,99,0,0,99,0,998,0.6,120,15,14,0.0,0.0,0.0,83.00691318,9,8
30650,19,97,1-19-2023-097-06,6,1,3GNBACFU3BS5,17,467,4586,7,0,20,23,2011,6,1,2,0,1,F,1,1431,5,0,1,1,8,2,72,1,0,0,995,0,0,0,35905,1,9,0,4,2,1,2,1,2,1,0,2,0,0,1,1,0,0,9,0,14,3,51,4,1,1,2,D,24,0,0,0,0,0,0,0,0,0,0,155,150,0,1,0,1,1,17,-17,-3,17875,998,-26,17,0,4,9,97,0,1,99,0,995,9.8,998,998,998,99.8,99.8,99.8,79.94135159,9,8
30650,19,97,1-19-2023-097-06,6,2,ZACCJBDB2JPH,17,483,6160,7,0,2,408,2018,14,3,14,0,1,B,1,1447,5,0,1,1,8,2,72,1,0,0,995,0,0,0,35903,1,2,0,4,2,1,2,1,2,1,0,2,0,0,1,1,0,0,1,0,14,3,53,1,1,1,2,D,25,0,0,0,0,0,0,0,0,0,0,150,155,0,1,0,1,1,16,16,3,17470,998,-27,16,0,4,1,1,0,1,8,0,995,9.8,998,998,998,99.8,99.8,99.8,79.94135159,9,8
30651,19,98,1-19-2023-098-07,7,1,JTMWFREV9JJ7,17,448,2217,7,0,49,402,2018,14,3,14,0,1,F,1,1555,5,0,1,1,3,2,40,1,0,0,995,0,0,0,35906,2,2,2,4,2,1,2,1,1,1,0,2,0,0,1,1,0,0,3,1,1,2,13,1,1,4,1,A,1,0,0,0,0,0,0,0,0,0,0,998,998,0,1,0,1,10,999,999,999,9999999,999,-8,14,2,0,0,0,0,0,0,0,998,0.0,5,5,120,19.2,3.6,19.6,245.198159,9,8
30652,19,99,1-19-2023-099-06,6,1,1G4CU5213W46,17,468,8841,13,0,18,3,1998,4,1,4,0,1,F,1,1760,5,0,1,1,3,2,72,1,0,0,995,0,0,0,35901,1,9,3,4,5,1,2,1,2,1,0,3,0,0,1,1,0,0,1,0,14,3,52,99,1,1,2,D,28,0,0,0,0,0,0,0,0,0,0,350,350,0,0,0,1,3,20,-20,0,30363,998,3,21,0,4,0,0,0,0,0,0,995,9.8,998,998,998,99.8,99.8,99.8,79.94135159,9,8
30652,19,99,1-19-2023-099-06,6,2,1GCVKREC4JZ2,17,467,1850,60,0,20,481,2018,34,5,31,0,1,B,1,2366,5,9999,9,0,998,3,72,1,0,0,995,0,0,0,35901,2,9,3,4,5,1,2,1,2,1,0,3,0,0,1,1,0,0,9,0,2,3,53,99,1,1,2,D,31,0,0,0,0,0,0,0,0,0,0,350,350,0,0,0,1,3,15,15,0,20940,998,0,14,0,4,99,99,0,0,8,0,995,9.8,998,998,998,99.8,99.8,99.8,79.94135159,9,8
30653,12,63,1-12-2023-063-03,3,1,3GTU9BED0LG3,17,472,1857,60,0,23,481,2020,34,5,31,0,1,R,1,2193,5,0,1,1,10,2,89,1,8,0,995,0,7,0,73443,1,2,2,1,3,3,2,1,1,1,1,2,0,0,2,8,0,0,9,0,11,2,15,9,1,1,4,J,68,1,4,2,5,7,1,2,2,2,21,160,110,0,0,0,1,1,12,4,-12,8533,998,42,10,0,1,1,1,0,1,4,1,995,9.8,998,998,998,99.8,99.8,99.8,239.3521142,9,8
30653,12,63,1-12-2023-063-03,3,2,1C4RJFBG9HC7,17,483,1949,7,0,2,422,2017,15,3,15,0,1,F,1,2211,5,0,1,1,26,2,89,1,8,0,995,0,7,0,73401,1,1,2,1,2,98,2,1,1,1,1,3,2,2,2,8,0,0,1,0,1,4,62,4,2,1,4,J,69,0,0,0,0,0,0,0,0,0,0,110,160,0,0,0,1,1,12,-11,4,19065,998,26,14,0,1,1,1,0,2,6,0,995,9.8,998,998,998,99.8,99.8,99.8,239.3521142,9,8
30654,12,64,1-12-2023-064-07,7,1,KNDJT2A6XC74,17,499,2460,7,0,63,37,2012,6,1,2,0,1,F,1,1190,5,0,1,1,20,2,121,1,0,0,995,0,0,0,73448,1,9,0,2,2,2,1,1,1,1,3,1,1,3,1,1,0,0,3,0,1,3,51,7,1,1,2,D,24,0,0,0,0,0,0,0,0,0,0,355,15,0,0,0,1,1,14,-14,-2,12894,998,34,16,0,4,1,1,0,1,3,0,995,9.8,998,998,998,99.8,99.8,99.8,272.8248402,9,8
30654,12,64,1-12-2023-064-07,7,2,5YFBURHE8HP6,17,448,2208,13,0,49,32,2017,4,1,3,0,1,B,1,1265,5,0,1,1,36,2,121,1,0,0,995,0,0,0,99999,9,9,0,2,2,2,1,1,1,1,3,2,1,3,1,1,0,0,1,0,1,3,53,11,1,1,2,D,25,0,0,0,0,0,0,0,0,0,0,15,355,0,0,0,1,1,13,12,-2,10912,998,100,11,0,4,0,0,0,0,0,0,995,9.8,998,998,998,99.8,99.8,99.8,272.8248402,9,8
30656,11,49,1-11-2023-049-05,5,1,JTHBW1GG3G21,17,515,2475,13,0,59,31,2016,4,1,4,0,1,R,1,1660,5,0,1,1,41,2,72,1,9,0,995,0,9,0,23237,2,9,2,1,3,3,2,1,1,9,1,2,0,0,1,1,1,2,1,0,11,2,15,4,1,1,4,J,68,0,0,0,0,0,0,0,0,0,0,340,225,0,0,0,1,5,999,999,999,9999999,999,999,22,2,0,5,27,1,1,3,0,995,9.8,998,998,998,99.8,99.8,99.8,212.7065641,8,8
30656,11,49,1-11-2023-049-05,5,2,1FDWE3FK6MDC,17,460,1818,62,9,12,870,2021,61,8,60,0,1,F,9,,,,,,,2,72,1,0,0,995,0,0,0,23113,9,9,2,1,2,1,2,1,1,9,1,1,0,0,1,1,1,2,1,0,1,4,62,99,1,1,4,J,69,,,,,,,,,,,,,,,,,,,,,,,,,,,95,95,95,95,95,,,9.8,998,998,998,99.8,99.8,99.8,212.7065641,8,8
30658,24,77,1-24-2023-077-05,5,1,KNDJP3A50E70,17,499,2460,7,0,63,37,2014,6,1,2,0,1,L,1,1269,5,0,1,1,17,2,80,1,0,1,0,2,0,2,08205,1,2,2,1,3,2,2,1,3,1,1,1,0,0,3,1,1,2,9,0,14,2,17,99,1,1,5,L,89,0,0,0,0,0,0,0,0,0,0,100,210,0,0,0,1,1,22,-19,11,2457,998,-13,7,0,1,3,11,1,1,3,0,995,9.8,998,998,998,99.8,99.8,99.8,92.7130656,1,8
30658,24,77,1-24-2023-077-05,5,2,2HGFG4A52CH7,17,474,1863,3,0,37,31,2012,2,1,2,0,1,F,1,1220,5,0,1,1,17,2,56,1,0,0,995,0,0,0,08205,9,1,2,4,5,2,2,1,1,1,1,1,0,0,3,1,1,2,1,0,4,4,66,1,1,1,5,L,88,0,0,0,0,0,0,0,0,0,0,210,100,0,0,0,1,1,23,-17,-15,64904,998,-101,29,0,1,1,1,0,1,4,0,995,9.8,998,998,998,99.8,99.8,99.8,92.7130656,1,8
30659,24,78,1-24-2023-078-04,4,1,1FTEX15Y0SKB,17,460,1801,60,0,12,481,1995,34,5,31,0,1,F,9,9999,9,9999,9,0,998,5,0,1,0,0,995,0,0,0,08401,9,9,3,4,2,1,2,1,1,1,0,0,0,0,1,1,0,0,9,0,11,2,15,99,1,1,4,K,82,0,0,0,0,0,0,0,0,0,0,0,120,0,0,0,1,0,999,999,999,9999999,999,999,999,9,0,95,95,95,95,95,0,995,9.8,998,998,998,99.8,99.8,99.8,1297.003702,1,8
30659,24,78,1-24-2023-078-04,4,2,JF1ZDBC10N87,17,523,2238,3,0,48,46,2022,2,1,2,0,1,R,2,1277,5,0,1,3,19,2,80,1,0,0,995,0,0,0,19154,9,9,3,4,4,2,2,1,1,1,3,2,1,0,1,1,0,0,9,0,1,4,72,3,2,1,4,K,83,0,0,0,0,0,0,0,0,0,0,120,0,0,0,0,1,12,999,999,999,9999999,999,999,999,7,0,0,0,0,0,0,0,995,9.8,998,998,998,99.8,99.8,99.8,1297.003702,1,8
30660,13,90,1-13-2023-090-03,3,1,1NXBR32E43Z0,17,448,2208,13,0,49,32,2003,4,1,2,0,1,R,3,1130,5,0,1,1,10,2,72,1,1,1,287,2,7,1,76040,9,1,2,1,1,1,1,1,1,1,0,0,0,0,1,1,2,2,9,0,11,2,15,99,1,1,4,K,76,0,0,0,0,0,0,0,0,0,0,235,170,0,0,0,1,1,58,-10,-57,222913,998,-1,69,0,4,4,21,1,1,3,0,995,0.7,17,33,17,0.0,0.0,0.0,369.0089618,7,8