CASEID,PSU,CASENO,CASENUMBER,CATEGORY,VEHNO,VIN,VINLENGTH,VPICMAKE,VPICMODEL,VPICBODYCLASS,ICFINALBODY,MAKE,MODEL,MODELYR,BODYTYPE,BODYCAT,VEHCLASS,SPECUSE,TRANSTAT,DAMPLANE,DAMSEV,CURBWT,CURBSRC,CARGOWT,CARGOSRC,INSPTYPE,INSPLAG,TOWED,SPEEDLIMIT,DRPRESENT,PARALCOHOL,ALCTEST,ALCTESTRESULT,ALCTESTSRC,PARDRUG,DRUGTEST,ZIP,RACE,ETHNICITY,RELTOJUNCT,TRAFFLOW,RDLANES,INITLANE,SURFTYPE,SURFCOND,ALIGNMENT,PROFILE,LINERIGHT,LINELEFT,RUMBINIT,RUMBROAD,LIGHTCOND,WEATHER,TRAFDEV,TRAFFUNCT,DISTRACT,PREFHE,PREMOVE,CRITCAT,CRITEVENT,MANEUVER,PRESTAB,PRELOC,CRASHCAT,CRASHCONF,CRASHTYPE,ROLLTYPE,ROLLTURN,ROLLINTRPT,ROLLPREMAN,ROLLINITYP,ROLLINLOC,ROLLOBJ,ROLLTRIP,ROLLDIR,ROLLDIST,DVANGTHIS,DVANGOTH,TOWHITCH,TRAJDOC,TREEPOLE,DVEVENT,DVBASIS,DVTOTAL,DVLONG,DVLAT,DVENERGY,DVSPEED,DVMOMENT,DVBES,DVEST,DVCONF,VAIS,VISS,VINJSEV,VINJURED,VTREAT,INITOBJCLASS,HEADANGLECAT,SHLDRWIDTH,STRKLENGTH,STRKWIDTH,STRKHEIGHT,EDGEDISTX,EDGEDISTY,EDGEDISTZ,CASEWGT,PSUSTRAT,VERSION
30660,13,90,1-13-2023-090-03,3,2,1FTER4FH1KLA,17,460,1803,60,0,12,471,2019,34,5,31,0,1,F,2,2014,5,0,1,1,10,2,72,1,8,0,995,0,7,0,76011,1,9,2,1,4,3,1,1,1,1,3,1,0,0,1,1,0,0,9,0,1,4,65,4,1,1,4,K,77,0,0,0,0,0,0,0,0,0,0,170,235,0,0,0,1,1,33,-29,17,64220,998,111,23,0,4,9,97,0,1,99,0,995,0.8,3,3,115,2.0,3.0,4.0,369.0089618,7,8
30661,13,91,1-13-2023-091-03,3,1,2T3W1RFV8MW1,17,448,2217,7,0,49,402,2021,14,3,14,0,1,F,2,1528,5,0,1,1,21,2,48,1,8,0,995,0,7,0,76106,9,1,2,1,3,1,2,1,1,1,1,3,0,0,1,1,1,2,9,0,1,2,17,3,1,1,5,L,88,0,0,0,0,0,0,0,0,0,0,998,998,0,1,1,3,1,33,-33,6,73666,998,37,33,0,2,99,99,0,0,99,0,998,0.0,999,999,999,8.2,5.2,9.7,369.0089619,7,8
30661,13,91,1-13-2023-091-03,3,2,1GNERFKWXLJ2,17,467,1853,7,0,20,423,2020,15,3,15,0,1,L,9,1978,5,9999,9,0,998,5,48,1,8,0,995,0,7,0,76106,9,9,2,4,2,1,2,1,1,1,0,0,0,0,1,1,1,2,9,0,1,4,66,99,1,1,5,L,89,0,0,0,0,0,0,0,0,0,0,0,90,0,0,0,1,0,999,999,999,9999999,999,999,999,9,0,95,95,95,95,95,0,995,9.8,998,998,998,99.8,99.8,99.8,369.0089619,7,8
30662,13,92,1-13-2023-092-04,4,1,4T3ZK3BB5AU0,17,448,3005,7,0,49,53,2010,5,1,4,0,1,F,2,1705,5,0,1,1,29,2,64,1,8,0,995,0,7,0,76123,3,9,2,1,5,5,1,1,1,1,5,0,0,0,1,1,1,2,9,0,11,2,15,99,1,1,4,J,68,0,0,0,0,0,0,0,0,0,0,5,260,0,0,0,1,3,31,-29,-11,151322,998,-73,41,0,4,0,0,0,0,0,0,995,9.8,998,998,998,99.8,99.8,99.8,1353.481647,7,8
30662,13,92,1-13-2023-092-04,4,2,3KPF24AD6KE0,17,499,2462,13,0,63,38,2019,4,1,3,0,1,F,3,1253,5,0,1,1,21,2,64,1,8,0,995,0,7,0,76123,2,9,2,1,4,1,1,1,1,1,5,5,0,0,1,1,1,2,9,0,1,4,62,99,1,1,4,J,69,0,0,0,0,0,0,0,0,0,0,260,5,0,0,0,1,3,44,-22,38,151322,998,154,36,0,4,0,0,0,0,0,0,995,9.8,998,998,998,99.8,99.8,99.8,1353.481647,7,8
30663,16,71,1-16-2023-071-03,3,1,2T1BURHE6JC0,17,448,2208,13,0,49,32,2018,4,1,3,0,1,B,9,1265,5,9999,9,0,998,5,89,1,0,0,995,0,0,0,45238,9,9,1,2,5,2,2,1,1,1,1,3,2,3,1,1,0,0,1,0,5,3,53,99,1,1,6,M,98,0,0,0,0,0,0,0,0,0,0,270,270,0,0,0,4,0,999,999,999,9999999,999,999,999,9,0,95,95,95,95,95,0,995,9.8,998,998,998,99.8,99.8,99.8,248.2248772,5,8
30663,16,71,1-16-2023-071-03,3,2,1FADP3L97DL1,17,460,1779,5,0,12,37,2013,5,1,3,0,1,B,9,1475,5,9999,9,0,998,5,89,1,0,0,995,0,0,0,47006,9,9,1,2,5,2,2,1,1,1,1,3,2,3,1,1,0,0,1,0,5,3,53,99,1,1,6,M,98,0,0,0,0,0,0,0,0,0,0,270,270,0,0,0,3,0,999,999,999,9999999,999,999,999,9,0,95,95,95,95,95,0,995,9.8,998,998,998,99.8,99.8,99.8,248.2248772,5,8
30663,16,71,1-16-2023-071-03,3,3,5XYP5DHC7NG2,17,499,25756,7,0,63,422,2022,15,3,15,0,1,B,1,1970,5,0,1,1,23,2,89,1,0,0,995,0,0,0,45044,1,2,1,2,5,2,2,1,1,1,3,1,2,3,1,1,0,0,1,0,5,3,53,1,1,1,6,M,98,0,0,0,0,0,0,0,0,0,0,270,270,0,0,0,2,3,17,17,0,22112,998,32,16,0,4,1,1,0,1,5,0,995,9.8,998,998,998,99.8,99.8,99.8,248.2248772,5,8
30663,16,71,1-16-2023-071-03,3,4,JM3KE4CYXG09,17,473,2369,7,0,41,403,2016,14,3,14,0,1,B,2,1629,5,0,1,1,16,2,89,1,0,0,995,0,0,0,45215,9,9,1,2,5,2,2,1,1,1,1,3,2,3,1,1,0,0,1,0,5,3,53,2,1,1,2,D,21,0,0,0,0,0,0,0,0,0,0,270,270,0,0,0,1,1,29,29,0,53475,998,0,29,0,4,0,0,0,0,0,0,995,9.8,998,998,998,99.8,99.8,99.8,248.2248772,5,8
30663,16,71,1-16-2023-071-03,3,5,WDYPF1CC3B55,17,450,1704,95,0,82,461,2011,21,4,21,0,1,F,1,2810,5,0,1,1,37,2,89,1,0,0,995,0,0,0,45015,9,9,1,2,5,2,2,1,1,1,1,3,2,3,1,1,0,0,1,0,1,3,50,99,1,1,2,D,20,0,0,0,0,0,0,0,0,0,0,270,270,0,0,0,1,1,17,-17,0,33884,998,1,17,0,4,0,0,0,0,0,0,995,9.8,998,998,998,99.8,99.8,99.8,248.2248772,5,8
30665,16,73,1-16-2023-073-03,3,1,5J6RM3H97FL0,17,474,1865,7,0,37,402,2015,14,3,14,0,1,F,1,1531,5,0,1,1,5,2,56,1,8,0,995,0,7,0,45244,9,9,2,4,3,1,2,1,1,2,1,1,0,0,1,1,1,2,1,0,1,4,66,4,1,1,5,L,86,0,0,0,0,0,0,0,0,0,0,190,295,0,0,0,1,1,14,-12,7,17781,998,93,14,0,4,1,2,0,1,4,0,995,9.8,998,998,998,99.8,99.8,99.8,248.2248773,5,8
30665,16,73,1-16-2023-073-03,3,2,2FMPK4K95NBA,17,460,1797,7,0,12,424,2022,15,3,15,0,1,R,1,1875,5,0,1,1,4,2,64,1,8,0,995,0,7,0,45103,1,2,2,4,3,1,2,1,1,4,1,1,0,0,1,1,1,2,3,0,1,2,17,3,1,1,5,L,87,0,0,0,0,0,0,0,0,0,0,295,190,0,0,0,1,1,12,-9,-7,9877,998,2,11,0,4,1,1,0,1,5,0,995,9.8,998,998,998,99.8,99.8,99.8,248.2248773,5,8
30666,14,54,1-14-2023-054-03,3,1,3GNKBERS6PS1,17,467,11502,7,0,20,498,2023,14,3,14,0,1,R,1,1818,5,0,1,1,19,2,56,1,8,0,995,0,7,0,78130,1,2,2,4,5,3,2,1,1,1,1,2,0,0,1,1,1,2,1,0,11,2,15,1,1,1,4,J,68,0,0,0,0,0,0,0,0,0,0,90,340,0,0,0,1,12,999,999,999,9999999,999,999,999,6,0,0,0,0,0,5,0,995,9.8,998,998,998,99.8,99.8,99.8,502.4856781,8,8
30666,14,54,1-14-2023-054-03,3,2,1G6AA5RX7E01,17,469,1824,13,0,19,24,2014,4,1,4,0,1,F,9,1503,5,9999,9,0,998,2,56,1,8,0,995,0,7,0,78130,1,9,2,1,3,1,2,1,1,1,1,3,0,0,1,1,1,2,9,0,1,4,62,99,1,1,4,J,69,0,0,0,0,0,0,0,0,0,0,340,90,0,0,0,1,0,999,999,999,9999999,999,999,999,9,0,0,0,0,0,0,0,995,9.8,998,998,998,99.8,99.8,99.8,502.4856781,8,8
30667,14,55,1-14-2023-055-04,4,1,3VV3B7AXXNM1,17,482,8151,7,0,30,402,2022,14,3,14,0,1,L,2,1713,5,0,1,3,34,2,113,1,8,0,995,0,7,0,76549,7,1,0,2,3,2,2,1,1,9,3,3,0,3,1,1,0,0,9,1,15,2,10,1,1,2,2,F,47,0,0,0,0,0,0,0,0,0,0,50,50,0,0,0,1,5,999,999,999,9999999,999,999,999,7,0,0,0,0,0,0,0,995,9.8,998,998,998,99.8,99.8,99.8,1809.448227,8,8
30667,14,55,1-14-2023-055-04,4,2,2MG3JM8A9HW0,17,3859,8427,16,0,93,983,2017,51,7,58,3,1,R,9,,,,,,,5,113,1,8,0,995,0,7,0,78244,9,9,0,2,3,3,2,1,1,9,3,2,1,3,1,1,0,0,9,0,1,4,61,99,1,1,2,F,45,,,,,,,,,,,,,,,,,,,,,,,,,,,95,95,95,95,95,,,9.8,998,998,998,99.8,99.8,99.8,1809.448227,8,8
30668,14,56,1-14-2023-056-07,7,1,1FADP3F27EL1,17,460,1779,13,0,12,37,2014,4,1,3,0,1,F,2,1340,5,0,1,1,3,2,89,1,0,0,995,0,0,0,78133,1,2,2,4,2,1,2,1,1,9,1,2,0,0,1,1,0,0,9,1,10,1,6,4,1,2,4,K,80,0,0,0,0,0,0,0,0,0,0,95,330,0,0,0,1,3,26,-25,4,22332,998,-6,20,0,4,0,0,0,0,0,0,995,1.4,120,1,106,3.7,7.1,8.3,5204.204338,8,8
30668,14,56,1-14-2023-056-07,7,2,5XXGT4L34JG2,17,499,2739,13,0,63,34,2018,4,1,4,0,1,L,1,1463,5,9999,9,0,998,2,64,1,0,0,995,0,0,0,78617,9,1,2,4,2,1,2,1,1,9,1,2,0,0,1,1,2,2,9,0,5,4,67,99,1,1,4,K,81,0,0,0,0,0,0,0,0,0,0,330,95,0,0,0,1,3,24,-12,21,55231,998,-73,27,0,4,0,0,0,0,0,0,995,9.8,998,998,998,99.8,99.8,99.8,5204.204338,8,8
30668,14,56,1-14-2023-056-07,7,3,JA4AZ3A37LZ0,17,481,2163,7,0,52,404,2020,14,3,14,0,1,L,9,1610,5,9999,9,0,998,5,64,1,0,0,995,0,0,0,78754,9,9,2,4,2,1,2,1,1,9,1,2,0,0,1,1,3,2,9,0,5,4,60,99,1,1,6,M,98,0,0,0,0,0,0,0,0,0,0,355,350,0,0,0,2,0,999,999,999,9999999,999,999,999,9,0,95,95,95,95,95,0,995,9.8,998,998,998,99.8,99.8,99.8,5204.204338,8,8
30669,25,73,1-25-2023-073-02,2,1,5NPLM4AG0PH1,17,498,2735,13,0,55,35,2023,4,1,3,0,1,F,3,1236,5,0,1,1,13,2,72,1,0,1,0,2,0,1,04038,1,2,0,4,2,1,2,1,1,1,1,2,0,0,2,1,0,0,3,1,1,2,12,10,2,4,1,B,6,0,0,0,0,0,0,0,0,0,0,998,998,0,1,1,1,1,43,-43,0,97581,998,2,43,0,1,3,10,1,1,3,0,998,0.5,30,30,120,26.7,5.2,27.6,66.17893676,2,8
30670,52,82,1-52-2023-082-06,6,1,3TMMU4FN1FM0,17,448,2223,60,0,49,472,2015,34,5,30,0,1,F,1,1914,5,0,1,1,20,2,72,1,0,0,995,0,0,0,59106,9,9,2,1,2,1,2,1,1,1,1,3,0,0,1,1,0,0,3,0,1,3,52,3,9,1,2,D,28,0,0,0,0,0,0,0,0,0,0,170,190,0,0,0,1,1,15,-15,-3,17624,998,4,15,0,4,1,1,0,1,4,0,995,9.8,998,998,998,99.8,99.8,99.8,205.0107369,12,8
30670,52,82,1-52-2023-082-06,6,2,JTHKD5BH9H22,17,515,3154,5,0,59,38,2017,5,1,2,0,1,B,1,1460,5,0,1,1,20,2,72,1,0,0,995,0,0,0,59106,9,9,2,1,2,2,2,1,1,1,1,3,0,0,1,1,0,0,9,0,10,3,53,1,1,1,2,D,31,0,0,0,0,0,0,0,0,0,0,190,170,0,1,0,1,1,19,19,-3,26350,998,39,20,0,4,0,0,0,0,0,0,995,0.7,21,21,97,9.6,5.5,11.0,205.0107369,12,8
30671,10,107,1-10-2023-107-04,4,1,5XXG44J85NG1,17,499,27527,13,0,63,398,2022,4,1,4,0,1,F,1,1620,5,0,1,1,8,2,56,1,0,0,995,0,0,0,45439,9,9,0,5,4,1,2,1,1,1,3,2,0,0,1,1,0,0,1,1,1,2,13,99,1,4,1,C,11,0,0,0,0,0,0,0,0,0,0,350,170,0,0,0,1,5,999,999,999,9999999,999,999,999,6,0,0,0,0,0,0,0,995,9.8,998,998,998,99.8,99.8,99.8,1059.694311,4,8
30671,10,107,1-10-2023-107-04,4,2,1FVACWFC1LHL,17,450,2499,11,0,82,898,2020,62,8,60,0,2,F,9,,,,,,,,,,,,,,,,,,,,,,,,,,,,,,,,,,,,,,,,,,,,,,,,,,,,,,,,,,,,,,,,,,,,,,,,95,95,95,95,95,,,,,,,,,,1059.694311,4,8
30672,10,108,1-10-2023-108-02,2,1,1XKZD48XXKJ2,17,532,2734,66,0,85,881,2019,66,8,68,0,1,F,9,,,,,,,2,89,1,0,0,995,0,0,0,47978,9,9,1,2,3,1,2,5,2,9,1,1,0,0,1,2,0,0,1,0,14,3,51,1,1,1,2,D,24,,,,,,,,,,,,,,,,,,,,,,,,,,,95,95,95,95,95,,,9.8,998,998,998,99.8,99.8,99.8,21.75120523,4,8
30672,10,108,1-10-2023-108-02,2,2,2T3RWRFV9MW1,17,448,2217,7,0,49,402,2021,14,3,14,0,1,B,9,1583,5,9999,9,0,998,5,89,1,0,0,995,0,0,0,45806,9,9,1,2,3,1,2,5,2,9,1,2,0,0,1,2,0,0,1,0,14,3,53,1,1,1,2,D,25,0,0,0,0,0,0,0,0,0,0,185,175,0,0,0,1,0,999,999,999,9999999,999,999,999,9,0,95,95,95,95,95,0,995,9.8,998,998,998,99.8,99.8,99.8,21.75120523,4,8
30672,10,108,1-10-2023-108-02,2,3,2HKRM3H70FH5,17,474,1865,7,0,37,402,2015,14,3,14,0,1,R,9,1586,5,9999,9,0,998,5,89,1,0,0,995,0,0,0,45377,9,9,1,2,3,3,2,5,2,9,1,2,0,0,1,2,0,0,1,0,14,3,53,1,1,1,6,M,98,0,0,0,0,0,0,0,0,0,0,185,185,0,0,0,2,0,999,999,999,9999999,999,999,999,9,0,95,95,95,95,95,0,995,9.8,998,998,998,99.8,99.8,99.8,21.75120523,4,8
30672,10,108,1-10-2023-108-02,2,4,2C4RC1S70MR5,17,477,3628,2,0,6,443,2021,20,4,20,0,1,R,2,2242,5,9999,9,4,14,2,89,1,0,0,995,0,0,0,48393,9,9,1,2,3,3,2,5,2,9,1,1,0,0,1,2,0,0,1,0,14,4,61,1,1,1,6,M,98,0,0,0,0,0,0,0,0,0,0,185,185,0,0,0,3,5,999,999,999,9999999,999,999,999,7,0,0,0,0,0,0,0,995,9.8,998,998,998,99.8,99.8,99.8,21.75120523,4,8
30672,10,108,1-10-2023-108-02,2,5,3GTP2WE7XDG3,17,472,1857,60,0,23,481,2013,34,5,31,0,1,F,1,2397,5,0,1,1,12,2,89,1,0,0,995,0,0,0,46074,9,9,1,2,3,3,2,5,2,9,2,3,0,0,1,2,0,0,1,0,14,3,53,1,1,1,6,M,98,0,0,0,0,0,0,0,0,0,0,185,185,0,0,0,5,3,10,-10,0,12057,998,0,11,0,4,0,0,0,0,0,0,995,9.8,998,998,998,99.8,99.8,99.8,21.75120523,4,8
30672,10,108,1-10-2023-108-02,2,6,1GNERGKW8MJ2,17,467,1853,7,0,20,423,2021,15,3,15,0,1,B,1,1978,5,0,1,1,12,2,89,1,0,0,995,0,0,0,45414,1,2,1,2,3,3,2,5,2,9,1,2,0,0,1,2,0,0,1,0,14,3,53,1,1,1,6,M,98,0,0,0,0,0,0,0,0,0,0,185,185,0,0,0,5,3,11,11,0,7782,998,-1,10,0,4,1,1,0,2,4,0,995,9.8,998,998,998,99.8,99.8,99.8,21.75120523,4,8
30673,10,109,1-10-2023-109-03,3,1,3CZRU6H36JG7,17,474,9212,7,0,37,404,2018,14,3,14,0,1,F,2,1389,5,0,1,1,6,2,89,1,0,0,995,0,0,0,40143,1,2,1,2,5,2,2,1,1,9,3,1,0,0,1,1,0,0,1,1,16,3,50,3,1,2,2,D,20,1,1,2,5,7,1,2,3,2,2,10,10,0,0,0,1,12,999,999,999,9999999,999,999,999,7,0,1,1,0,1,4,1,995,9.8,998,998,998,99.8,99.8,99.8,237.9137171,4,8
30673,10,109,1-10-2023-109-03,3,2,KNDJ33AU6N71,17,499,2460,7,0,63,37,2022,6,1,2,0,1,B,3,1290,5,0,1,1,12,2,89,1,0,0,995,0,0,0,45426,2,2,1,2,5,3,2,1,1,9,1,3,0,0,1,1,0,0,1,0,5,3,53,99,1,1,2,D,21,0,0,0,0,0,0,0,0,0,0,10,10,0,0,0,1,12,999,999,999,9999999,999,999,999,8,0,1,1,0,1,4,0,995,9.8,998,998,998,99.8,99.8,99.8,237.9137171,4,8
30674,10,110,1-10-2023-110-05,5,1,JA4AP3AUXHZ0,17,481,13867,7,0,52,47,2017,6,1,3,0,1,T,1,1375,5,0,1,1,4,2,105,1,0,0,995,0,0,0,46140,1,2,0,2,3,2,2,2,1,9,3,3,0,3,1,2,0,0,1,1,1,1,6,99,4,4,1,B,7,1,2,2,5,1,2,61,1,2,8,997,997,0,0,0,3,6,999,999,999,9999999,999,999,999,6,0,1,1,0,1,4,3,997,4.1,999,999,999,0.0,0.0,0.0,49.90989042,4,8
30675,76,61,1-76-2023-061-07,7,1,2T1BURHE1JC0,17,448,2208,13,0,49,32,2018,4,1,3,0,1,F,9,1265,5,9999,9,0,998,2,48,1,8,9,998,8,7,9,12054,9,9,0,4,2,1,2,2,1,1,1,2,0,0,4,2,0,0,9,1,1,6,87,8,1,4,1,A,3,0,0,0,0,0,0,0,0,0,0,998,998,0,0,0,1,0,999,999,999,9999999,999,999,999,9,0,0,0,0,0,0,0,998,9.8,998,998,998,99.8,99.8,99.8,20.03911002,3,8
30676,76,62,1-76-2023-062-04,4,1,19XFC1F32KE2,17,474,1863,13,0,37,31,2019,4,1,3,0,1,F,1,1252,5,0,1,1,7,2,89,1,8,9,998,8,7,9,12485,9,9,2,4,2,1,2,1,3,1,1,2,0,0,1,1,0,0,9,1,14,2,12,3,1,4,1,B,8,0,0,0,0,0,0,0,0,0,0,998,998,0,0,0,1,10,999,999,999,9999999,999,0,16,2,0,0,0,0,0,0,0,998,0.8,120,15,81,0.5,0.4,0.6,18.58279621,3,8
30677,28,57,1-28-2023-057-07,7,1,3VWLA7AJ3FM3,17,482,3137,13,0,30,40,2015,4,1,3,0,1,F,1,1470,5,0,1,1,5,2,72,1,0,0,995,0,0,0,16936,9,9,0,4,2,1,2,1,3,1,1,2,0,0,1,1,0,0,9,1,14,2,13,99,1,4,1,A,1,0,0,0,0,0,0,0,0,0,0,998,998,0,1,1,3,1,19,-18,-7,21969,998,-1,19,0,4,0,0,0,0,0,0,998,1.6,5,5,70,7.3,3.2,7.8,178.0391855,3,8
30678,28,58,1-28-2023-058-03,3,1,5NPD74LF2LH6,17,498,2735,13,0,55,35,2020,4,1,3,0,1,F,3,1280,5,0,1,1,3,2,56,1,0,0,995,0,0,0,16946,1,2,0,4,2,1,2,1,2,1,0,0,0,0,1,1,0,0,1,1,14,1,6,4,2,4,1,B,7,0,0,0,0,0,0,0,0,0,0,998,998,0,0,1,1,1,54,-50,18,170275,998,46,54,0,2,1,2,0,1,6,0,998,0.0,58,53,81,26.1,3.1,26.3,43.93720625,3,8
30679,28,59,1-28-2023-059-07,7,1,1FMCU9GD7HUD,17,460,1798,7,0,12,402,2017,14,3,14,0,1,R,1,1668,5,0,1,1,47,2,64,1,0,0,995,0,0,0,17765,1,2,0,4,2,1,2,1,1,1,1,4,0,0,1,1,0,0,3,0,6,3,50,7,1,1,2,F,48,0,0,0,0,0,0,0,0,0,0,80,90,0,0,0,1,3,9,-8,-5,10902,998,67,11,0,4,0,0,0,0,0,0,995,9.8,998,998,998,99.8,99.8,99.8,178.0391855,3,8
30679,28,59,1-28-2023-059-07,7,2,2HKRM4H72EH6,17,474,1865,7,0,37,402,2014,14,3,14,0,1,B,1,1583,5,0,1,4,47,2,64,1,0,0,995,0,0,0,17408,9,9,0,4,2,1,2,1,1,1,1,4,0,0,1,1,0,0,9,0,5,3,53,1,1,1,2,F,48,0,0,0,0,0,0,0,0,0,0,90,80,0,0,0,1,3,10,9,3,5097,998,-86,8,0,4,0,0,0,0,0,0,995,9.8,998,998,998,99.8,99.8,99.8,178.0391855,3,8
30681,32,102,1-32-2023-102-03,3,1,1GCNCREC8JZ2,17,467,1850,60,0,20,481,2018,34,5,30,0,1,L,9,2051,5,9999,9,0,998,2,56,1,0,0,995,0,0,0,75062,9,1,2,1,4,2,1,1,1,1,3,3,0,0,1,1,1,2,9,0,1,2,17,99,1,1,4,J,69,0,0,0,0,0,0,0,0,0,0,170,320,0,0,0,1,0,999,999,999,9999999,999,999,999,9,0,9,97,0,1,99,0,995,0.0,35,35,100,2.9,1.5,3.2,619.3213482,7,8
30681,32,102,1-32-2023-102-03,3,2,3N1CN8EV2LL8,17,478,1894,13,0,35,50,2020,4,1,2,0,1,F,9,1194,5,9999,9,0,998,2,56,1,0,0,995,0,0,0,75062,2,9,2,1,4,4,1,1,1,1,1,0,0,0,1,1,1,2,9,0,11,4,63,99,1,1,4,J,68,0,0,0,0,0,0,0,0,0,0,320,170,0,0,0,1,0,999,999,999,9999999,999,999,999,9,0,99,99,0,0,99,0,995,9.8,998,998,998,99.8,99.8,99.8,619.3213482,7,8
30682,32,103,1-32-2023-103-02,2,1,5NPEG4JA0MH0,17,498,2459,13,0,55,33,2021,4,1,4,0,1,F,1,1527,5,0,1,5,8,2,56,1,0,1,275,2,0,2,75126,2,9,2,1,4,2,1,1,1,4,1,1,0,0,3,1,1,2,9,0,1,3,50,99,1,1,2,D,20,0,0,0,0,0,0,0,0,0,0,180,180,0,0,0,1,12,999,999,999,9999999,999,999,999,6,0,2,12,0,1,3,0,995,9.8,998,998,998,99.8,99.8,99.8,26.67993047,7,8
30682,32,103,1-32-2023-103-02,2,2,KMHD74LF4HU1,17,498,2735,13,0,55,35,2017,4,1,3,0,1,B,3,1275,5,0,1,5,8,2,56,1,0,0,995,0,0,0,75231,3,9,2,1,4,2,1,1,1,4,1,1,0,0,3,1,1,2,9,0,5,3,53,1,1,1,2,D,21,0,0,0,0,0,0,0,0,0,0,180,180,0,0,0,1,12,999,999,999,9999999,999,999,999,8,0,1,2,0,1,4,0,995,9.8,998,998,998,99.8,99.8,99.8,26.67993047,7,8
30682,32,103,1-32-2023-103-02,2,3,2HGFE2F52NH5,17,474,1863,13,0,37,31,2022,4,1,3,0,1,R,1,1313,5,0,1,1,9,2,56,1,0,0,995,0,0,0,75231,2,9,2,1,4,1,1,1,1,2,0,1,0,0,3,1,1,2,9,0,1,4,66,99,1,1,6,M,98,0,0,0,0,0,0,0,0,0,0,270,160,0,0,0,2,3,18,-12,-14,37618,998,85,23,0,4,1,2,0,1,4,0,995,9.8,998,998,998,99.8,99.8,99.8,26.67993047,7,8
30683,32,104,1-32-2023-104-05,5,1,1GYFK63827R3,17,469,1843,7,0,19,421,2007,15,3,15,0,1,F,9,2527,5,9999,9,0,998,2,105,1,0,0,995,0,0,0,76015,9,1,1,2,3,1,1,1,3,9,1,3,0,0,3,1,0,0,9,1,14,2,13,99,1,4,1,A,1,0,0,0,0,0,0,0,0,0,0,998,998,0,0,0,1,0,999,999,999,9999999,999,999,999,9,0,99,99,0,0,99,0,998,0.0,999,999,999,0.0,0.0,0.0,129.9221458,7,8
30683,32,104,1-32-2023-104-05,5,2,1N4AL3AP0HC2,17,478,1904,13,0,35,47,2017,4,1,4,0,1,F,2,1453,5,0,1,1,20,2,105,1,0,0,995,0,0,0,75115,2,9,1,2,4,2,1,1,3,9,3,3,0,0,3,1,0,0,9,0,14,4,61,3,1,1,6,M,98,0,0,0,0,0,0,0,0,0,0,140,240,0,0,0,2,12,999,999,999,9999999,999,999,999,7,0,9,97,0,2,8,0,995,9.8,998,998,998,99.8,99.8,99.8,129.9221458,7,8
30685,31,57,1-31-2023-057-04,4,1,3TYSX5EN9MT0,17,448,2223,60,0,49,472,2021,34,5,30,0,1,F,1,1948,5,227,2,1,4,2,89,1,0,0,995,0,0,0,62821,1,2,0,4,2,1,2,1,1,4,1,4,0,0,1,1,0,0,1,0,1,6,87,2,1,1,1,C,13,0,0,0,0,0,0,0,0,0,0,998,998,0,0,0,1,10,999,999,999,9999999,999,0,12,2,0,1,1,0,1,0,0,998,9.8,998,998,998,99.8,99.8,99.8,194.3365105,6,8
30686,31,58,1-31-2023-058-09,9,1,3D7JB1EK6BG5,17,476,1938,60,0,7,482,2011,34,5,31,0,1,F,1,2049,5,9999,9,1,5,2,89,1,9,1,235,2,0,1,62982,9,9,0,4,2,1,2,1,3,4,1,2,2,3,1,1,0,0,9,1,14,1,6,99,1,4,1,A,2,0,0,0,0,0,0,0,0,0,0,998,998,0,0,0,2,5,999,999,999,9999999,999,999,23,2,0,2,5,0,1,4,0,998,0.9,999,999,999,9.1,0.4,8.9,585.2338323,6,8
30687,66,50,1-66-2023-050-06,6,1,KNMAT2MV4GP6,17,478,1913,8,0,35,51,2016,6,1,3,0,1,F,1,1610,5,0,1,1,51,2,64,1,0,9,998,8,7,9,64836,9,9,1,2,3,1,2,1,2,1,1,1,0,1,2,8,6,2,9,1,14,2,12,4,1,4,1,B,6,1,4,2,2,2,4,44,4,1,33,998,998,0,1,0,1,1,19,-19,0,24070,998,0,19,0,4,3,10,1,2,3,3,998,2.1,120,120,0,12.5,99.9,12.5,128.0272373,6,8
30688,66,51,1-66-2023-051-10,10,1,1FTPW14V98KB,17,460,1801,60,0,12,481,2008,34,5,31,0,1,F,1,2543,5,9999,9,0,998,5,40,1,0,0,995,0,0,0,65756,9,9,2,4,6,2,2,1,1,1,1,1,0,0,1,8,1,2,9,0,1,4,66,99,1,1,5,L,88,0,0,0,0,0,0,0,0,0,0,275,185,0,0,0,1,3,5,-5,-1,2835,998,-43,5,0,4,95,95,95,95,95,0,995,9.8,998,998,998,99.8,99.8,99.8,112.3254186,6,8
30688,66,51,1-66-2023-051-10,10,2,2MEFM74W85X6,17,465,1792,13,0,14,6,2005,4,1,4,0,1,L,1,1900,5,0,1,1,8,2,56,1,0,0,995,0,0,0,65707,9,9,2,4,2,1,2,1,1,1,0,2,0,0,1,8,1,2,1,0,1,2,17,2,1,1,5,L,89,0,0,0,0,0,0,0,0,0,0,185,275,0,0,0,1,3,7,-1,7,7147,998,-150,7,0,4,0,0,0,0,0,0,995,9.8,998,998,998,99.8,99.8,99.8,112.3254186,6,8