CASEID,PSU,CASENO,CASENUMBER,CATEGORY,VEHNO,VIN,VINLENGTH,VPICMAKE,VPICMODEL,VPICBODYCLASS,ICFINALBODY,MAKE,MODEL,MODELYR,BODYTYPE,BODYCAT,VEHCLASS,SPECUSE,TRANSTAT,DAMPLANE,DAMSEV,CURBWT,CURBSRC,CARGOWT,CARGOSRC,INSPTYPE,INSPLAG,TOWED,SPEEDLIMIT,DRPRESENT,PARALCOHOL,ALCTEST,ALCTESTRESULT,ALCTESTSRC,PARDRUG,DRUGTEST,ZIP,RACE,ETHNICITY,RELTOJUNCT,TRAFFLOW,RDLANES,INITLANE,SURFTYPE,SURFCOND,ALIGNMENT,PROFILE,LINERIGHT,LINELEFT,RUMBINIT,RUMBROAD,LIGHTCOND,WEATHER,TRAFDEV,TRAFFUNCT,DISTRACT,PREFHE,PREMOVE,CRITCAT,CRITEVENT,MANEUVER,PRESTAB,PRELOC,CRASHCAT,CRASHCONF,CRASHTYPE,ROLLTYPE,ROLLTURN,ROLLINTRPT,ROLLPREMAN,ROLLINITYP,ROLLINLOC,ROLLOBJ,ROLLTRIP,ROLLDIR,ROLLDIST,DVANGTHIS,DVANGOTH,TOWHITCH,TRAJDOC,TREEPOLE,DVEVENT,DVBASIS,DVTOTAL,DVLONG,DVLAT,DVENERGY,DVSPEED,DVMOMENT,DVBES,DVEST,DVCONF,VAIS,VISS,VINJSEV,VINJURED,VTREAT,INITOBJCLASS,HEADANGLECAT,SHLDRWIDTH,STRKLENGTH,STRKWIDTH,STRKHEIGHT,EDGEDISTX,EDGEDISTY,EDGEDISTZ,CASEWGT,PSUSTRAT,VERSION
30690,27,66,1-27-2023-066-03,3,1,WAUABAF40MN0,17,582,3146,13,0,32,43,2021,4,1,4,0,1,F,1,1648,5,0,1,1,10,2,48,1,0,0,995,0,0,0,01201,1,2,2,1,4,2,2,1,1,1,1,1,0,0,1,1,1,2,3,0,1,3,50,3,1,1,2,D,20,0,0,0,0,0,0,0,0,0,0,60,65,0,0,0,1,3,11,-11,2,10395,998,88,10,0,4,1,2,0,1,6,0,995,9.8,998,998,998,99.8,99.8,99.8,39.96689642,3,8
30690,27,66,1-27-2023-066-03,3,2,1GCGTDEN6J11,17,467,4086,60,0,20,473,2018,34,5,31,0,1,B,1,2001,5,9999,9,0,998,5,48,1,0,0,995,0,0,0,01235,9,9,2,1,4,2,2,1,1,1,1,1,0,0,1,1,1,2,1,0,5,3,53,1,1,1,2,D,21,0,0,0,0,0,0,0,0,0,0,65,60,0,0,0,1,3,10,9,-3,11655,998,105,10,0,4,95,95,95,95,95,0,995,9.8,998,998,998,99.8,99.8,99.8,39.96689642,3,8
30691,73,97,1-73-2023-097-07,7,1,1FM5K8D89HGD,17,460,1800,7,0,12,401,2017,14,3,14,0,1,F,2,2146,5,0,1,1,14,2,72,1,8,0,995,0,7,0,01844,9,9,0,4,2,1,2,1,3,4,1,2,0,0,1,1,0,0,1,1,14,2,12,99,2,4,1,B,7,0,0,0,0,0,0,0,0,0,0,998,998,0,1,5,1,12,999,999,999,9999999,999,999,999,7,0,0,0,0,0,0,0,998,0.2,10,10,120,30.9,6.9,31.6,86.62815512,3,8
30692,73,98,1-73-2023-098-09,9,1,1GCRKREA3CZ1,17,467,1850,60,0,20,481,2012,34,5,31,0,1,L,1,2338,5,9999,9,4,36,2,89,1,8,2,996,1,7,0,30601,9,9,0,4,2,1,2,2,1,2,1,2,0,0,2,2,0,0,3,1,1,2,12,99,2,4,1,B,6,0,0,0,0,0,0,0,0,0,0,998,998,0,1,1,1,8,999,999,999,9999999,999,999,999,6,0,9,97,0,1,99,0,998,3.1,13,13,120,37.9,4.5,38.4,64.13040797,3,8
30693,73,99,1-73-2023-099-02,2,1,1FM5K8GC2LGB,17,460,1800,7,0,12,425,2020,15,3,15,0,1,R,2,2022,5,0,1,1,3,2,80,1,8,1,0,2,7,0,04950,9,9,0,4,2,1,2,2,3,1,1,2,0,0,1,2,0,0,1,1,14,1,6,4,4,2,3,I,64,0,0,0,0,0,0,0,0,0,0,70,325,0,0,0,1,5,999,999,999,9999999,999,999,27,3,0,3,17,1,1,3,0,995,9.8,998,998,998,99.8,99.8,99.8,36.85617776,3,8
30693,73,99,1-73-2023-099-02,2,2,1C6SRFFT3KN5,17,496,13620,60,0,7,482,2019,34,5,31,0,1,F,3,2255,5,0,1,1,4,2,80,1,8,0,995,0,7,0,04976,9,9,0,4,2,1,2,2,2,1,1,2,0,0,1,2,0,0,1,0,14,4,62,8,1,1,3,I,65,0,0,0,0,0,0,0,0,0,0,325,70,1,1,0,1,5,999,999,999,9999999,999,999,999,8,0,99,99,0,0,8,0,995,9.8,998,998,998,99.8,99.8,99.8,36.85617776,3,8
30696,32,105,1-32-2023-105-02,2,1,19XFL1H74NE0,17,474,1863,5,0,37,31,2022,5,1,3,0,1,L,2,1391,5,0,1,1,27,2,48,1,0,0,995,0,0,0,75114,1,1,2,4,2,1,1,1,1,2,0,0,0,0,1,1,0,0,1,0,11,2,15,8,1,1,4,K,82,0,0,0,0,0,0,0,0,0,0,65,175,0,0,0,1,1,25,-9,24,43051,998,-206,15,0,1,0,0,0,0,0,0,995,9.8,998,998,998,99.8,99.8,99.8,26.67993047,7,8
30696,32,105,1-32-2023-105-02,2,2,5N1AZ2AJ4MC1,17,478,1914,7,0,35,422,2021,15,3,15,0,1,F,1,1721,5,0,1,1,14,2,48,1,0,0,995,0,0,0,75115,2,9,2,4,4,2,1,1,1,4,3,2,0,0,1,1,0,0,9,0,1,4,67,3,1,1,4,K,83,0,0,0,0,0,0,0,0,0,0,175,65,0,0,0,1,1,21,-21,0,99397,998,0,38,0,1,1,1,0,1,4,0,995,9.8,998,998,998,99.8,99.8,99.8,26.67993047,7,8
30697,27,65,1-27-2023-065-06,6,1,WVWVD23B3YE3,17,482,3134,15,0,30,46,2000,6,1,3,0,1,R,1,1432,5,9999,9,5,11,2,48,1,0,0,995,0,0,0,01201,9,9,2,4,3,2,2,2,3,1,1,2,0,0,1,2,1,2,9,0,11,2,15,99,1,1,4,J,68,0,0,0,0,0,0,0,0,0,0,220,130,0,0,0,1,3,19,-9,-16,39577,998,35,25,0,4,99,99,0,0,99,0,995,9.8,998,998,998,99.8,99.8,99.8,134.0899965,3,8
30697,27,65,1-27-2023-065-06,6,2,WMWSS5C56EWN,17,456,1928,5,0,69,54,2014,3,1,2,0,1,F,1,1501,5,0,1,1,12,2,48,1,0,1,0,2,0,0,12168,1,1,2,4,3,2,2,2,2,4,1,2,0,0,1,2,1,2,9,0,14,2,17,4,1,1,4,J,69,0,0,0,0,0,0,0,0,0,0,130,220,0,0,0,1,3,18,-15,9,10352,998,81,11,0,4,2,4,0,1,4,0,995,9.8,998,998,998,99.8,99.8,99.8,134.0899965,3,8
30699,22,54,1-22-2023-054-07,7,1,JM1BM1M72E12,17,473,2074,5,0,41,51,2014,5,1,3,0,1,F,1,1375,5,0,1,1,20,2,56,1,0,0,995,0,0,0,83843,1,2,2,4,5,1,2,1,1,1,1,3,0,0,1,1,1,2,3,0,1,3,52,4,1,1,2,D,28,0,0,0,0,0,0,0,0,0,0,240,235,0,0,0,1,3,15,-15,0,10125,998,-30,13,0,4,0,0,0,0,0,0,995,9.8,998,998,998,99.8,99.8,99.8,140.319672,12,8
30699,22,54,1-22-2023-054-07,7,2,1GT12TE89GF1,17,472,1857,60,0,23,481,2016,34,5,30,0,1,B,1,2991,5,9999,9,0,998,5,56,1,0,0,995,0,0,0,83843,9,9,2,4,5,1,2,1,1,1,1,3,0,0,1,1,1,2,9,0,2,3,53,1,1,1,2,D,29,0,0,0,0,0,0,0,0,0,0,235,240,0,0,0,1,3,8,8,0,11305,998,0,10,0,4,95,95,95,95,95,0,995,9.8,998,998,998,99.8,99.8,99.8,140.319672,12,8
30700,48,59,1-48-2023-059-09,9,1,1GCDT13L2981,17,467,4086,60,0,20,473,2009,34,5,30,0,1,F,2,1815,5,0,1,1,13,2,48,1,0,0,995,0,0,0,84314,9,9,0,5,5,2,2,1,1,1,3,2,0,0,1,1,5,2,2,0,1,3,50,2,1,1,2,D,20,0,0,0,0,0,0,0,0,0,0,180,180,0,0,0,1,3,38,-38,0,75254,998,-4,32,0,4,9,97,0,1,99,0,995,9.8,998,998,998,99.8,99.8,99.8,92.28369939,12,8
30700,48,59,1-48-2023-059-09,9,2,1GCUKREC9FF2,17,467,1850,60,0,20,481,2015,34,5,30,0,1,B,2,2431,5,9999,9,4,8,5,48,1,0,0,995,0,0,0,84321,9,9,0,5,5,2,2,1,1,1,3,2,0,0,1,1,5,2,9,0,5,3,53,1,1,1,2,D,21,0,0,0,0,0,0,0,0,0,0,180,180,0,1,0,1,3,29,29,0,107180,998,0,34,0,4,95,95,95,95,95,0,995,9.8,998,998,998,99.8,99.8,99.8,92.28369939,12,8
30701,15,131,1-15-2023-131-03,3,1,1C4SDJCT4MC5,17,476,3508,7,0,7,422,2021,15,3,15,0,1,F,2,2262,5,9999,9,1,23,2,56,1,0,0,995,0,0,0,11520,2,1,0,4,4,2,2,1,1,1,3,2,0,0,2,1,0,0,1,1,1,1,1,1,9,4,1,B,7,0,0,0,0,0,0,0,0,0,0,998,998,0,0,7,1,10,999,999,999,9999999,999,36,31,3,0,1,3,0,1,4,0,998,2.2,31,31,999,99.9,99.9,99.9,78.89705476,1,8
30702,15,132,1-15-2023-132-04,4,1,1C4BJWFG7DL7,17,483,1943,7,0,2,403,2013,14,3,14,0,1,F,1,2051,5,9999,9,0,998,5,64,1,8,9,998,8,7,9,11710,9,9,2,4,5,2,2,1,1,1,3,2,0,0,1,1,0,0,9,0,11,2,15,99,1,1,4,J,68,0,0,0,0,0,0,0,0,0,0,260,130,0,0,0,1,3,22,-22,0,35773,998,0,21,0,4,95,95,95,95,95,0,995,9.8,998,998,998,99.8,99.8,99.8,290.3675089,1,8
30702,15,132,1-15-2023-132-04,4,2,1FMCU9GD2KUA,17,460,1798,7,0,12,402,2019,14,3,14,0,1,L,2,1668,5,0,1,1,21,2,64,1,8,9,998,8,7,9,11710,1,2,2,4,4,1,2,1,1,1,1,3,0,0,1,1,0,0,9,0,1,4,62,8,1,1,4,J,69,0,0,0,0,0,0,0,0,0,0,130,260,0,0,0,1,3,26,-17,20,65938,998,-84,27,0,4,0,0,0,0,0,0,995,0.0,10,5,13,0.0,0.0,0.0,290.3675089,1,8
30703,15,133,1-15-2023-133-04,4,1,KNDCB3LC9N55,17,499,15705,7,0,63,403,2022,14,3,14,0,1,F,2,1436,5,0,1,1,79,2,72,1,8,9,998,8,7,9,11566,2,2,2,1,2,1,2,1,1,1,1,1,0,0,1,1,1,2,9,0,1,3,50,2,1,1,2,D,20,0,0,0,0,0,0,0,0,0,0,190,185,0,0,0,1,5,999,999,999,9999999,999,999,25,3,0,0,0,0,0,0,0,995,9.8,998,998,998,99.8,99.8,99.8,290.3675089,1,8
30703,15,133,1-15-2023-133-04,4,2,4DRBUSKN79B0,17,524,2260,73,0,84,981,2009,50,7,50,0,1,B,9,,,,,,,5,72,1,8,9,998,8,7,9,11501,9,9,2,1,2,1,2,1,1,1,1,1,0,0,1,1,1,2,9,0,5,3,53,1,1,1,2,D,21,,,,,,,,,,,,,,,,,,,,,,,,,,,95,95,95,95,95,,,9.8,998,998,998,99.8,99.8,99.8,290.3675089,1,8
30704,15,134,1-15-2023-134-05,5,1,1J4FA54118L5,17,483,1943,7,0,2,403,2008,14,3,14,0,1,F,1,1854,5,0,1,1,78,2,89,1,8,9,998,8,7,9,11729,9,9,0,2,4,4,2,1,1,1,3,2,0,0,1,8,0,0,9,0,1,3,52,99,1,1,2,D,28,0,0,0,0,0,0,0,0,0,0,65,70,0,0,0,1,3,21,-20,-4,23140,998,-32,17,0,4,1,1,0,1,99,0,995,9.8,998,998,998,99.8,99.8,99.8,16.5511405,1,8
30704,15,134,1-15-2023-134-05,5,2,4T1BF1FK0FU4,17,448,2469,13,0,49,40,2015,4,1,4,0,1,B,2,1467,5,9999,9,4,57,2,89,1,8,9,998,8,7,9,11757,1,9,0,2,4,4,2,1,1,1,3,2,0,0,1,8,0,0,9,0,1,3,53,99,1,1,2,D,29,0,0,0,0,0,0,0,0,0,0,70,65,0,0,0,1,3,26,26,0,51465,998,0,29,0,4,1,2,0,1,4,0,995,9.8,998,998,998,99.8,99.8,99.8,16.5511405,1,8
30704,15,134,1-15-2023-134-05,5,3,1HTELTZR9LH1,17,526,20854,11,0,84,881,2020,63,8,60,0,1,B,9,,,,,,,2,89,1,8,9,998,8,7,9,11934,9,9,0,2,4,4,2,1,1,1,3,2,0,0,1,8,0,0,9,0,1,3,52,1,1,1,6,M,98,,,,,,,,,,,,,,,,,,,,,,,,,,,95,95,95,95,95,,,9.8,998,998,998,99.8,99.8,99.8,16.5511405,1,8
30706,26,77,1-26-2023-077-06,6,1,JTLZE4FEXFJ0,17,448,2210,7,0,67,31,2015,6,1,2,0,1,F,2,1373,5,0,1,1,15,2,40,1,0,0,995,0,0,0,95843,1,1,2,4,2,1,2,1,1,1,0,0,0,0,1,1,2,2,2,0,11,2,15,1,1,1,4,K,82,0,0,0,0,0,0,0,0,0,0,160,260,0,0,0,1,3,32,-20,24,61690,998,133,22,0,4,0,0,0,0,6,0,995,9.8,998,998,998,99.8,99.8,99.8,476.0936801,10,8
30706,26,77,1-26-2023-077-06,6,2,JTJBARBZ2G20,17,515,3653,7,0,59,405,2016,14,3,14,0,1,R,2,1755,5,9999,9,0,998,2,72,1,0,0,995,0,0,0,95841,1,9,2,5,5,1,2,1,1,1,3,3,0,0,1,1,0,0,1,0,1,4,67,1,1,1,4,K,83,0,0,0,0,0,0,0,0,0,0,260,160,0,0,0,1,3,27,-23,-13,111507,998,2,40,0,4,99,99,0,0,0,0,995,9.8,998,998,998,99.8,99.8,99.8,476.0936801,10,8
30707,22,53,1-22-2023-053-09,9,1,2G1WD58C2891,17,467,1833,13,0,20,2,2008,4,1,4,0,1,R,1,1684,5,0,1,1,7,2,72,1,0,0,995,0,0,0,99403,1,2,2,4,3,2,2,1,1,1,1,2,0,0,2,1,0,0,1,0,11,2,15,9,1,1,4,J,68,0,0,0,0,0,0,0,0,0,0,120,0,0,0,0,1,1,14,-9,-11,15085,998,160,10,0,4,0,0,0,0,0,0,995,9.8,998,998,998,99.8,99.8,99.8,99.19539286,12,8
30707,22,53,1-22-2023-053-09,9,2,JHMEJ6628WS0,17,474,1863,13,0,37,31,1998,4,1,2,0,1,F,1,1060,5,0,1,1,9,2,72,1,0,0,995,0,0,0,99403,1,2,2,1,2,1,2,1,1,1,1,2,0,0,2,1,0,0,1,0,1,4,62,2,1,1,4,J,69,0,0,0,0,0,0,0,0,0,0,0,120,0,0,0,1,1,22,-21,4,39427,998,59,27,0,4,1,1,0,1,5,0,995,9.8,998,998,998,99.8,99.8,99.8,99.19539286,12,8
30709,21,66,1-21-2023-066-06,6,1,WBAPH5C51BA4,17,452,1709,13,0,34,34,2011,4,1,4,0,1,R,9,1865,5,9999,9,0,998,5,48,1,0,0,995,0,0,0,99999,9,9,2,4,2,1,2,1,3,1,0,2,0,0,1,1,1,2,9,1,6,2,10,99,1,2,2,F,49,0,0,0,0,0,0,0,0,0,0,250,240,0,0,0,1,0,999,999,999,9999999,999,999,999,9,0,95,95,95,95,95,0,995,9.8,998,998,998,99.8,99.8,99.8,676.0276005,11,8
30709,21,66,1-21-2023-066-06,6,2,1FMCU0F76GUA,17,460,1798,7,0,12,402,2016,14,3,14,0,1,L,1,1635,5,0,1,1,56,2,48,1,0,0,995,0,0,0,92376,9,1,2,4,2,1,2,1,3,1,0,2,0,0,1,1,1,2,9,0,5,4,60,1,1,1,2,F,49,0,0,0,0,0,0,0,0,0,0,240,250,0,0,0,1,8,999,999,999,9999999,999,999,999,6,0,9,97,0,1,8,0,995,1.0,999,999,999,2.6,1.0,2.5,676.0276005,11,8
30710,12,66,1-12-2023-066-10,10,1,1FTRX12W36NA,17,460,1801,60,0,12,481,2006,34,5,31,0,1,F,2,2320,5,68,2,1,11,2,72,1,0,0,995,0,0,0,99999,1,2,0,4,2,1,2,1,1,1,0,0,0,0,1,1,0,0,1,1,1,2,12,2,4,4,1,B,8,0,0,0,0,0,0,0,0,0,0,998,998,0,1,0,2,1,29,-25,-15,113126,998,-110,29,0,4,0,0,0,0,0,0,998,0.0,8,48,120,1.0,0.3,1.1,954.3034722,9,8
30712,16,74,1-16-2023-074-02,2,1,3N1AB7AP6KL6,17,478,1907,13,0,35,43,2019,4,1,3,0,1,F,2,1315,5,0,1,1,11,2,56,1,1,1,382,2,0,2,45237,2,9,2,4,5,2,2,1,2,1,1,1,0,0,3,1,1,2,1,1,14,2,10,99,1,2,3,G,50,0,0,0,0,0,0,0,0,0,0,140,340,0,0,0,1,1,28,-28,-5,77713,998,-86,32,0,4,2,9,0,1,3,0,995,9.8,998,998,998,99.8,99.8,99.8,13.39390664,5,8
30712,16,74,1-16-2023-074-02,2,2,2C4RDGEG2KR6,17,476,14832,2,0,7,442,2019,20,4,20,0,1,F,1,2050,5,0,1,1,12,2,56,1,0,1,320,2,0,0,45251,9,9,2,4,5,3,2,1,3,4,1,2,0,0,3,1,1,2,1,0,2,4,62,4,1,1,3,G,51,0,0,0,0,0,0,0,0,0,0,340,140,0,0,0,1,1,19,-18,3,12226,998,-22,12,0,4,0,0,0,0,4,0,995,9.8,998,998,998,99.8,99.8,99.8,13.39390664,5,8
30716,30,77,1-30-2023-077-03,3,1,1C4RDHAG7LC1,17,476,3508,7,0,7,422,2020,15,3,15,0,1,F,1,2262,5,0,2,4,39,2,64,1,0,0,995,0,0,0,85392,1,1,2,4,5,2,2,1,1,1,3,1,0,0,1,1,1,2,1,0,1,2,17,2,1,1,4,J,69,0,0,0,0,0,0,0,0,0,0,90,200,0,1,0,1,3,9,-9,3,12976,998,75,10,0,4,1,1,0,1,4,0,995,9.8,998,998,998,99.8,99.8,99.8,154.2951898,10,8
30716,30,77,1-30-2023-077-03,3,2,2G4WD5820611,17,468,1821,13,0,18,22,2006,4,1,4,0,1,R,1,1589,5,9999,9,1,39,2,64,1,0,0,995,0,0,0,85033,9,9,2,4,5,3,2,1,1,1,2,1,0,0,1,1,1,2,9,0,11,4,63,1,1,1,4,J,68,0,0,0,0,0,0,0,0,0,0,200,90,0,1,0,1,3,14,-9,-10,28868,998,195,13,0,4,99,99,0,0,0,0,995,9.8,998,998,998,99.8,99.8,99.8,154.2951898,10,8
30718,29,54,1-29-2023-054-09,9,1,999999999999,99,476,1938,11,0,7,880,2017,67,8,60,0,1,F,9,,,,,,,5,40,1,8,0,995,0,7,0,02740,9,9,2,1,2,1,2,1,1,1,1,2,0,0,1,1,0,0,1,0,11,2,15,99,1,1,4,K,82,,,,,,,,,,,,,,,,,,,,,,,,,,,95,95,95,95,95,,,9.8,998,998,998,99.8,99.8,99.8,687.8755223,2,8
30718,29,54,1-29-2023-054-09,9,2,2T1BR32E97C7,17,448,2208,13,0,49,32,2007,4,1,2,0,1,F,2,1135,5,9999,9,4,33,2,40,1,8,0,995,0,7,0,02576,1,9,2,1,2,1,2,1,1,1,1,2,0,0,1,1,0,0,1,0,1,4,67,99,1,1,4,K,83,0,0,0,0,0,0,0,0,0,0,998,998,0,0,1,3,12,999,999,999,9999999,999,999,999,7,0,1,1,0,1,4,0,998,0.0,999,999,999,1.4,0.6,1.5,687.8755223,2,8
30720,30,78,1-30-2023-078-03,3,1,JL6BBG1S76K0,17,528,2288,63,11,52,882,2006,61,8,60,0,1,R,9,,,,,,,2,80,1,0,0,995,0,0,0,85051,9,9,2,1,2,1,2,1,1,1,0,0,0,0,1,1,2,2,9,0,1,2,17,99,1,1,5,L,87,,,,,,,,,,,,,,,,,,,,,,,,,,,95,95,95,95,95,,,0.0,30,30,55,2.0,2.0,4.0,154.2951898,10,8
30720,30,78,1-30-2023-078-03,3,2,1FMSK7DH8MGC,17,460,1800,7,0,12,425,2021,15,3,15,0,1,F,1,2022,5,0,1,1,14,2,80,1,0,0,995,0,0,0,85262,9,9,2,1,4,2,2,1,1,1,1,3,0,0,1,1,0,0,1,0,1,4,66,99,1,1,5,L,86,0,0,0,0,0,0,0,0,0,0,50,140,0,0,0,1,5,999,999,999,9999999,999,999,15,2,0,9,97,0,1,8,0,995,9.8,998,998,998,99.8,99.8,99.8,154.2951898,10,8
30721,30,79,1-30-2023-079-04,4,1,1FTRX17W32NB,17,460,1801,60,0,12,481,2002,34,5,31,0,1,R,9,1991,5,9999,9,0,998,5,105,1,0,0,995,0,0,0,85051,9,9,1,3,3,2,2,1,1,1,3,3,0,0,1,1,0,0,1,0,1,4,60,99,1,1,2,F,45,0,0,0,0,0,0,0,0,0,0,100,110,0,0,0,1,0,999,999,999,9999999,999,999,999,9,0,95,95,95,95,95,0,995,9.8,998,998,998,99.8,99.8,99.8,827.4305996,10,8
30721,30,79,1-30-2023-079-04,4,2,5N1AZ2CJ1MC1,17,478,1914,7,0,35,422,2021,15,3,15,0,1,L,9,1721,5,9999,9,0,998,2,105,1,0,0,995,0,0,0,85339,9,9,1,3,3,3,2,1,1,1,3,2,0,0,1,1,0,0,1,1,15,2,11,99,1,2,2,F,46,0,0,0,0,0,0,0,0,0,0,110,100,0,0,0,1,0,999,999,999,9999999,999,999,999,9,0,0,0,0,0,0,0,995,9.8,998,998,998,99.8,99.8,99.8,827.4305996,10,8
30722,11,51,1-11-2023-051-01,1,1,2G1WB55K2792,17,467,1833,13,0,20,2,2007,4,1,4,0,1,R,2,1630,5,0,1,4,36,2,56,1,9,1,272,3,9,1,23235,1,2,0,4,2,1,2,1,3,9,1,2,0,0,1,1,0,0,9,1,14,2,12,10,4,4,1,B,7,0,0,0,0,0,0,0,0,0,0,998,998,0,0,1,1,12,999,999,999,9999999,999,999,999,7,0,1,1,1,1,1,0,998,0.0,999,999,999,4.5,2.6,4.3,146.9249408,8,8
30723,77,61,1-77-2023-061-03,3,1,JA4J4TA81NZ0,17,481,2163,7,0,52,404,2022,14,3,14,0,1,F,2,1630,5,0,1,1,6,2,72,1,1,8,997,8,0,0,22701,9,9,0,1,3,1,2,1,1,2,0,3,0,0,2,1,0,0,1,1,1,2,13,7,1,4,1,A,1,1,4,2,1,6,4,49,3,2,21,998,998,0,0,0,1,1,35,-35,0,80267,998,14,35,0,4,2,4,0,1,4,3,998,0.6,120,42,80,9.6,0.5,9.7,241.5232075,9,8
30724,73,101,1-73-2023-101-04,4,1,JA4ARUAU1NU0,17,481,13867,7,0,52,404,2022,14,3,14,0,1,F,2,1630,5,0,1,1,21,2,80,1,8,0,995,0,7,0,04910,9,9,0,4,2,1,2,1,1,2,1,4,0,0,2,1,0,0,1,0,1,6,87,99,1,1,1,C,13,0,0,0,0,0,0,0,0,0,0,998,998,0,0,0,1,10,999,999,999,9999999,999,-37,31,3,0,0,0,0,0,0,0,998,9.8,998,998,998,99.8,99.8,99.8,30.19835927,3,8
30725,26,78,1-26-2023-078-07,7,1,1FMCU0GX8EUB,17,460,1798,7,0,12,402,2014,14,3,14,0,1,F,2,1635,5,9999,9,4,17,2,72,1,0,0,995,0,0,0,95624,3,9,2,1,4,2,2,1,2,1,3,3,0,0,1,1,1,2,3,0,14,2,17,99,9,1,4,K,83,0,0,0,0,0,0,0,0,0,0,255,150,0,0,0,1,12,999,999,999,9999999,999,999,999,7,0,0,0,0,0,0,0,995,9.8,998,998,998,99.8,99.8,99.8,2126.006233,10,8
30725,26,78,1-26-2023-078-07,7,2,1FT7W2BT5HEF,17,460,1805,60,0,12,481,2017,34,5,31,0,1,L,9,3037,5,9999,9,0,998,5,48,1,0,0,995,0,0,0,95829,9,9,2,4,3,2,2,1,1,1,1,2,0,0,1,1,1,2,1,0,11,4,66,99,9,1,4,K,82,0,0,0,0,0,0,0,0,0,0,150,255,0,0,0,1,0,999,999,999,9999999,999,999,999,9,0,95,95,95,95,95,0,995,9.8,998,998,998,99.8,99.8,99.8,2126.006233,10,8
30726,29,56,1-29-2023-056-03,3,1,JF2GPAVC8EH3,17,523,2236,7,0,48,403,2014,14,3,14,0,1,F,2,1425,5,0,1,1,11,2,40,1,8,0,995,0,7,0,02780,9,9,1,2,3,2,2,1,2,9,3,3,3,3,1,1,0,0,3,1,14,2,12,3,9,4,1,B,6,0,0,0,0,0,0,0,0,0,0,998,998,0,0,0,1,12,999,999,999,9999999,999,999,999,7,0,2,5,0,1,4,0,998,2.7,999,999,999,15.1,3.1,15.1,111.8872694,2,8
30726,29,56,1-29-2023-056-03,3,2,5YJ3E1EAXMF9,17,441,17834,13,0,29,5,2021,4,1,4,0,1,F,1,1645,5,0,1,1,32,2,40,1,8,0,995,0,7,0,02717,1,2,1,2,3,1,2,1,2,9,3,2,0,3,1,1,0,0,1,0,14,4,74,99,1,1,6,M,98,0,0,0,0,0,0,0,0,0,0,100,160,0,0,0,2,3,14,-12,-7,21758,998,-84,16,0,4,1,1,0,1,4,0,995,9.8,998,998,998,99.8,99.8,99.8,111.8872694,2,8
30728,21,67,1-21-2023-067-04,4,1,2B3KA33G38H3,17,476,1895,13,0,7,24,2008,4,1,5,0,1,9,9,1860,5,9999,9,6,102,3,40,1,1,0,995,0,0,0,92405,1,1,2,2,5,3,2,1,1,1,1,2,0,0,1,1,1,2,2,0,11,2,15,1,1,1,4,J,68,0,0,0,0,0,0,0,0,0,0,50,260,0,0,0,1,12,999,999,999,9999999,999,999,999,9,0,0,0,0,0,0,0,995,9.8,998,998,998,99.8,99.8,99.8,2563.665513,11,8
30728,21,67,1-21-2023-067-04,4,2,1FAHP2MK7KG1,17,460,1782,13,0,12,17,2019,4,1,4,5,1,9,9,1918,5,9999,9,0,998,2,40,1,0,0,995,0,0,0,92401,1,2,2,1,5,2,2,1,1,1,1,1,0,0,1,1,1,2,9,0,1,4,62,99,1,1,4,J,69,0,0,0,0,0,0,0,0,0,0,260,50,0,0,0,1,0,999,999,999,9999999,999,999,999,9,0,0,0,0,0,0,0,995,9.8,998,998,998,99.8,99.8,99.8,2563.665513,11,8
30729,29,57,1-29-2023-057-09,9,1,3VWCK31CX5M4,17,482,8119,5,0,30,47,2005,3,1,1,0,1,F,3,1244,5,9999,9,4,13,2,72,1,0,0,995,0,0,0,02852,9,9,0,4,4,1,2,1,1,1,1,3,0,0,1,1,0,0,1,0,1,4,60,8,1,1,2,F,45,0,0,0,0,0,0,0,0,0,0,998,998,0,0,1,4,12,999,999,999,9999999,999,999,999,8,0,99,99,0,0,8,0,998,0.5,60,16,17,0.0,0.0,0.0,687.8755222,2,8
30729,29,57,1-29-2023-057-09,9,2,1C4JJXP63PW5,17,483,1943,7,0,2,403,2023,14,3,14,0,1,R,9,2268,5,9999,9,0,998,5,72,1,0,0,995,0,0,0,02673,9,9,0,4,4,2,2,1,1,1,3,2,0,0,1,1,0,0,1,1,15,2,11,1,1,2,2,F,46,0,0,0,0,0,0,0,0,0,0,230,225,0,0,0,1,0,999,999,999,9999999,999,999,999,9,0,95,95,95,95,95,0,995,9.8,998,998,998,99.8,99.8,99.8,687.8755222,2,8
30730,23,65,1-23-2023-065-03,3,1,4V4NC9EH1PN6,17,487,1967,66,0,51,881,2023,66,8,68,0,2,B,9,,,,,,,,,,,,,,,,,,,,,,,,,,,,,,,,,,,,,,,,,,,,,,,,,,,,,,,,,,,,,,,,,,,,,,,,95,95,95,95,95,,,,,,,,,,89.81810494,5,8
30730,23,65,1-23-2023-065-03,3,2,JF2GTAEC2MH2,17,523,13580,7,0,48,403,2021,14,3,14,0,1,F,3,1447,5,9999,9,4,42,2,113,1,0,0,995,0,0,0,44256,1,9,1,2,4,2,2,1,1,9,3,3,0,3,2,8,0,0,3,1,1,2,13,99,1,4,1,C,11,0,0,0,0,0,0,0,0,0,0,195,195,0,0,0,1,5,999,999,999,9999999,999,999,999,8,0,1,1,0,2,8,0,995,9.8,998,998,998,99.8,99.8,99.8,89.81810494,5,8