CASEID,PSU,CASENO,CASENUMBER,CATEGORY,VEHNO,VIN,VINLENGTH,VPICMAKE,VPICMODEL,VPICBODYCLASS,ICFINALBODY,MAKE,MODEL,MODELYR,BODYTYPE,BODYCAT,VEHCLASS,SPECUSE,TRANSTAT,DAMPLANE,DAMSEV,CURBWT,CURBSRC,CARGOWT,CARGOSRC,INSPTYPE,INSPLAG,TOWED,SPEEDLIMIT,DRPRESENT,PARALCOHOL,ALCTEST,ALCTESTRESULT,ALCTESTSRC,PARDRUG,DRUGTEST,ZIP,RACE,ETHNICITY,RELTOJUNCT,TRAFFLOW,RDLANES,INITLANE,SURFTYPE,SURFCOND,ALIGNMENT,PROFILE,LINERIGHT,LINELEFT,RUMBINIT,RUMBROAD,LIGHTCOND,WEATHER,TRAFDEV,TRAFFUNCT,DISTRACT,PREFHE,PREMOVE,CRITCAT,CRITEVENT,MANEUVER,PRESTAB,PRELOC,CRASHCAT,CRASHCONF,CRASHTYPE,ROLLTYPE,ROLLTURN,ROLLINTRPT,ROLLPREMAN,ROLLINITYP,ROLLINLOC,ROLLOBJ,ROLLTRIP,ROLLDIR,ROLLDIST,DVANGTHIS,DVANGOTH,TOWHITCH,TRAJDOC,TREEPOLE,DVEVENT,DVBASIS,DVTOTAL,DVLONG,DVLAT,DVENERGY,DVSPEED,DVMOMENT,DVBES,DVEST,DVCONF,VAIS,VISS,VINJSEV,VINJURED,VTREAT,INITOBJCLASS,HEADANGLECAT,SHLDRWIDTH,STRKLENGTH,STRKWIDTH,STRKHEIGHT,EDGEDISTX,EDGEDISTY,EDGEDISTZ,CASEWGT,PSUSTRAT,VERSION
30731,23,66,1-23-2023-066-06,6,1,1FMCU0G92HUB,17,460,1798,7,0,12,402,2017,14,3,14,0,1,F,9,1611,5,9999,9,0,998,2,89,1,0,0,995,0,0,0,44833,1,2,0,4,2,1,2,1,1,1,1,4,0,0,1,8,0,0,1,1,1,2,13,99,1,4,1,A,1,0,0,0,0,0,0,0,0,0,0,998,998,0,0,0,2,0,999,999,999,9999999,999,999,999,9,0,1,1,0,2,4,0,998,0.7,10,10,120,13.8,3.2,14.1,195.3973208,5,8
30732,18,57,1-18-2023-057-09,9,1,5TDKK3DC1BS1,17,448,2468,2,0,49,442,2011,20,4,20,0,1,L,1,1990,5,0,1,1,9,2,89,1,0,0,995,0,0,0,54701,1,9,2,4,2,1,2,1,1,1,1,4,0,0,1,1,0,0,1,0,11,2,15,99,1,1,4,J,72,0,0,0,0,0,0,0,0,0,0,60,95,0,1,0,1,5,999,999,999,9999999,999,999,9,1,0,9,97,0,1,99,0,995,9.8,998,998,998,99.8,99.8,99.8,1584.532496,6,8
30732,18,57,1-18-2023-057-09,9,2,1GCPKSE73CF1,17,467,1850,60,0,20,481,2012,34,5,31,0,1,R,1,2397,5,0,1,1,12,3,89,1,0,0,995,0,0,0,54728,1,9,2,4,2,1,2,1,1,9,1,4,0,0,1,1,0,0,1,1,6,4,61,99,1,2,4,J,73,0,0,0,0,0,0,0,0,0,0,95,60,1,1,0,1,5,999,999,999,9999999,999,999,999,1,0,1,2,0,2,4,0,995,0.9,14,23,18,7.5,4.4,8.7,1584.532496,6,8
30733,77,62,1-77-2023-062-02,2,1,1J4GW48S83C5,17,483,1949,7,0,2,404,2003,14,3,14,0,1,F,2,1800,5,0,1,1,3,2,72,1,0,0,995,0,0,0,22902,9,9,2,4,3,2,2,1,1,4,1,2,0,0,1,1,1,2,1,0,11,2,15,99,1,1,4,J,68,0,0,0,0,0,0,0,0,0,0,0,220,0,0,0,1,1,39,-34,-20,136028,998,-59,40,0,1,9,97,0,1,99,0,995,9.8,998,998,998,99.8,99.8,99.8,71.99682468,9,8
30733,77,62,1-77-2023-062-02,2,2,7FART6H50LE0,17,474,1865,7,0,37,402,2020,14,3,14,0,1,F,3,1655,8,0,1,1,3,2,72,1,0,1,0,2,0,0,22902,9,9,2,4,4,2,2,1,1,2,1,1,0,0,1,1,1,2,1,0,1,4,62,4,1,1,4,J,69,0,0,0,0,0,0,0,0,0,0,220,0,0,0,0,1,1,41,-41,7,119642,998,33,41,0,1,3,10,1,3,3,0,995,9.8,998,998,998,99.8,99.8,99.8,71.99682468,9,8
30733,77,62,1-77-2023-062-02,2,3,19XFB2F85DE0,17,474,1863,13,0,37,31,2013,4,1,3,0,1,F,9,1236,5,9999,9,0,998,5,56,1,0,0,995,0,0,0,22902,9,9,2,2,3,1,2,1,2,1,1,1,0,0,1,1,1,2,1,0,5,4,67,1,1,1,6,M,98,0,0,0,0,0,0,0,0,0,0,125,330,0,0,0,2,0,999,999,999,9999999,999,999,999,9,0,95,95,95,95,95,0,995,9.8,998,998,998,99.8,99.8,99.8,71.99682468,9,8
30735,77,64,1-77-2023-064-02,2,1,5YJYGDEF2LF0,17,441,27027,7,0,29,5,2020,14,3,14,0,1,L,2,2003,5,0,1,1,18,2,72,1,0,1,0,2,0,0,22911,1,2,2,4,4,2,2,1,1,2,3,2,0,0,1,1,2,2,1,0,11,2,15,11,1,1,4,K,82,0,0,0,0,0,0,0,0,0,0,190,300,0,0,0,1,3,35,-22,27,187238,998,-61,44,0,4,2,5,0,2,3,0,995,9.8,998,998,998,99.8,99.8,99.8,71.99682468,9,8
30735,77,64,1-77-2023-064-02,2,2,WVWDC21J21W0,17,482,3140,5,0,30,42,2001,3,1,1,0,1,F,3,1254,5,0,1,1,18,2,72,1,0,0,995,0,0,0,22959,9,9,2,5,6,2,2,1,1,4,1,3,0,0,1,1,0,0,1,1,1,4,67,3,1,2,4,K,83,0,0,0,0,0,0,0,0,0,0,300,190,0,0,0,1,3,53,-50,-18,113097,998,-60,41,0,4,3,9,1,2,3,0,995,9.8,998,998,998,99.8,99.8,99.8,71.99682468,9,8
30736,48,60,1-48-2023-060-05,5,1,3MYDLBYV1HY1,17,448,24949,13,0,49,51,2017,4,1,2,0,1,T,1,1095,5,0,1,1,11,2,129,1,0,0,995,0,0,0,84123,9,1,0,1,2,1,2,1,1,4,1,3,2,3,1,1,0,0,3,1,1,2,13,99,1,4,1,A,1,1,4,2,2,5,4,31,6,2,20,997,997,0,0,0,1,6,999,999,999,9999999,999,999,999,6,0,3,14,1,5,3,2,997,9.8,998,998,998,99.8,99.8,99.8,74.67626833,12,8
30737,48,61,1-48-2023-061-09,9,1,1FMCU9J91DUC,17,460,1798,7,0,12,402,2013,14,3,14,0,1,F,2,1693,5,0,1,1,8,2,89,1,0,0,995,0,0,0,28546,9,9,0,5,5,1,2,1,1,2,1,3,0,0,1,1,0,0,1,0,1,3,52,1,1,1,2,D,28,0,0,0,0,0,0,0,0,0,0,80,80,0,1,0,1,3,30,-30,0,32869,998,25,22,0,4,9,97,0,1,0,0,995,9.8,998,998,998,99.8,99.8,99.8,468.1303677,12,8
30737,48,61,1-48-2023-061-09,9,2,4S4BSAFC6K33,17,523,2233,7,0,48,45,2019,6,1,3,0,1,B,2,1614,5,9999,9,4,9,5,89,1,0,0,995,0,0,0,84339,9,9,0,5,5,1,2,1,1,2,1,3,0,0,1,1,0,0,1,0,2,3,53,1,1,1,2,D,29,0,0,0,0,0,0,0,0,0,0,80,80,0,1,0,1,3,32,32,0,94780,998,0,39,0,4,95,95,95,95,95,0,995,9.8,998,998,998,99.8,99.8,99.8,468.1303677,12,8
30738,48,62,1-48-2023-062-03,3,1,3C6TRVCG3KE5,17,496,13628,95,0,7,463,2019,21,4,21,0,1,F,2,2169,5,363,1,1,2,2,89,1,0,0,995,0,0,0,84404,9,9,0,1,2,2,2,1,1,9,3,2,0,0,1,1,0,0,3,0,1,3,50,2,1,1,2,D,20,0,0,0,0,0,0,0,0,0,0,255,265,0,0,0,1,1,26,-26,-5,65136,998,-73,23,0,4,9,97,0,1,0,0,995,9.8,998,998,998,99.8,99.8,99.8,74.78725036,12,8
30738,48,62,1-48-2023-062-03,3,2,JM3KFBBL2H01,17,473,2369,7,0,41,403,2017,14,3,14,0,1,B,2,1659,5,0,1,1,3,2,89,1,0,0,995,0,0,0,84302,1,2,0,1,2,2,2,1,1,9,3,2,0,0,1,1,0,0,1,0,5,3,53,1,1,1,2,D,21,0,0,0,0,0,0,0,0,0,0,265,255,0,0,0,1,1,38,38,0,122028,998,3,41,0,4,0,0,0,0,0,0,995,9.8,998,998,998,99.8,99.8,99.8,74.78725036,12,8
30738,48,62,1-48-2023-062-03,3,3,3GCPKTE77DG2,17,467,1850,60,0,20,481,2013,34,5,30,0,1,B,1,2397,5,46,8,1,4,2,89,1,0,0,995,0,0,0,84102,9,9,0,1,2,2,2,1,1,9,3,2,0,0,1,1,0,0,1,0,5,3,53,1,1,1,6,M,98,0,0,0,0,0,0,0,0,0,0,270,280,0,0,0,2,3,8,8,0,8630,998,-37,9,0,4,0,0,0,0,0,0,995,9.8,998,998,998,99.8,99.8,99.8,74.78725036,12,8
30738,48,62,1-48-2023-062-03,3,4,1N4AA5AP2CC8,17,478,2302,13,0,35,39,2012,4,1,4,0,1,B,1,1630,5,9999,9,4,13,5,89,1,0,0,995,0,0,0,84118,9,9,0,1,2,2,2,1,1,9,3,2,0,0,1,1,0,0,9,0,5,3,53,1,1,1,6,M,98,0,0,0,0,0,0,0,0,0,0,270,260,0,0,0,3,12,999,999,999,9999999,999,999,999,6,0,95,95,95,95,95,0,995,9.8,998,998,998,99.8,99.8,99.8,74.78725036,12,8
30739,54,54,1-54-2023-054-09,9,1,3FAHP0DC8AR1,17,460,1780,13,0,12,23,2010,4,1,3,0,1,T,2,1650,5,0,1,1,6,2,105,1,0,0,995,0,0,0,35633,1,2,0,1,2,2,2,1,1,1,3,2,1,3,2,8,0,0,3,1,1,2,12,99,1,4,1,B,6,1,10,2,2,1,4,61,1,1,50,997,997,0,1,0,2,6,999,999,999,9999999,999,999,999,7,0,1,2,0,1,4,3,997,1.1,120,120,-80,58.5,2.0,58.6,295.238326,9,8
30740,54,55,1-54-2023-055-03,3,1,2HSFTASR3YC0,17,526,9538,66,0,84,881,2000,66,8,67,0,1,F,9,,,,,,,5,72,1,0,0,995,0,0,0,35565,9,9,2,1,2,2,2,1,1,4,3,2,1,3,1,1,0,0,9,0,1,3,51,3,2,1,2,D,24,,,,,,,,,,,,,,,,,,,,,,,,,,,95,95,95,95,95,,,9.8,998,998,998,99.8,99.8,99.8,129.9078908,9,8
30740,54,55,1-54-2023-055-03,3,2,KL8CB6SA0LC4,17,467,1836,5,0,20,29,2020,5,1,1,0,1,B,1,1019,5,0,1,1,24,2,72,1,0,0,995,0,0,0,35565,1,2,2,1,2,2,2,1,1,4,3,2,1,3,1,1,0,0,1,0,1,3,53,1,1,1,2,D,26,0,0,0,0,0,0,0,0,0,0,150,175,0,1,0,1,5,999,999,999,9999999,999,999,19,2,0,1,1,0,1,4,0,995,9.8,998,998,998,99.8,99.8,99.8,129.9078908,9,8
30741,54,56,1-54-2023-056-07,7,1,1C6RR6FG9JS3,17,496,13620,60,0,7,482,2018,34,5,31,0,1,R,2,2225,5,0,1,1,4,2,89,1,8,0,995,0,7,0,35581,1,2,4,4,2,1,2,1,1,1,0,0,0,0,1,8,0,0,2,0,11,2,15,1,1,1,4,K,76,0,0,0,0,0,0,0,0,0,0,310,250,0,0,0,1,5,999,999,999,9999999,999,999,999,7,0,0,0,0,0,0,0,995,9.8,998,998,998,99.8,99.8,99.8,398.8116139,9,8
30741,54,56,1-54-2023-056-07,7,2,3D73Y4CL1AG1,17,476,1938,60,0,7,880,2010,67,8,60,0,1,L,9,,,,,,,5,89,1,8,0,995,0,7,0,35654,9,9,4,1,3,3,2,1,1,1,3,2,1,1,1,8,0,0,9,0,1,4,74,1,1,1,4,K,77,,,,,,,,,,,,,,,,,,,,,,,,,,,95,95,95,95,95,,,9.8,998,998,998,99.8,99.8,99.8,398.8116139,9,8
30742,59,86,1-59-2023-086-04,4,1,5XYPGDA55KG4,17,499,2769,7,0,63,402,2019,14,3,14,0,1,L,1,1860,5,0,1,1,4,2,40,1,0,0,995,0,0,0,47802,9,9,2,4,2,1,2,1,1,1,0,0,0,0,1,1,2,2,2,0,11,2,17,1,1,1,4,K,82,0,0,0,0,0,0,0,0,0,0,90,140,0,0,0,1,5,999,999,999,9999999,999,999,4,1,0,99,99,0,0,5,0,995,9.8,998,998,998,99.8,99.8,99.8,251.2468653,6,8
30742,59,86,1-59-2023-086-04,4,2,1C3CDZAG1DN7,17,476,1892,13,0,7,26,2013,4,1,3,0,1,F,9,1636,5,9999,9,0,998,2,64,1,0,0,995,0,0,0,47804,1,9,2,1,4,2,2,1,1,1,1,3,0,0,1,1,0,0,9,0,1,4,67,1,1,1,4,K,83,0,0,0,0,0,0,0,0,0,0,140,90,0,0,0,1,0,999,999,999,9999999,999,999,999,9,0,0,0,0,0,4,0,995,9.8,998,998,998,99.8,99.8,99.8,251.2468653,6,8
30743,59,87,1-59-2023-087-03,3,1,1FTFW1EF6EFA,17,460,1801,60,0,12,481,2014,34,5,31,0,1,9,9,2574,5,9999,9,0,998,5,48,1,0,0,995,0,0,0,47885,9,9,2,4,4,2,2,1,1,1,3,2,0,0,1,1,0,0,2,1,11,2,15,99,1,2,4,J,68,0,0,0,0,0,0,0,0,0,0,10,275,0,0,0,1,0,999,999,999,9999999,999,999,999,9,0,95,95,95,95,95,0,995,9.8,998,998,998,99.8,99.8,99.8,72.95450067,6,8
30743,59,87,1-59-2023-087-03,3,2,2C4RC1GG7LR1,17,477,3628,2,0,6,443,2020,20,4,20,0,1,F,2,1964,5,0,1,1,4,2,48,1,0,0,995,0,0,0,47804,9,9,2,4,4,1,2,1,1,1,0,3,0,0,1,1,0,0,9,0,1,4,62,2,1,1,4,J,69,0,0,0,0,0,0,0,0,0,0,275,10,0,0,0,1,12,999,999,999,9999999,999,999,999,7,0,1,1,0,2,4,0,995,9.8,998,998,998,99.8,99.8,99.8,72.95450067,6,8
30745,59,89,1-59-2023-089-10,10,1,1FTYR10C8WPA,17,460,1803,60,0,12,471,1998,34,5,30,0,1,T,1,1347,5,0,1,1,6,2,89,1,0,0,995,0,0,0,47842,9,9,0,4,2,1,2,1,1,1,1,4,0,0,1,8,0,0,9,1,6,1,8,8,3,4,1,A,2,1,5,2,2,1,4,61,1,2,21,997,997,0,1,0,1,6,999,999,999,9999999,999,999,999,6,0,0,0,0,0,0,3,997,9.8,998,998,998,99.8,99.8,99.8,2116.13579,6,8
30746,12,67,1-12-2023-067-06,6,1,3GCEC13C77G5,17,467,1850,60,0,20,481,2007,34,5,30,0,1,B,1,2262,5,9999,9,0,998,5,89,1,0,0,995,0,0,0,73458,9,9,2,1,2,2,2,1,1,1,3,2,0,0,1,8,0,0,1,0,5,3,53,99,1,1,2,D,32,0,0,0,0,0,0,0,0,0,0,100,100,0,0,0,1,3,12,12,0,20910,998,0,15,0,4,95,95,95,95,95,0,995,9.8,998,998,998,99.8,99.8,99.8,519.4439355,9,8
30746,12,67,1-12-2023-067-06,6,2,KMHDH4AE6GU5,17,498,2735,13,0,55,35,2016,4,1,3,0,1,F,1,1305,5,0,1,1,7,2,89,1,0,0,995,0,0,0,73443,2,2,2,1,2,2,2,1,1,1,3,1,0,0,1,8,0,0,1,0,15,3,50,99,1,1,2,D,32,0,0,0,0,0,0,0,0,0,0,100,100,0,0,0,1,3,20,-20,0,11560,998,0,15,0,4,1,2,0,1,4,0,995,9.8,998,998,998,99.8,99.8,99.8,519.4439355,9,8
30747,33,49,1-33-2023-049-07,7,1,2C3CDZDJ6FH8,17,476,1893,3,0,7,28,2015,2,1,5,0,1,F,1,1891,5,0,1,1,46,2,40,1,0,0,995,0,0,0,95965,1,2,0,4,2,1,2,1,1,1,0,0,0,0,1,1,0,0,1,1,3,1,8,4,2,4,1,C,11,0,0,0,0,0,0,0,0,0,0,998,998,0,0,1,3,1,23,-23,0,42444,998,2,23,0,1,0,0,0,0,0,0,998,0.0,999,999,999,0.0,0.0,0.0,1184.743755,12,8
30747,33,49,1-33-2023-049-07,7,2,1FAFP34Z13W2,17,460,1779,13,0,12,37,2003,4,1,2,0,2,F,9,1163,5,9999,9,0,998,,,,,,,,,,,,,,,,,,,,,,,,,,,,,,,,,,,,,,,,,,,,,,,,,,,,,,,,,,,,,,,,,,95,95,95,95,95,,,,,,,,,,1184.743755,12,8
30748,17,97,1-17-2023-097-06,6,1,5N1AA08CX8N6,17,478,1915,7,0,35,421,2008,15,3,15,0,1,F,1,2652,5,9999,9,0,998,2,72,1,0,0,995,0,0,0,61264,9,9,1,4,2,1,2,1,1,1,1,4,0,0,1,1,0,0,9,1,6,2,10,99,1,2,3,G,52,0,0,0,0,0,0,0,0,0,0,270,80,0,0,0,1,3,19,-19,0,42332,998,0,19,0,4,1,1,0,1,6,0,995,9.8,998,998,998,99.8,99.8,99.8,133.0821445,4,8
30748,17,97,1-17-2023-097-06,6,2,1FATP8FF2H52,17,460,1781,1,0,12,3,2017,1,1,3,0,1,F,2,1765,5,0,1,1,30,2,72,1,0,0,995,0,0,0,61265,1,2,1,4,2,1,2,1,1,1,1,4,0,0,1,1,0,0,1,0,1,3,54,2,2,1,3,G,52,0,0,0,0,0,0,0,0,0,0,80,270,0,0,0,1,3,30,-30,-5,68810,998,-36,30,0,4,1,1,0,1,4,0,995,9.8,998,998,998,99.8,99.8,99.8,133.0821445,4,8
30749,17,98,1-17-2023-098-06,6,1,5TDJKRFH0FS1,17,448,2213,7,0,49,403,2015,14,3,14,0,1,L,1,1995,5,0,1,1,11,2,48,1,0,0,995,0,0,0,61265,1,9,2,4,2,1,1,1,1,1,0,0,0,0,1,1,1,2,9,0,11,2,15,4,1,1,4,K,82,0,0,0,0,0,0,0,0,0,0,30,195,0,0,0,1,1,15,-14,5,24537,998,-110,14,0,1,0,0,0,0,0,0,995,9.8,998,998,998,99.8,99.8,99.8,133.0821445,4,8
30749,17,98,1-17-2023-098-06,6,2,JTMBFREV6JJ2,17,448,2217,7,0,49,402,2018,14,3,14,0,1,F,1,1610,5,0,1,1,10,2,48,1,0,0,995,0,0,0,52753,1,2,2,4,3,1,1,1,1,1,0,1,0,0,1,1,1,2,1,0,1,4,67,4,1,1,4,K,83,0,0,0,0,0,0,0,0,0,0,195,30,0,0,0,1,1,19,-18,3,25913,998,-12,20,0,1,0,0,0,0,0,0,995,9.8,998,998,998,99.8,99.8,99.8,133.0821445,4,8
30750,17,99,1-17-2023-099-03,3,1,1N4BL4CV7PN3,17,478,1904,13,0,35,47,2023,4,1,4,0,1,L,1,1558,5,0,1,3,7,2,48,1,0,0,995,0,0,0,61265,1,2,2,4,3,1,2,1,1,1,0,1,0,0,1,1,1,2,2,0,10,2,16,2,1,1,4,K,78,0,0,0,0,0,0,0,0,0,0,50,85,0,0,0,1,3,8,6,5,3261,998,51,7,0,4,1,1,0,1,0,0,995,9.8,998,998,998,99.8,99.8,99.8,61.17374573,4,8
30750,17,99,1-17-2023-099-03,3,2,1FM5K7D8XGGA,17,460,1800,7,0,12,401,2016,14,3,14,0,1,R,1,2067,5,0,1,1,7,2,48,1,0,0,995,0,0,0,61265,2,9,2,4,5,2,2,1,1,1,3,1,0,0,1,1,1,2,9,0,1,4,65,4,1,1,4,K,79,0,0,0,0,0,0,0,0,0,0,85,50,0,0,0,1,3,6,-6,-1,4477,998,65,7,0,4,0,0,0,0,0,0,995,9.8,998,998,998,99.8,99.8,99.8,61.17374573,4,8
30751,17,100,1-17-2023-100-03,3,1,3VV2B7AX5JM2,17,482,8151,7,0,30,402,2018,14,3,14,0,1,F,1,1749,5,0,1,1,6,2,48,1,0,0,995,0,0,0,61265,1,2,2,4,3,2,1,1,1,1,1,2,0,0,1,1,1,2,2,0,11,2,15,4,2,1,4,J,68,0,0,0,0,0,0,0,0,0,0,150,0,0,0,0,1,1,23,-23,-4,64408,998,-35,29,0,1,0,0,0,0,4,0,995,9.8,998,998,998,99.8,99.8,99.8,61.17374573,4,8
30751,17,100,1-17-2023-100-03,3,2,5XYK6CAF2PG0,17,499,2770,7,0,63,401,2023,14,3,14,0,1,F,2,1607,5,0,1,1,5,2,48,1,0,0,995,0,0,0,61265,9,9,2,4,3,1,1,1,1,1,0,1,0,0,1,1,1,2,9,0,1,4,62,99,1,1,4,J,69,0,0,0,0,0,0,0,0,0,0,0,150,0,0,0,1,1,26,-24,9,22896,998,44,18,0,1,99,99,0,0,0,0,995,9.8,998,998,998,99.8,99.8,99.8,61.17374573,4,8
30752,19,100,1-19-2023-100-06,6,1,1G1ZC5EU4CF1,17,467,1834,13,0,20,37,2012,4,1,4,0,1,F,1,1551,5,0,1,1,8,2,72,1,0,0,995,0,0,0,35954,1,9,2,4,2,1,2,1,1,1,1,2,0,0,1,1,0,0,9,1,1,2,10,2,1,2,3,I,64,0,0,0,0,0,0,0,0,0,0,230,60,0,1,0,1,3,9,-8,1,3240,998,-33,7,0,4,3,27,1,1,3,0,995,9.8,998,998,998,99.8,99.8,99.8,198.8265021,9,8
30752,19,100,1-19-2023-100-06,6,2,1C3CCCAB8GN1,17,477,2053,13,0,6,18,2016,4,1,3,0,1,L,1,1575,5,0,1,1,7,2,72,1,0,0,995,0,0,0,35972,1,2,2,4,2,1,2,1,1,1,1,2,0,0,1,1,0,0,1,0,1,4,62,4,1,1,3,I,65,0,0,0,0,0,0,0,0,0,0,60,230,0,1,0,1,3,8,-8,3,7548,998,-91,9,0,4,2,5,0,2,4,0,995,9.8,998,998,998,99.8,99.8,99.8,198.8265021,9,8
30753,19,101,1-19-2023-101-03,3,1,5J6RW2H81NA0,17,474,1865,7,0,37,402,2022,14,3,14,0,1,T,3,1580,5,0,1,1,5,2,56,1,0,0,995,0,0,0,35976,1,2,1,3,2,2,2,1,1,1,1,2,0,0,1,1,1,2,1,0,11,2,15,1,1,1,4,K,76,1,1,1,1,1,4,63,1,2,8,996,996,0,1,1,4,7,999,999,999,9999999,999,999,999,8,0,2,4,0,1,4,3,996,0.0,30,70,10,0.0,0.0,0.0,59.2622748,9,8
30753,19,101,1-19-2023-101-03,3,2,2MEFM74W25X6,17,465,1792,13,0,14,6,2005,4,1,5,0,1,F,2,1838,5,0,1,1,4,2,56,1,0,0,995,0,0,0,35905,1,9,1,1,2,2,2,1,1,1,3,2,0,0,1,1,1,2,9,0,1,4,65,2,1,1,4,K,77,0,0,0,0,0,0,0,0,0,0,270,330,0,1,0,1,1,28,-21,18,151322,998,139,33,0,4,0,0,0,0,0,0,995,0.5,5,9,999,5.0,2.5,5.6,59.2622748,9,8
30754,19,102,1-19-2023-102-08,8,1,1GNDM19W71B1,17,467,8882,9,0,20,441,2001,20,4,20,0,1,F,2,1993,5,0,1,1,9,2,72,1,0,0,995,0,1,2,35904,1,9,0,1,2,1,2,1,3,1,1,3,0,0,3,1,0,0,9,1,14,2,13,99,2,4,1,A,1,0,0,0,0,0,0,0,0,0,0,998,998,0,1,0,1,1,29,-29,0,72901,998,0,29,0,1,3,12,1,3,3,0,998,3.0,120,120,-8,61.3,5.3,61.7,61.10042283,9,8
30755,19,103,1-19-2023-103-07,7,1,KNAFX4A67F53,17,499,2462,13,0,63,38,2015,4,1,3,0,1,F,1,1272,5,0,1,1,5,2,56,1,0,0,995,0,0,0,35904,1,9,0,1,4,1,2,1,3,1,1,3,0,0,1,1,0,0,2,1,15,2,10,99,1,2,2,E,38,0,0,0,0,0,0,0,0,0,0,100,110,0,0,0,1,3,22,-21,-4,19724,998,-64,18,0,4,0,0,0,0,0,0,995,9.8,998,998,998,99.8,99.8,99.8,609.8457345,9,8
30755,19,103,1-19-2023-103-07,7,2,1FTER4FH3PLE,17,460,1803,60,0,12,471,2023,34,5,31,0,1,B,1,2014,5,9999,9,0,998,5,56,1,0,0,995,0,0,0,36201,9,9,0,1,4,2,2,1,3,1,3,3,0,0,1,1,0,0,9,0,5,4,61,99,1,1,2,E,39,0,0,0,0,0,0,0,0,0,0,110,100,0,0,0,1,3,14,14,0,26452,998,-30,18,0,4,95,95,95,95,95,0,995,9.8,998,998,998,99.8,99.8,99.8,609.8457345,9,8
30756,20,70,1-20-2023-070-02,2,1,5YJ3E1ECXLF6,17,441,17834,13,0,29,5,2020,4,1,4,0,1,F,1,1847,5,0,1,1,16,2,89,1,1,8,997,8,0,0,95020,9,1,2,4,2,1,2,1,3,2,1,2,0,0,2,1,2,2,9,0,14,2,14,99,2,4,1,C,14,0,0,0,0,0,0,0,0,0,0,998,998,0,0,0,1,1,20,-20,3,33451,998,39,20,0,4,9,97,0,2,8,0,998,1.7,120,120,98,1.5,0.5,1.6,28.16135447,11,8
30758,20,72,1-20-2023-072-01,1,1,WDBAB93AXEF0,17,449,14014,15,0,42,31,1984,6,1,4,0,1,F,2,1700,5,9999,9,4,98,2,105,1,0,1,0,4,0,1,93901,3,9,0,2,3,2,1,1,1,9,3,3,0,3,2,1,0,0,9,1,1,2,12,99,9,4,1,B,6,0,0,0,0,0,0,0,0,0,0,998,998,0,0,0,1,12,999,999,999,9999999,999,999,999,7,0,9,97,1,1,1,0,998,4.6,999,999,999,0.0,0.0,0.0,42.13178185,11,8
30759,11,52,1-11-2023-052-04,4,1,KNDJ23AU1L70,17,499,2460,7,0,63,37,2020,6,1,2,0,1,F,1,1290,5,0,1,4,35,2,40,1,0,0,995,0,0,0,23237,9,9,2,4,2,1,2,1,1,9,0,0,0,0,1,1,2,2,1,0,1,2,17,99,1,1,5,L,88,0,0,0,0,0,0,0,0,0,0,345,255,0,0,0,1,5,999,999,999,9999999,999,999,999,6,0,0,0,0,0,0,0,995,9.8,998,998,998,99.8,99.8,99.8,1469.865543,8,8
30759,11,52,1-11-2023-052-04,4,2,1FT8W3BT7BEC,17,460,1806,60,0,12,880,2011,67,8,60,0,1,L,9,,,,,,,5,40,1,0,0,995,0,0,0,23234,9,9,2,4,2,1,2,1,1,9,0,1,0,0,1,1,0,0,1,0,1,4,66,99,1,1,5,L,89,,,,,,,,,,,,,,,,,,,,,,,,,,,95,95,95,95,95,,,9.8,998,998,998,99.8,99.8,99.8,1469.865543,8,8
30760,11,53,1-11-2023-053-03,3,1,2C4RC1S70NR1,17,477,3628,2,0,6,443,2022,20,4,20,0,1,L,1,2242,5,0,1,1,17,2,89,1,0,1,0,2,0,1,29150,2,2,0,5,5,1,2,1,3,9,1,3,0,0,1,1,0,0,1,0,12,2,21,99,1,1,6,M,98,0,0,0,0,0,0,0,0,0,0,250,345,0,0,0,1,3,8,-4,7,19437,998,-129,10,0,4,3,13,2,5,3,0,995,9.8,998,998,998,99.8,99.8,99.8,353.3719921,8,8
30760,11,53,1-11-2023-053-03,3,2,1HGCP2F86BA1,17,474,1861,13,0,37,32,2011,4,1,4,0,1,F,1,1523,5,9999,9,0,998,2,89,1,0,0,995,0,0,0,23836,9,9,0,5,3,2,2,1,3,9,3,2,0,0,1,1,0,0,1,0,14,4,64,99,1,1,6,M,98,0,0,0,0,0,0,0,0,0,0,345,250,0,0,0,1,3,14,-13,-5,8747,998,-71,11,0,4,9,97,0,1,0,0,995,9.8,998,998,998,99.8,99.8,99.8,353.3719921,8,8
30761,24,79,1-24-2023-079-03,3,1,1HGCP2F83CA0,17,474,1861,13,0,37,32,2012,4,1,4,0,1,F,1,1523,5,0,1,1,28,2,64,1,0,0,995,0,0,0,08234,9,9,2,4,3,2,2,1,1,1,1,2,0,0,3,1,1,2,2,0,11,2,15,99,1,1,4,J,68,0,0,0,0,0,0,0,0,0,0,30,230,0,0,0,1,3,24,-24,-4,47222,998,-34,27,0,4,0,0,0,0,0,0,995,9.8,998,998,998,99.8,99.8,99.8,246.0381348,1,8
30761,24,79,1-24-2023-079-03,3,2,1HGCV3F17KA0,17,474,1861,13,0,37,32,2019,4,1,4,0,1,F,1,1524,5,0,1,4,15,2,64,1,0,0,995,0,0,0,08234,3,2,2,4,3,1,2,1,1,1,1,2,0,0,3,1,1,2,1,0,1,4,62,3,2,1,4,J,69,0,0,0,0,0,0,0,0,0,0,230,30,0,0,0,1,3,24,-24,4,30168,998,35,21,0,4,2,4,0,1,4,0,995,9.8,998,998,998,99.8,99.8,99.8,246.0381348,1,8