CASEID,PSU,CASENO,CASENUMBER,CATEGORY,VEHNO,VIN,VINLENGTH,VPICMAKE,VPICMODEL,VPICBODYCLASS,ICFINALBODY,MAKE,MODEL,MODELYR,BODYTYPE,BODYCAT,VEHCLASS,SPECUSE,TRANSTAT,DAMPLANE,DAMSEV,CURBWT,CURBSRC,CARGOWT,CARGOSRC,INSPTYPE,INSPLAG,TOWED,SPEEDLIMIT,DRPRESENT,PARALCOHOL,ALCTEST,ALCTESTRESULT,ALCTESTSRC,PARDRUG,DRUGTEST,ZIP,RACE,ETHNICITY,RELTOJUNCT,TRAFFLOW,RDLANES,INITLANE,SURFTYPE,SURFCOND,ALIGNMENT,PROFILE,LINERIGHT,LINELEFT,RUMBINIT,RUMBROAD,LIGHTCOND,WEATHER,TRAFDEV,TRAFFUNCT,DISTRACT,PREFHE,PREMOVE,CRITCAT,CRITEVENT,MANEUVER,PRESTAB,PRELOC,CRASHCAT,CRASHCONF,CRASHTYPE,ROLLTYPE,ROLLTURN,ROLLINTRPT,ROLLPREMAN,ROLLINITYP,ROLLINLOC,ROLLOBJ,ROLLTRIP,ROLLDIR,ROLLDIST,DVANGTHIS,DVANGOTH,TOWHITCH,TRAJDOC,TREEPOLE,DVEVENT,DVBASIS,DVTOTAL,DVLONG,DVLAT,DVENERGY,DVSPEED,DVMOMENT,DVBES,DVEST,DVCONF,VAIS,VISS,VINJSEV,VINJURED,VTREAT,INITOBJCLASS,HEADANGLECAT,SHLDRWIDTH,STRKLENGTH,STRKWIDTH,STRKHEIGHT,EDGEDISTX,EDGEDISTY,EDGEDISTZ,CASEWGT,PSUSTRAT,VERSION
30796,66,52,1-66-2023-052-04,4,1,KL7CJKSB9MB3,17,467,10988,7,0,20,406,2021,14,3,14,0,1,R,1,1382,5,0,1,1,23,2,97,1,0,0,995,0,7,0,65708,9,9,2,5,3,1,2,1,1,1,1,1,0,0,1,1,0,0,3,1,1,2,13,1,1,4,1,A,1,1,4,2,2,2,4,60,4,1,54,997,997,0,0,0,3,6,999,999,999,9999999,999,999,999,6,0,99,99,0,0,0,3,997,0.8,40,40,-30,40.1,3.3,40.5,276.8510293,6,8
30797,66,53,1-66-2023-053-06,6,1,1G1ND52T5XY1,17,467,1834,13,0,20,37,1999,4,1,3,0,1,F,2,1384,5,0,1,1,13,2,89,1,0,1,0,2,0,0,65756,9,9,2,4,2,1,2,1,1,1,0,0,0,0,1,1,2,2,9,0,1,2,17,99,1,1,5,L,88,0,0,0,0,0,0,0,0,0,0,90,20,0,0,0,1,1,34,-22,-26,104972,998,-140,31,0,4,3,10,1,1,4,0,995,9.8,998,998,998,99.8,99.8,99.8,249.9290251,6,8
30797,66,53,1-66-2023-053-06,6,2,3C6UR5NL8EG2,17,496,13621,60,0,7,482,2014,34,5,31,0,1,L,1,3211,5,9999,9,1,14,2,80,1,0,0,995,0,0,0,64867,1,2,2,4,2,1,2,1,1,1,1,2,0,0,1,1,0,0,1,0,1,4,66,8,1,1,5,L,89,1,2,2,2,1,4,61,1,2,12,20,90,0,0,0,1,1,15,-7,13,46168,998,19,19,0,4,1,1,0,3,4,3,995,9.8,998,998,998,99.8,99.8,99.8,249.9290251,6,8
30799,76,63,1-76-2023-063-03,3,1,5N1DR2MM2HC6,17,478,1911,7,0,35,401,2017,14,3,14,0,1,T,2,2119,5,0,1,1,19,2,89,1,8,9,998,8,7,9,10471,9,9,0,2,2,1,2,2,1,1,1,3,2,3,1,2,0,0,9,1,1,1,8,98,3,4,6,M,0,1,2,2,2,1,4,61,1,2,10,997,997,1,0,0,2,5,999,999,999,9999999,999,999,999,7,0,9,97,0,1,8,3,997,9.8,998,998,998,99.8,99.8,99.8,81.18501097,3,8
30800,22,55,1-22-2023-055-03,3,1,5TDJZRBH9MS1,17,448,2213,7,0,49,403,2021,14,3,14,0,1,L,2,1950,5,0,1,1,58,2,105,1,0,0,995,0,0,0,83835,5,2,0,1,2,1,2,6,1,1,1,3,2,2,1,98,0,0,1,1,1,1,5,3,4,4,1,A,2,1,4,2,2,1,4,61,1,1,15,997,997,0,0,0,1,6,999,999,999,9999999,999,999,999,7,0,1,1,0,3,5,3,997,9.8,998,998,998,99.8,99.8,99.8,184.1862927,12,8
30801,26,79,1-26-2023-079-03,3,1,5XYKTCA19BG0,17,499,2769,7,0,63,402,2011,14,3,14,0,1,F,1,1837,5,9999,9,4,18,2,89,1,0,0,995,0,0,0,95776,9,1,1,2,4,1,1,1,2,9,1,3,0,0,1,1,0,0,2,1,15,2,10,99,1,2,2,F,47,0,0,0,0,0,0,0,0,0,0,305,300,0,0,0,3,3,11,-10,-4,7835,998,-10,10,0,4,0,0,0,0,0,0,995,9.8,998,998,998,99.8,99.8,99.8,403.7080467,10,8
30801,26,79,1-26-2023-079-03,3,2,4S4WMARD3N34,17,523,24836,7,0,48,421,2022,15,3,15,0,1,T,1,2051,5,0,1,1,12,2,89,1,0,0,995,0,0,0,95207,9,1,1,2,4,2,1,1,2,9,3,3,0,0,1,1,0,0,1,0,14,4,61,99,9,1,2,F,45,1,2,2,5,7,1,1,2,2,13,997,997,0,0,0,2,6,999,999,999,9999999,999,999,999,6,0,1,2,0,1,4,1,997,9.8,998,998,998,99.8,99.8,99.8,403.7080467,10,8
30801,26,79,1-26-2023-079-03,3,3,JTEZU14R9500,17,448,2216,7,0,49,401,2005,14,3,14,0,1,B,1,1940,5,0,1,2,20,5,89,1,0,0,995,0,0,0,94591,9,9,1,2,4,1,1,1,2,9,1,3,0,0,1,1,0,0,1,0,14,4,60,1,1,1,6,M,98,0,0,0,0,0,0,0,0,0,0,300,305,0,0,0,3,3,10,10,4,9031,998,-41,11,0,4,95,95,95,95,95,0,995,9.8,998,998,998,99.8,99.8,99.8,403.7080467,10,8
30803,21,68,1-21-2023-068-05,5,1,4T1BF1FK4EU8,17,448,2469,13,0,49,40,2014,4,1,3,0,1,F,2,1441,5,0,1,1,10,2,105,1,1,8,997,8,0,0,92373,1,9,0,2,4,1,1,1,1,1,1,3,0,0,3,1,0,0,3,1,1,2,13,1,1,4,1,A,1,0,0,0,0,0,0,0,0,0,0,998,998,0,0,0,1,98,999,999,999,9999999,999,999,999,7,0,1,1,0,1,6,0,998,8.5,999,999,999,24.0,1.0,24.5,49.82565081,11,8
30804,21,69,1-21-2023-069-04,4,1,2T3BFREV7HW5,17,448,2217,7,0,49,402,2017,14,3,14,0,1,F,1,1610,5,9999,9,0,998,5,113,1,0,0,995,0,0,0,89011,9,9,0,2,2,2,2,1,1,9,1,2,0,3,1,1,0,0,2,1,15,2,11,1,1,2,2,F,46,0,0,0,0,0,0,0,0,0,0,270,250,0,0,0,1,3,6,-5,-3,1518,998,-64,4,0,4,95,95,95,95,95,0,995,9.8,998,998,998,99.8,99.8,99.8,3026.552056,11,8
30804,21,69,1-21-2023-069-04,4,2,5XXG64J20NG1,17,499,27527,13,0,63,398,2022,4,1,4,0,1,T,1,1567,5,0,1,1,3,2,113,1,0,0,995,0,0,0,89032,2,2,0,2,2,1,2,1,1,9,1,3,2,3,1,1,0,0,1,0,1,4,60,1,1,1,2,F,45,1,3,1,2,1,3,61,1,1,999,997,997,0,0,0,3,6,999,999,999,9999999,999,999,999,6,0,0,0,0,0,0,3,997,4.7,999,999,999,0.0,0.0,0.0,3026.552056,11,8
30805,30,80,1-30-2023-080-04,4,1,5YFBU4EE9DP2,17,448,2208,13,0,49,32,2013,4,1,2,99,1,F,1,1260,5,9999,9,0,998,2,64,1,0,0,995,0,0,0,85302,9,9,2,1,4,2,2,1,1,1,1,3,0,0,1,1,1,2,9,0,1,2,17,99,1,1,4,K,83,0,0,0,0,0,0,0,0,0,0,270,180,0,1,0,1,3,10,-9,-3,2906,998,-68,7,0,4,99,99,0,0,0,0,995,9.8,998,998,998,99.8,99.8,99.8,1348.122269,10,8
30805,30,80,1-30-2023-080-04,4,2,1GCRYEED7LZ2,17,467,1850,60,0,20,481,2020,34,5,31,0,1,L,1,2184,5,0,1,1,7,2,64,1,0,0,995,0,0,0,85345,9,9,2,1,4,4,2,1,1,1,1,0,0,0,1,1,1,2,9,0,11,4,66,2,1,1,4,K,82,0,0,0,0,0,0,0,0,0,0,180,270,0,1,0,1,3,6,-2,5,7615,998,140,7,0,4,0,0,0,0,0,0,995,9.8,998,998,998,99.8,99.8,99.8,1348.122269,10,8
30807,30,82,1-30-2023-082-03,3,1,3D73M4EL5BG6,17,476,1938,60,0,7,880,2011,67,8,60,0,1,F,9,,,,,,,2,105,1,0,0,995,0,0,0,85345,9,9,0,2,5,5,2,1,2,9,1,2,0,0,3,1,0,0,1,0,14,3,50,99,1,1,2,D,20,,,,,,,,,,,,,,,,,,,,,,,,,,,95,95,95,95,95,,,9.8,998,998,998,99.8,99.8,99.8,251.3912123,10,8
30807,30,82,1-30-2023-082-03,3,2,1N4BL4BV5LC2,17,478,1904,13,0,35,47,2020,4,1,4,0,1,B,3,1545,5,0,1,1,28,2,105,1,0,0,995,0,0,0,85326,9,9,0,2,5,98,2,1,2,9,2,0,0,0,3,1,0,0,1,1,5,3,53,99,1,7,2,D,21,0,0,0,0,0,0,0,0,0,0,100,90,0,0,0,1,5,999,999,999,9999999,999,999,62,5,0,1,1,0,1,4,0,995,4.1,999,999,999,0.0,0.0,0.0,251.3912123,10,8
30807,30,82,1-30-2023-082-03,3,3,1FALP45T5SF1,17,460,1781,1,0,12,3,1995,1,1,2,0,2,B,9,1620,5,9999,9,0,998,,,,,,,,,,,,,,,,,,,,,,,,,,,,,,,,,,,,,,,,,,,,,,,,,,,,,,,,,,,,,,,,,,95,95,95,95,95,,,,,,,,,,251.3912123,10,8
30808,15,135,1-15-2023-135-08,8,1,1ZVHT80N0851,17,460,1781,3,0,12,3,2008,2,1,3,0,1,R,2,1516,5,0,1,1,24,2,32,1,8,9,998,8,7,9,11793,9,9,2,4,7,4,2,1,1,1,1,1,0,0,3,1,1,2,9,0,11,2,15,99,1,1,4,J,68,0,0,0,0,0,0,0,0,0,0,320,220,0,0,0,1,98,999,999,999,9999999,999,999,999,7,0,0,0,0,0,0,0,995,9.8,998,998,998,99.8,99.8,99.8,70.92558411,1,8
30808,15,135,1-15-2023-135-08,8,2,JTNBK46K3730,17,448,2469,13,0,49,40,2007,4,1,3,0,1,F,2,1490,5,0,1,1,24,2,32,1,8,9,998,8,7,9,11756,9,9,2,4,6,2,2,1,1,1,1,1,0,0,3,1,1,2,9,0,1,4,62,99,1,1,4,J,69,0,0,0,0,0,0,0,0,0,0,220,320,0,0,0,1,98,999,999,999,9999999,999,999,999,7,0,1,2,0,1,4,0,995,9.8,998,998,998,99.8,99.8,99.8,70.92558411,1,8
30809,15,136,1-15-2023-136-03,3,1,5UX53DP09P9P,17,452,1719,7,0,34,402,2023,14,3,14,0,1,B,9,1918,5,9999,9,0,998,5,48,1,8,9,998,8,7,9,11530,9,9,3,4,2,1,2,1,1,1,0,0,0,0,3,1,0,0,9,0,13,2,20,99,1,9,6,M,92,0,0,0,0,0,0,0,0,0,0,270,180,0,0,0,1,0,999,999,999,9999999,999,999,999,9,0,95,95,95,95,95,0,995,9.8,998,998,998,99.8,99.8,99.8,73.53516581,1,8
30809,15,136,1-15-2023-136-03,3,2,SHHFK7H4XMU4,17,474,1863,5,0,37,31,2021,5,1,3,0,1,F,2,1252,5,0,2,1,29,2,48,1,8,9,998,8,7,9,11762,1,2,3,4,2,1,2,1,1,1,1,2,0,0,3,1,0,0,9,0,1,4,71,3,1,1,6,M,93,0,0,0,0,0,0,0,0,0,0,180,270,0,0,0,1,98,999,999,999,9999999,999,999,999,7,0,0,0,0,0,0,0,995,9.8,998,998,998,99.8,99.8,99.8,73.53516581,1,8
30810,28,60,1-28-2023-060-07,7,1,ZARFAEEN8J75,17,493,10326,13,0,31,37,2018,4,1,4,0,1,T,2,1530,5,0,1,1,12,2,72,1,0,0,995,0,0,0,43220,3,2,0,4,2,1,2,1,3,2,1,2,0,0,1,1,0,0,9,1,14,2,13,98,3,4,1,A,2,1,9,2,2,1,4,61,1,2,21,997,997,0,0,0,1,6,999,999,999,9999999,999,999,999,7,0,0,0,0,0,0,3,997,9.8,998,998,998,99.8,99.8,99.8,44.13141895,3,8
30811,28,61,1-28-2023-061-09,9,1,1B3HB78K97D3,17,476,1896,5,0,7,25,2007,5,1,2,0,1,T,2,1501,5,0,1,1,11,2,56,1,0,0,995,0,0,0,16920,1,2,0,4,2,1,4,1,2,4,0,0,0,0,1,1,0,0,1,1,14,1,6,8,3,4,1,A,2,1,2,2,2,1,4,61,1,2,5,997,997,0,0,0,3,6,999,999,999,9999999,999,999,999,7,0,1,3,0,2,4,3,997,0.0,98,83,-15,0.3,0.7,0.8,47.6282045,3,8
30812,29,58,1-29-2023-058-06,6,1,JTDKB20U1770,17,448,2209,5,0,49,46,2007,5,1,3,0,1,F,9,1335,5,9999,9,0,998,2,72,1,8,0,995,0,7,0,11373,9,9,2,4,4,2,2,1,1,4,1,2,0,0,1,1,1,2,9,0,1,3,52,99,1,1,2,D,28,0,0,0,0,0,0,0,0,0,0,240,210,0,0,0,1,0,999,999,999,9999999,999,999,999,9,0,0,0,0,0,0,0,995,9.8,998,998,998,99.8,99.8,99.8,690.0103501,2,8
30812,29,58,1-29-2023-058-06,6,2,3N1AB7AP1GY2,17,478,1907,13,0,35,43,2016,4,1,3,0,1,B,2,1306,5,0,1,1,11,2,72,1,8,0,995,0,7,0,02135,9,9,2,4,4,2,2,1,1,4,1,2,0,0,1,1,1,2,1,0,2,3,53,1,1,1,2,D,30,0,0,0,0,0,0,0,0,0,0,210,240,0,0,0,1,12,999,999,999,9999999,999,999,999,7,0,99,99,0,0,8,0,995,9.8,998,998,998,99.8,99.8,99.8,690.0103501,2,8
30813,29,59,1-29-2023-059-04,4,1,3PCAJ5M34KF1,17,480,1899,8,0,58,44,2019,6,1,4,0,1,F,1,1744,5,0,1,1,23,2,24,1,0,0,995,0,7,0,02770,9,9,2,4,2,1,5,1,1,1,0,0,0,0,2,1,0,0,1,0,1,2,14,4,9,4,1,C,14,0,0,0,0,0,0,0,0,0,0,998,998,0,1,1,1,1,22,-19,11,49236,998,100,22,0,4,0,0,0,0,0,0,998,0.0,24,10,113,6.8,7.2,10.0,898.2728274,2,8
30815,10,115,1-10-2023-115-08,8,1,1NXBU4EE0AZ3,17,448,2208,13,0,49,32,2010,4,1,2,0,1,L,1,1279,5,0,1,1,5,2,56,1,0,0,995,0,0,0,45410,9,9,3,3,2,1,1,1,1,1,0,0,0,0,1,1,0,0,1,0,11,2,15,2,1,1,4,K,82,0,0,0,0,0,0,0,0,0,0,250,20,0,0,0,1,3,14,-7,12,16001,998,-47,16,0,4,1,2,0,1,4,0,995,9.8,998,998,998,99.8,99.8,99.8,75.63186758,4,8
30815,10,115,1-10-2023-115-08,8,2,JNKCV51E86M5,17,480,2305,13,0,58,37,2006,4,1,4,0,1,F,1,1536,5,9999,9,0,998,5,56,1,0,0,995,0,0,0,45403,9,9,3,4,2,1,2,1,1,1,0,4,0,0,1,1,0,0,1,0,1,4,72,99,1,1,4,K,83,0,0,0,0,0,0,0,0,0,0,20,250,0,0,0,1,3,12,-12,2,6868,998,34,10,0,4,95,95,95,95,95,0,995,9.8,998,998,998,99.8,99.8,99.8,75.63186758,4,8
30815,10,115,1-10-2023-115-08,8,3,1GKLRKED2AJ1,17,472,1855,7,0,23,8,2010,6,1,5,0,2,L,1,2142,5,9999,9,5,6,,,,,,,,,,,,,,,,,,,,,,,,,,,,,,,,,,,,,,,,,,,,,,,,,,,,,,,,,,,,,,,,,,95,95,95,95,95,,,,,,,,,,75.63186758,4,8
30816,30,83,1-30-2023-083-05,5,1,1FTSW31P84EC,17,460,1806,60,0,12,481,2004,34,5,31,0,1,F,1,2723,5,9999,9,0,998,5,48,1,0,0,995,0,0,0,85381,9,9,2,1,3,3,1,1,1,1,1,0,0,0,3,1,1,2,9,0,11,2,15,99,1,1,4,J,68,0,0,0,0,0,0,0,0,0,0,330,180,0,0,0,1,3,22,-21,-8,66916,998,-92,22,0,4,95,95,95,95,95,0,995,9.8,998,998,998,99.8,99.8,99.8,52.73721924,10,8
30816,30,83,1-30-2023-083-05,5,2,1C6RREFG9KN7,17,496,13620,60,0,7,482,2019,34,5,31,0,1,F,2,2255,5,0,1,1,18,2,48,1,0,0,995,0,0,0,85027,9,9,2,1,4,4,1,1,1,1,1,0,0,0,3,1,1,2,9,0,1,2,17,98,1,1,4,J,69,0,0,0,0,0,0,0,0,0,0,180,330,0,0,0,1,3,28,-27,5,74444,998,32,28,0,4,99,99,0,0,0,0,995,9.8,998,998,998,99.8,99.8,99.8,52.73721924,10,8
30817,25,75,1-25-2023-075-03,3,1,3C4NJDBB7LT1,17,483,1946,7,0,2,1,2020,6,1,2,10,1,F,1,1444,5,0,1,1,24,2,48,1,0,0,995,0,0,0,04240,9,9,2,4,3,2,2,2,3,1,1,2,0,0,3,8,1,2,1,0,11,2,15,3,1,1,4,J,68,0,0,0,0,0,0,0,0,0,0,125,0,0,0,0,1,3,14,-14,-3,14379,998,-34,15,0,4,9,97,0,1,99,0,995,9.8,998,998,998,99.8,99.8,99.8,401.8749235,2,8
30817,25,75,1-25-2023-075-03,3,2,3GCUDFED5NG5,17,467,1850,60,0,20,481,2022,34,5,30,0,1,F,1,2184,5,9999,9,0,998,5,48,1,0,0,995,0,0,0,04105,9,9,2,4,3,2,2,2,1,1,1,2,0,0,3,8,1,2,1,0,1,4,62,99,1,1,4,J,69,0,0,0,0,0,0,0,0,0,0,0,125,0,0,0,1,3,11,-8,7,14105,998,127,10,0,4,95,95,95,95,95,0,995,9.8,998,998,998,99.8,99.8,99.8,401.8749235,2,8
30819,26,81,1-26-2023-081-02,2,1,5NPEC4AB0CH3,17,498,2459,13,0,55,33,2012,4,1,4,0,1,F,3,1517,5,9999,9,0,998,2,64,1,0,1,21,2,0,2,95829,2,9,2,1,4,3,2,1,1,1,3,1,0,0,1,1,1,2,9,1,1,1,8,99,1,2,3,G,50,0,0,0,0,0,0,0,0,0,0,340,170,0,0,0,1,3,45,-45,0,110399,998,0,42,0,4,2,9,0,1,3,0,995,9.8,998,998,998,99.8,99.8,99.8,29.88109228,10,8
30819,26,81,1-26-2023-081-02,2,2,5NMJBCAE6NH1,17,498,2058,7,0,55,402,2022,14,3,14,0,1,F,3,1573,5,0,1,1,18,2,64,1,0,0,995,0,0,0,95835,1,9,2,1,5,5,2,1,1,1,1,0,0,0,1,1,1,2,1,0,5,4,62,1,1,1,3,G,51,0,0,0,0,0,0,0,0,0,0,170,340,0,0,0,1,3,43,-43,8,141926,998,36,45,0,4,9,97,0,1,8,0,995,9.8,998,998,998,99.8,99.8,99.8,29.88109228,10,8
30819,26,81,1-26-2023-081-02,2,3,1G11C5SL5FF3,17,467,1834,13,0,20,37,2015,4,1,3,0,1,F,9,1625,5,9999,9,0,998,2,64,1,0,0,995,0,0,0,95843,1,9,2,1,5,5,2,1,1,1,1,0,0,0,1,1,1,2,1,0,5,3,56,1,1,1,6,M,98,0,0,0,0,0,0,0,0,0,0,170,180,0,0,0,3,0,999,999,999,9999999,999,999,999,9,0,0,0,0,0,0,0,995,9.8,998,998,998,99.8,99.8,99.8,29.88109228,10,8
30819,26,81,1-26-2023-081-02,2,4,4UZAC2EA9MCM,17,450,2008,111,0,82,881,2021,60,8,60,0,1,L,9,,,,,,,5,64,1,0,0,995,0,0,0,95608,9,9,2,1,5,4,2,1,1,1,1,1,0,0,1,1,1,2,1,0,5,4,62,1,1,1,6,M,98,,,,,,,,,,,,,,,,,,,,,,,,,,,95,95,95,95,95,,,9.8,998,998,998,99.8,99.8,99.8,29.88109228,10,8
30819,26,81,1-26-2023-081-02,2,5,1FTYE2CM4JKA,17,460,3608,95,0,12,462,2018,21,4,21,0,1,L,9,2268,5,9999,9,0,998,5,64,1,0,0,995,0,0,0,95747,9,9,2,1,5,4,2,1,1,1,1,1,0,0,1,1,1,2,1,0,5,4,60,1,1,1,6,M,98,0,0,0,0,0,0,0,0,0,0,170,130,0,0,0,4,0,999,999,999,9999999,999,999,999,9,0,95,95,95,95,95,0,995,9.8,998,998,998,99.8,99.8,99.8,29.88109228,10,8
30822,23,67,1-23-2023-067-03,3,1,1FTFW1E40KKF,17,460,1801,60,0,12,481,2019,34,5,31,0,1,F,2,2236,5,0,1,1,18,2,89,1,8,0,995,0,7,0,43050,1,9,0,4,2,1,2,2,1,4,1,2,0,0,2,2,0,0,1,0,1,6,90,2,1,1,1,C,12,0,0,0,0,0,0,0,0,0,0,998,998,0,0,0,1,12,999,999,999,9999999,999,999,999,7,0,1,1,0,1,4,0,998,9.8,998,998,998,99.8,99.8,99.8,206.9131169,5,8
30823,23,68,1-23-2023-068-07,7,1,1GCGTAE34F11,17,467,4086,60,0,20,473,2015,34,5,30,0,1,F,2,2001,5,0,1,5,3,2,89,1,0,0,995,0,0,0,43228,9,9,0,4,2,1,2,1,1,1,1,2,0,0,1,8,0,0,1,1,1,2,12,1,9,4,1,B,6,0,0,0,0,0,0,0,0,0,0,998,998,0,0,6,1,12,999,999,999,9999999,999,999,999,3,0,0,0,0,0,0,0,998,0.8,30,30,120,25.2,4.9,25.6,2225.928712,5,8
30824,77,66,1-77-2023-066-07,7,1,5N1AT2MM1GC9,17,478,1913,8,0,35,51,2016,6,1,3,0,1,F,1,1610,5,0,1,1,10,2,89,1,0,0,995,0,0,0,22937,9,9,0,4,2,1,2,1,1,1,0,2,0,0,1,1,0,0,1,0,1,6,87,99,1,1,1,C,13,0,0,0,0,0,0,0,0,0,0,998,998,0,0,0,1,10,999,999,999,9999999,999,-16,13,2,0,0,0,0,0,0,0,998,9.8,998,998,998,99.8,99.8,99.8,1528.364633,9,8
30826,77,68,1-77-2023-068-08,8,1,JS2YB4135751,17,509,3152,5,0,53,40,2007,5,1,1,0,1,B,3,1317,8,9999,9,0,998,2,97,1,0,1,0,2,0,2,22931,1,9,0,2,2,1,2,1,1,1,1,3,2,3,2,1,0,0,1,0,1,3,53,99,1,1,2,D,25,0,0,0,0,0,0,0,0,0,0,30,30,0,0,0,1,3,44,44,0,144664,998,0,52,0,4,3,11,1,1,3,0,995,9.8,998,998,998,99.8,99.8,99.8,164.2262984,9,8
30826,77,68,1-77-2023-068-08,8,2,2HGFA55527H7,17,474,1863,13,0,37,31,2007,4,1,3,0,1,F,3,1224,5,0,1,1,11,2,97,1,0,0,995,0,0,0,22967,9,9,0,2,2,1,2,1,1,1,1,3,2,3,2,1,0,0,1,0,1,3,51,99,1,1,2,D,24,0,0,0,0,0,0,0,0,0,0,30,30,0,0,0,1,3,46,-46,0,65168,998,9,36,0,4,3,14,1,1,3,0,995,9.8,998,998,998,99.8,99.8,99.8,164.2262984,9,8
30827,48,63,1-48-2023-063-03,3,1,3GNCA13B29S5,17,467,4586,7,0,20,23,2009,6,1,2,0,1,F,3,1431,5,9999,9,4,24,2,129,1,0,0,995,0,0,0,84312,9,9,1,2,2,2,2,1,1,1,3,2,1,3,1,1,0,0,9,0,1,3,52,2,1,1,2,D,28,0,0,0,0,0,0,0,0,0,0,190,180,0,0,0,1,3,49,-49,0,156056,998,45,49,0,4,99,99,0,0,99,0,995,9.8,998,998,998,99.8,99.8,99.8,132.4365429,12,8
30827,48,63,1-48-2023-063-03,3,2,1GNEVHKW3MJ1,17,467,1853,7,0,20,423,2021,15,3,15,0,1,B,2,2132,5,0,1,1,14,2,129,1,0,0,995,0,0,0,84312,1,2,1,2,2,2,2,1,1,1,3,2,1,3,1,1,0,0,1,0,2,3,53,1,1,1,2,D,29,0,0,0,0,0,0,0,0,0,0,180,190,0,0,0,1,3,31,30,5,88856,998,-21,30,0,4,1,1,0,7,6,0,995,9.8,998,998,998,99.8,99.8,99.8,132.4365429,12,8
30828,48,64,1-48-2023-064-03,3,1,JM3KE4DY9E04,17,473,2369,7,0,41,403,2014,14,3,14,0,1,L,2,1604,5,0,1,1,10,2,97,1,0,0,995,0,0,0,84314,9,1,2,4,2,1,2,1,2,2,1,2,0,0,1,1,2,2,9,0,11,2,15,2,1,1,4,K,82,0,0,0,0,0,0,0,0,0,0,70,180,0,1,0,1,1,32,-25,21,35283,998,50,22,0,1,1,1,0,1,4,0,995,9.8,998,998,998,99.8,99.8,99.8,132.4365429,12,8
30828,48,64,1-48-2023-064-03,3,2,1C4PJMLB8MD2,17,483,1945,7,0,2,404,2021,14,3,14,0,1,F,2,1797,5,0,1,1,8,2,97,1,0,0,995,0,0,0,84302,9,9,2,4,3,1,2,1,1,1,1,1,0,1,1,1,0,0,1,0,1,4,67,3,2,1,4,K,83,0,0,0,0,0,0,0,0,0,0,180,70,0,1,0,1,1,28,-24,-14,116063,998,-78,34,0,1,9,97,0,2,8,0,995,9.8,998,998,998,99.8,99.8,99.8,132.4365429,12,8
30829,48,65,1-48-2023-065-08,8,1,1HGCM55663A0,17,474,1861,13,0,37,32,2003,4,1,3,0,1,T,2,1436,8,0,1,1,19,2,129,1,8,1,138,2,0,2,84337,1,2,1,3,1,1,1,1,2,9,1,2,0,0,2,1,0,0,9,1,14,2,13,99,4,4,1,A,2,1,7,1,2,6,4,44,2,1,60,997,997,0,1,0,3,6,999,999,999,9999999,999,999,999,7,0,3,17,2,4,3,3,997,4.0,999,999,999,9.0,6.0,10.8,136.5443497,12,8
30830,54,57,1-54-2023-057-09,9,1,3GNEC12T24G2,17,467,3876,119,0,20,482,2004,34,5,31,0,1,T,2,2466,5,0,1,1,6,2,72,1,0,0,995,0,0,0,35565,1,9,0,4,2,1,2,2,1,2,0,2,0,0,1,1,0,0,3,1,1,2,13,2,3,4,1,A,2,1,4,1,2,5,4,31,6,2,22,997,997,0,0,0,2,6,999,999,999,9999999,999,999,999,7,0,1,1,0,1,4,2,997,0.5,999,999,999,99.9,99.9,99.9,458.8122366,9,8
30831,54,58,1-54-2023-058-01,1,1,1FTFW1RG0JFD,17,460,1801,60,0,12,481,2018,34,5,31,0,1,R,3,2584,5,91,1,1,22,2,105,1,0,1,24,4,9,2,35582,1,9,2,1,3,3,2,1,1,1,3,2,0,2,1,1,0,0,9,0,11,2,15,9,1,1,4,J,68,0,0,0,0,0,0,0,0,0,0,5,270,0,1,0,1,5,999,999,999,9999999,999,999,80,5,0,4,18,1,1,1,0,995,9.8,998,998,998,99.8,99.8,99.8,126.2270126,9,8
30831,54,58,1-54-2023-058-01,1,2,1FUPYSYB3HH2,17,450,15785,66,0,82,881,1987,66,8,68,0,1,F,9,,,,,,,2,105,1,0,0,995,0,0,0,35654,9,9,2,1,3,1,2,1,1,4,1,3,2,2,1,1,0,0,9,0,1,4,62,2,2,1,4,J,69,,,,,,,,,,,,,,,,,,,,,,,,,,,95,95,95,95,95,,,9.8,998,998,998,99.8,99.8,99.8,126.2270126,9,8
30832,54,59,1-54-2023-059-03,3,1,2LNBL8CV5BX7,17,464,1791,13,0,13,1,2011,4,1,5,0,1,F,2,1971,5,0,1,1,9,2,56,1,0,0,995,0,0,0,35582,1,9,2,4,2,1,2,1,2,1,1,2,0,0,1,1,2,2,9,0,14,2,17,99,1,1,5,L,86,0,0,0,0,0,0,0,0,0,0,125,210,0,0,0,1,3,28,-28,5,49416,998,43,24,0,4,0,0,0,0,0,0,995,9.8,998,998,998,99.8,99.8,99.8,129.9078908,9,8
30832,54,59,1-54-2023-059-03,3,2,JTEBU5JR0L57,17,448,2216,7,0,49,401,2020,14,3,14,0,1,R,1,2111,5,9999,9,4,9,2,105,1,8,0,995,0,7,0,35552,1,2,2,1,3,1,2,1,3,1,1,3,0,2,1,1,0,0,1,0,14,4,66,2,1,1,5,L,87,1,1,2,5,1,1,61,1,2,6,210,125,0,0,0,1,3,23,-4,-23,80644,998,67,26,0,4,2,6,0,3,4,3,995,9.8,998,998,998,99.8,99.8,99.8,129.9078908,9,8