CASEID,PSU,CASENO,CASENUMBER,CATEGORY,VEHNO,VIN,VINLENGTH,VPICMAKE,VPICMODEL,VPICBODYCLASS,ICFINALBODY,MAKE,MODEL,MODELYR,BODYTYPE,BODYCAT,VEHCLASS,SPECUSE,TRANSTAT,DAMPLANE,DAMSEV,CURBWT,CURBSRC,CARGOWT,CARGOSRC,INSPTYPE,INSPLAG,TOWED,SPEEDLIMIT,DRPRESENT,PARALCOHOL,ALCTEST,ALCTESTRESULT,ALCTESTSRC,PARDRUG,DRUGTEST,ZIP,RACE,ETHNICITY,RELTOJUNCT,TRAFFLOW,RDLANES,INITLANE,SURFTYPE,SURFCOND,ALIGNMENT,PROFILE,LINERIGHT,LINELEFT,RUMBINIT,RUMBROAD,LIGHTCOND,WEATHER,TRAFDEV,TRAFFUNCT,DISTRACT,PREFHE,PREMOVE,CRITCAT,CRITEVENT,MANEUVER,PRESTAB,PRELOC,CRASHCAT,CRASHCONF,CRASHTYPE,ROLLTYPE,ROLLTURN,ROLLINTRPT,ROLLPREMAN,ROLLINITYP,ROLLINLOC,ROLLOBJ,ROLLTRIP,ROLLDIR,ROLLDIST,DVANGTHIS,DVANGOTH,TOWHITCH,TRAJDOC,TREEPOLE,DVEVENT,DVBASIS,DVTOTAL,DVLONG,DVLAT,DVENERGY,DVSPEED,DVMOMENT,DVBES,DVEST,DVCONF,VAIS,VISS,VINJSEV,VINJURED,VTREAT,INITOBJCLASS,HEADANGLECAT,SHLDRWIDTH,STRKLENGTH,STRKWIDTH,STRKHEIGHT,EDGEDISTX,EDGEDISTY,EDGEDISTZ,CASEWGT,PSUSTRAT,VERSION
30833,18,58,1-18-2023-058-03,3,1,KNDETCA22M71,17,499,26900,7,0,63,498,2021,14,3,14,0,1,R,1,1445,5,0,1,1,15,2,40,1,0,0,995,0,0,0,54729,1,2,2,4,2,1,2,1,1,1,0,0,0,0,1,1,2,2,1,0,1,2,17,1,1,1,5,L,87,0,0,0,0,0,0,0,0,0,0,140,50,0,0,0,1,3,10,-5,-9,7774,998,22,11,0,1,1,1,0,1,0,0,995,9.8,998,998,998,99.8,99.8,99.8,80.71174174,6,8
30833,18,58,1-18-2023-058-03,3,2,1G4GC5ER3CF3,17,468,1821,13,0,18,22,2012,4,1,4,0,1,F,1,1917,5,9999,9,4,16,2,40,1,0,0,995,0,0,0,54729,1,9,2,4,2,1,2,1,1,1,0,0,0,0,1,1,0,0,1,0,1,4,66,99,1,1,5,L,86,0,0,0,0,0,0,0,0,0,0,50,140,0,0,0,1,3,8,-7,4,4283,998,99,6,0,1,0,0,0,0,0,0,995,9.8,998,998,998,99.8,99.8,99.8,80.71174174,6,8
30835,59,91,1-59-2023-091-06,6,1,1FDNF7DC6KDF,17,460,1810,11,0,12,881,2019,62,8,60,0,1,F,9,,,,,,,2,48,1,0,0,995,0,0,0,47874,9,9,2,4,4,2,2,1,1,1,3,2,0,0,1,1,1,2,2,0,11,2,15,99,1,1,4,J,68,,,,,,,,,,,,,,,,,,,,,,,,,,,95,95,95,95,95,,,9.8,998,998,998,99.8,99.8,99.8,113.2959243,6,8
30835,59,91,1-59-2023-091-06,6,2,1C4HJXDG5JW2,17,483,1943,7,0,2,403,2018,14,3,14,0,1,L,2,1860,5,0,1,1,8,2,48,1,0,1,0,2,0,0,47834,9,9,2,4,5,2,2,1,1,1,0,1,0,0,1,1,1,2,9,0,1,4,62,4,1,1,4,J,69,0,0,0,0,0,0,0,0,0,0,275,40,0,0,0,1,5,999,999,999,9999999,999,999,29,3,0,1,1,0,1,4,0,995,0.0,999,999,999,0.2,0.3,0.4,113.2959243,6,8
30836,59,92,1-59-2023-092-03,3,1,1FMCU9G65NUC,17,460,1798,7,0,12,402,2022,14,3,14,0,1,R,1,1571,5,0,1,1,6,2,48,1,0,0,995,0,0,0,47803,9,9,2,2,2,2,2,1,2,4,2,2,0,0,1,1,1,2,9,0,11,2,15,99,1,1,4,J,68,0,0,0,0,0,0,0,0,0,0,110,0,0,0,0,1,1,18,-6,-17,23516,998,-55,18,0,4,0,0,0,0,0,0,995,9.8,998,998,998,99.8,99.8,99.8,49.63017413,6,8
30836,59,92,1-59-2023-092-03,3,2,1C4HJXDN8KW5,17,483,1943,7,0,2,403,2019,14,3,14,0,1,F,1,1903,5,0,1,1,7,2,48,1,0,0,995,0,0,0,46171,1,9,2,4,4,1,2,1,1,1,0,1,0,0,1,1,1,2,9,0,1,4,62,4,1,1,4,J,69,0,0,0,0,0,0,0,0,0,0,0,110,0,0,0,1,1,15,-15,0,20294,998,45,15,0,4,1,2,0,1,4,0,995,9.8,998,998,998,99.8,99.8,99.8,49.63017413,6,8
30837,59,93,1-59-2023-093-04,4,1,4T3B6RFV0MU0,17,448,2217,7,0,49,402,2021,14,3,14,0,1,F,2,1703,5,0,1,1,5,2,64,1,0,0,995,0,0,0,47802,1,2,2,1,5,4,2,1,1,1,3,1,0,0,1,1,1,2,1,0,1,2,17,4,2,1,4,K,83,0,0,0,0,0,0,0,0,0,0,0,270,0,0,0,1,5,999,999,999,9999999,999,999,26,3,0,1,1,0,1,4,0,995,9.8,998,998,998,99.8,99.8,99.8,116.2965671,6,8
30837,59,93,1-59-2023-093-04,4,2,1FDWE3FNXMDC,17,460,1818,62,11,12,870,2021,61,8,60,6,1,L,9,,,,,,,2,48,1,0,0,995,0,0,0,47842,9,9,2,4,4,3,2,1,1,1,1,2,0,0,1,1,1,2,1,0,11,4,66,99,1,1,4,K,82,,,,,,,,,,,,,,,,,,,,,,,,,,,95,95,95,95,95,,,9.8,998,998,998,99.8,99.8,99.8,116.2965671,6,8
30838,59,94,1-59-2023-094-01,1,1,1N6AD0ER8FN7,17,478,1919,60,0,35,472,2015,34,5,31,0,1,F,3,1956,8,0,1,1,2,2,89,1,9,0,995,0,9,2,47909,1,2,0,4,2,1,2,1,3,1,1,2,0,0,1,1,6,2,9,1,14,2,13,7,9,4,1,A,1,0,0,0,0,0,0,0,0,0,0,998,998,0,1,2,1,10,999,999,999,9999999,999,-31,94,5,0,4,34,1,1,1,0,998,0.0,25,21,999,23.6,4.5,24.0,48.2239268,6,8
30839,33,50,1-33-2023-050-06,6,1,1B7KC2369YJ1,17,476,1938,60,0,7,482,2000,34,5,31,0,1,F,2,2476,5,113,1,1,9,2,105,1,0,0,995,0,0,0,96021,1,9,2,4,2,1,2,1,1,1,1,4,3,3,1,8,0,0,1,0,1,3,52,4,1,1,2,D,28,0,0,0,0,0,0,0,0,0,0,310,290,0,1,0,1,1,26,-25,9,28107,998,64,16,0,4,1,1,0,1,0,0,995,4.8,120,1,50,19.0,7.6,20.5,1055.471604,12,8
30839,33,50,1-33-2023-050-06,6,2,1FADP3F29GL3,17,460,1779,13,0,12,37,2016,4,1,3,0,1,B,3,1340,5,0,1,1,9,2,105,1,0,0,995,0,0,0,95973,1,9,2,4,2,1,2,1,1,1,1,4,3,3,1,8,0,0,1,0,11,3,53,1,1,1,2,D,30,0,0,0,0,0,0,0,0,0,0,290,310,0,1,0,1,1,50,50,0,189325,998,-2,59,0,4,0,0,0,0,4,0,995,9.8,998,998,998,99.8,99.8,99.8,1055.471604,12,8
30840,12,68,1-12-2023-068-03,3,1,1C4RJHBG7PC5,17,483,1949,7,0,2,422,2023,15,3,15,0,1,F,2,1980,5,9999,9,4,43,2,121,1,0,0,995,0,0,0,76092,9,9,1,2,2,1,1,1,3,1,1,3,0,3,1,1,0,0,1,1,14,2,13,99,1,4,1,A,1,0,0,0,0,0,0,0,0,0,0,998,998,0,1,6,1,10,999,999,999,9999999,999,999,999,7,0,9,97,0,1,99,0,998,0.0,999,999,999,6.3,2.5,6.6,239.3521142,9,8
30841,12,69,1-12-2023-069-04,4,1,1FMCU0D77CKC,17,460,1798,7,0,12,402,2012,14,3,14,0,1,F,9,1495,5,9999,9,0,998,5,72,1,0,0,995,0,0,0,73401,9,9,2,1,3,1,2,1,1,1,1,1,0,0,1,1,1,2,1,0,1,4,66,99,1,1,5,L,86,0,0,0,0,0,0,0,0,0,0,170,260,0,0,0,1,0,999,999,999,9999999,999,999,999,9,0,95,95,95,95,95,0,995,9.8,998,998,998,99.8,99.8,99.8,754.3398345,9,8
30841,12,69,1-12-2023-069-04,4,2,4T1FZ1FB4LU0,17,448,2465,13,0,49,43,2020,4,1,4,0,1,R,1,1654,5,0,1,3,11,2,56,1,0,0,995,0,0,0,73448,1,2,2,4,3,1,2,1,1,2,0,1,0,0,1,1,1,2,1,0,1,2,17,3,1,1,5,L,87,0,0,0,0,0,0,0,0,0,0,260,170,0,0,0,1,12,999,999,999,9999999,999,999,999,6,0,0,0,0,0,0,0,995,9.8,998,998,998,99.8,99.8,99.8,754.3398345,9,8
30842,12,70,1-12-2023-070-04,4,1,1FD7W2BT6KEE,17,460,1805,60,0,12,481,2019,34,5,31,0,1,L,1,3037,5,576,1,3,10,2,56,1,0,0,995,0,0,0,74727,9,9,2,4,2,1,2,1,1,4,0,0,0,0,1,1,2,2,1,0,11,2,15,4,1,1,4,K,82,0,0,0,0,0,0,0,0,0,0,190,290,0,0,0,1,3,15,-5,14,90509,998,147,20,0,4,0,0,0,0,0,0,995,9.8,998,998,998,99.8,99.8,99.8,754.3398345,9,8
30842,12,70,1-12-2023-070-04,4,2,1HGCV1F58JA0,17,474,1861,13,0,37,32,2018,4,1,4,0,1,F,2,1462,5,0,1,1,13,2,56,1,0,0,995,0,0,0,73401,1,2,2,1,3,2,2,1,1,1,3,1,0,0,1,1,0,0,1,0,1,4,67,4,1,1,4,K,83,0,0,0,0,0,0,0,0,0,0,290,190,0,0,0,1,3,35,-34,-6,34392,998,0,24,0,4,2,6,0,1,4,0,995,9.8,998,998,998,99.8,99.8,99.8,754.3398345,9,8
30843,17,101,1-17-2023-101-04,4,1,3GKALSEX9KL2,17,472,1858,7,0,23,402,2019,14,3,14,0,1,F,1,1509,5,0,1,1,5,2,113,1,0,0,995,0,0,0,61345,1,2,1,2,2,2,2,1,1,9,3,2,1,3,1,1,0,0,1,1,1,2,12,7,2,4,1,B,6,0,0,0,0,0,0,0,0,0,0,998,998,0,0,0,1,98,999,999,999,9999999,999,999,999,6,0,0,0,0,0,0,0,998,2.8,999,999,999,0.0,0.0,0.0,104.8381047,4,8
30844,17,102,1-17-2023-102-04,4,1,3C4NJDDB6JT4,17,483,1946,7,0,2,1,2018,6,1,2,0,1,R,9,1648,5,9999,9,0,998,5,48,1,0,0,995,0,0,0,61275,9,9,3,4,2,1,2,1,1,1,0,0,0,0,1,1,0,0,9,0,11,2,15,99,1,1,4,K,76,0,0,0,0,0,0,0,0,0,0,115,85,0,0,0,1,0,999,999,999,9999999,999,999,999,9,0,95,95,95,95,95,0,995,9.8,998,998,998,99.8,99.8,99.8,104.8381047,4,8
30844,17,102,1-17-2023-102-04,4,2,3GCPWBEH4KG1,17,467,1850,60,0,20,481,2019,34,5,30,0,1,F,1,2087,5,0,1,1,10,2,48,1,0,0,995,0,0,0,61244,3,2,3,4,4,2,2,1,1,1,1,2,0,0,1,1,0,0,1,0,2,4,70,2,1,1,4,K,77,0,0,0,0,0,0,0,0,0,0,85,115,0,0,0,1,98,999,999,999,9999999,999,999,999,6,0,0,0,0,0,0,0,995,9.8,998,998,998,99.8,99.8,99.8,104.8381047,4,8
30846,17,104,1-17-2023-104-07,7,1,5J6RM4H5XEL0,17,474,1865,7,0,37,402,2014,14,3,14,0,1,F,2,1583,5,0,1,1,14,2,72,1,0,0,995,0,0,0,61201,1,9,2,1,4,3,1,1,1,1,3,1,0,0,1,1,1,2,3,0,1,3,50,8,1,1,2,D,20,0,0,0,0,0,0,0,0,0,0,100,100,0,0,0,1,3,25,-25,0,35524,998,-5,24,0,4,0,0,0,0,5,0,995,9.8,998,998,998,99.8,99.8,99.8,299.0040019,4,8
30846,17,104,1-17-2023-104-07,7,2,1FMJU1M8XPEA,17,460,1799,7,0,12,422,2023,15,3,15,0,1,B,1,2551,5,9999,9,0,998,5,72,1,0,0,995,0,0,0,52722,9,9,2,1,4,3,1,1,1,1,3,1,0,0,1,1,1,2,9,0,5,3,53,99,1,1,2,D,21,0,0,0,0,0,0,0,0,0,0,100,100,0,0,0,1,3,16,16,0,30012,998,0,17,0,4,95,95,95,95,95,0,995,9.8,998,998,998,99.8,99.8,99.8,299.0040019,4,8
30847,77,69,1-77-2023-069-08,8,1,JTEBU14R5500,17,448,2216,7,0,49,401,2005,14,3,14,0,1,T,3,1940,5,0,1,1,5,2,89,1,1,1,144,2,1,2,22920,9,9,0,4,2,1,2,1,3,4,1,2,1,0,2,1,0,0,1,1,14,2,12,99,2,4,1,B,7,1,2,2,6,1,4,61,1,1,999,997,997,0,0,0,2,6,999,999,999,9999999,999,999,999,8,0,2,5,0,1,4,3,997,0.7,120,90,58,99.9,99.9,99.9,164.2262984,9,8
30849,19,104,1-19-2023-104-01,1,1,1V26E2CA7LC2,17,482,27124,7,0,30,403,2020,14,3,14,0,1,F,2,2001,8,68,1,1,7,2,113,1,0,0,995,0,0,0,35007,2,9,1,1,2,2,2,1,2,1,3,2,1,3,3,1,0,0,9,1,14,2,12,99,1,4,1,B,6,1,6,2,2,5,4,31,6,1,999,998,998,0,0,0,1,1,35,-35,0,116936,998,-60,35,0,4,9,97,1,1,1,2,998,1.3,999,999,999,99.0,12.0,99.0,54.03677053,9,8
30850,19,105,1-19-2023-105-03,3,1,1HGCM56807A2,17,474,1861,13,0,37,32,2007,4,1,3,0,1,F,1,1440,5,0,1,1,3,2,72,1,0,0,995,0,0,0,35901,1,9,2,5,5,2,2,1,1,1,3,2,0,0,3,1,1,2,9,0,14,3,52,99,1,1,2,D,28,0,0,0,0,0,0,0,0,0,0,50,50,0,0,0,1,1,17,-17,0,27897,998,29,21,0,1,0,0,0,0,0,0,995,9.8,998,998,998,99.8,99.8,99.8,409.4234053,9,8
30850,19,105,1-19-2023-105-03,3,2,1HGCV3F95NA0,17,474,1861,13,0,37,32,2022,4,1,4,0,1,B,1,1524,5,0,1,1,3,3,72,1,0,0,995,0,0,0,35904,1,2,2,5,5,2,2,1,1,1,3,2,0,0,3,1,1,2,1,0,2,3,53,1,1,1,2,D,29,0,0,0,0,0,0,0,0,0,0,50,50,0,0,0,1,1,16,16,0,6356,998,27,10,0,1,1,1,0,1,4,0,995,9.8,998,998,998,99.8,99.8,99.8,409.4234053,9,8
30851,11,54,1-11-2023-054-02,2,1,1G1FB3DX5L01,17,467,1829,1,0,20,9,2020,1,1,4,0,1,T,2,1645,5,0,1,1,40,2,113,1,0,1,0,2,9,1,32245,2,2,0,1,3,1,2,1,3,9,1,3,0,0,1,1,0,0,3,1,14,2,13,7,9,4,1,A,1,1,6,2,6,1,4,61,1,2,22,997,997,0,0,0,3,6,999,999,999,9999999,999,999,999,7,0,3,14,1,2,3,3,997,4.0,999,999,999,38.2,6.5,38.4,160.9235048,8,8
30852,13,96,1-13-2023-096-07,7,1,1N4AL3AP9HC2,17,478,1904,13,0,35,47,2017,4,1,4,0,1,F,2,1453,5,0,1,1,12,2,97,1,8,0,995,0,7,0,75115,2,9,1,3,1,1,1,1,2,1,1,1,2,2,1,1,0,0,9,0,14,3,52,4,1,1,2,D,28,0,0,0,0,0,0,0,0,0,0,170,165,0,0,0,1,12,999,999,999,9999999,999,999,999,7,0,0,0,0,0,0,0,995,9.8,998,998,998,99.8,99.8,99.8,4122.029753,7,8
30852,13,96,1-13-2023-096-07,7,2,5TDKKRFH9GS5,17,448,2213,7,0,49,403,2016,14,3,14,0,1,B,9,1925,5,9999,9,0,998,5,97,1,8,0,995,0,7,0,75054,9,9,1,3,1,1,1,1,2,1,1,1,2,2,1,1,0,0,9,0,2,3,53,99,1,1,2,D,29,0,0,0,0,0,0,0,0,0,0,165,170,0,0,0,1,0,999,999,999,9999999,999,999,999,9,0,95,95,95,95,95,0,995,9.8,998,998,998,99.8,99.8,99.8,4122.029753,7,8
30853,13,97,1-13-2023-097-06,6,1,1HGCR3F86GA0,17,474,1861,13,0,37,32,2016,4,1,3,0,1,L,9,1603,5,9999,9,0,998,2,97,1,8,0,995,0,7,0,76028,1,9,1,2,3,1,1,1,2,9,1,3,0,0,3,1,0,0,9,1,15,2,10,99,1,2,2,F,47,0,0,0,0,0,0,0,0,0,0,40,50,0,0,0,1,0,999,999,999,9999999,999,999,999,9,0,1,1,0,1,4,0,995,9.8,998,998,998,99.8,99.8,99.8,899.4507126,7,8
30853,13,97,1-13-2023-097-06,6,2,3AKJHHDV9MSM,17,450,2501,66,0,82,881,2021,66,8,68,0,1,R,9,,,,,,,5,97,1,8,0,995,0,7,0,76266,9,9,1,2,3,2,1,1,2,9,3,3,0,0,3,1,0,0,9,0,14,4,61,99,1,1,2,F,45,,,,,,,,,,,,,,,,,,,,,,,,,,,95,95,95,95,95,,,9.8,998,998,998,99.8,99.8,99.8,899.4507126,7,8
30854,13,98,1-13-2023-098-04,4,1,JN1BJ1BV0MW5,17,478,17214,5,0,35,404,2021,14,3,14,0,1,R,2,1536,5,9999,9,4,51,2,56,1,8,0,995,0,7,0,76092,1,9,2,1,3,3,2,1,1,1,1,2,0,0,1,1,1,2,9,0,11,2,15,99,1,1,4,J,68,0,0,0,0,0,0,0,0,0,0,120,5,0,0,0,1,12,999,999,999,9999999,999,999,999,7,0,0,0,0,0,0,0,995,9.8,998,998,998,99.8,99.8,99.8,1516.484972,7,8
30854,13,98,1-13-2023-098-04,4,2,1FM5K7DH9JGC,17,460,1800,7,0,12,401,2018,14,3,14,0,1,F,9,2067,5,9999,9,0,998,5,56,1,8,0,995,0,7,0,76034,9,9,2,1,3,2,2,1,1,1,1,1,0,0,1,1,1,2,9,0,1,4,62,99,1,1,4,J,69,0,0,0,0,0,0,0,0,0,0,5,120,0,0,0,1,0,999,999,999,9999999,999,999,999,9,0,95,95,95,95,95,0,995,9.8,998,998,998,99.8,99.8,99.8,1516.484972,7,8
30855,24,81,1-24-2023-081-09,9,1,KNDJ23AU0M77,17,499,2460,7,0,63,498,2021,14,3,14,0,1,F,9,1290,5,9999,9,0,998,5,999,1,0,0,995,0,0,0,08205,9,9,3,4,2,1,2,1,1,1,0,0,0,0,1,1,2,2,9,0,10,2,16,1,1,1,4,K,78,0,0,0,0,0,0,0,0,0,0,40,110,0,0,0,1,0,999,999,999,9999999,999,999,999,9,0,95,95,95,95,95,0,995,9.8,998,998,998,99.8,99.8,99.8,2818.510694,1,8
30855,24,81,1-24-2023-081-09,9,2,5TDZK23C38S1,17,448,2468,2,0,49,442,2008,20,4,20,0,1,R,9,1880,5,0,1,4,25,2,80,1,0,0,995,0,0,0,08234,1,1,3,1,2,1,2,1,1,1,1,3,0,0,1,1,0,0,1,0,1,4,65,2,1,1,4,K,79,0,0,0,0,0,0,0,0,0,0,110,40,0,0,0,1,12,999,999,999,9999999,999,999,999,9,0,0,0,0,0,5,0,995,9.8,998,998,998,99.8,99.8,99.8,2818.510694,1,8
30856,24,82,1-24-2023-082-02,2,1,1N4BL4BV4LC2,17,478,1904,13,0,35,47,2020,4,1,4,0,1,L,2,1545,5,0,1,1,25,2,80,1,0,0,995,0,0,0,08234,2,2,2,1,3,2,2,1,1,1,1,1,0,0,1,1,1,2,1,0,1,2,17,1,1,1,5,L,89,0,0,0,0,0,0,0,0,0,0,200,285,0,0,0,1,1,25,-4,24,41396,998,-146,18,0,1,1,1,0,1,4,0,995,0.0,999,999,999,3.1,3.5,4.8,67.71298621,1,8
30856,24,82,1-24-2023-082-02,2,2,KL79MRSL1PB1,17,467,4548,7,0,20,498,2023,14,3,14,0,1,F,2,1463,5,0,1,1,38,2,80,1,0,0,995,0,0,0,08234,1,2,2,1,4,3,2,1,1,1,1,1,0,0,1,1,1,2,1,0,1,4,66,1,1,1,5,L,88,0,0,0,0,0,0,0,0,0,0,285,200,0,0,0,1,1,25,-24,-9,82527,998,-63,33,0,1,1,1,0,1,4,0,995,9.9,999,999,999,0.0,0.0,0.0,67.71298621,1,8
30857,14,59,1-14-2023-059-01,1,1,5NMSH13E87H1,17,498,2057,7,0,55,401,2007,14,3,14,0,1,F,2,1745,5,0,1,1,17,2,97,1,8,0,995,0,7,0,78133,9,1,2,4,3,2,2,1,1,2,1,2,0,0,1,1,1,2,9,0,11,2,15,99,1,1,4,K,82,0,0,0,0,0,0,0,0,0,0,190,340,0,0,0,1,3,29,-29,5,88463,998,37,34,0,4,1,1,0,1,4,0,995,9.8,998,998,998,99.8,99.8,99.8,189.9751371,8,8
30857,14,59,1-14-2023-059-01,1,2,2HGFB2F56DH5,17,474,1863,13,0,37,31,2013,4,1,3,0,1,F,3,1236,5,0,1,1,15,3,97,1,8,0,995,0,7,0,78070,9,1,2,4,4,2,2,1,3,1,1,2,0,0,1,1,1,2,9,0,14,4,67,99,1,1,4,K,83,0,0,0,0,0,0,0,0,0,0,340,190,0,0,0,1,3,40,-37,-14,111814,998,-107,36,0,4,1,1,1,1,1,0,995,9.8,998,998,998,99.8,99.8,99.8,189.9751371,8,8
30858,14,60,1-14-2023-060-02,2,1,4T1T11AK5PU7,17,448,2469,13,0,49,40,2023,4,1,4,0,1,F,3,1520,5,0,2,1,26,2,32,1,8,0,995,0,7,0,78015,1,9,0,4,2,1,2,1,3,1,0,0,0,0,3,1,0,0,9,1,14,1,8,3,4,4,1,A,2,0,0,0,0,0,0,0,0,0,0,998,998,0,1,1,2,1,53,-53,-9,181130,998,-26,53,0,4,2,4,0,1,4,0,998,0.0,35,35,90,23.6,4.0,23.7,164.4463854,8,8
30859,14,61,1-14-2023-061-07,7,1,5XXGT4L38GG0,17,499,2739,13,0,63,34,2016,4,1,4,0,1,F,2,1463,5,0,1,1,15,2,56,1,0,0,995,0,0,0,78240,9,1,2,1,3,2,2,1,1,9,3,1,0,0,1,1,1,2,9,0,1,3,51,99,1,1,2,D,24,0,0,0,0,0,0,0,0,0,0,95,95,0,0,0,1,3,25,-25,0,37943,998,-11,25,0,4,0,0,0,0,0,0,995,9.8,998,998,998,99.8,99.8,99.8,12919.95856,8,8
30859,14,61,1-14-2023-061-07,7,2,5FNYF5H61GB0,17,474,1864,7,0,37,421,2016,15,3,15,0,1,B,1,1861,5,9999,9,0,998,2,56,1,0,0,995,0,0,0,78666,9,1,2,1,3,2,2,1,1,9,3,1,0,0,1,1,1,2,9,0,1,3,53,99,1,1,2,D,25,0,0,0,0,0,0,0,0,0,0,95,95,0,0,0,1,3,19,19,0,28797,998,0,19,0,4,0,0,0,0,0,0,995,9.8,998,998,998,99.8,99.8,99.8,12919.95856,8,8
30860,16,78,1-16-2023-078-03,3,1,4T1BF1FKXHU4,17,448,2469,13,0,49,40,2017,4,1,4,0,1,F,1,1467,5,0,1,1,7,2,40,1,0,0,995,0,0,0,01945,9,9,2,4,4,2,1,1,2,1,3,2,0,0,1,8,1,2,9,0,14,4,66,8,1,1,5,L,89,0,0,0,0,0,0,0,0,0,0,20,140,0,0,0,2,1,19,-18,3,22797,998,81,17,0,1,0,0,0,0,0,0,995,9.8,998,998,998,99.8,99.8,99.8,379.2686521,5,8
30860,16,78,1-16-2023-078-03,3,2,55SWF4KB4JU2,17,449,2085,13,0,42,42,2018,4,1,4,0,1,F,9,1625,5,9999,9,0,998,5,40,1,0,0,995,0,0,0,40383,9,9,2,3,6,2,1,1,1,4,3,3,0,0,1,8,1,2,1,0,1,2,17,99,1,1,5,L,88,0,0,0,0,0,0,0,0,0,0,140,70,0,0,0,1,0,999,999,999,9999999,999,999,999,9,0,95,95,95,95,95,0,995,9.8,998,998,998,99.8,99.8,99.8,379.2686521,5,8
30860,16,78,1-16-2023-078-03,3,3,2G4GL5EX8H91,17,468,1822,13,0,18,19,2017,4,1,3,0,1,R,1,1638,5,0,1,1,5,2,40,1,0,0,995,0,0,0,45207,2,2,2,3,6,4,1,1,1,4,3,3,0,0,1,8,1,2,1,0,1,4,61,1,1,1,6,M,98,0,0,0,0,0,0,0,0,0,0,140,20,0,0,0,2,1,17,-11,-13,24946,998,48,18,0,1,2,5,0,1,4,0,995,1.5,8,8,34,1.4,2.3,2.7,379.2686521,5,8
30861,16,79,1-16-2023-079-02,2,1,2NKHHJ6X6EM4,17,532,2722,11,0,85,881,2014,62,8,60,0,3,B,9,,,,,,,,,,,,,,,,,,,,,,,,,,,,,,,,,,,,,,,,,,,,,,,,,,,,,,,,,,,,,,,,,,,,,,,,95,95,95,95,95,,,,,,,,,,18.04945142,5,8
30861,16,79,1-16-2023-079-02,2,2,3FA6P0HD2LR2,17,460,1780,13,0,12,23,2020,4,1,4,0,1,F,3,1575,5,0,1,1,28,2,105,1,1,1,290,2,1,2,45002,1,2,0,1,2,1,2,1,2,9,1,3,0,0,2,8,6,2,9,0,14,6,90,3,1,1,1,C,15,0,0,0,0,0,0,0,0,0,0,195,200,0,0,0,1,5,999,999,999,9999999,999,999,52,4,0,3,13,1,1,3,0,995,9.8,998,998,998,99.8,99.8,99.8,18.04945142,5,8
30862,16,80,1-16-2023-080-06,6,1,1HGCR2F84HA1,17,474,1861,13,0,37,32,2017,4,1,4,0,1,R,2,1615,5,9999,9,4,4,5,40,1,0,0,995,0,7,0,40505,9,9,2,4,5,3,2,1,1,1,1,2,0,0,1,1,1,2,9,0,11,2,15,99,1,1,4,J,68,0,0,0,0,0,0,0,0,0,0,200,100,0,1,0,1,3,25,-16,-19,70173,998,85,29,0,4,95,95,95,95,95,0,995,9.8,998,998,998,99.8,99.8,99.8,825.0906486,5,8
30862,16,80,1-16-2023-080-06,6,2,KNAGM4AD1E50,17,499,2739,13,0,63,34,2014,4,1,4,0,1,F,2,1484,5,0,1,1,3,2,40,1,0,0,995,0,7,0,40505,3,2,2,1,2,1,2,1,1,1,0,3,0,0,1,1,1,2,1,0,1,4,62,2,1,1,4,J,69,0,0,0,0,0,0,0,0,0,0,100,200,0,1,0,1,3,25,-22,12,37100,998,101,20,0,4,1,1,0,2,0,0,995,0.0,12,12,62,4.9,0.6,5.0,825.0906486,5,8
30863,10,116,1-10-2023-116-08,8,1,999999999999,99,99999,99999,999,0,99,999,9999,49,6,49,0,1,F,9,9999,9,9999,9,0,998,5,56,1,8,0,995,0,7,0,99999,9,9,2,4,3,1,2,2,1,1,0,1,0,0,1,2,1,2,9,0,1,2,17,99,1,1,4,K,84,0,0,0,0,0,0,0,0,0,0,280,240,0,0,0,1,0,999,999,999,9999999,999,999,999,9,0,95,95,95,95,95,0,995,9.8,998,998,998,99.8,99.8,99.8,89.27280867,4,8
30863,10,116,1-10-2023-116-08,8,2,2CTFLWE53B62,17,472,1858,7,0,23,402,2011,14,3,14,0,1,F,9,1748,5,0,1,1,8,2,56,1,0,0,995,0,0,0,45404,1,2,2,4,2,1,2,2,1,1,0,2,0,0,1,2,1,2,1,0,11,4,66,2,1,1,4,K,84,0,0,0,0,0,0,0,0,0,0,998,998,0,0,1,3,12,999,999,999,9999999,999,999,999,9,0,1,2,0,1,4,0,998,0.0,5,8,8,0.0,0.0,0.0,89.27280867,4,8
30864,10,117,1-10-2023-117-06,6,1,5NPD74LF6HH1,17,498,2735,13,0,55,35,2017,4,1,3,0,1,F,2,1275,5,0,1,1,6,2,89,1,0,0,995,0,0,0,45402,9,9,0,2,5,3,1,1,1,9,3,3,0,0,1,8,0,0,1,0,1,3,50,99,1,1,2,D,20,0,0,0,0,0,0,0,0,0,0,20,20,0,0,0,1,3,33,-32,-6,34628,998,-32,25,0,4,9,97,0,1,99,0,995,9.8,998,998,998,99.8,99.8,99.8,201.3566931,4,8