CASEID,PSU,CASENO,CASENUMBER,CATEGORY,VEHNO,VIN,VINLENGTH,VPICMAKE,VPICMODEL,VPICBODYCLASS,ICFINALBODY,MAKE,MODEL,MODELYR,BODYTYPE,BODYCAT,VEHCLASS,SPECUSE,TRANSTAT,DAMPLANE,DAMSEV,CURBWT,CURBSRC,CARGOWT,CARGOSRC,INSPTYPE,INSPLAG,TOWED,SPEEDLIMIT,DRPRESENT,PARALCOHOL,ALCTEST,ALCTESTRESULT,ALCTESTSRC,PARDRUG,DRUGTEST,ZIP,RACE,ETHNICITY,RELTOJUNCT,TRAFFLOW,RDLANES,INITLANE,SURFTYPE,SURFCOND,ALIGNMENT,PROFILE,LINERIGHT,LINELEFT,RUMBINIT,RUMBROAD,LIGHTCOND,WEATHER,TRAFDEV,TRAFFUNCT,DISTRACT,PREFHE,PREMOVE,CRITCAT,CRITEVENT,MANEUVER,PRESTAB,PRELOC,CRASHCAT,CRASHCONF,CRASHTYPE,ROLLTYPE,ROLLTURN,ROLLINTRPT,ROLLPREMAN,ROLLINITYP,ROLLINLOC,ROLLOBJ,ROLLTRIP,ROLLDIR,ROLLDIST,DVANGTHIS,DVANGOTH,TOWHITCH,TRAJDOC,TREEPOLE,DVEVENT,DVBASIS,DVTOTAL,DVLONG,DVLAT,DVENERGY,DVSPEED,DVMOMENT,DVBES,DVEST,DVCONF,VAIS,VISS,VINJSEV,VINJURED,VTREAT,INITOBJCLASS,HEADANGLECAT,SHLDRWIDTH,STRKLENGTH,STRKWIDTH,STRKHEIGHT,EDGEDISTX,EDGEDISTY,EDGEDISTZ,CASEWGT,PSUSTRAT,VERSION
30977,28,66,1-28-2023-066-10,10,1,1G1JD5SH4C41,17,467,1835,13,0,20,28,2012,4,1,1,0,1,R,1,1237,5,0,1,1,10,2,113,1,0,0,995,0,0,0,14067,9,9,0,2,2,1,2,1,3,1,1,3,2,3,2,1,0,0,3,1,14,2,12,2,4,4,1,B,7,0,0,0,0,0,0,0,0,0,0,998,998,0,0,0,2,10,999,999,999,9999999,999,28,17,2,0,0,0,0,0,0,0,998,3.2,120,15,110,1.3,1.0,1.7,37.47575523,3,8
30978,28,67,1-28-2023-067-07,7,1,1FADP3E24EL3,17,460,1779,13,0,12,37,2014,4,1,3,0,1,F,9,1340,5,9999,9,0,998,2,56,1,0,0,995,0,0,0,16901,9,9,3,1,1,1,2,1,1,1,1,2,0,0,1,1,0,0,3,0,1,3,52,99,1,1,2,D,28,0,0,0,0,0,0,0,0,0,0,280,280,0,0,0,1,0,999,999,999,9999999,999,999,999,9,0,0,0,0,0,0,0,995,9.8,998,998,998,99.8,99.8,99.8,60.50022584,3,8
30978,28,67,1-28-2023-067-07,7,2,2CKDL73F6760,17,536,4591,7,0,22,403,2007,14,3,14,0,1,B,3,1713,5,0,1,1,6,2,56,1,0,0,995,0,0,0,16901,9,9,3,1,1,1,2,1,1,1,1,2,0,0,1,1,0,0,1,0,2,3,53,1,1,1,2,D,30,0,0,0,0,0,0,0,0,0,0,280,280,0,0,0,1,12,999,999,999,9999999,999,999,999,8,0,0,0,0,0,0,0,995,9.8,998,998,998,99.8,99.8,99.8,60.50022584,3,8
30979,66,56,1-66-2023-056-01,1,1,1FTFW1EF1DKG,17,460,1801,60,0,12,481,2013,34,5,31,0,1,F,3,2522,5,0,1,1,33,2,97,1,1,9,998,8,0,0,65605,9,9,0,1,1,1,2,1,1,1,1,2,2,2,1,1,0,0,9,1,1,2,12,4,1,2,3,G,50,0,0,0,0,0,0,0,0,0,0,100,265,0,0,0,1,1,63,-63,0,399405,998,0,63,0,4,3,9,1,1,3,0,995,9.8,998,998,998,99.8,99.8,99.8,103.5334329,6,8
30979,66,56,1-66-2023-056-01,1,2,2FTRF17W94CA,17,460,7331,60,0,12,481,2004,34,5,31,0,1,F,3,1843,5,0,1,1,34,2,97,1,0,1,0,2,0,0,65605,1,9,0,4,3,1,2,1,1,1,1,2,2,3,1,1,0,0,9,0,1,4,62,99,1,1,3,G,51,0,0,0,0,0,0,0,0,0,0,265,100,0,0,0,1,1,86,-85,-15,555713,998,-6,86,0,4,5,38,1,1,1,0,995,9.8,998,998,998,99.8,99.8,99.8,103.5334329,6,8
30980,66,57,1-66-2023-057-04,4,1,1FTEW1CG3FKD,17,460,1801,60,0,12,481,2015,34,5,31,99,1,B,9,2087,5,9999,9,0,998,5,113,0,7,7,887,6,8,8,99998,9,9,0,2,2,2,2,1,1,1,3,2,1,3,1,8,0,0,0,8,0,8,98,0,0,0,6,M,98,0,0,0,0,0,0,0,0,0,0,45,55,1,0,0,2,0,999,999,999,9999999,999,999,999,9,0,95,95,95,95,95,0,995,9.8,998,998,998,99.8,99.8,99.8,114.3320496,6,8
30980,66,57,1-66-2023-057-04,4,2,3GNAXXEV8MS1,17,467,1847,7,0,20,404,2021,14,3,14,0,1,B,1,1572,5,0,1,1,4,2,113,1,0,0,995,0,7,0,64870,1,2,0,2,2,2,2,1,1,1,3,2,1,3,1,8,0,0,1,0,2,3,53,2,1,1,2,D,29,1,4,2,5,7,1,1,3,1,999,55,55,0,0,0,1,1,22,22,0,23814,998,-15,19,0,4,1,2,0,1,0,1,995,9.8,998,998,998,99.8,99.8,99.8,114.3320496,6,8
30980,66,57,1-66-2023-057-04,4,3,1C4RJFJT5EC4,17,483,1949,7,0,2,422,2014,15,3,15,0,1,F,1,2387,5,50,1,1,5,2,113,1,0,0,995,0,7,0,73071,9,9,0,2,2,2,2,1,1,1,3,2,1,3,1,8,0,0,9,0,1,3,52,98,1,1,2,D,28,0,0,0,0,0,0,0,0,0,0,55,55,0,0,0,1,1,14,-14,0,25294,998,-12,16,0,4,0,0,0,0,0,0,995,9.8,998,998,998,99.8,99.8,99.8,114.3320496,6,8
30981,32,118,1-32-2023-118-06,6,1,3GCPCREC5HG1,17,467,1850,60,0,20,481,2017,34,5,31,0,1,F,3,2301,5,0,1,1,10,2,89,1,0,0,995,0,0,0,75044,9,1,0,3,5,2,1,1,1,2,3,3,0,0,3,1,0,0,9,0,1,3,51,2,1,1,2,D,24,0,0,0,0,0,0,0,0,0,0,75,75,0,0,0,1,1,48,-48,0,50227,998,0,23,0,1,99,99,0,0,99,0,995,9.8,998,998,998,99.8,99.8,99.8,1733.904961,7,8
30981,32,118,1-32-2023-118-06,6,2,4T4BF3EK3AR0,17,448,2469,13,0,49,40,2010,4,1,4,0,1,B,3,1500,5,0,1,1,10,2,89,1,0,0,995,0,0,0,75203,9,1,0,3,5,2,1,1,1,2,3,3,0,0,3,1,0,0,9,0,1,3,53,1,1,1,2,D,25,0,0,0,0,0,0,0,0,0,0,75,75,0,0,0,1,1,72,72,0,476108,998,0,88,0,1,1,1,0,1,4,0,995,9.8,998,998,998,99.8,99.8,99.8,1733.904961,7,8
30982,32,119,1-32-2023-119-02,2,1,JA4AP3AU8LU0,17,481,13867,7,0,52,404,2020,14,3,14,0,1,F,3,1415,5,0,1,1,12,2,72,0,7,7,887,6,8,8,99998,8,8,3,3,2,1,1,1,1,1,1,3,0,0,1,1,0,0,0,8,0,1,8,0,0,0,6,M,98,0,0,0,0,0,0,0,0,0,0,185,195,0,0,0,1,3,45,-42,-15,103819,998,-79,37,0,4,0,0,0,0,0,0,995,9.8,998,998,998,99.8,99.8,99.8,34.33517106,7,8
30982,32,119,1-32-2023-119-02,2,2,1FTEW1CP6KKE,17,460,1801,60,0,12,481,2019,34,5,31,0,2,B,2,1983,8,9999,9,0,998,,,,,,,,,,,,,,,,,,,,,,,,,,,,,,,,,,,,,,,,,,,,,,,,,,,,,,,,,,,,,,,,,,95,95,95,95,95,,,,,,,,,,34.33517106,7,8
30983,32,120,1-32-2023-120-07,7,1,5N1AT2ML4FC7,17,478,1913,8,0,35,51,2015,6,1,3,0,1,U,9,1550,5,9999,9,0,998,2,64,1,0,0,995,0,0,0,75224,2,9,1,3,2,2,1,1,3,2,1,2,0,0,3,1,0,0,9,1,16,2,13,99,1,4,1,A,1,0,0,0,0,0,0,0,0,0,0,998,998,0,0,0,1,0,999,999,999,9999999,999,999,999,9,0,0,0,0,0,0,0,998,0.0,40,20,20,0.0,0.0,0.0,7608.521744,7,8
30984,32,121,1-32-2023-121-03,3,1,JTDP4RCE8LJ0,17,448,2208,13,0,49,32,2020,4,1,3,0,1,F,1,1395,5,0,1,1,14,2,80,1,0,0,995,0,0,0,75119,9,9,0,2,2,1,1,1,3,4,1,3,0,0,3,1,0,0,9,1,14,2,13,7,1,4,1,A,1,0,0,0,0,0,0,0,0,0,0,998,998,0,0,0,1,1,18,-18,0,21992,998,-76,18,0,4,99,99,0,0,99,0,998,2.0,999,999,999,29.1,8.6,30.4,797.022483,7,8
30985,73,108,1-73-2023-108-07,7,1,1GKKVRKD4FJ3,17,472,1855,7,0,23,423,2015,15,3,15,0,1,F,1,2200,5,0,1,1,21,2,72,1,8,0,995,0,7,0,04950,9,9,3,4,2,1,2,1,2,1,1,2,0,0,1,1,0,0,9,0,14,3,50,2,1,1,2,D,20,0,0,0,0,0,0,0,0,0,0,130,130,0,0,0,1,3,18,-18,0,24251,998,0,17,0,4,0,0,0,0,0,0,995,9.8,998,998,998,99.8,99.8,99.8,154.2848644,3,8
30985,73,108,1-73-2023-108-07,7,2,1G1PG5S93B72,17,467,1832,13,0,20,25,2011,4,1,3,0,1,B,2,1407,5,9999,9,0,998,2,72,1,8,0,995,0,7,0,04912,9,9,3,4,2,1,2,1,2,1,1,2,0,0,1,1,0,0,1,0,5,3,53,99,1,1,2,D,21,0,0,0,0,0,0,0,0,0,0,130,130,0,0,0,1,3,29,29,0,51594,998,0,30,0,4,0,0,0,0,4,0,995,9.8,998,998,998,99.8,99.8,99.8,154.2848644,3,8
30986,73,109,1-73-2023-109-06,6,1,1GKS2BKC8HR1,17,472,1859,7,0,23,421,2017,15,3,15,0,1,F,2,2515,5,0,1,1,14,2,0,1,1,0,995,0,7,0,04945,9,9,0,4,2,1,4,2,3,2,0,0,0,0,2,1,0,0,3,1,14,1,6,99,9,4,1,B,7,0,0,0,0,0,0,0,0,0,0,998,998,0,1,1,1,12,999,999,999,9999999,999,999,999,7,0,9,97,0,1,99,0,998,0.0,28,28,120,2.5,0.7,2.6,43.57693932,3,8
30987,73,110,1-73-2023-110-07,7,1,4S4BSALC4F32,17,523,2233,7,0,48,45,2015,6,1,3,0,1,F,1,1614,5,0,1,1,11,2,72,1,8,0,995,0,7,0,04979,9,9,0,4,2,1,2,1,1,1,1,4,0,0,2,1,0,0,1,0,1,6,87,1,1,1,1,C,13,0,0,0,0,0,0,0,0,0,0,998,998,0,0,0,1,10,999,999,999,9999999,999,999,999,6,0,0,0,0,0,0,0,998,9.8,998,998,998,99.8,99.8,99.8,154.2848644,3,8
30988,73,111,1-73-2023-111-04,4,1,5TFUY5F18MX0,17,448,2467,60,0,49,482,2021,34,5,31,0,1,F,1,2555,5,0,1,1,11,2,0,1,8,0,995,0,7,0,04358,9,9,0,4,2,1,4,1,1,1,0,0,0,0,2,1,0,0,1,0,1,6,90,2,1,1,1,C,14,0,0,0,0,0,0,0,0,0,0,998,998,0,0,0,1,1,17,-17,0,29241,998,0,17,0,1,0,0,0,0,0,0,998,0.0,61,120,61,0.0,0.0,0.0,42.97709458,3,8
30989,27,74,1-27-2023-074-03,3,1,4T1BG22KX1U8,17,448,2469,13,0,49,40,2001,4,1,3,0,1,F,1,1345,5,0,2,1,8,2,48,1,0,0,995,0,0,0,01201,1,2,2,4,2,1,2,1,1,4,0,2,0,0,1,1,1,2,1,0,1,2,17,1,1,1,5,L,88,0,0,0,0,0,0,0,0,0,0,295,215,0,1,0,1,1,17,-16,-6,33956,998,-54,23,0,4,0,0,0,0,0,0,995,9.8,998,998,998,99.8,99.8,99.8,26.38578438,3,8
30989,27,74,1-27-2023-074-03,3,2,WA1EAAFY9P20,17,582,3862,7,0,32,402,2023,14,3,14,0,1,L,1,2129,5,0,1,1,8,2,48,1,0,0,995,0,0,0,01201,1,2,2,4,2,1,2,1,2,2,1,2,0,0,1,1,1,2,1,0,14,4,66,1,1,1,5,L,89,0,0,0,0,0,0,0,0,0,0,215,295,0,1,0,1,1,11,-2,11,7063,998,-160,6,0,4,1,1,0,1,4,0,995,0.8,25,15,5,0.0,0.0,0.0,26.38578438,3,8
30990,27,75,1-27-2023-075-03,3,1,KM8KRDAF0NU0,17,498,28983,7,0,55,498,2022,14,3,14,0,1,L,1,2025,5,0,1,1,13,2,56,1,0,0,995,0,0,0,01254,1,2,2,4,2,1,2,1,3,1,1,2,0,0,1,1,0,0,1,0,14,4,65,4,1,1,4,K,77,0,0,0,0,0,0,0,0,0,0,230,280,0,1,0,1,1,8,-4,7,3974,998,88,6,0,4,1,2,0,1,4,0,995,9.8,998,998,998,99.8,99.8,99.8,26.38578438,3,8
30990,27,75,1-27-2023-075-03,3,2,5GAKRAED5BJ4,17,468,1841,7,0,18,24,2011,6,1,5,0,1,R,1,2168,5,0,2,1,13,2,56,1,0,0,995,0,0,0,01235,1,2,2,4,2,1,2,1,1,2,1,2,0,0,1,1,2,2,1,0,11,2,15,1,1,1,4,K,76,0,0,0,0,0,0,0,0,0,0,280,230,0,1,0,1,1,8,-3,-7,10952,998,-117,9,0,4,1,1,0,1,4,0,995,0.5,66,13,11,0.0,0.0,0.0,26.38578438,3,8
30991,27,76,1-27-2023-076-07,7,1,KMHCT4AEXEU7,17,498,2773,13,0,55,36,2014,4,1,2,0,1,F,2,1180,5,0,1,1,10,2,40,1,0,0,995,0,0,0,01201,9,9,0,4,2,1,2,1,1,4,0,0,0,0,1,1,0,0,3,1,1,2,11,1,1,4,1,C,11,0,0,0,0,0,0,0,0,0,0,295,295,0,0,0,1,3,25,-25,0,23954,998,42,21,0,4,0,0,0,0,0,0,995,9.8,998,998,998,99.8,99.8,99.8,281.3491596,3,8
30991,27,76,1-27-2023-076-07,7,2,5GTDN1360683,17,951,4599,7,0,3,402,2006,14,3,14,0,2,B,1,2132,5,9999,9,0,998,,,,,,,,,,,,,,,,,,,,,,,,,,,,,,,,,,,,,,,,,,,,,,,,,,,,,,,,,,,,,,,,,,95,95,95,95,95,,,,,,,,,,281.3491596,3,8
30992,10,124,1-10-2023-124-01,1,1,1G1LT53T8NY1,17,467,9116,13,0,20,19,1992,4,1,2,0,1,F,1,1186,5,0,1,1,5,2,56,1,0,0,995,0,0,0,45414,1,9,0,4,2,1,2,1,1,1,0,0,0,0,1,1,0,0,9,1,1,1,8,99,1,4,1,B,6,0,0,0,0,0,0,0,0,0,0,998,998,0,0,0,1,12,999,999,999,9999999,999,999,999,6,0,0,0,0,0,2,0,998,0.0,12,8,15,0.0,0.0,0.0,19.95004175,4,8
30993,16,84,1-16-2023-084-01,1,1,1GCWGAFF3H11,17,467,1848,95,0,20,461,2017,21,4,21,0,1,F,1,2400,5,9999,9,1,17,2,56,1,8,1,15,3,7,1,45248,1,9,0,4,5,2,2,1,3,4,2,3,0,0,1,1,0,0,9,1,14,1,8,1,1,2,3,G,52,0,0,0,0,0,0,0,0,0,0,320,170,0,1,0,1,5,999,999,999,9999999,999,999,23,2,0,5,43,1,1,1,0,995,9.8,998,998,998,99.8,99.8,99.8,33.28521515,5,8
30993,16,84,1-16-2023-084-01,1,2,1FDUF5HT5NDA,17,460,1808,63,11,12,881,2022,61,8,60,0,1,L,9,,,,,,,2,56,1,8,0,995,0,7,0,45213,9,9,0,4,5,2,2,1,2,2,3,3,0,0,1,1,0,0,1,0,15,4,62,99,1,1,3,G,52,,,,,,,,,,,,,,,,,,,,,,,,,,,95,95,95,95,95,,,9.8,998,998,998,99.8,99.8,99.8,33.28521515,5,8
30995,15,144,1-15-2023-144-03,3,1,1N4BL4CV3KC2,17,478,1904,13,0,35,47,2019,4,1,4,0,1,F,3,1545,5,0,1,5,36,2,48,1,8,9,998,8,7,9,11797,1,2,0,4,2,1,2,1,3,4,0,0,0,0,1,1,6,2,1,1,14,2,11,3,1,4,1,C,11,0,0,0,0,0,0,0,0,0,0,190,210,0,0,0,1,5,999,999,999,9999999,999,999,999,8,0,1,1,0,1,4,0,995,9.8,998,998,998,99.8,99.8,99.8,39.57989802,1,8
30995,15,144,1-15-2023-144-03,3,2,JALF5C131177,17,542,14132,11,0,38,882,2001,61,8,60,0,2,B,9,,,,,,,,,,,,,,,,,,,,,,,,,,,,,,,,,,,,,,,,,,,,,,,,,,,,,,,,,,,,,,,,,,,,,,,,95,95,95,95,95,,,,,,,,,,39.57989802,1,8
30996,15,145,1-15-2023-145-03,3,1,3C6LRVCG1ME5,17,496,13628,95,0,7,463,2021,21,4,21,0,1,F,2,2167,5,0,1,1,19,2,80,1,8,0,995,0,7,0,10009,9,1,2,1,5,4,2,1,2,1,1,1,0,0,1,1,1,2,9,0,11,2,15,99,1,1,4,J,68,0,0,0,0,0,0,0,0,0,0,240,110,0,0,0,1,3,29,-25,-14,70764,998,-126,22,0,4,2,6,0,1,4,0,995,9.8,998,998,998,99.8,99.8,99.8,39.57989802,1,8
30996,15,145,1-15-2023-145-03,3,2,2T2BAMCA2PC0,17,515,2214,7,0,59,403,2023,14,3,14,0,1,L,2,2020,5,9999,9,4,11,2,80,1,8,0,995,0,7,0,11753,1,2,2,1,5,2,2,1,1,1,1,1,0,0,1,1,1,2,9,0,1,4,62,99,9,1,4,J,69,0,0,0,0,0,0,0,0,0,0,110,240,0,0,0,1,3,31,-29,11,156926,998,-99,37,0,4,1,1,0,1,4,0,995,9.8,998,998,998,99.8,99.8,99.8,39.57989802,1,8
30997,15,146,1-15-2023-146-04,4,1,1FDWF35539EA,17,460,1806,63,999,12,881,2009,61,8,60,0,1,F,9,,,,,,,5,64,1,8,9,998,8,7,9,14227,9,9,2,1,3,3,2,1,1,1,1,2,0,0,1,1,1,2,9,0,11,2,15,99,1,1,4,J,68,,,,,,,,,,,,,,,,,,,,,,,,,,,95,95,95,95,95,,,9.8,998,998,998,99.8,99.8,99.8,145.6672423,1,8
30997,15,146,1-15-2023-146-04,4,2,1FM5K8GC4LGA,17,460,1800,7,0,12,425,2020,15,3,15,0,1,F,1,2022,5,9999,9,4,28,2,64,1,8,9,998,8,7,9,11758,9,9,2,1,3,3,2,1,1,1,1,2,0,0,1,1,1,2,9,0,1,4,62,99,1,1,4,J,69,0,0,0,0,0,0,0,0,0,0,10,150,0,0,0,1,5,999,999,999,9999999,999,999,999,6,0,0,0,0,0,0,0,995,9.8,998,998,998,99.8,99.8,99.8,145.6672423,1,8
30998,15,147,1-15-2023-147-06,6,1,SHSRD78854U2,17,474,1865,7,0,37,402,2004,14,3,14,0,1,R,9,1480,5,9999,9,0,998,2,999,1,8,0,995,0,7,0,11550,9,9,2,4,3,2,2,1,1,1,1,2,0,0,3,1,0,0,9,0,11,2,15,99,1,1,4,J,68,0,0,0,0,0,0,0,0,0,0,95,355,0,0,0,1,0,999,999,999,9999999,999,999,999,9,0,0,0,0,0,0,0,995,9.8,998,998,998,99.8,99.8,99.8,86.10520154,1,8
30998,15,147,1-15-2023-147-06,6,2,1C4RDJDG3JC1,17,476,3508,7,0,7,422,2018,15,3,15,0,1,F,9,2262,5,9999,9,0,998,2,999,1,8,1,0,2,7,1,11757,9,1,2,1,1,1,2,1,3,1,1,2,0,0,3,1,0,0,9,1,14,4,62,99,1,2,4,J,69,0,0,0,0,0,0,0,0,0,0,355,95,0,0,0,1,0,999,999,999,9999999,999,999,999,9,0,0,0,0,0,3,0,995,9.8,998,998,998,99.8,99.8,99.8,86.10520154,1,8
31000,31,65,1-31-2023-065-08,8,1,1FMPU15L63LB,17,460,1799,7,0,12,422,2003,15,3,15,0,1,F,3,2579,5,9999,9,1,117,2,89,1,8,1,0,2,7,2,62946,9,9,0,4,2,1,2,1,2,4,1,2,0,0,1,1,0,0,9,1,14,2,12,99,1,4,1,B,6,0,0,0,0,0,0,0,0,0,0,998,998,0,0,1,1,98,999,999,999,9999999,999,999,999,8,0,5,43,1,1,3,0,998,0.6,34,34,-120,18.3,9.8,20.7,249.1998599,6,8
31002,22,57,1-22-2023-057-06,6,1,5TFDW5F13EX3,17,448,2467,60,0,49,482,2014,34,5,31,0,1,F,1,2480,5,9999,9,0,998,5,56,1,0,0,995,0,0,0,83843,9,9,2,4,2,1,2,1,1,2,0,0,0,0,1,1,0,0,9,1,11,2,15,99,1,2,3,G,52,0,0,0,0,0,0,0,0,0,0,30,195,0,0,0,1,3,15,-15,0,19440,998,0,14,0,4,95,95,95,95,95,0,995,9.8,998,998,998,99.8,99.8,99.8,82.04645096,12,8
31002,22,57,1-22-2023-057-06,6,2,5N1AZ2MH8HN1,17,478,1914,8,0,35,49,2017,6,1,4,0,1,F,1,1787,5,0,1,1,3,2,56,1,0,0,995,0,0,1,83871,1,2,2,4,2,1,2,1,1,4,0,0,0,0,1,1,3,2,1,0,10,4,67,2,1,1,3,G,52,0,0,0,0,0,0,0,0,0,0,195,30,0,0,0,1,3,20,-20,-3,30395,998,-18,20,0,4,1,1,0,1,4,0,995,9.8,998,998,998,99.8,99.8,99.8,82.04645096,12,8
31003,22,58,1-22-2023-058-04,4,1,4S4WMARD1L34,17,523,24836,7,0,48,421,2020,15,3,15,0,1,R,1,2051,5,79,2,5,9,2,105,1,0,0,995,0,0,0,99203,1,2,0,4,2,1,2,1,1,1,1,4,2,3,2,1,0,0,1,0,1,6,87,5,1,1,1,C,13,0,0,0,0,0,0,0,0,0,0,998,998,0,0,0,1,12,999,999,999,9999999,999,999,999,6,0,0,0,0,0,0,0,998,9.8,998,998,998,99.8,99.8,99.8,84.65668338,12,8
31004,31,67,1-31-2023-067-08,8,1,2GCEC19T4111,17,467,1850,60,0,20,481,2001,34,5,31,0,1,F,2,1980,5,9999,9,1,76,2,89,1,0,0,995,0,0,0,62919,1,9,0,4,2,1,2,99,2,1,1,4,0,0,1,1,0,0,3,1,14,2,12,99,1,4,1,B,6,1,4,1,6,99,4,99,9,1,15,998,998,0,1,9,1,12,999,999,999,9999999,999,999,999,7,0,2,6,0,1,3,9,998,0.3,13,13,60,22.3,15.2,27.0,249.1998599,6,8
31005,31,68,1-31-2023-068-06,6,1,5NPE34AF7FH0,17,498,2459,13,0,55,33,2015,4,1,4,0,1,9,9,1590,5,9999,9,0,998,2,89,1,0,0,995,0,0,0,62931,9,9,0,4,2,1,2,1,3,2,0,0,0,0,2,1,0,0,9,1,14,2,13,99,9,4,1,A,5,9,99,9,9,99,9,99,9,9,999,997,997,0,0,0,1,0,999,999,999,9999999,999,999,999,9,0,3,11,1,3,6,9,997,9.8,998,998,998,99.8,99.8,99.8,636.2822993,6,8
31008,21,74,1-21-2023-074-08,8,1,1GB3CVBK2AF1,17,467,1850,65,11,20,481,2010,34,5,31,0,1,T,1,2379,5,9999,9,1,38,2,105,1,0,1,0,2,0,1,91768,9,1,0,4,2,1,2,1,1,3,1,2,3,3,1,1,0,0,9,1,6,1,8,99,4,4,1,B,7,1,4,2,6,1,4,61,1,1,28,997,997,0,0,0,2,6,999,999,999,9999999,999,999,999,6,0,4,29,1,2,3,3,997,2.5,999,27,120,12.5,12.0,17.3,309.1215139,11,8
31011,26,85,1-26-2023-085-09,9,1,4TASN92N9YZ6,17,448,2223,60,0,49,472,2000,34,5,30,0,1,9,9,1488,5,9999,9,0,998,2,40,1,1,9,998,8,7,9,95823,9,1,0,4,2,1,2,1,3,1,0,2,0,0,3,1,0,0,9,1,14,2,13,99,9,4,1,A,1,0,0,0,0,0,0,0,0,0,0,998,998,0,0,1,99,0,999,999,999,9999999,999,999,999,9,0,99,99,0,0,99,0,998,0.0,65,2,35,4.0,1.3,4.2,1245.936707,10,8
31012,26,86,1-26-2023-086-06,6,1,2C3CCAAG8EH2,17,477,1878,13,0,6,51,2014,4,1,5,0,1,F,1,2047,5,0,1,1,31,2,105,1,0,0,995,0,0,0,95818,2,9,1,2,4,1,2,1,1,9,1,3,0,0,2,1,0,0,1,1,1,1,1,3,9,4,1,A,2,0,0,0,0,0,0,0,0,0,0,998,998,0,0,0,1,12,999,999,999,9999999,999,999,999,6,0,1,1,0,1,4,0,998,3.3,999,999,999,99.9,3.3,99.9,394.685274,10,8
31013,29,63,1-29-2023-063-04,4,1,SALRU2RV5L24,17,444,9337,7,0,62,425,2020,15,3,15,0,1,F,9,1910,5,9999,9,0,998,2,56,1,8,0,995,0,7,0,02760,9,9,0,4,4,2,2,1,1,1,3,2,0,0,1,1,0,0,1,1,15,2,13,99,9,4,1,A,1,0,0,0,0,0,0,0,0,0,0,998,998,0,0,0,1,0,999,999,999,9999999,999,999,999,9,0,0,0,0,0,0,0,998,0.2,999,999,999,0.0,0.0,0.0,448.5185845,2,8
31014,29,64,1-29-2023-064-08,8,1,5XYKT3A14BG0,17,499,2769,7,0,63,402,2011,14,3,14,0,1,F,2,1635,5,9999,9,0,998,7,48,1,9,1,200,2,9,0,02743,1,9,3,4,2,1,2,1,1,1,0,2,0,0,3,1,0,0,9,0,1,4,60,99,1,1,4,K,83,0,0,0,0,0,0,0,0,0,0,20,265,0,0,0,1,3,26,-26,0,32239,998,0,22,0,4,2,5,0,1,3,0,995,9.8,998,998,998,99.8,99.8,99.8,106.5608645,2,8
31014,29,64,1-29-2023-064-08,8,2,JF2SHADC3DH4,17,523,2234,7,0,48,401,2013,14,3,14,0,1,L,2,1570,5,0,1,1,8,2,48,1,0,0,995,0,0,0,02745,9,9,3,4,2,1,1,1,1,1,0,0,0,0,3,1,0,0,1,0,11,2,15,99,1,1,4,K,82,0,0,0,0,0,0,0,0,0,0,265,20,0,0,0,1,3,27,-14,24,66441,998,-53,30,0,4,2,5,0,1,4,0,995,0.0,999,999,999,99.9,99.9,99.9,106.5608645,2,8
31015,29,65,1-29-2023-065-06,6,1,58ABK1GG8HU0,17,515,2475,13,0,59,31,2017,4,1,4,0,1,F,1,1610,5,9999,9,4,75,5,40,1,0,0,995,0,0,0,02840,9,9,2,4,2,1,1,1,1,1,0,0,0,0,1,1,2,2,9,0,11,2,15,9,1,1,4,K,76,0,0,0,0,0,0,0,0,0,0,80,10,0,0,0,1,98,999,999,999,9999999,999,999,999,6,0,95,95,95,95,95,0,995,9.8,998,998,998,99.8,99.8,99.8,344.5305882,2,8
31015,29,65,1-29-2023-065-06,6,2,5N1AT2MV8GC8,17,478,1913,8,0,35,51,2016,6,1,3,0,1,L,1,1610,5,9999,9,4,37,2,40,1,0,0,995,0,0,0,02840,9,9,2,4,2,1,1,1,2,1,0,2,0,0,1,1,0,0,9,0,14,4,65,99,1,1,4,K,77,0,0,0,0,0,0,0,0,0,0,10,80,0,0,0,1,12,999,999,999,9999999,999,999,999,6,0,99,99,0,0,0,0,995,9.8,998,998,998,99.8,99.8,99.8,344.5305882,2,8
31017,30,89,1-30-2023-089-04,4,1,1HGCV2F31MA0,17,474,1861,13,0,37,32,2021,4,1,4,0,1,L,1,1462,5,0,1,1,16,2,72,1,0,0,995,0,0,0,85043,1,1,2,4,2,1,2,1,1,1,0,0,0,0,1,1,2,2,9,0,11,2,15,1,1,1,4,K,82,0,0,0,0,0,0,0,0,0,0,150,230,0,0,0,1,3,8,-1,8,7059,998,100,9,0,4,0,0,0,0,0,0,995,9.8,998,998,998,99.8,99.8,99.8,1121.538771,10,8
31017,30,89,1-30-2023-089-04,4,2,1G1BC5SMXG72,17,467,1832,13,0,20,25,2016,4,1,3,0,1,F,1,1399,5,0,1,1,12,2,72,1,0,0,995,0,0,0,85353,9,9,2,4,4,2,2,1,1,1,3,2,0,0,1,1,0,0,1,0,1,4,66,2,1,1,4,K,83,0,0,0,0,0,0,0,0,0,0,230,150,0,0,0,1,3,8,-8,-3,2854,998,-69,6,0,4,99,99,0,0,0,0,995,9.8,998,998,998,99.8,99.8,99.8,1121.538771,10,8