CASEID,PSU,CASENO,CASENUMBER,CATEGORY,VEHNO,VIN,VINLENGTH,VPICMAKE,VPICMODEL,VPICBODYCLASS,ICFINALBODY,MAKE,MODEL,MODELYR,BODYTYPE,BODYCAT,VEHCLASS,SPECUSE,TRANSTAT,DAMPLANE,DAMSEV,CURBWT,CURBSRC,CARGOWT,CARGOSRC,INSPTYPE,INSPLAG,TOWED,SPEEDLIMIT,DRPRESENT,PARALCOHOL,ALCTEST,ALCTESTRESULT,ALCTESTSRC,PARDRUG,DRUGTEST,ZIP,RACE,ETHNICITY,RELTOJUNCT,TRAFFLOW,RDLANES,INITLANE,SURFTYPE,SURFCOND,ALIGNMENT,PROFILE,LINERIGHT,LINELEFT,RUMBINIT,RUMBROAD,LIGHTCOND,WEATHER,TRAFDEV,TRAFFUNCT,DISTRACT,PREFHE,PREMOVE,CRITCAT,CRITEVENT,MANEUVER,PRESTAB,PRELOC,CRASHCAT,CRASHCONF,CRASHTYPE,ROLLTYPE,ROLLTURN,ROLLINTRPT,ROLLPREMAN,ROLLINITYP,ROLLINLOC,ROLLOBJ,ROLLTRIP,ROLLDIR,ROLLDIST,DVANGTHIS,DVANGOTH,TOWHITCH,TRAJDOC,TREEPOLE,DVEVENT,DVBASIS,DVTOTAL,DVLONG,DVLAT,DVENERGY,DVSPEED,DVMOMENT,DVBES,DVEST,DVCONF,VAIS,VISS,VINJSEV,VINJURED,VTREAT,INITOBJCLASS,HEADANGLECAT,SHLDRWIDTH,STRKLENGTH,STRKWIDTH,STRKHEIGHT,EDGEDISTX,EDGEDISTY,EDGEDISTZ,CASEWGT,PSUSTRAT,VERSION
31019,10,125,1-10-2023-125-07,7,1,1GNKRHKD4EJ2,17,467,1853,7,0,20,423,2014,15,3,15,0,1,F,1,2107,5,0,1,1,4,2,40,1,0,0,995,0,0,0,45439,9,9,0,4,2,1,2,1,2,1,0,0,0,0,1,1,0,0,1,1,14,2,12,99,1,4,1,B,6,0,0,0,0,0,0,0,0,0,0,85,280,0,0,0,1,8,999,999,999,9999999,999,999,999,6,0,0,0,0,0,0,0,995,9.8,998,998,998,99.8,99.8,99.8,1034.42821,4,8
31019,10,125,1-10-2023-125-07,7,2,1HGFA16817L0,17,474,1863,13,0,37,31,2007,4,1,3,0,2,L,1,1224,5,0,1,5,4,,,,,,,,,,,,,,,,,,,,,,,,,,,,,,,,,,,,,,,,,,,,,,,,,,,,,,,,,,,,,,,,,,95,95,95,95,95,,,,,,,,,,1034.42821,4,8
31020,17,110,1-17-2023-110-04,4,1,2T3P1RFV1MW2,17,448,2217,7,0,49,402,2021,14,3,14,0,1,L,1,1583,5,0,1,1,15,2,48,1,0,0,995,0,0,0,61201,1,2,2,4,4,1,2,1,1,1,1,3,0,0,1,1,1,2,1,0,10,4,66,8,1,1,4,K,78,0,0,0,0,0,0,0,0,0,0,20,70,0,0,0,1,3,9,3,8,6502,998,57,9,0,4,0,0,0,0,0,0,995,9.8,998,998,998,99.8,99.8,99.8,142.0693872,4,8
31020,17,110,1-17-2023-110-04,4,2,5GAER137X8J1,17,468,1841,7,0,18,24,2008,6,1,5,0,1,F,1,2168,5,9999,9,0,998,5,48,1,0,0,995,0,0,0,61264,9,9,2,4,2,1,2,1,1,1,0,0,0,0,1,1,1,2,9,0,1,2,17,99,1,1,4,K,79,0,0,0,0,0,0,0,0,0,0,70,20,0,0,0,1,3,7,-7,-2,3984,998,-24,7,0,4,95,95,95,95,95,0,995,9.8,998,998,998,99.8,99.8,99.8,142.0693872,4,8
31022,30,91,1-30-2023-091-01,1,1,1HGCV1F30MA0,17,474,1861,13,0,37,32,2021,4,1,4,0,1,F,3,1462,5,9999,9,4,160,2,121,1,9,1,203,3,9,1,78596,9,9,0,1,2,2,2,1,1,1,3,1,1,3,2,1,0,0,9,1,1,2,12,99,1,4,1,B,6,0,0,0,0,0,0,0,0,0,0,998,998,0,0,9,1,12,999,999,999,9999999,999,999,999,8,0,2,12,1,1,1,0,998,9.9,999,999,999,99.9,99.9,99.9,33.35254748,10,8
31023,30,92,1-30-2023-092-03,3,1,4T1BK1EB9EU0,17,448,2465,13,0,49,43,2014,4,1,4,0,1,R,1,1620,5,0,1,1,8,2,64,1,0,0,995,0,0,0,99999,9,9,2,1,6,6,2,1,1,1,1,0,0,0,3,1,1,2,1,0,11,2,15,1,1,1,4,J,68,0,0,0,0,0,0,0,0,0,0,20,265,0,0,0,1,1,20,-13,-15,14760,998,-39,14,0,4,0,0,0,0,0,0,995,9.8,998,998,998,99.8,99.8,99.8,209.1390355,10,8
31023,30,92,1-30-2023-092-03,3,2,MAJ3S2KEXKC2,17,460,17774,7,0,12,403,2019,14,3,14,0,1,F,1,1370,5,0,1,1,30,2,64,1,0,0,995,0,0,0,99999,9,9,2,1,6,2,2,1,1,1,3,3,0,0,3,1,1,2,1,0,1,4,62,2,1,1,4,J,69,0,0,0,0,0,0,0,0,0,0,265,20,0,0,0,1,1,24,-22,8,52062,998,61,27,0,4,99,99,0,0,8,0,995,9.8,998,998,998,99.8,99.8,99.8,209.1390355,10,8
31025,21,76,1-21-2023-076-03,3,1,19XFC2F60LE2,17,474,1863,13,0,37,31,2020,4,1,3,0,1,F,1,1252,5,9999,9,4,62,2,72,1,0,0,995,0,0,0,92337,9,1,2,4,5,2,2,1,1,1,3,1,0,0,1,1,1,2,9,0,1,2,17,99,1,1,5,L,86,0,0,0,0,0,0,0,0,0,0,185,275,0,0,0,1,12,999,999,999,9999999,999,999,999,6,0,1,1,0,1,4,0,995,9.8,998,998,998,99.8,99.8,99.8,357.9330983,11,8
31025,21,76,1-21-2023-076-03,3,2,1GNERFKW0LJ2,17,467,1853,7,0,20,423,2020,15,3,15,0,1,R,1,1978,5,9999,9,4,62,2,56,1,0,0,995,0,0,0,92324,9,1,2,4,3,1,2,1,1,4,0,1,0,0,1,1,1,2,9,0,1,4,66,99,1,1,5,L,87,0,0,0,0,0,0,0,0,0,0,275,185,0,0,0,1,12,999,999,999,9999999,999,999,999,6,0,99,99,0,0,99,0,995,9.8,998,998,998,99.8,99.8,99.8,357.9330983,11,8
31026,77,74,1-77-2023-074-01,1,1,5FNYF8H00MB0,17,474,5959,7,0,37,422,2021,15,3,15,0,1,T,3,1890,5,0,1,1,8,2,72,1,9,1,0,3,9,1,22902,1,2,0,4,2,1,2,1,3,9,1,2,1,0,1,1,6,2,1,0,14,6,91,1,1,1,1,C,15,0,0,0,0,0,0,0,0,0,0,998,998,0,0,0,1,7,999,999,999,9999999,999,999,999,8,0,1,1,1,1,1,0,998,1.4,999,999,999,99.9,99.9,99.9,235.5059434,9,8
31026,77,74,1-77-2023-074-01,1,2,1HGCP26489A1,17,474,1861,13,0,37,32,2009,4,1,4,0,1,L,1,1468,5,0,1,1,7,2,72,1,0,0,995,0,0,0,22963,9,9,0,4,2,1,2,1,2,9,1,2,1,0,1,1,6,2,1,0,14,4,62,99,1,1,6,M,98,0,0,0,0,0,0,0,0,0,0,320,110,0,0,0,2,3,11,-10,6,12115,998,-80,13,0,4,1,1,0,1,4,0,995,9.9,999,999,999,99.9,99.9,99.9,235.5059434,9,8
31027,77,75,1-77-2023-075-03,3,1,1FMCU9HD2JUB,17,460,1798,7,0,12,402,2018,14,3,14,0,1,F,1,1668,5,9999,9,1,8,2,89,1,0,0,995,0,0,0,22932,1,2,1,2,3,1,2,1,2,1,1,1,2,2,1,1,0,0,1,0,14,3,50,3,1,1,2,D,20,0,0,0,0,0,0,0,0,0,0,55,60,0,0,0,1,1,18,-18,0,14314,998,30,14,0,3,1,1,0,1,4,0,995,9.8,998,998,998,99.8,99.8,99.8,1784.370982,9,8
31027,77,75,1-77-2023-075-03,3,2,4S3GKAA62L16,17,523,2235,13,0,48,38,2020,4,1,3,0,1,B,1,1376,5,0,1,1,5,2,89,1,0,0,995,0,0,0,23093,9,9,1,2,3,1,2,1,1,1,1,1,2,2,1,1,0,0,1,0,5,3,53,1,1,1,2,D,21,0,0,0,0,0,0,0,0,0,0,60,55,0,0,0,1,1,22,22,0,39717,998,36,26,0,4,1,1,0,1,6,0,995,9.8,998,998,998,99.8,99.8,99.8,1784.370982,9,8
31027,77,75,1-77-2023-075-03,3,3,WVGRV7AX6HK0,17,482,8151,7,0,30,402,2017,14,3,14,0,1,F,1,1539,5,0,1,1,6,2,89,1,0,0,995,0,0,0,22901,9,9,1,2,3,1,2,1,2,1,1,3,2,2,1,1,0,0,1,0,2,3,53,1,1,1,6,M,98,0,0,0,0,0,0,0,0,0,0,60,60,0,0,0,3,3,15,-15,0,14348,998,-41,14,0,4,0,0,0,0,0,0,995,9.8,998,998,998,99.8,99.8,99.8,1784.370982,9,8
31027,77,75,1-77-2023-075-03,3,4,5TDHZRBH0LS5,17,448,2213,7,0,49,403,2020,14,3,14,0,1,B,1,1950,5,9999,9,0,998,5,89,1,0,0,995,0,0,0,24019,9,9,1,2,3,1,2,1,2,1,1,3,2,2,1,1,0,0,1,0,5,3,53,1,1,1,6,M,98,0,0,0,0,0,0,0,0,0,0,60,60,0,0,0,3,3,12,12,0,12324,998,0,13,0,4,95,95,95,95,95,0,995,9.8,998,998,998,99.8,99.8,99.8,1784.370982,9,8
31028,77,76,1-77-2023-076-02,2,1,5N1AZ2BJ5LN1,17,478,1914,7,0,35,422,2020,15,3,15,0,1,F,2,1721,5,0,1,1,7,2,89,1,0,0,995,0,0,0,22942,1,2,1,2,3,2,2,1,1,1,3,3,0,1,1,1,0,0,1,0,1,3,52,4,1,1,2,D,28,0,0,0,0,0,0,0,0,0,0,255,250,0,0,0,1,1,27,-27,0,88510,998,-17,35,0,1,1,1,0,1,4,0,995,9.8,998,998,998,99.8,99.8,99.8,85.05795625,9,8
31028,77,76,1-77-2023-076-02,2,2,2T3P1RFV2LW1,17,448,2217,7,0,49,402,2020,14,3,14,0,1,B,2,1583,5,0,1,1,14,3,89,1,0,0,995,0,0,0,22974,9,9,1,2,3,3,2,1,1,1,3,2,1,1,1,1,0,0,1,0,2,3,53,1,1,1,2,D,29,0,0,0,0,0,0,0,0,0,0,250,255,0,0,0,1,1,30,30,0,18602,998,-5,17,0,1,1,1,0,1,4,0,995,9.8,998,998,998,99.8,99.8,99.8,85.05795625,9,8
31028,77,76,1-77-2023-076-02,2,3,5N1AR18B68C6,17,478,1911,7,0,35,401,2008,14,3,14,0,1,B,1,2185,5,9999,9,0,998,5,89,1,0,0,995,0,0,0,22903,9,9,1,2,3,3,2,1,1,1,3,2,1,1,1,1,0,0,1,0,2,3,53,1,1,1,6,M,98,0,0,0,0,0,0,0,0,0,0,250,255,0,0,0,2,3,11,11,0,11471,998,0,12,0,4,95,95,95,95,95,0,995,9.8,998,998,998,99.8,99.8,99.8,85.05795625,9,8
31030,18,63,1-18-2023-063-02,2,1,2T2BZMCA6KC2,17,515,2214,7,0,59,403,2019,14,3,14,0,1,T,2,2020,5,0,1,4,41,2,113,1,1,8,997,8,9,3,55115,1,9,0,1,2,2,2,2,1,1,3,2,1,3,2,8,0,0,9,1,1,2,12,8,9,4,1,B,6,1,6,2,2,1,4,61,1,2,48,997,997,0,0,0,1,6,999,999,999,9999999,999,999,999,7,0,1,1,0,1,4,3,997,9.8,998,998,998,99.8,99.8,99.8,45.26016083,6,8
31032,54,63,1-54-2023-063-08,8,1,JTLKT3245640,17,448,2210,7,0,49,49,2006,6,1,1,99,1,F,9,1120,2,9999,9,0,998,2,72,1,0,0,995,0,0,0,35661,1,9,0,4,2,1,2,1,2,1,0,2,0,0,2,1,0,0,9,1,14,2,13,99,9,4,1,A,1,0,0,0,0,0,0,0,0,0,0,998,998,0,1,7,1,0,999,999,999,9999999,999,999,999,9,0,1,2,0,1,4,0,998,0.0,20,20,999,15.6,1.1,15.5,200.2676298,9,8
31033,48,69,1-48-2023-069-09,9,1,4S4BP61C4863,17,523,2233,7,0,48,45,2008,6,1,3,0,1,T,1,1500,5,0,1,1,14,2,129,1,0,0,995,0,0,0,97140,9,9,1,1,2,2,2,1,1,1,3,2,1,3,2,1,0,0,3,1,1,2,12,1,1,4,1,B,6,1,4,2,2,1,4,61,1,1,30,997,997,0,0,0,1,6,999,999,999,9999999,999,999,999,6,0,9,97,0,1,0,3,997,9.8,998,998,998,99.8,99.8,99.8,365.2632603,12,8
31034,48,70,1-48-2023-070-04,4,1,1C4RJFLG1LC2,17,483,1949,7,0,2,422,2020,15,3,15,0,1,F,1,2336,5,0,1,1,12,2,121,1,0,0,995,0,0,0,83201,9,9,0,2,2,1,1,2,1,1,1,3,2,3,1,2,0,0,1,1,1,1,6,1,1,4,1,B,6,0,0,0,0,0,0,0,0,0,0,998,998,0,0,0,1,10,999,999,999,9999999,999,145,10,2,0,0,0,0,0,0,0,998,1.1,999,999,999,6.0,4.0,7.2,245.8207386,12,8
31035,48,71,1-48-2023-071-03,3,1,5XYPGDA51LG6,17,499,2769,7,0,63,402,2020,14,3,14,0,1,F,1,1860,5,0,1,1,5,2,89,1,0,0,995,0,0,0,84040,1,2,0,5,6,3,2,1,1,1,3,2,0,0,1,1,0,0,2,0,1,3,52,2,1,1,2,D,28,0,0,0,0,0,0,0,0,0,0,260,260,0,1,0,1,1,24,-24,0,24206,998,20,18,0,4,0,0,0,0,0,0,995,9.8,998,998,998,99.8,99.8,99.8,74.78725036,12,8
31035,48,71,1-48-2023-071-03,3,2,KMHLN4AJ0PU0,17,498,2735,13,0,55,35,2023,4,1,3,0,1,B,2,1236,5,0,1,1,5,2,89,1,1,0,995,0,0,0,84321,1,2,0,5,6,3,2,1,1,1,3,2,0,0,1,1,0,0,1,0,2,3,53,1,1,1,2,D,29,0,0,0,0,0,0,0,0,0,0,260,260,0,1,0,1,1,32,32,0,77021,998,0,37,0,4,9,97,0,1,0,0,995,9.8,998,998,998,99.8,99.8,99.8,74.78725036,12,8
31035,48,71,1-48-2023-071-03,3,3,19XFB2F57DE2,17,474,1863,13,0,37,31,2013,4,1,3,0,1,B,9,1236,5,9999,9,0,998,5,89,1,0,0,995,0,0,0,84015,9,9,0,5,6,3,2,1,1,1,3,2,0,0,1,1,0,0,9,0,5,3,53,99,1,1,6,M,98,0,0,0,0,0,0,0,0,0,0,260,260,0,1,0,2,0,999,999,999,9999999,999,999,999,9,0,95,95,95,95,95,0,995,9.8,998,998,998,99.8,99.8,99.8,74.78725036,12,8
31035,48,71,1-48-2023-071-03,3,4,3VW6T7AU4LM0,17,482,13670,5,0,30,42,2020,5,1,2,0,1,B,9,1378,5,9999,9,0,998,5,89,1,0,0,995,0,0,0,84321,9,9,0,5,6,3,2,1,1,1,3,2,0,0,1,1,0,0,9,0,5,3,53,99,1,1,6,M,98,0,0,0,0,0,0,0,0,0,0,260,260,0,1,0,3,0,999,999,999,9999999,999,999,999,9,0,95,95,95,95,95,0,995,9.8,998,998,998,99.8,99.8,99.8,74.78725036,12,8
31036,59,99,1-59-2023-099-04,4,1,5XXGT4L32KG2,17,499,2739,13,0,63,34,2019,4,1,4,0,1,F,1,1465,5,0,1,1,4,2,48,1,0,1,0,1,0,0,47807,2,2,0,4,2,1,2,1,1,1,0,0,0,0,1,1,0,0,3,1,1,2,12,1,1,4,1,C,11,0,0,0,0,0,0,0,0,0,0,0,185,0,1,0,1,12,999,999,999,9999999,999,999,999,6,0,0,0,0,0,0,0,995,9.8,998,998,998,99.8,99.8,99.8,963.7242982,6,8
31036,59,99,1-59-2023-099-04,4,2,1J4GL58K32W2,17,483,1944,7,0,2,405,2002,14,3,14,0,2,F,9,1867,5,9999,9,0,998,,,,,,,,,,,,,,,,,,,,,,,,,,,,,,,,,,,,,,,,,,,,,,,,,,,,,,,,,,,,,,,,,,95,95,95,95,95,,,,,,,,,,963.7242982,6,8
31037,59,100,1-59-2023-100-02,2,1,1FAFP24135G2,17,460,2347,13,0,12,21,2005,4,1,4,0,1,R,1,1662,5,0,1,1,7,2,48,1,0,0,995,0,0,0,47802,9,9,2,4,2,1,2,1,1,1,0,2,0,0,1,8,1,2,2,0,1,2,17,99,1,1,5,L,87,0,0,0,0,0,0,0,0,0,0,90,0,0,0,0,1,3,8,-1,-8,6268,998,-6,10,0,4,0,0,0,0,0,0,995,9.8,998,998,998,99.8,99.8,99.8,47.45671854,6,8
31037,59,100,1-59-2023-100-02,2,2,1FDEE14N5RHC,17,460,1796,95,0,12,461,1994,21,4,21,0,1,F,1,2295,5,9999,9,0,998,5,48,1,0,0,995,0,0,0,47805,9,9,2,1,3,1,2,1,1,1,0,3,0,0,1,8,1,2,9,0,1,4,66,99,1,1,5,L,86,0,0,0,0,0,0,0,0,0,0,0,90,0,0,0,1,3,6,-6,1,2292,998,42,5,0,4,95,95,95,95,95,0,995,9.8,998,998,998,99.8,99.8,99.8,47.45671854,6,8
31037,59,100,1-59-2023-100-02,2,3,1G1ZE5SX5LF0,17,467,1834,13,0,20,37,2020,4,1,4,0,1,F,2,1462,5,0,1,1,8,2,48,1,0,0,995,0,0,0,47802,2,9,2,4,3,1,2,1,1,1,0,1,0,0,1,8,1,2,3,0,5,4,62,99,1,1,6,M,98,0,0,0,0,0,0,0,0,0,0,270,80,0,0,0,2,12,999,999,999,9999999,999,999,999,7,0,1,2,0,1,4,0,995,9.8,998,998,998,99.8,99.8,99.8,47.45671854,6,8
31037,59,100,1-59-2023-100-02,2,4,3C7WRNBL1HG7,17,496,13625,74,11,7,881,2017,61,8,60,0,1,F,9,,,,,,,5,48,1,0,0,995,0,0,0,47882,9,9,2,4,3,1,2,1,1,1,0,1,0,0,1,8,1,2,9,0,5,3,54,99,1,1,6,M,98,,,,,,,,,,,,,,,,,,,,,,,,,,,95,95,95,95,95,,,9.8,998,998,998,99.8,99.8,99.8,47.45671854,6,8
31038,12,74,1-12-2023-074-10,10,1,1G6KD52Y8TU3,17,469,8844,13,0,19,3,1996,4,1,4,0,1,F,1,1709,5,0,1,1,10,3,40,1,1,2,996,1,0,0,73401,9,9,2,4,2,1,1,1,1,4,0,0,0,0,3,1,2,2,9,1,11,2,14,99,2,4,1,C,14,0,0,0,0,0,0,0,0,0,0,998,998,0,1,0,1,10,999,999,999,9999999,999,999,999,6,0,0,0,0,0,0,0,998,0.0,120,12,105,4.1,0.9,4.4,2436.470767,9,8
31039,12,75,1-12-2023-075-02,2,1,1C6SRFHT5KN5,17,496,13620,60,0,7,482,2019,34,5,31,0,1,F,2,2327,5,0,1,1,7,2,40,1,1,1,395,2,0,0,73401,5,2,0,4,2,1,2,1,2,1,0,2,0,0,1,1,0,0,1,1,14,2,12,8,2,4,1,B,6,0,0,0,0,0,0,0,0,0,0,998,998,0,1,0,2,7,999,999,999,9999999,999,999,999,7,0,2,4,0,1,4,0,998,0.0,120,17,15,0.0,0.0,0.0,212.0723508,9,8
31040,12,76,1-12-2023-076-04,4,1,3N1CN8DV0ML8,17,478,1894,13,0,35,50,2021,4,1,2,0,1,L,9,1194,5,9999,9,0,998,5,40,1,0,0,995,0,0,0,76266,9,9,2,3,4,3,2,1,1,1,3,3,0,0,1,8,1,2,9,1,11,2,15,99,1,2,4,J,72,0,0,0,0,0,0,0,0,0,0,100,110,0,0,0,1,0,999,999,999,9999999,999,999,999,9,0,95,95,95,95,95,0,995,9.8,998,998,998,99.8,99.8,99.8,289.2799438,9,8
31040,12,76,1-12-2023-076-04,4,2,1GNERHKW3LJ3,17,467,1853,7,0,20,423,2020,15,3,15,0,1,R,1,1978,5,0,1,1,5,2,40,1,0,0,995,0,0,0,73443,1,2,2,3,4,4,2,1,1,1,3,0,0,0,1,8,1,2,1,0,1,4,61,1,1,1,4,J,73,0,0,0,0,0,0,0,0,0,0,110,100,0,0,0,1,8,999,999,999,9999999,999,999,999,6,0,0,0,0,0,0,0,995,9.8,998,998,998,99.8,99.8,99.8,289.2799438,9,8
31041,33,51,1-33-2023-051-08,8,1,5TEHN72N71Z8,17,448,2223,60,0,49,472,2001,34,5,30,0,1,L,2,1681,5,0,1,1,13,2,105,1,0,1,0,2,0,2,95938,1,9,0,2,2,2,2,1,1,1,3,2,1,3,4,1,0,0,9,1,1,2,12,2,2,4,1,B,6,1,4,2,1,1,2,61,1,1,38,997,997,0,0,0,2,6,999,999,999,9999999,999,999,999,7,0,2,5,0,1,3,3,997,4.1,999,999,999,0.0,0.0,0.0,110.7039831,12,8
31042,17,111,1-17-2023-111-07,7,1,4S4BSBNC0G32,17,523,2233,7,0,48,45,2016,6,1,3,0,1,F,1,1614,5,0,1,1,10,2,72,1,0,0,995,0,0,0,61264,1,2,2,1,3,1,1,1,2,1,1,1,0,0,1,1,1,2,3,0,14,3,50,3,1,1,2,D,20,0,0,0,0,0,0,0,0,0,0,200,195,0,0,0,1,3,15,-15,-3,18310,998,12,17,0,4,1,1,0,1,0,0,995,9.8,998,998,998,99.8,99.8,99.8,79.54789887,4,8
31042,17,111,1-17-2023-111-07,7,2,3GKALTEG0PL2,17,472,1858,7,0,23,402,2023,14,3,14,0,1,B,1,1643,5,9999,9,0,998,5,72,1,0,0,995,0,0,0,62702,9,9,2,1,3,1,1,1,2,1,1,1,0,0,1,1,1,2,9,0,5,3,53,99,1,1,2,D,21,0,0,0,0,0,0,0,0,0,0,195,200,0,0,0,1,3,16,15,5,17994,998,-87,14,0,4,95,95,95,95,95,0,995,9.8,998,998,998,99.8,99.8,99.8,79.54789887,4,8
31043,17,112,1-17-2023-112-04,4,1,MAJ3S2GE9MC3,17,460,17774,7,0,12,403,2021,14,3,14,0,1,F,1,1370,5,0,1,1,10,2,48,1,0,0,995,0,0,0,61201,1,2,1,3,1,1,2,1,2,9,1,2,3,3,1,8,3,2,1,0,4,3,50,99,1,1,2,D,20,0,0,0,0,0,0,0,0,0,0,270,270,0,0,0,1,5,999,999,999,9999999,999,999,999,6,0,0,0,0,0,0,0,995,9.8,998,998,998,99.8,99.8,99.8,59.79326827,4,8
31043,17,112,1-17-2023-112-04,4,2,1FD0W4HT9CEB,17,460,1807,63,999,12,881,2012,61,8,60,0,1,B,9,,,,,,,5,48,1,0,0,995,0,0,0,52722,9,9,1,3,1,1,2,1,2,9,1,2,3,3,1,8,3,2,9,0,5,3,53,99,1,1,2,D,21,,,,,,,,,,,,,,,,,,,,,,,,,,,95,95,95,95,95,,,9.8,998,998,998,99.8,99.8,99.8,59.79326827,4,8
31044,17,113,1-17-2023-113-07,7,1,1GCEC14W8WZ1,17,467,10978,60,0,20,481,1998,34,5,31,0,1,F,1,2095,5,9999,9,0,998,5,48,1,0,0,995,0,0,0,61244,9,9,2,4,4,1,1,1,1,1,0,1,0,0,1,1,1,2,9,1,10,2,16,99,2,2,3,I,64,0,0,0,0,0,0,0,0,0,0,115,355,0,0,0,1,3,10,-10,-2,12415,998,-87,11,0,4,95,95,95,95,95,0,995,9.8,998,998,998,99.8,99.8,99.8,79.54789887,4,8
31044,17,113,1-17-2023-113-07,7,2,KNDPB3AC8G78,17,499,2770,7,0,63,401,2016,14,3,14,0,1,L,1,1471,5,0,1,1,8,2,48,1,0,0,995,0,0,0,61244,1,9,2,4,3,2,1,1,1,1,1,2,0,0,1,1,1,2,9,0,5,4,62,99,1,1,3,I,65,0,0,0,0,0,0,0,0,0,0,355,115,0,0,0,1,3,15,-9,11,14598,998,-65,14,0,4,0,0,0,0,0,0,995,9.8,998,998,998,99.8,99.8,99.8,79.54789887,4,8
31045,17,114,1-17-2023-114-04,4,1,3FA6P0H73JR1,17,460,1780,13,0,12,23,2018,4,1,4,0,1,L,1,1558,5,0,1,1,13,2,48,1,0,0,995,0,0,0,52806,2,2,2,4,5,3,2,1,1,1,3,2,0,0,1,1,1,2,1,0,1,2,17,2,1,1,5,L,89,0,0,0,0,0,0,0,0,0,0,180,275,0,0,0,1,1,16,-6,15,16353,998,-150,11,0,4,1,1,0,1,8,0,995,0.0,999,999,999,2.7,1.8,2.9,59.79326827,4,8
31045,17,114,1-17-2023-114-04,4,2,3FA6P0D95LR1,17,460,1780,13,0,12,23,2020,4,1,4,0,1,F,1,1575,5,0,1,1,13,2,48,1,0,0,995,0,0,0,61201,1,1,2,3,5,3,2,1,1,1,3,3,0,0,1,1,1,2,1,0,1,4,66,2,1,1,5,L,88,0,0,0,0,0,0,0,0,0,0,275,180,0,0,0,1,1,16,-15,-5,38410,998,-74,22,0,4,0,0,0,0,0,0,995,9.8,998,998,998,99.8,99.8,99.8,59.79326827,4,8
31049,19,107,1-19-2023-107-09,9,1,1GTDS1368582,17,472,4093,60,0,23,472,2005,34,5,30,0,1,F,1,1702,5,9999,9,0,998,5,56,1,0,0,995,0,0,0,35957,9,9,2,4,2,1,2,2,1,1,0,0,0,0,1,2,0,0,9,0,1,3,50,99,1,1,2,D,20,0,0,0,0,0,0,0,0,0,0,210,210,0,1,0,1,3,12,-12,0,7613,998,0,11,0,4,95,95,95,95,95,0,995,9.8,998,998,998,99.8,99.8,99.8,777.0105046,9,8
31049,19,107,1-19-2023-107-09,9,2,2T1BU4EEXAC2,17,448,2208,13,0,49,32,2010,4,1,2,0,1,B,1,1279,5,0,1,1,9,2,56,1,0,0,995,0,0,0,35956,1,2,2,4,2,1,2,2,1,1,0,0,0,0,1,2,0,0,1,0,5,3,53,1,1,1,2,D,21,0,0,0,0,0,0,0,0,0,0,210,210,0,1,0,1,3,14,14,0,13519,998,0,15,0,4,2,5,0,2,4,0,995,9.8,998,998,998,99.8,99.8,99.8,777.0105046,9,8
31050,19,108,1-19-2023-108-03,3,1,1GCRYCEF3KZ2,17,467,1850,60,0,20,481,2019,34,5,31,0,1,F,1,2184,5,0,1,3,7,2,56,1,0,0,995,0,0,0,35956,1,9,0,4,4,2,2,1,1,1,3,2,0,0,1,1,0,0,9,1,1,2,10,2,1,2,3,G,50,0,0,0,0,0,0,0,0,0,0,270,90,0,0,0,1,3,13,-13,2,19798,998,11,15,0,4,0,0,0,0,4,0,995,9.8,998,998,998,99.8,99.8,99.8,101.9953284,9,8
31050,19,108,1-19-2023-108-03,3,2,JTDKAMFU4N31,17,448,2209,5,0,49,46,2022,5,1,3,0,1,F,1,1390,5,0,1,1,7,2,56,1,0,0,995,0,0,0,35905,1,2,0,4,4,2,2,1,1,1,3,2,0,0,1,1,0,0,1,0,1,4,62,2,1,1,3,G,51,0,0,0,0,0,0,0,0,0,0,90,270,0,0,0,1,3,20,-20,3,18037,998,5,18,0,4,1,1,0,1,0,0,995,9.8,998,998,998,99.8,99.8,99.8,101.9953284,9,8
31053,30,95,1-30-2023-095-02,2,1,3N1CP5BV9LL5,17,478,22791,5,0,35,56,2020,5,1,2,0,1,R,2,1200,5,0,1,4,34,2,64,1,1,8,997,8,0,0,85226,9,9,2,2,4,4,2,1,1,1,1,0,0,0,3,1,1,2,9,0,12,2,21,1,1,1,6,M,98,0,0,0,0,0,0,0,0,0,0,280,180,0,0,0,1,98,999,999,999,9999999,999,999,999,7,0,9,97,0,2,8,0,995,9.8,998,998,998,99.8,99.8,99.8,36.31761786,10,8
31053,30,95,1-30-2023-095-02,2,2,SALEP7EU1L20,17,444,9345,7,0,62,427,2020,15,3,15,0,1,F,2,2186,5,0,1,4,34,2,64,1,0,0,995,0,0,0,85288,9,9,2,1,4,2,2,1,1,1,3,3,0,0,3,1,1,2,1,0,1,4,62,8,1,1,6,M,98,0,0,0,0,0,0,0,0,0,0,180,280,0,0,0,1,98,999,999,999,9999999,999,999,999,7,0,99,99,0,0,99,0,995,0.0,999,999,999,2.2,0.0,2.2,36.31761786,10,8
31054,11,57,1-11-2023-057-02,2,1,1G4ZW5SS1KU1,17,468,1821,13,0,18,22,2019,4,1,5,0,1,F,1,1632,5,0,1,1,46,2,56,1,0,1,0,2,0,1,23224,3,2,2,1,6,5,2,1,1,9,3,3,0,0,1,1,1,2,1,0,1,3,51,99,1,1,2,D,24,0,0,0,0,0,0,0,0,0,0,260,250,0,0,0,1,3,19,-18,-3,16094,998,20,16,0,4,0,0,0,0,4,0,995,9.8,998,998,998,99.8,99.8,99.8,139.1941217,8,8