CASEID,PSU,CASENO,CASENUMBER,CATEGORY,VEHNO,VIN,VINLENGTH,VPICMAKE,VPICMODEL,VPICBODYCLASS,ICFINALBODY,MAKE,MODEL,MODELYR,BODYTYPE,BODYCAT,VEHCLASS,SPECUSE,TRANSTAT,DAMPLANE,DAMSEV,CURBWT,CURBSRC,CARGOWT,CARGOSRC,INSPTYPE,INSPLAG,TOWED,SPEEDLIMIT,DRPRESENT,PARALCOHOL,ALCTEST,ALCTESTRESULT,ALCTESTSRC,PARDRUG,DRUGTEST,ZIP,RACE,ETHNICITY,RELTOJUNCT,TRAFFLOW,RDLANES,INITLANE,SURFTYPE,SURFCOND,ALIGNMENT,PROFILE,LINERIGHT,LINELEFT,RUMBINIT,RUMBROAD,LIGHTCOND,WEATHER,TRAFDEV,TRAFFUNCT,DISTRACT,PREFHE,PREMOVE,CRITCAT,CRITEVENT,MANEUVER,PRESTAB,PRELOC,CRASHCAT,CRASHCONF,CRASHTYPE,ROLLTYPE,ROLLTURN,ROLLINTRPT,ROLLPREMAN,ROLLINITYP,ROLLINLOC,ROLLOBJ,ROLLTRIP,ROLLDIR,ROLLDIST,DVANGTHIS,DVANGOTH,TOWHITCH,TRAJDOC,TREEPOLE,DVEVENT,DVBASIS,DVTOTAL,DVLONG,DVLAT,DVENERGY,DVSPEED,DVMOMENT,DVBES,DVEST,DVCONF,VAIS,VISS,VINJSEV,VINJURED,VTREAT,INITOBJCLASS,HEADANGLECAT,SHLDRWIDTH,STRKLENGTH,STRKWIDTH,STRKHEIGHT,EDGEDISTX,EDGEDISTY,EDGEDISTZ,CASEWGT,PSUSTRAT,VERSION
31054,11,57,1-11-2023-057-02,2,2,4T1BE46K17U0,17,448,2469,13,0,49,40,2007,4,1,4,0,1,B,1,1500,5,9999,9,0,998,5,56,1,0,0,995,0,0,0,23224,9,9,2,1,6,4,2,1,1,9,3,3,0,0,1,1,1,2,1,0,15,3,53,99,1,1,2,D,25,0,0,0,0,0,0,0,0,0,0,250,260,0,0,0,1,3,21,20,7,42601,998,-93,23,0,4,95,95,95,95,95,0,995,9.8,998,998,998,99.8,99.8,99.8,139.1941217,8,8
31055,11,58,1-11-2023-058-03,3,1,WP0AB2A90DS1,17,584,7832,3,0,45,31,2013,2,1,1,0,1,R,3,1400,5,0,1,4,47,2,40,1,0,1,0,2,0,0,22314,1,9,2,4,2,1,2,2,1,9,0,0,0,0,1,2,2,2,1,0,1,2,17,2,1,1,5,L,87,0,0,0,0,0,0,0,0,0,0,30,320,0,0,0,1,3,40,0,-40,128790,998,-29,46,0,4,2,9,0,1,3,0,995,0.0,10,10,120,0.0,0.0,0.0,2529.112944,8,8
31055,11,58,1-11-2023-058-03,3,2,2C4RC1FG8LR2,17,477,3628,2,0,6,443,2020,20,4,20,0,1,F,2,1964,5,0,1,1,47,2,40,1,0,0,995,0,0,0,23113,1,9,2,4,3,2,2,2,3,1,1,2,0,0,1,2,0,0,1,0,14,4,66,4,1,1,5,L,86,0,0,0,0,0,0,0,0,0,0,320,30,0,0,0,1,3,29,-27,10,47254,998,78,22,0,4,1,2,0,1,4,0,995,9.8,998,998,998,99.8,99.8,99.8,2529.112944,8,8
31056,16,85,1-16-2023-085-02,2,1,1G1ZD5ST1MF0,17,467,1834,13,0,20,37,2021,4,1,4,0,1,F,3,1418,5,0,1,1,43,2,56,1,8,1,0,2,7,2,45328,2,2,0,4,5,99,2,1,2,2,1,2,0,0,1,1,0,0,9,1,14,2,10,1,1,2,3,G,50,0,0,0,0,0,0,0,0,0,0,240,85,0,1,0,1,1,53,-53,-9,100062,998,-17,41,0,1,3,27,1,1,3,0,995,9.8,998,998,998,99.8,99.8,99.8,15.76768136,5,8
31056,16,85,1-16-2023-085-02,2,2,1FTNE2YM3FKB,17,460,3608,95,0,12,462,2015,21,4,21,0,1,F,2,2268,5,9999,9,1,43,2,56,1,8,1,0,2,7,0,45328,1,9,0,4,5,2,2,1,3,4,3,2,0,0,1,1,0,0,1,1,14,4,62,98,1,2,3,G,51,0,0,0,0,0,0,0,0,0,0,85,240,0,1,0,1,1,33,-31,11,176482,998,50,41,0,1,2,5,0,2,3,0,995,9.8,998,998,998,99.8,99.8,99.8,15.76768136,5,8
31057,16,86,1-16-2023-086-01,1,1,1FTFW1ET0CFB,17,460,1801,60,0,12,481,2012,34,5,30,0,1,F,2,2522,5,0,1,5,61,2,105,1,0,0,995,0,0,0,46142,9,9,0,1,2,2,2,1,2,1,3,2,1,3,1,8,0,0,3,1,14,2,12,2,1,4,3,G,50,0,0,0,0,0,0,0,0,0,0,80,240,0,0,0,1,12,999,999,999,9999999,999,999,999,7,0,1,1,0,1,4,0,995,9.8,998,998,998,99.8,99.8,99.8,48.01009247,5,8
31057,16,86,1-16-2023-086-01,1,2,4T1BG22K61U0,17,448,2469,13,0,49,40,2001,4,1,3,0,1,F,2,1345,5,0,1,5,61,2,105,1,0,0,995,0,0,0,47025,1,2,0,2,2,2,2,1,3,1,3,2,1,3,1,8,0,0,1,0,14,4,62,99,1,1,3,G,51,0,0,0,0,0,0,0,0,0,0,240,80,0,0,0,1,12,999,999,999,9999999,999,999,999,7,0,6,75,1,1,1,0,995,9.8,998,998,998,99.8,99.8,99.8,48.01009247,5,8
31058,16,87,1-16-2023-087-01,1,1,2HKYF18445H5,17,474,1864,7,0,37,421,2005,15,3,15,0,1,F,3,2007,5,0,1,1,24,2,56,1,1,1,289,4,7,1,45204,9,1,0,5,5,2,2,1,2,1,3,2,0,0,3,8,0,0,9,1,14,2,12,99,1,4,1,B,6,0,0,0,0,0,0,0,0,0,0,998,998,0,0,1,1,1,61,-61,0,302625,998,9,61,0,3,6,75,1,1,1,0,998,0.0,54,54,84,6.5,0.9,6.6,48.01009247,5,8
31059,25,81,1-25-2023-081-03,3,1,4S3GTAC62K37,17,523,2235,5,0,48,38,2019,5,1,3,0,1,F,1,1376,5,0,1,1,30,2,48,1,0,0,995,0,0,0,04074,9,9,2,4,2,1,2,1,1,1,1,2,0,0,1,1,0,0,9,0,1,3,52,2,1,1,2,D,28,0,0,0,0,0,0,0,0,0,0,75,75,0,0,0,1,1,16,-16,0,18524,998,0,18,0,4,1,1,0,1,5,0,995,9.8,998,998,998,99.8,99.8,99.8,502.8786046,2,8
31059,25,81,1-25-2023-081-03,3,2,3GYFNEE33ES6,17,469,1844,7,0,19,20,2014,6,1,4,0,1,B,1,1940,5,0,1,1,30,2,48,1,0,1,0,2,0,1,04224,1,2,2,4,2,1,2,1,1,1,1,2,0,0,1,1,0,0,1,0,2,3,53,1,1,1,2,D,29,0,0,0,0,0,0,0,0,0,0,75,75,0,0,0,1,1,12,12,0,7029,998,0,9,0,4,1,2,0,1,3,0,995,9.8,998,998,998,99.8,99.8,99.8,502.8786046,2,8
31059,25,81,1-25-2023-081-03,3,3,1FMSK8DH8MGA,17,460,1800,7,0,12,425,2021,15,3,15,0,1,B,9,2022,5,9999,9,0,998,5,48,1,0,0,995,0,0,0,04106,9,9,2,4,2,1,2,1,1,1,1,2,0,0,1,1,0,0,1,0,5,3,53,1,1,1,6,M,98,0,0,0,0,0,0,0,0,0,0,75,75,0,0,0,2,0,999,999,999,9999999,999,999,999,9,0,95,95,95,95,95,0,995,9.8,998,998,998,99.8,99.8,99.8,502.8786046,2,8
31060,52,91,1-52-2023-091-07,7,1,JTMZF32V39D0,17,448,2217,7,0,49,402,2009,14,3,14,0,1,F,1,1562,5,9999,9,0,998,2,72,1,0,0,995,0,0,0,59106,9,9,2,4,2,1,2,1,1,1,1,2,0,0,1,1,2,2,9,0,1,2,17,99,1,1,5,L,86,0,0,0,0,0,0,0,0,0,0,180,270,0,0,0,1,3,6,-3,5,2235,998,162,4,0,4,0,0,0,0,0,0,995,9.8,998,998,998,99.8,99.8,99.8,192.9907086,12,8
31060,52,91,1-52-2023-091-07,7,2,1N4AA6APXHC4,17,478,2302,13,0,35,39,2017,4,1,4,0,1,R,1,1627,5,0,1,1,20,2,72,1,0,0,995,0,0,0,59106,9,9,2,4,2,1,2,1,1,1,1,2,0,0,1,1,1,2,9,0,1,4,66,3,1,1,5,L,87,0,0,0,0,0,0,0,0,0,0,270,180,0,0,0,1,3,6,-5,-3,5892,998,14,9,0,4,0,0,0,0,0,0,995,9.8,998,998,998,99.8,99.8,99.8,192.9907086,12,8
31061,52,92,1-52-2023-092-03,3,1,1FTZR15V7YPB,17,460,1803,60,0,12,471,2000,34,5,31,0,1,F,2,1664,5,9999,9,0,998,2,56,1,0,0,995,0,0,0,59102,9,9,2,4,5,3,2,1,1,1,1,2,0,0,3,1,1,2,9,1,11,2,10,99,1,2,4,K,84,0,0,0,0,0,0,0,0,0,0,25,180,0,0,0,1,3,30,-30,0,82025,998,0,35,0,4,99,99,0,0,99,0,995,9.8,998,998,998,99.8,99.8,99.8,18.74482172,12,8
31061,52,92,1-52-2023-092-03,3,2,4T1K61AK7LU3,17,448,2469,13,0,49,40,2020,4,1,4,0,1,F,2,1520,5,0,1,1,17,2,56,1,0,0,995,0,0,0,59043,9,9,2,4,4,3,2,1,1,1,1,2,0,0,3,1,1,2,9,0,2,4,65,1,1,1,4,K,84,0,0,0,0,0,0,0,0,0,0,180,25,0,0,0,1,3,31,-27,-16,66646,998,-91,27,0,4,1,2,0,1,4,0,995,9.8,998,998,998,99.8,99.8,99.8,18.74482172,12,8
31062,52,93,1-52-2023-093-04,4,1,1FTFW1ET2CFB,17,460,1801,60,0,12,481,2012,34,5,31,0,1,F,1,2522,5,9999,9,0,998,5,56,1,0,0,995,0,0,0,59105,9,9,2,4,2,1,2,1,1,1,0,2,0,0,1,8,2,2,1,1,1,2,13,98,9,4,1,A,1,0,0,0,0,0,0,0,0,0,0,75,90,0,0,0,2,3,8,-8,3,5391,998,89,7,0,4,95,95,95,95,95,0,995,9.8,998,998,998,99.8,99.8,99.8,72.14218908,12,8
31062,52,93,1-52-2023-093-04,4,2,JF1ZNBF14N87,17,448,29364,3,0,49,398,2022,2,1,2,0,1,R,1,1278,5,0,1,1,23,2,56,1,0,0,995,0,0,0,59105,9,9,2,4,2,1,2,1,1,1,0,2,0,0,1,8,2,2,9,0,5,4,64,1,1,1,6,M,98,0,0,0,0,0,0,0,0,0,0,90,75,0,0,0,2,3,14,13,-7,14414,998,-7,16,0,4,0,0,0,0,0,0,995,9.8,998,998,998,99.8,99.8,99.8,72.14218908,12,8
31063,76,71,1-76-2023-071-03,3,1,JF2GTHSCXMH3,17,523,13580,7,0,48,403,2021,14,3,14,0,1,F,1,1481,5,0,1,1,22,2,89,1,8,0,995,0,7,0,12414,9,9,0,4,2,1,2,2,2,1,1,4,1,0,1,2,0,0,3,1,14,2,12,1,1,4,1,B,6,0,0,0,0,0,0,0,0,0,0,998,998,0,0,9,1,1,23,-23,4,32534,998,-19,23,0,4,99,99,0,0,0,0,998,0.6,999,999,999,99.9,99.9,99.9,46.16405861,3,8
31064,76,72,1-76-2023-072-08,8,1,4S4BRBGC0D32,17,523,2233,7,0,48,45,2013,6,1,3,0,1,F,2,1619,5,0,1,1,6,2,89,1,8,1,0,2,7,9,12051,9,9,0,4,2,1,2,1,1,1,1,4,1,0,1,8,0,0,9,1,1,2,13,99,1,4,1,A,1,0,0,0,0,0,0,0,0,0,0,998,998,0,1,9,2,10,999,999,999,9999999,999,3,26,3,0,0,0,0,0,3,0,998,0.4,6,4,109,9.2,1.6,9.3,39.86863398,3,8
31065,76,73,1-76-2023-073-02,2,1,MAJ6S3JL0KC3,17,460,17774,7,0,12,403,2019,14,3,14,0,1,F,1,1497,5,0,1,1,6,2,64,1,8,9,998,8,7,9,12463,9,9,2,4,2,1,2,1,3,1,1,2,0,0,1,8,1,2,9,1,14,2,13,7,4,4,1,B,7,0,0,0,0,0,0,0,0,0,0,998,998,0,0,0,1,1,18,-18,3,20183,998,3,18,0,1,2,5,0,1,4,0,998,0.5,54,999,110,0.3,0.5,0.6,19.9447176,3,8
31067,10,127,1-10-2023-127-02,2,1,3VV2B7AX0KM1,17,482,8151,7,0,30,402,2019,14,3,14,0,1,F,2,1749,5,0,1,5,6,2,56,1,0,1,0,2,0,0,83706,1,2,0,5,5,1,2,1,1,1,0,3,0,0,1,1,0,0,3,1,1,2,13,99,1,4,1,A,1,0,0,0,0,0,0,0,0,0,0,998,998,0,0,1,2,12,999,999,999,9999999,999,999,999,7,0,4,29,1,1,3,0,998,0.0,87,87,120,9.0,0.9,9.3,21.75120523,4,8
31068,73,112,1-73-2023-112-07,7,1,1FADP3F25EL4,17,460,1779,13,0,12,37,2014,4,1,3,0,1,B,2,1340,5,0,1,1,38,2,89,1,8,0,995,0,7,0,63301,9,9,3,4,2,1,2,2,1,2,1,2,0,0,1,2,0,0,1,0,4,3,53,99,1,1,2,D,25,0,0,0,0,0,0,0,0,0,0,340,340,0,0,0,1,3,30,30,0,50341,998,0,30,0,4,0,0,0,0,0,0,995,9.8,998,998,998,99.8,99.8,99.8,421.0105577,3,8
31068,73,112,1-73-2023-112-07,7,2,3D7KS26C05G7,17,476,1938,60,0,7,482,2005,34,5,31,0,1,F,1,2314,5,9999,9,0,998,5,89,1,8,0,995,0,7,0,04976,9,9,3,4,2,1,2,2,1,2,1,2,0,0,1,2,0,0,1,0,1,3,51,99,1,1,2,D,24,0,0,0,0,0,0,0,0,0,0,340,340,0,0,0,1,3,18,-18,0,28001,998,0,18,0,4,95,95,95,95,95,0,995,9.8,998,998,998,99.8,99.8,99.8,421.0105577,3,8
31069,73,113,1-73-2023-113-03,3,1,ML32FUFJ5PHF,17,481,13842,13,0,52,48,2023,4,1,1,0,1,T,2,940,5,9999,9,4,41,2,80,1,1,8,997,8,0,0,04976,9,9,0,4,2,1,2,1,1,2,1,2,1,0,2,1,0,0,9,1,1,2,13,99,1,4,1,A,1,1,2,2,2,1,3,61,1,1,4,997,997,0,0,0,8,6,999,999,999,9999999,999,999,999,7,0,9,97,0,1,99,3,997,2.9,4,4,999,21.4,5.2,22.2,35.4429966,3,8
31070,73,114,1-73-2023-114-04,4,1,JTMLWRFV4ND1,17,448,2217,7,0,49,402,2022,14,3,14,0,1,F,3,1583,5,0,1,1,7,2,89,1,8,0,995,0,7,0,04427,9,9,0,4,2,1,2,1,1,2,1,4,0,0,1,1,0,0,3,1,1,2,13,99,1,4,1,A,1,0,0,0,0,0,0,0,0,0,0,998,998,0,0,9,1,1,40,-40,0,106434,998,-17,40,0,1,0,0,0,0,0,0,998,3.0,30,30,120,37.2,7.3,38.1,117.2753441,3,8
31071,73,115,1-73-2023-115-03,3,1,JA4AR3AU1GZ0,17,481,13867,7,0,52,47,2016,6,1,3,0,1,F,2,1535,5,0,1,4,14,2,89,1,8,1,0,2,7,0,04976,9,9,0,4,2,1,2,1,1,1,1,2,0,0,1,1,0,0,3,1,1,2,10,99,1,2,3,G,50,0,0,0,0,0,0,0,0,0,0,115,295,0,0,0,1,5,999,999,999,9999999,999,999,999,7,0,1,2,0,1,4,0,995,9.8,998,998,998,99.8,99.8,99.8,35.4429966,3,8
31071,73,115,1-73-2023-115-03,3,2,1FT7W2BN2MED,17,460,1805,60,0,12,481,2021,34,5,31,0,1,F,9,2854,5,9999,9,0,998,2,89,1,8,1,0,2,7,0,04965,9,9,0,4,2,1,2,1,1,1,1,4,0,0,1,1,0,0,9,0,1,4,62,99,1,1,3,G,51,0,0,0,0,0,0,0,0,0,0,295,115,1,0,0,1,0,999,999,999,9999999,999,999,999,9,0,1,1,0,1,4,0,995,9.8,998,998,998,99.8,99.8,99.8,35.4429966,3,8
31072,66,58,1-66-2023-058-05,5,1,1FA6P0H71G51,17,460,1780,13,0,12,23,2016,4,1,4,0,1,L,3,1558,5,0,1,1,17,2,89,1,0,1,110,2,7,0,65605,1,9,0,4,2,1,2,1,3,1,1,2,2,3,1,1,0,0,9,1,14,2,13,1,1,4,1,A,1,1,99,1,2,2,4,44,4,2,49,996,996,0,1,5,5,7,999,999,999,9999999,999,999,999,8,0,3,14,1,1,3,3,996,0.4,120,30,-55,29.6,4.1,29.9,106.3944278,6,8
31074,13,102,1-13-2023-102-01,1,1,5N1AN08U58C5,17,478,1916,7,0,35,402,2008,14,3,14,0,1,T,3,1883,8,0,1,1,15,2,105,1,8,1,173,4,7,1,76092,1,9,0,2,4,4,1,1,1,1,2,3,0,0,2,1,0,0,9,1,1,2,12,99,2,4,1,B,10,2,98,8,8,98,8,32,8,8,998,997,997,0,1,0,1,6,999,999,999,9999999,999,999,999,8,0,3,17,1,1,1,8,997,9.7,999,999,999,99.9,99.9,99.9,361.1796862,7,8
31075,32,122,1-32-2023-122-02,2,1,2C3CDZFJ5NH2,17,476,1893,13,0,7,28,2022,2,1,5,0,1,T,2,1891,5,0,1,1,11,2,105,1,0,0,995,0,0,0,76133,2,9,0,2,4,4,1,1,1,1,3,2,0,0,3,1,0,0,9,1,1,1,1,99,4,4,1,B,7,1,7,2,2,6,4,54,3,1,999,997,997,0,0,0,2,6,999,999,999,9999999,999,999,999,7,0,9,97,0,1,8,3,997,3.0,999,999,999,8.6,10.0,13.6,34.09118833,7,8
31076,32,123,1-32-2023-123-05,5,1,2C3CDXCT5GH1,17,476,1895,13,0,7,24,2016,4,1,5,0,1,F,2,1996,5,0,1,1,9,2,64,1,0,1,251,2,9,2,75227,2,2,0,1,3,1,1,1,3,4,0,3,0,0,4,1,0,0,9,1,14,2,13,99,2,4,1,A,1,0,0,0,0,0,0,0,0,0,0,998,998,0,0,0,3,11,999,999,999,9999999,999,999,999,7,0,6,75,1,1,3,0,998,0.0,110,16,16,0.0,0.0,0.0,166.0124393,7,8
31077,32,124,1-32-2023-124-04,4,1,3GKALMEG8PL2,17,472,1858,7,0,23,402,2023,14,3,14,0,1,L,2,1564,5,0,1,1,9,2,64,1,0,0,995,0,0,0,75181,1,9,2,1,2,2,1,1,1,2,3,0,0,0,1,1,2,2,9,0,1,2,17,9,1,1,5,L,89,0,0,0,0,0,0,0,0,0,0,180,285,0,0,0,1,1,33,-16,28,49746,998,41,26,0,1,0,0,0,0,0,0,995,9.8,998,998,998,99.8,99.8,99.8,3454.467008,7,8
31077,32,124,1-32-2023-124-04,4,2,2GNFLFE59C61,17,467,1847,7,0,20,404,2012,14,3,14,0,1,F,2,1706,5,0,1,1,9,2,64,1,0,0,995,0,0,0,75150,1,9,2,1,4,1,1,1,1,2,0,3,0,0,1,1,0,0,9,0,1,4,66,1,1,1,5,L,88,0,0,0,0,0,0,0,0,0,0,285,180,0,0,0,1,1,29,-29,-5,94230,998,-35,35,0,1,0,0,0,0,0,0,995,9.8,998,998,998,99.8,99.8,99.8,3454.467008,7,8
31078,32,125,1-32-2023-125-06,6,1,2G61M5S3XE91,17,469,1827,13,0,19,23,2014,4,1,4,0,1,F,9,1912,5,9999,9,0,998,2,72,1,0,0,995,0,0,0,75104,9,9,1,3,2,2,1,1,1,1,3,1,0,0,3,1,0,0,9,1,1,2,12,99,1,4,1,B,10,0,0,0,0,0,0,0,0,0,0,998,998,0,0,0,1,0,999,999,999,9999999,999,999,999,9,0,99,99,0,0,0,0,998,4.6,999,999,999,1.6,0.5,1.9,1721.583984,7,8
31080,28,69,1-28-2023-069-09,9,1,4S4BP62C9873,17,523,2233,7,0,48,45,2008,6,1,3,0,1,R,2,1500,5,0,1,1,36,2,113,1,0,0,995,0,0,0,28677,9,9,0,2,2,1,2,2,1,1,1,3,2,3,2,2,0,0,1,1,1,1,6,99,2,4,1,A,2,0,0,0,0,0,0,0,0,0,0,998,998,0,0,1,3,11,999,999,999,9999999,999,999,999,7,0,0,0,0,0,4,0,998,3.3,9,9,105,3.7,1.4,3.9,62.86935443,3,8
31081,28,70,1-28-2023-070-01,1,1,2HGFC1F39KH6,17,474,1863,13,0,37,31,2019,4,1,3,0,1,F,3,1252,5,0,1,1,52,2,72,1,0,0,995,0,9,0,16933,1,2,0,4,2,1,2,1,1,1,1,2,0,0,2,1,0,0,9,1,1,2,10,4,1,2,3,G,50,0,0,0,0,0,0,0,0,0,0,335,155,0,0,0,1,5,999,999,999,9999999,999,999,49,4,0,9,97,1,1,1,0,995,9.8,998,998,998,99.8,99.8,99.8,42.69226645,3,8
31081,28,70,1-28-2023-070-01,1,2,3D6WD76A88G1,17,476,1958,63,60,7,881,2008,61,8,60,0,1,F,9,,,,,,,2,72,1,0,0,995,0,0,0,17701,9,9,0,4,2,1,2,1,1,1,1,2,0,0,2,1,0,0,1,0,1,4,62,1,1,1,3,G,51,,,,,,,,,,,,,,,,,,,,,,,,,,,95,95,95,95,95,,,9.8,998,998,998,99.8,99.8,99.8,42.69226645,3,8
31082,31,69,1-31-2023-069-06,6,1,1C3CDFBBXFD4,17,476,2054,13,0,7,29,2015,4,1,3,0,1,F,2,1445,5,0,1,1,31,2,89,1,0,0,995,0,0,0,62821,1,9,2,4,2,1,2,1,1,1,0,0,0,0,1,1,2,2,9,0,1,3,50,98,1,1,2,D,20,0,0,0,0,0,0,0,0,0,0,175,175,0,0,0,1,3,25,-25,0,27874,998,0,21,0,4,1,1,0,2,4,0,995,9.8,998,998,998,99.8,99.8,99.8,247.8107959,6,8
31082,31,69,1-31-2023-069-06,6,2,1C3CCBBB0CN2,17,477,2053,13,0,6,18,2012,4,1,3,0,1,B,2,1537,5,9999,9,0,998,5,89,1,0,0,995,0,0,0,62867,9,9,2,4,2,1,2,1,1,1,0,0,0,0,1,1,2,2,9,0,5,3,53,1,1,1,2,D,21,0,0,0,0,0,0,0,0,0,0,175,175,0,0,0,1,3,26,26,0,49266,998,0,29,0,4,95,95,95,95,95,0,995,9.8,998,998,998,99.8,99.8,99.8,247.8107959,6,8
31083,31,70,1-31-2023-070-02,2,1,3N1CN8EV9ML8,17,478,1894,13,0,35,50,2021,4,1,2,0,1,F,3,1194,5,9999,9,5,7,2,89,1,0,1,0,1,7,0,62859,9,9,2,4,2,1,2,1,1,1,4,1,0,0,1,1,0,0,9,0,6,4,61,99,1,1,4,J,73,0,0,0,0,0,0,0,0,0,0,90,70,0,0,0,1,12,999,999,999,9999999,999,999,999,8,0,9,97,0,1,8,0,995,9.8,998,998,998,99.8,99.8,99.8,194.4867666,6,8
31083,31,70,1-31-2023-070-02,2,2,1J4AA2D17BL5,17,483,1943,7,0,2,403,2011,14,3,14,0,1,B,2,1746,5,9999,9,1,9,2,89,1,0,1,0,1,0,0,62821,9,9,2,4,2,1,2,1,1,1,1,4,0,0,1,1,0,0,9,0,11,2,15,99,1,1,4,J,72,1,3,2,2,1,1,61,1,2,12,70,90,0,0,0,1,98,999,999,999,9999999,999,999,999,7,0,9,97,0,1,8,3,995,9.8,998,998,998,99.8,99.8,99.8,194.4867666,6,8
31084,31,71,1-31-2023-071-09,9,1,999999999999,99,99999,99999,69,0,99,739,2022,90,9,90,0,1,L,9,,,,,,,5,89,1,0,0,995,0,0,0,62871,9,9,2,4,2,1,4,1,1,2,0,0,0,0,1,1,2,2,9,0,1,2,17,99,1,1,5,L,89,,,,,,,,,,,,,,,,,,,,,,,,,,,95,95,95,95,95,,,9.8,998,998,998,99.8,99.8,99.8,350.7849942,6,8
31084,31,71,1-31-2023-071-09,9,2,JHLRE38767C0,17,474,1865,7,0,37,402,2007,14,3,14,0,1,L,2,1544,5,0,1,1,3,2,89,1,0,0,995,0,0,0,62934,9,9,2,4,2,1,2,1,1,4,1,4,0,0,1,1,0,0,9,0,1,4,66,99,1,1,5,L,88,1,4,1,6,1,4,61,1,1,17,998,998,0,1,2,3,7,999,999,999,9999999,999,999,999,7,0,1,2,0,1,4,3,998,0.4,32,32,120,51.9,8.5,52.5,350.7849942,6,8
31085,10,126,1-10-2023-126-09,9,1,JTEHD20V8500,17,448,2217,7,0,49,402,2005,14,3,14,0,1,R,1,1361,5,0,1,1,8,3,40,1,0,0,995,0,0,0,45406,9,9,2,4,2,1,2,1,1,1,0,0,0,0,1,1,2,2,1,0,1,2,17,99,1,1,5,L,87,0,0,0,0,0,0,0,0,0,0,90,0,0,0,0,1,3,10,-2,-10,7722,998,-68,10,0,1,0,0,0,0,0,0,995,0.0,5,5,999,0.5,0.7,0.8,1966.53185,4,8
31085,10,126,1-10-2023-126-09,9,2,2FMDK36C49BA,17,460,1797,7,0,12,24,2009,6,1,4,0,1,F,1,1853,5,0,1,1,8,3,40,1,0,0,995,0,0,0,45405,2,2,2,4,2,1,2,1,1,1,0,0,0,0,1,1,0,0,1,0,1,4,66,99,1,1,5,L,86,0,0,0,0,0,0,0,0,0,0,0,90,0,0,0,1,3,7,-7,1,3608,998,-8,7,0,1,1,3,0,1,4,0,995,9.8,998,998,998,99.8,99.8,99.8,1966.53185,4,8
31086,27,77,1-27-2023-077-04,4,1,3GNCJNSB3KL2,17,467,10988,7,0,20,406,2019,14,3,14,0,1,F,1,1476,5,0,1,1,8,2,72,1,8,9,998,8,7,9,01225,9,9,0,1,1,1,2,2,1,4,1,2,0,0,1,8,0,0,9,0,1,3,52,2,1,1,2,D,28,0,0,0,0,0,0,0,0,0,0,30,30,0,0,0,1,3,17,-17,0,19924,998,-51,17,0,4,0,0,0,0,0,0,995,9.8,998,998,998,99.8,99.8,99.8,47.73424372,3,8
31086,27,77,1-27-2023-077-04,4,2,2HKRW2H85LH6,17,474,1865,7,0,37,402,2020,14,3,14,0,1,B,1,1580,5,0,1,1,13,2,72,1,8,9,998,8,7,9,02482,1,2,0,1,1,1,2,2,1,4,1,2,0,0,1,8,0,0,1,0,2,3,53,1,1,1,2,D,29,0,0,0,0,0,0,0,0,0,0,30,30,0,0,0,1,3,15,15,0,19456,998,-61,15,0,4,0,0,0,0,0,0,995,9.8,998,998,998,99.8,99.8,99.8,47.73424372,3,8
31086,27,77,1-27-2023-077-04,4,3,JNKBY31A3XM6,17,480,2304,13,0,58,32,1999,4,1,4,0,1,B,9,1765,5,9999,9,0,998,5,72,1,8,9,998,8,7,9,29901,9,9,0,1,1,1,2,2,1,4,1,2,0,0,1,8,0,0,9,0,1,3,53,1,1,1,6,M,98,0,0,0,0,0,0,0,0,0,0,30,30,0,0,0,2,0,999,999,999,9999999,999,999,999,9,0,95,95,95,95,95,0,995,9.8,998,998,998,99.8,99.8,99.8,47.73424372,3,8
31088,27,79,1-27-2023-079-09,9,1,4T1BK36BX5U0,17,448,2465,13,0,49,43,2005,4,1,4,0,1,B,1,1553,5,0,1,1,37,2,56,1,0,0,995,0,0,0,01238,1,2,3,4,2,1,2,1,1,1,0,2,0,0,1,1,0,0,1,0,10,3,53,99,1,1,2,D,31,0,0,0,0,0,0,0,0,0,0,180,175,0,1,0,1,5,999,999,999,9999999,999,999,10,2,0,1,1,0,1,4,0,995,9.8,998,998,998,99.8,99.8,99.8,111.5236494,3,8
31088,27,79,1-27-2023-079-09,9,2,1GT5KZBG1AZ2,17,472,1857,60,0,23,481,2010,34,5,31,0,1,F,1,2649,5,2041,2,1,29,2,56,1,0,0,995,0,0,0,01226,1,2,3,4,2,1,2,1,1,1,0,2,0,0,1,1,0,0,3,0,1,3,52,3,2,1,2,D,28,0,0,0,0,0,0,0,0,0,0,175,180,1,1,0,1,5,999,999,999,9999999,999,999,999,6,0,0,0,0,0,0,0,995,9.8,998,998,998,99.8,99.8,99.8,111.5236494,3,8
31089,28,71,1-28-2023-071-10,10,1,KL1TD66638B2,17,467,1828,5,0,20,39,2008,5,1,1,0,1,R,1,1065,5,0,1,1,20,2,89,1,1,0,995,0,0,8,16933,9,9,0,4,2,1,2,1,3,2,1,2,3,3,2,1,0,0,9,1,14,2,12,99,9,4,1,B,6,1,2,2,2,1,4,61,1,1,6,997,997,0,0,0,3,6,999,999,999,9999999,999,999,999,6,0,0,0,0,0,0,3,997,2.0,6,6,120,1.7,1.0,1.9,252.3367519,3,8