CASEID,PSU,CASENO,CASENUMBER,CATEGORY,VEHNO,VIN,VINLENGTH,VPICMAKE,VPICMODEL,VPICBODYCLASS,ICFINALBODY,MAKE,MODEL,MODELYR,BODYTYPE,BODYCAT,VEHCLASS,SPECUSE,TRANSTAT,DAMPLANE,DAMSEV,CURBWT,CURBSRC,CARGOWT,CARGOSRC,INSPTYPE,INSPLAG,TOWED,SPEEDLIMIT,DRPRESENT,PARALCOHOL,ALCTEST,ALCTESTRESULT,ALCTESTSRC,PARDRUG,DRUGTEST,ZIP,RACE,ETHNICITY,RELTOJUNCT,TRAFFLOW,RDLANES,INITLANE,SURFTYPE,SURFCOND,ALIGNMENT,PROFILE,LINERIGHT,LINELEFT,RUMBINIT,RUMBROAD,LIGHTCOND,WEATHER,TRAFDEV,TRAFFUNCT,DISTRACT,PREFHE,PREMOVE,CRITCAT,CRITEVENT,MANEUVER,PRESTAB,PRELOC,CRASHCAT,CRASHCONF,CRASHTYPE,ROLLTYPE,ROLLTURN,ROLLINTRPT,ROLLPREMAN,ROLLINITYP,ROLLINLOC,ROLLOBJ,ROLLTRIP,ROLLDIR,ROLLDIST,DVANGTHIS,DVANGOTH,TOWHITCH,TRAJDOC,TREEPOLE,DVEVENT,DVBASIS,DVTOTAL,DVLONG,DVLAT,DVENERGY,DVSPEED,DVMOMENT,DVBES,DVEST,DVCONF,VAIS,VISS,VINJSEV,VINJURED,VTREAT,INITOBJCLASS,HEADANGLECAT,SHLDRWIDTH,STRKLENGTH,STRKWIDTH,STRKHEIGHT,EDGEDISTX,EDGEDISTY,EDGEDISTZ,CASEWGT,PSUSTRAT,VERSION
31162,28,74,1-28-2023-074-09,9,1,3FAHP0HA8BR2,17,460,1780,13,0,12,23,2011,4,1,3,0,1,L,1,1490,5,0,1,1,18,2,72,1,0,0,995,0,0,0,16920,9,9,2,4,2,1,2,1,1,2,0,0,0,0,1,1,2,2,2,0,1,2,17,99,1,1,5,L,89,0,0,0,0,0,0,0,0,0,0,55,140,0,0,0,1,3,13,-4,12,27991,998,-211,12,0,1,9,97,0,1,99,0,995,9.8,998,998,998,99.8,99.8,99.8,47.6282045,3,8
31162,28,74,1-28-2023-074-09,9,2,1FTEW1EF6HFC,17,460,1801,60,0,12,481,2017,34,5,31,0,1,F,1,2130,5,9999,9,0,998,5,72,1,0,0,995,0,0,0,16950,9,9,2,4,2,1,2,1,1,4,1,2,1,0,1,1,0,0,1,0,1,4,66,4,1,1,5,L,88,0,0,0,0,0,0,0,0,0,0,140,55,0,0,0,1,3,9,-9,-3,11836,998,-114,10,0,4,95,95,95,95,95,0,995,9.8,998,998,998,99.8,99.8,99.8,47.6282045,3,8
31164,16,89,1-16-2023-089-03,3,1,1N4BL4EW6MN3,17,478,1904,13,0,35,47,2021,4,1,4,0,1,F,1,1545,5,9999,9,0,998,5,56,1,0,0,995,0,0,0,45238,9,9,3,4,3,2,2,1,1,1,1,2,0,0,1,1,0,0,1,0,11,2,15,99,1,1,4,K,82,0,0,0,0,0,0,0,0,0,0,50,150,0,0,0,1,3,8,-7,4,3426,998,104,6,0,4,95,95,95,95,95,0,995,9.8,998,998,998,99.8,99.8,99.8,151.9432757,5,8
31164,16,89,1-16-2023-089-03,3,2,3G1BE6SM8KS5,17,467,1832,5,0,20,25,2019,5,1,3,0,1,R,1,1312,5,0,1,1,11,2,56,1,0,0,995,0,0,0,45203,2,9,3,5,5,2,2,1,1,4,3,2,0,0,1,1,0,0,1,0,1,4,71,2,1,1,4,K,83,0,0,0,0,0,0,0,0,0,0,150,50,0,0,0,1,3,8,-5,-6,7981,998,110,9,0,4,1,2,0,1,4,0,995,9.8,998,998,998,99.8,99.8,99.8,151.9432757,5,8
31165,16,90,1-16-2023-090-03,3,1,KNDPM3AC3L76,17,499,2770,7,0,63,401,2020,14,3,14,0,1,L,1,1631,5,0,2,1,15,2,56,1,8,0,995,0,7,0,45102,1,2,2,4,2,1,2,1,1,2,1,2,0,0,1,8,2,2,1,0,2,4,62,8,1,1,4,K,81,0,0,0,0,0,0,0,0,0,0,70,245,0,0,0,1,3,9,-8,5,10832,998,-117,10,0,4,0,0,0,0,5,0,995,9.8,998,998,998,99.8,99.8,99.8,151.9432757,5,8
31165,16,90,1-16-2023-090-03,3,2,7FARS4H77PE0,17,474,1865,7,0,37,402,2023,14,3,14,0,1,F,1,1649,5,0,1,1,17,2,56,1,8,0,995,0,7,0,45157,1,2,2,4,2,1,2,1,1,4,1,2,0,0,1,8,2,2,1,1,10,2,16,1,1,2,4,K,80,0,0,0,0,0,0,0,0,0,0,245,70,0,1,0,1,3,9,-9,3,5877,998,74,8,0,4,1,1,0,1,5,0,995,0.6,3,3,40,20.3,3.8,21.0,151.9432757,5,8
31166,73,116,1-73-2023-116-09,9,1,JN8AS5MVXCW3,17,478,1913,8,0,35,51,2012,6,1,3,0,1,F,2,1574,5,0,1,1,14,2,89,1,8,0,995,0,7,0,01748,9,9,0,4,2,1,2,1,1,1,1,4,0,0,1,1,0,0,1,1,1,2,13,99,1,4,1,A,1,0,0,0,0,0,0,0,0,0,0,998,998,0,0,2,2,10,999,999,999,9999999,999,999,999,7,0,1,1,0,2,99,0,998,0.5,26,26,120,19.3,5.5,20.1,47.75260361,3,8
31168,73,118,1-73-2023-118-07,7,1,1FT7W2B63GED,17,460,1805,60,0,12,481,2016,34,5,31,0,1,F,1,2970,5,0,1,1,12,2,72,1,8,0,995,0,7,0,04912,9,9,3,4,2,1,2,1,1,2,0,0,0,0,1,1,0,0,1,1,11,2,15,4,1,2,4,J,68,0,0,0,0,0,0,0,0,0,0,80,285,0,1,0,1,12,999,999,999,9999999,999,999,999,6,0,0,0,0,0,0,0,995,9.8,998,998,998,99.8,99.8,99.8,63.21496934,3,8
31168,73,118,1-73-2023-118-07,7,2,5NPET46CX9H4,17,498,2459,13,0,55,33,2009,4,1,3,0,1,F,3,1476,5,9999,9,5,38,2,72,1,8,0,995,0,7,0,04463,9,9,3,4,2,1,2,1,1,2,0,0,0,0,1,1,0,0,1,0,1,4,62,99,1,1,4,J,69,0,0,0,0,0,0,0,0,0,0,285,80,0,1,0,1,12,999,999,999,9999999,999,999,999,8,0,1,1,0,1,4,0,995,9.8,998,998,998,99.8,99.8,99.8,63.21496934,3,8
31169,73,119,1-73-2023-119-06,6,1,1FTFX1EG7JFC,17,460,1801,60,0,12,481,2018,34,5,31,0,1,F,9,2081,5,9999,9,0,998,2,0,1,8,0,995,0,7,0,04330,9,9,0,4,2,1,2,1,3,2,1,2,0,0,1,1,0,0,1,1,14,2,12,8,2,4,1,A,3,1,99,2,2,1,4,61,1,1,999,997,997,0,1,0,1,0,999,999,999,9999999,999,999,999,9,0,1,2,0,1,4,3,997,0.0,37,55,999,23.8,9.4,25.7,37.98103991,3,8
31170,32,126,1-32-2023-126-07,7,1,WAUENCF59JA1,17,582,3787,5,0,32,49,2018,5,1,4,0,1,F,9,1680,5,9999,9,0,998,2,48,1,0,8,997,8,0,0,75115,2,9,0,1,1,1,1,1,2,1,0,0,0,0,2,1,0,0,9,1,14,2,12,99,1,4,1,C,11,0,0,0,0,0,0,0,0,0,0,130,0,0,0,0,1,0,999,999,999,9999999,999,999,999,9,0,0,0,0,0,0,0,995,9.8,998,998,998,99.8,99.8,99.8,6078.269178,7,8
31170,32,126,1-32-2023-126-07,7,2,JN8AS5MTXDW5,17,478,1913,8,0,35,51,2013,6,1,3,0,2,F,1,1495,5,9999,9,5,41,,,,,,,,,,,,,,,,,,,,,,,,,,,,,,,,,,,,,,,,,,,,,,,,,,,,,,,,,,,,,,,,,,95,95,95,95,95,,,,,,,,,,6078.269178,7,8
31171,32,127,1-32-2023-127-02,2,1,5YFEPMAE0MP1,17,448,2208,13,0,49,32,2021,4,1,3,0,1,F,1,1315,5,0,1,1,12,2,72,1,0,0,995,0,0,0,75040,3,9,2,1,3,3,1,1,1,1,3,0,0,0,1,1,1,2,9,0,1,3,50,99,1,1,2,D,20,0,0,0,0,0,0,0,0,0,0,80,80,0,0,0,1,3,21,-21,0,24518,998,0,21,0,4,1,1,0,1,99,0,995,9.8,998,998,998,99.8,99.8,99.8,27.42956109,7,8
31171,32,127,1-32-2023-127-02,2,2,JA4APUAUXMU0,17,481,13867,7,0,52,404,2021,14,3,14,0,1,B,1,1415,5,9999,9,0,998,2,72,1,0,0,995,0,0,0,75154,2,9,2,1,3,3,1,1,1,1,3,0,0,0,1,1,1,2,9,0,5,3,53,1,1,1,2,D,21,0,0,0,0,0,0,0,0,0,0,80,80,0,0,0,1,3,18,18,0,18531,998,0,17,0,4,9,97,0,2,8,0,995,9.8,998,998,998,99.8,99.8,99.8,27.42956109,7,8
31172,32,128,1-32-2023-128-06,6,1,3N1CN7AP2JL8,17,478,1894,13,0,35,50,2018,4,1,2,0,1,F,2,1114,5,0,1,5,17,2,64,1,0,0,995,0,0,0,75236,9,1,2,1,4,4,1,1,1,2,1,1,0,0,1,1,1,2,9,0,11,2,15,1,1,1,4,K,76,0,0,0,0,0,0,0,0,0,0,340,270,0,0,0,1,12,999,999,999,9999999,999,999,999,7,0,9,97,0,1,8,0,995,9.8,998,998,998,99.8,99.8,99.8,1385.175917,7,8
31172,32,128,1-32-2023-128-06,6,2,2HGFC2F71HH5,17,474,1863,13,0,37,31,2017,4,1,3,0,1,L,2,1244,5,0,1,5,17,2,64,1,0,0,995,0,0,0,75236,2,9,2,1,4,2,1,1,1,2,1,1,0,0,1,1,1,2,9,0,1,4,66,99,1,1,4,K,77,0,0,0,0,0,0,0,0,0,0,270,340,0,0,0,1,12,999,999,999,9999999,999,999,999,7,0,1,1,0,1,4,0,995,9.8,998,998,998,99.8,99.8,99.8,1385.175917,7,8
31173,32,129,1-32-2023-129-06,6,1,KNDPM3AC5J74,17,499,2770,7,0,63,401,2018,14,3,14,0,1,F,2,1631,5,0,1,1,21,2,48,1,0,0,995,0,0,0,75227,9,9,2,4,2,1,1,1,1,1,0,0,0,0,3,1,0,0,9,1,10,2,13,1,1,4,1,C,11,0,0,0,0,0,0,0,0,0,0,50,40,0,0,0,1,3,28,-28,0,31146,998,0,22,0,4,9,97,0,1,99,0,995,9.8,998,998,998,99.8,99.8,99.8,1385.175917,7,8
31173,32,129,1-32-2023-129-06,6,2,KNADE1235660,17,499,2299,13,0,63,32,2006,4,1,1,0,2,B,9,1104,5,9999,9,0,998,,,,,,,,,,,,,,,,,,,,,,,,,,,,,,,,,,,,,,,,,,,,,,,,,,,,,,,,,,,,,,,,,,95,95,95,95,95,,,,,,,,,,1385.175917,7,8
31174,27,81,1-27-2023-081-03,3,1,WDDZH6GB9HA1,17,449,2081,15,0,42,48,2017,6,1,5,0,1,F,1,1935,5,0,1,1,22,2,56,1,8,0,995,0,7,0,10007,1,2,2,4,2,1,2,1,2,1,1,2,0,0,1,1,2,2,1,0,11,2,15,3,1,1,4,K,82,0,0,0,0,0,0,0,0,0,0,140,280,0,0,0,1,1,13,-13,-2,24954,998,13,18,0,2,0,0,0,0,0,0,995,9.8,998,998,998,99.8,99.8,99.8,29.78704282,3,8
31174,27,81,1-27-2023-081-03,3,2,SALCJ2FX9PH3,17,444,2241,7,0,62,405,2023,14,3,14,0,1,T,2,1832,8,0,1,1,26,2,72,1,8,1,44,2,7,1,12534,1,2,2,4,2,1,2,1,1,1,1,2,0,0,1,1,0,0,9,0,1,4,66,99,1,1,4,K,83,1,4,2,5,1,1,61,1,2,21,997,997,0,0,0,2,6,999,999,999,9999999,999,999,999,7,0,1,1,0,2,4,3,997,9.8,998,998,998,99.8,99.8,99.8,29.78704282,3,8
31175,27,82,1-27-2023-082-06,6,1,SALLDVAF7MA9,17,444,9345,7,0,62,402,1995,14,3,14,0,1,B,1,1671,8,9999,9,0,998,5,48,1,0,0,995,0,0,0,01223,9,9,0,4,3,1,2,1,2,2,1,2,0,0,1,1,0,0,1,0,5,3,53,1,1,1,2,D,21,0,0,0,0,0,0,0,0,0,0,300,295,0,0,0,1,3,13,12,-5,15185,998,75,13,0,4,95,95,95,95,95,0,995,9.8,998,998,998,99.8,99.8,99.8,99.93631792,3,8
31175,27,82,1-27-2023-082-06,6,2,3VW547AU0FM0,17,482,3140,5,0,30,42,2015,5,1,2,0,1,F,1,1378,5,0,1,1,12,2,48,1,0,0,995,0,0,0,01230,9,9,0,4,3,1,2,1,2,2,1,2,0,0,1,1,0,0,9,0,14,3,50,2,1,1,2,D,20,0,0,0,0,0,0,0,0,0,0,295,300,0,0,0,1,3,15,-15,3,14429,998,42,15,0,4,1,1,0,1,0,0,995,9.8,998,998,998,99.8,99.8,99.8,99.93631792,3,8
31176,27,83,1-27-2023-083-03,3,1,1FMEE5DH2NLB,17,460,6825,7,0,12,498,2022,19,3,19,0,1,F,3,2026,5,0,1,1,8,2,56,1,1,1,248,2,0,0,01257,1,2,0,4,2,1,2,2,2,2,0,2,0,0,2,2,0,0,3,1,14,2,13,1,2,4,1,A,1,0,0,0,0,0,0,0,0,0,0,998,998,0,1,2,1,10,999,999,999,9999999,999,999,999,8,0,0,0,0,0,4,0,998,0.0,32,32,119,5.2,0.6,5.2,29.78704282,3,8
31177,31,72,1-31-2023-072-10,10,1,1G1AL18F6676,17,467,4234,3,0,20,22,2006,2,1,2,0,1,F,1,1240,5,0,1,1,6,2,56,1,8,0,995,0,7,0,62821,9,9,0,5,5,1,2,1,1,1,0,3,0,0,1,1,0,0,9,1,1,4,60,8,1,4,1,A,3,0,0,0,0,0,0,0,0,0,0,998,998,0,0,0,1,12,999,999,999,9999999,999,999,999,6,0,0,0,0,0,0,0,998,0.0,117,13,13,0.0,0.0,0.0,190.9257288,6,8
31178,31,73,1-31-2023-073-10,10,1,3CZRE48548G7,17,474,1865,7,0,37,402,2008,14,3,14,0,1,F,9,1604,5,9999,9,0,998,2,89,1,0,0,995,0,0,0,62821,1,2,0,4,2,1,2,1,1,1,1,4,0,0,1,1,0,0,1,0,1,6,87,2,1,1,1,C,13,0,0,0,0,0,0,0,0,0,0,998,998,0,0,0,1,0,999,999,999,9999999,999,999,999,9,0,0,0,0,0,0,0,998,9.8,998,998,998,99.8,99.8,99.8,190.9257288,6,8
31179,25,84,1-25-2023-084-03,3,1,1FT7X2B6XNEE,17,460,1805,60,0,12,481,2022,34,5,30,0,1,F,1,2922,5,0,1,1,6,2,80,1,8,0,995,0,7,0,04103,9,9,0,4,2,1,2,1,1,1,1,2,0,0,1,1,0,0,9,0,1,3,51,4,2,1,2,D,24,0,0,0,0,0,0,0,0,0,0,55,50,0,1,0,1,3,12,-12,2,19938,998,-5,13,0,4,99,99,0,0,0,0,995,9.8,998,998,998,99.8,99.8,99.8,123.4754279,2,8
31179,25,84,1-25-2023-084-03,3,2,1FTFW1E87PFC,17,460,1801,60,0,12,481,2023,34,5,30,0,1,B,1,2086,5,9999,9,0,998,5,80,1,8,0,995,0,7,0,04103,9,9,0,4,2,1,2,1,1,1,1,2,0,0,1,1,0,0,1,0,1,3,53,99,1,1,2,D,25,0,0,0,0,0,0,0,0,0,0,50,55,0,0,0,1,3,18,18,0,22694,998,0,17,0,4,95,95,95,95,95,0,995,9.8,998,998,998,99.8,99.8,99.8,123.4754279,2,8
31180,16,88,1-16-2023-088-03,3,1,1FMCU0D76CKC,17,460,1798,7,0,12,402,2012,14,3,14,0,1,R,1,1495,5,0,1,1,19,2,40,1,0,0,995,0,0,0,41005,9,9,2,3,4,3,2,1,1,1,3,3,0,0,1,1,1,2,9,0,1,2,17,7,1,1,5,L,87,1,1,2,5,7,1,2,2,1,4,70,300,0,0,0,1,1,13,-11,-6,3938,998,124,6,0,1,0,0,0,0,0,1,995,9.8,998,998,998,99.8,99.8,99.8,151.9432757,5,8
31180,16,88,1-16-2023-088-03,3,2,3MW5R7J06L8B,17,452,2777,13,0,34,34,2020,4,1,4,0,1,F,1,1585,5,0,1,1,5,2,40,1,0,0,995,0,0,0,45202,1,2,2,3,4,2,2,1,1,1,1,3,0,0,1,1,1,2,1,0,1,4,66,7,1,1,5,L,86,0,0,0,0,0,0,0,0,0,0,300,70,0,0,0,1,1,12,-11,4,26683,998,82,18,0,1,1,1,0,1,8,0,995,9.8,998,998,998,99.8,99.8,99.8,151.9432757,5,8
31181,22,61,1-22-2023-061-03,3,1,4T3E6RFV0MU0,17,448,2217,7,0,49,402,2021,14,3,14,0,1,F,2,1703,5,0,1,1,8,2,89,1,1,1,175,1,0,0,83872,1,2,2,4,2,1,2,1,1,2,1,2,0,0,2,1,2,2,3,0,1,2,14,4,1,4,1,C,14,0,0,0,0,0,0,0,0,0,0,998,998,0,1,0,3,98,999,999,999,9999999,999,999,999,7,0,1,1,0,1,0,0,998,2.2,120,8,68,0.0,0.0,0.0,42.48962388,12,8
31183,20,82,1-20-2023-082-05,5,1,19XFB2F54EE2,17,474,1863,13,0,37,31,2014,4,1,3,0,1,F,9,1284,5,9999,9,0,998,2,89,1,0,0,995,0,0,0,93905,9,1,2,4,2,1,2,1,1,1,0,2,0,0,1,8,0,0,9,0,1,3,52,99,1,1,2,D,28,0,0,0,0,0,0,0,0,0,0,300,280,0,0,0,1,0,999,999,999,9999999,999,999,999,9,0,9,97,0,1,8,0,995,9.8,998,998,998,99.8,99.8,99.8,30.61617033,11,8
31183,20,82,1-20-2023-082-05,5,2,KL79MVSL4PB0,17,467,4548,7,0,20,498,2023,14,3,14,0,1,B,9,1391,5,9999,9,0,998,7,89,1,0,0,995,0,0,0,95073,1,9,2,4,2,1,2,1,1,1,0,2,0,0,1,8,0,0,1,0,2,3,53,1,1,1,2,D,30,0,0,0,0,0,0,0,0,0,0,280,300,0,0,0,1,0,999,999,999,9999999,999,999,999,9,0,1,1,0,1,0,0,995,9.8,998,998,998,99.8,99.8,99.8,30.61617033,11,8
31184,52,96,1-52-2023-096-04,4,1,5TDZA23C14S0,17,448,2468,2,0,49,442,2004,20,4,20,0,1,R,9,1870,5,9999,9,0,998,5,56,1,0,0,995,0,0,0,59105,9,9,2,4,2,1,2,1,1,2,0,2,0,0,1,8,2,2,9,0,1,2,17,99,1,1,5,L,87,0,0,0,0,0,0,0,0,0,0,0,280,0,0,0,1,0,999,999,999,9999999,999,999,999,9,0,95,95,95,95,95,0,995,9.8,998,998,998,99.8,99.8,99.8,98.22386741,12,8
31184,52,96,1-52-2023-096-04,4,2,JF1ZCAC16L97,17,523,2238,3,0,48,46,2020,2,1,2,0,1,F,1,1254,5,0,1,1,16,2,56,1,0,0,995,0,0,0,59101,9,9,2,5,5,1,2,1,1,2,0,3,0,0,1,8,0,0,9,0,1,4,66,99,1,1,5,L,86,0,0,0,0,0,0,0,0,0,0,280,0,0,0,0,1,12,999,999,999,9999999,999,999,999,6,0,0,0,0,0,0,0,995,9.8,998,998,998,99.8,99.8,99.8,98.22386741,12,8
31187,15,155,1-15-2023-155-02,2,1,JF2SKACCXKH5,17,523,2234,7,0,48,401,2019,14,3,14,0,1,F,2,1569,5,0,1,1,37,2,48,1,8,0,995,0,7,0,11590,9,1,0,1,2,1,2,2,1,1,1,3,0,0,1,8,0,0,9,1,1,1,5,99,9,4,1,A,2,1,1,2,6,6,4,52,3,2,5,998,998,0,0,1,1,1,39,-39,0,109797,998,52,39,0,1,1,1,0,1,4,3,998,0.3,30,26,120,2.3,0.4,2.3,20.97133347,1,8
31189,15,157,1-15-2023-157-03,3,1,JTHC81D22K50,17,515,2184,13,0,59,35,2019,4,1,4,0,1,R,9,1625,5,9999,9,0,998,5,48,1,8,9,998,8,7,9,11572,9,9,3,4,2,1,2,1,1,9,0,0,0,0,3,1,0,0,9,0,13,2,20,99,1,1,6,M,92,0,0,0,0,0,0,0,0,0,0,70,345,0,0,0,1,0,999,999,999,9999999,999,999,999,9,0,95,95,95,95,95,0,995,9.8,998,998,998,99.8,99.8,99.8,55.74491687,1,8
31189,15,157,1-15-2023-157-03,3,2,3GNAXUEV6KS6,17,467,1847,7,0,20,404,2019,14,3,14,0,1,F,2,1593,5,0,1,5,4,2,48,1,8,9,998,8,7,9,11580,2,2,3,4,2,1,2,1,2,1,1,2,0,0,3,1,0,0,9,0,14,4,73,99,1,1,6,M,93,0,0,0,0,0,0,0,0,0,0,345,70,0,0,0,1,98,999,999,999,9999999,999,999,999,7,0,1,1,0,1,4,0,995,9.8,998,998,998,99.8,99.8,99.8,55.74491687,1,8
31190,22,63,1-22-2023-063-10,10,1,YV4BZ9822810,17,485,1963,7,0,51,43,2008,6,1,4,0,1,L,1,1891,5,9999,9,4,41,2,97,1,9,0,995,0,9,0,97030,9,9,0,4,2,1,2,1,1,1,1,4,0,0,1,1,0,0,9,1,12,3,53,99,1,2,6,M,98,0,0,0,0,0,0,0,0,0,0,70,90,0,0,0,1,3,5,4,3,3070,998,192,4,0,4,0,0,0,0,0,0,995,9.8,998,998,998,99.8,99.8,99.8,445.2252564,12,8
31190,22,63,1-22-2023-063-10,10,2,1G1ZC5E13BF3,17,467,1834,13,0,20,37,2011,4,1,4,0,1,R,1,1549,5,0,1,1,22,2,97,1,9,0,995,0,9,0,99337,9,9,0,4,2,1,2,1,1,1,1,4,0,0,1,1,0,0,9,0,1,4,64,99,1,1,6,M,98,0,0,0,0,0,0,0,0,0,0,90,70,0,0,0,1,3,6,-6,-2,6448,998,136,7,0,4,0,0,0,0,0,0,995,9.8,998,998,998,99.8,99.8,99.8,445.2252564,12,8
31192,26,90,1-26-2023-090-03,3,1,5TDZT34A86S2,17,448,2827,7,0,49,422,2006,15,3,15,0,1,B,9,2395,5,9999,9,0,998,5,89,1,0,0,995,0,0,0,95742,9,9,0,4,2,1,2,1,1,1,1,4,0,0,1,1,0,0,1,0,5,3,53,1,1,1,6,M,98,0,0,0,0,0,0,0,0,0,0,170,170,0,0,0,3,0,999,999,999,9999999,999,999,999,9,0,95,95,95,95,95,0,995,9.8,998,998,998,99.8,99.8,99.8,474.1494166,10,8
31192,26,90,1-26-2023-090-03,3,2,1GKKRRKD3GJ1,17,472,1855,7,0,23,423,2016,15,3,15,0,1,B,9,2112,5,9999,9,0,998,5,89,1,0,0,995,0,0,0,95742,9,9,0,4,2,1,2,1,1,1,1,4,0,0,1,1,0,0,1,0,5,3,50,1,1,1,6,M,98,0,0,0,0,0,0,0,0,0,0,170,170,0,0,0,2,0,999,999,999,9999999,999,999,999,9,0,95,95,95,95,95,0,995,9.8,998,998,998,99.8,99.8,99.8,474.1494166,10,8
31192,26,90,1-26-2023-090-03,3,3,1GBJC34U93E3,17,467,1850,63,66,20,881,2003,61,8,60,0,1,B,9,,,,,,,5,89,1,0,0,995,0,0,0,95815,9,9,0,4,2,1,2,1,1,1,1,4,0,0,1,1,0,0,1,0,5,3,53,1,1,1,2,D,21,,,,,,,,,,,,,,,,,,,,,,,,,,,95,95,95,95,95,,,9.8,998,998,998,99.8,99.8,99.8,474.1494166,10,8
31192,26,90,1-26-2023-090-03,3,4,2C3CDXCT3NH1,17,476,1895,13,0,7,24,2022,4,1,5,0,1,F,2,1996,5,0,1,1,12,2,89,1,0,0,995,0,0,0,95608,9,1,0,4,2,1,2,1,1,1,1,4,0,0,1,1,0,0,9,0,1,3,50,4,1,1,2,D,20,0,0,0,0,0,0,0,0,0,0,170,170,0,0,0,1,5,999,999,999,9999999,999,999,33,3,0,99,99,0,0,0,0,995,9.8,998,998,998,99.8,99.8,99.8,474.1494166,10,8
31194,30,99,1-30-2023-099-04,4,1,3GYFNEE31GS5,17,469,1844,7,0,19,20,2016,6,1,4,0,1,F,1,2015,5,0,1,1,49,2,72,1,0,0,995,0,0,0,85395,9,9,3,4,2,1,2,1,1,1,0,0,0,0,1,1,0,0,9,0,11,2,15,99,1,1,4,K,82,0,0,0,0,0,0,0,0,0,0,350,90,0,0,0,1,3,22,-14,17,54008,998,147,18,0,4,0,0,0,0,0,0,995,9.8,998,998,998,99.8,99.8,99.8,2922.457573,10,8
31194,30,99,1-30-2023-099-04,4,2,1FMSK8DHXNGB,17,460,1800,7,0,12,425,2022,15,3,15,0,1,R,1,2022,5,9999,9,0,998,2,72,1,0,0,995,0,0,0,85043,9,9,3,5,5,2,2,1,1,1,2,3,0,0,1,1,0,0,1,0,1,4,72,99,1,1,4,K,83,0,0,0,0,0,0,0,0,0,0,90,350,0,0,0,1,3,23,-20,-12,87677,998,86,29,0,4,0,0,0,0,0,0,995,9.8,998,998,998,99.8,99.8,99.8,2922.457573,10,8
31195,30,100,1-30-2023-100-06,6,1,JF1ZNAA16D17,17,448,2315,3,0,67,35,2013,2,1,2,0,1,R,2,1255,5,0,1,1,69,2,56,1,0,0,995,0,0,0,85392,9,9,3,1,3,3,2,1,1,1,1,0,0,0,1,1,0,0,9,0,11,2,15,99,1,1,4,J,68,0,0,0,0,0,0,0,0,0,0,230,90,0,1,0,1,1,26,-23,-13,46555,998,26,29,0,4,0,0,0,0,0,0,995,9.8,998,998,998,99.8,99.8,99.8,1185.560555,10,8
31195,30,100,1-30-2023-100-06,6,2,KNDJN2A23G73,17,499,2460,7,0,63,37,2016,6,1,2,0,1,F,2,1231,5,0,1,1,66,2,56,1,0,0,995,0,0,0,85037,9,9,3,1,3,3,2,1,1,1,3,0,0,0,1,1,0,0,9,0,1,4,62,3,1,1,4,J,69,0,0,0,0,0,0,0,0,0,0,90,230,0,1,0,1,1,27,-26,5,31233,998,46,23,0,4,9,97,0,1,8,0,995,9.8,998,998,998,99.8,99.8,99.8,1185.560555,10,8
31196,66,61,1-66-2023-061-08,8,1,5TBDT44196S5,17,448,2467,60,0,49,482,2006,34,5,31,0,1,T,2,2258,5,9999,9,1,15,2,113,1,0,0,995,0,7,0,64804,1,9,0,2,2,2,2,1,1,1,3,2,1,3,2,1,0,0,3,1,1,2,13,8,2,4,1,A,2,1,4,2,2,1,4,61,1,2,27,997,997,0,0,0,1,6,999,999,999,9999999,999,999,999,7,0,1,1,0,1,4,3,997,9.8,998,998,998,99.8,99.8,99.8,128.7448736,6,8
31197,66,62,1-66-2023-062-06,6,1,1HGCR3F84EA0,17,474,1861,13,0,37,32,2014,4,1,4,0,1,F,1,1631,5,0,1,1,11,2,113,1,0,0,995,0,0,0,73127,9,1,0,2,2,2,2,2,1,1,3,2,1,3,2,2,0,0,9,1,1,1,6,4,2,4,1,B,7,0,0,0,0,0,0,0,0,0,0,998,998,0,0,0,1,10,999,999,999,9999999,999,-84,10,2,0,1,1,0,1,4,0,998,1.6,999,999,999,13.2,6.8,15.1,250.8534433,6,8
31198,26,89,1-26-2023-089-08,8,1,5TEVL52N12Z1,17,448,2223,60,0,49,472,2002,34,5,30,0,1,F,3,1365,5,9999,9,1,9,2,105,1,0,0,995,0,7,0,95673,1,9,0,2,5,4,1,1,1,9,3,3,0,0,1,1,0,0,9,0,1,3,50,99,1,1,2,D,20,0,0,0,0,0,0,0,0,0,0,60,60,0,0,0,1,1,42,-42,0,142672,998,0,51,0,4,2,4,0,1,8,0,995,9.8,998,998,998,99.8,99.8,99.8,409.4893324,10,8
31198,26,89,1-26-2023-089-08,8,2,5TDBT48A71S0,17,448,2827,7,0,49,422,2001,15,3,15,0,1,B,1,2390,5,0,1,1,17,2,105,1,0,0,995,0,7,0,95691,1,9,0,2,5,4,1,1,1,9,3,3,0,0,1,1,0,0,9,0,5,3,53,1,1,1,2,D,21,0,0,0,0,0,0,0,0,0,0,60,60,0,0,0,1,1,24,24,0,10746,998,-8,11,0,4,99,99,0,0,8,0,995,9.8,998,998,998,99.8,99.8,99.8,409.4893324,10,8