CASEID,PSU,CASENO,CASENUMBER,CATEGORY,VEHNO,VIN,VINLENGTH,VPICMAKE,VPICMODEL,VPICBODYCLASS,ICFINALBODY,MAKE,MODEL,MODELYR,BODYTYPE,BODYCAT,VEHCLASS,SPECUSE,TRANSTAT,DAMPLANE,DAMSEV,CURBWT,CURBSRC,CARGOWT,CARGOSRC,INSPTYPE,INSPLAG,TOWED,SPEEDLIMIT,DRPRESENT,PARALCOHOL,ALCTEST,ALCTESTRESULT,ALCTESTSRC,PARDRUG,DRUGTEST,ZIP,RACE,ETHNICITY,RELTOJUNCT,TRAFFLOW,RDLANES,INITLANE,SURFTYPE,SURFCOND,ALIGNMENT,PROFILE,LINERIGHT,LINELEFT,RUMBINIT,RUMBROAD,LIGHTCOND,WEATHER,TRAFDEV,TRAFFUNCT,DISTRACT,PREFHE,PREMOVE,CRITCAT,CRITEVENT,MANEUVER,PRESTAB,PRELOC,CRASHCAT,CRASHCONF,CRASHTYPE,ROLLTYPE,ROLLTURN,ROLLINTRPT,ROLLPREMAN,ROLLINITYP,ROLLINLOC,ROLLOBJ,ROLLTRIP,ROLLDIR,ROLLDIST,DVANGTHIS,DVANGOTH,TOWHITCH,TRAJDOC,TREEPOLE,DVEVENT,DVBASIS,DVTOTAL,DVLONG,DVLAT,DVENERGY,DVSPEED,DVMOMENT,DVBES,DVEST,DVCONF,VAIS,VISS,VINJSEV,VINJURED,VTREAT,INITOBJCLASS,HEADANGLECAT,SHLDRWIDTH,STRKLENGTH,STRKWIDTH,STRKHEIGHT,EDGEDISTX,EDGEDISTY,EDGEDISTZ,CASEWGT,PSUSTRAT,VERSION
31272,52,100,1-52-2023-100-03,3,2,1FMNU41SX5EB,17,460,2370,7,0,12,423,2005,16,3,16,0,1,F,9,3016,5,9999,9,0,998,5,113,1,0,0,995,0,0,0,59044,9,9,0,4,2,1,4,1,2,4,0,0,0,0,1,1,0,0,9,0,14,4,62,99,9,1,3,G,51,0,0,0,0,0,0,0,0,0,0,290,125,0,0,0,1,0,999,999,999,9999999,999,999,999,9,0,95,95,95,95,95,0,995,9.8,998,998,998,99.8,99.8,99.8,120.9653596,12,8
31273,26,91,1-26-2023-091-02,2,1,3GNAXKEV9NL2,17,467,1847,7,0,20,404,2022,14,3,14,0,1,F,3,1485,5,0,1,1,15,2,105,1,0,0,995,0,0,0,95240,9,1,1,2,3,2,2,1,1,1,3,3,0,2,1,1,0,0,9,1,1,2,11,99,1,4,1,C,11,0,0,0,0,0,0,0,0,0,0,195,170,0,0,0,1,5,999,999,999,9999999,999,999,999,8,0,2,4,0,1,8,0,995,9.8,998,998,998,99.8,99.8,99.8,39.51119356,10,8
31273,26,91,1-26-2023-091-02,2,2,4V4NC9EJ0NN2,17,487,1967,66,0,51,881,2022,66,8,68,0,2,B,9,,,,,,,,,,,,,,,,,,,,,,,,,,,,,,,,,,,,,,,,,,,,,,,,,,,,,,,,,,,,,,,,,,,,,,,,95,95,95,95,95,,,,,,,,,,39.51119356,10,8
31274,26,92,1-26-2023-092-10,10,1,5TDZA23C95S3,17,448,2468,2,0,49,442,2005,20,4,20,0,1,B,1,1870,5,9999,9,0,998,5,105,1,0,0,995,0,0,0,95610,9,9,0,2,7,3,2,1,1,9,3,3,0,0,1,1,0,0,1,0,2,4,61,1,1,1,6,M,98,0,0,0,0,0,0,0,0,0,0,220,215,0,0,0,3,3,19,19,0,37512,998,-10,23,0,4,95,95,95,95,95,0,995,9.8,998,998,998,99.8,99.8,99.8,17445.58689,10,8
31274,26,92,1-26-2023-092-10,10,2,1GNKVGKD0HJ1,17,467,1853,7,0,20,423,2017,15,3,15,0,1,L,9,2197,5,9999,9,0,998,5,105,1,0,0,995,0,0,0,95648,9,9,0,2,7,1,2,1,1,9,1,3,0,0,1,1,0,0,1,0,1,4,60,1,1,1,2,F,45,0,0,0,0,0,0,0,0,0,0,220,225,0,0,0,1,0,999,999,999,9999999,999,999,999,9,0,95,95,95,95,95,0,995,9.8,998,998,998,99.8,99.8,99.8,17445.58689,10,8
31274,26,92,1-26-2023-092-10,10,3,4A3AA46G61E1,17,481,2165,13,0,52,34,2001,4,1,2,0,1,F,1,1388,5,0,1,1,2,2,105,1,0,0,995,0,0,0,95661,9,9,0,2,7,3,2,1,1,9,3,3,0,0,1,1,0,0,9,1,15,2,11,99,1,2,2,F,46,0,0,0,0,0,0,0,0,0,0,215,220,0,0,0,3,3,24,-24,-4,24840,998,-25,20,0,4,0,0,0,0,0,0,995,9.8,998,998,998,99.8,99.8,99.8,17445.58689,10,8
31276,30,103,1-30-2023-103-09,9,1,3C6UR5DL1NG1,17,496,13621,60,0,7,482,2022,34,5,31,0,1,F,1,2327,5,9999,9,0,998,5,105,1,0,0,995,0,0,0,85210,9,9,1,2,6,5,2,1,1,1,3,1,0,0,1,1,0,0,1,0,1,3,52,2,1,1,2,D,28,0,0,0,0,0,0,0,0,0,0,90,90,0,0,0,1,3,17,-17,0,27166,998,0,17,0,4,95,95,95,95,95,0,995,9.8,998,998,998,99.8,99.8,99.8,2873.824632,10,8
31276,30,103,1-30-2023-103-09,9,2,JTDKN3DU5A00,17,448,2209,5,0,49,46,2010,5,1,3,0,1,B,2,1380,5,0,1,1,14,2,105,1,0,0,995,0,0,0,55082,9,9,1,2,6,5,2,1,1,1,3,1,0,0,1,1,0,0,1,0,2,3,53,2,1,1,2,D,29,0,0,0,0,0,0,0,0,0,0,90,90,0,0,0,1,3,27,27,0,38551,998,4,26,0,4,0,0,0,0,0,0,995,9.8,998,998,998,99.8,99.8,99.8,2873.824632,10,8
31276,30,103,1-30-2023-103-09,9,3,3C4PDCAB7JT1,17,476,1939,7,0,7,27,2018,6,1,4,0,1,B,9,1735,5,9999,9,0,998,5,105,1,0,0,995,0,0,0,85376,9,9,1,2,6,5,2,1,1,1,3,1,0,0,1,1,0,0,1,0,2,3,52,2,1,1,6,M,98,0,0,0,0,0,0,0,0,0,0,90,90,0,0,0,2,0,999,999,999,9999999,999,999,999,9,0,95,95,95,95,95,0,995,9.8,998,998,998,99.8,99.8,99.8,2873.824632,10,8
31277,30,104,1-30-2023-104-02,2,1,2C3CDZAG2KH5,17,476,1893,13,0,7,28,2019,2,1,5,0,1,F,2,1852,5,0,1,4,14,2,40,1,9,1,226,2,9,2,85051,9,9,0,4,4,1,2,1,1,1,1,2,0,0,1,1,0,0,9,1,1,2,13,99,1,4,1,A,1,0,0,0,0,0,0,0,0,0,0,998,998,0,0,0,2,11,999,999,999,9999999,999,999,999,7,0,2,5,0,1,3,0,998,2.0,40,15,15,0.0,0.0,0.0,30.20907705,10,8
31278,22,64,1-22-2023-064-09,9,1,1D4HB58D95F5,17,476,3508,7,0,7,422,2005,15,3,15,0,1,F,1,2304,5,9999,9,4,47,2,40,1,8,0,995,0,7,0,83546,9,9,2,4,2,1,2,1,1,2,0,0,0,0,1,1,2,2,3,0,1,2,17,99,1,1,5,L,88,0,0,0,0,0,0,0,0,0,0,155,65,0,0,0,1,12,999,999,999,9999999,999,999,999,2,0,0,0,0,0,0,0,995,9.8,998,998,998,99.8,99.8,99.8,118.1291688,12,8
31278,22,64,1-22-2023-064-09,9,2,1G1PG5S92B71,17,467,1832,13,0,20,25,2011,4,1,3,0,1,L,1,1407,5,9999,9,4,38,2,40,1,8,0,995,0,7,0,83501,9,9,2,4,2,1,2,1,1,1,0,0,0,0,1,1,0,0,9,0,1,4,66,99,9,1,5,L,89,0,0,0,0,0,0,0,0,0,0,65,155,0,0,0,1,12,999,999,999,9999999,999,999,999,2,0,1,1,0,1,5,0,995,9.8,998,998,998,99.8,99.8,99.8,118.1291688,12,8
31280,21,82,1-21-2023-082-02,2,1,3KPF24AD4LE2,17,499,2462,13,0,63,38,2020,4,1,3,0,1,R,1,1256,5,0,1,1,10,2,105,1,0,1,0,2,0,0,92373,1,1,0,2,4,4,1,2,3,1,3,2,0,0,2,98,0,0,1,1,14,1,6,2,4,4,1,B,7,0,0,0,0,0,0,0,0,0,0,310,280,0,0,0,3,3,22,14,-17,48028,998,-152,20,0,4,2,5,0,2,4,0,995,3.8,999,999,999,3.8,4.5,5.7,19.21894787,11,8
31280,21,82,1-21-2023-082-02,2,2,1FTSW20P26EB,17,460,1805,60,0,12,481,2006,34,5,31,0,1,F,1,2527,5,46,1,1,12,2,105,1,0,0,995,0,0,0,91342,9,1,0,2,4,3,1,2,3,1,3,3,0,0,2,98,0,0,9,0,14,4,60,8,1,1,6,M,98,0,0,0,0,0,0,0,0,0,0,280,310,0,0,0,3,3,10,-10,4,20308,998,31,13,0,4,99,99,0,0,0,0,995,9.8,998,998,998,99.8,99.8,99.8,19.21894787,11,8
31284,15,161,1-15-2023-161-06,6,1,1C4PJMCB5FW7,17,483,1945,7,0,2,404,2015,14,3,14,0,1,F,2,1788,5,9999,9,4,25,2,80,1,8,9,998,8,7,9,11767,1,2,0,2,4,3,2,1,1,1,3,3,0,3,1,1,0,0,9,0,1,3,51,7,1,1,2,D,24,0,0,0,0,0,0,0,0,0,0,998,998,0,0,0,2,12,999,999,999,9999999,999,999,999,7,0,1,1,0,1,4,0,998,3.5,120,120,120,99.9,99.9,99.9,96.80108325,1,8
31284,15,161,1-15-2023-161-06,6,2,5YMTS0C02LLT,17,452,1719,7,0,34,402,2020,14,3,14,0,1,B,9,1918,5,9999,9,0,998,5,80,1,8,9,998,8,7,9,11733,9,9,0,2,3,3,2,1,1,1,3,3,1,3,1,1,0,0,9,0,1,3,53,1,1,1,2,D,25,0,0,0,0,0,0,0,0,0,0,255,235,0,0,0,1,0,999,999,999,9999999,999,999,999,9,0,95,95,95,95,95,0,995,9.8,998,998,998,99.8,99.8,99.8,96.80108325,1,8
31286,15,163,1-15-2023-163-04,4,1,2T3F1RFV8MW2,17,448,2217,7,0,49,402,2021,14,3,14,0,1,F,1,1583,5,0,1,1,68,2,89,1,8,9,998,8,7,9,22306,9,9,1,2,4,2,2,1,2,9,3,3,0,0,1,8,6,2,9,0,14,3,50,99,1,1,2,D,20,0,0,0,0,0,0,0,0,0,0,90,90,0,0,0,1,3,17,-17,0,18999,998,27,17,0,4,0,0,0,0,0,0,995,9.8,998,998,998,99.8,99.8,99.8,163.7618471,1,8
31286,15,163,1-15-2023-163-04,4,2,1J4AA2D11AL1,17,483,1943,7,0,2,403,2010,14,3,14,0,1,B,1,1889,5,9999,9,0,998,5,89,1,8,9,998,8,7,9,11758,9,9,1,2,4,2,2,1,2,9,3,3,0,0,1,8,6,2,9,0,5,3,53,99,1,1,2,D,21,0,0,0,0,0,0,0,0,0,0,90,90,0,0,0,1,3,15,15,0,16372,998,30,14,0,4,95,95,95,95,95,0,995,9.8,998,998,998,99.8,99.8,99.8,163.7618471,1,8
31286,15,163,1-15-2023-163-04,4,3,19UUA66205A0,17,475,1873,13,0,54,35,2005,4,1,3,0,1,F,9,1585,5,9999,9,0,998,2,89,1,8,9,998,8,7,9,11510,9,9,1,2,4,2,2,1,2,9,3,3,0,0,1,8,6,2,9,0,14,3,52,99,1,1,6,M,98,0,0,0,0,0,0,0,0,0,0,90,90,0,0,0,2,0,999,999,999,9999999,999,999,999,9,0,0,0,0,0,0,0,995,9.8,998,998,998,99.8,99.8,99.8,163.7618471,1,8
31287,12,83,1-12-2023-083-04,4,1,1GNES16S8561,17,467,4548,7,0,20,403,2005,14,3,14,0,1,L,1,2165,5,9999,9,0,998,5,56,1,0,0,995,0,0,0,73401,9,9,2,4,4,2,2,1,1,1,1,2,0,0,1,1,1,2,3,0,1,2,17,99,1,1,5,L,89,0,0,0,0,0,0,0,0,0,0,170,255,0,0,0,1,3,8,-4,7,10907,998,-59,11,0,4,95,95,95,95,95,0,995,9.8,998,998,998,99.8,99.8,99.8,325.1390127,9,8
31287,12,83,1-12-2023-083-04,4,2,KL8CB6SA5LC4,17,467,1836,5,0,20,29,2020,5,1,1,0,1,F,1,1019,5,0,1,1,13,2,56,1,8,8,997,8,0,0,73401,1,2,2,4,3,1,2,1,2,2,0,1,0,0,1,1,1,2,1,0,14,4,66,1,1,1,5,L,88,0,0,0,0,0,0,0,0,0,0,255,170,0,0,0,1,3,15,-13,-7,7651,998,-49,12,0,4,0,0,0,0,0,0,995,9.8,998,998,998,99.8,99.8,99.8,325.1390127,9,8
31288,29,72,1-29-2023-072-07,7,1,1GNSKCKC8HR3,17,467,1852,7,0,20,421,2017,15,3,15,0,1,T,1,2515,5,0,1,1,2,2,56,1,0,1,0,2,0,0,02767,1,2,1,3,1,1,2,1,3,9,1,2,0,0,1,8,0,0,9,1,14,2,13,99,9,4,1,A,1,1,2,2,2,99,4,99,1,2,999,997,997,0,0,0,1,6,999,999,999,9999999,999,999,999,6,0,1,1,0,1,4,9,997,9.8,998,998,998,99.8,99.8,99.8,1349.13308,2,8
31289,29,73,1-29-2023-073-09,9,1,4T1BE32K62U1,17,448,2469,13,0,49,40,2002,4,1,3,0,1,F,2,1435,5,9999,9,4,13,2,105,1,8,9,998,8,7,9,07050,9,9,0,2,2,1,2,2,1,9,1,3,2,3,2,2,0,0,9,0,1,3,52,2,1,1,2,D,28,0,0,0,0,0,0,0,0,0,0,245,245,0,0,0,1,3,28,-28,0,42017,998,0,27,0,4,0,0,0,0,4,0,995,9.8,998,998,998,99.8,99.8,99.8,953.7350249,2,8
31289,29,73,1-29-2023-073-09,9,2,2HGES16305H5,17,474,1863,13,0,37,31,2005,4,1,2,0,1,B,2,1163,5,0,1,1,15,2,105,1,0,0,995,0,0,0,02492,2,2,0,2,2,1,2,2,1,9,1,3,2,3,2,2,0,0,1,0,1,3,53,1,1,1,2,D,29,0,0,0,0,0,0,0,0,0,0,245,245,0,0,0,1,3,34,34,0,56109,998,0,34,0,4,0,0,0,0,4,0,995,9.8,998,998,998,99.8,99.8,99.8,953.7350249,2,8
31290,29,74,1-29-2023-074-04,4,1,3C4NJDCB1KT7,17,483,1946,7,0,2,1,2019,6,1,2,0,1,L,2,1648,5,0,1,3,15,2,0,1,8,0,995,0,7,0,02719,9,9,3,4,2,1,2,1,1,9,0,0,0,0,1,1,0,0,2,0,11,2,15,99,1,1,4,K,82,0,0,0,0,0,0,0,0,0,0,175,270,0,0,0,1,12,999,999,999,9999999,999,999,999,7,0,0,0,0,0,0,0,995,9.8,998,998,998,99.8,99.8,99.8,563.9084873,2,8
31290,29,74,1-29-2023-074-04,4,2,1C4PJMDS3FW6,17,483,1945,7,0,2,404,2015,14,3,14,0,1,F,2,1669,5,0,1,4,50,2,56,1,8,0,995,0,7,0,02719,9,9,3,4,4,2,2,1,1,9,3,2,0,0,1,1,0,0,1,0,1,4,72,99,1,1,4,K,83,0,0,0,0,0,0,0,0,0,0,270,175,0,0,0,1,12,999,999,999,9999999,999,999,999,7,0,0,0,0,0,0,0,995,9.8,998,998,998,99.8,99.8,99.8,563.9084873,2,8
31290,29,74,1-29-2023-074-04,4,3,1C4GJXAN2MW7,17,483,1943,7,0,2,403,2021,14,3,14,0,1,L,9,1791,5,9999,9,0,998,5,56,1,8,9,998,8,7,9,02739,9,9,3,4,4,1,2,1,1,9,1,3,0,0,1,1,0,0,9,0,5,4,60,1,1,1,6,M,98,0,0,0,0,0,0,0,0,0,0,270,345,0,0,0,2,0,999,999,999,9999999,999,999,999,9,0,95,95,95,95,95,0,995,9.8,998,998,998,99.8,99.8,99.8,563.9084873,2,8
31291,22,66,1-22-2023-066-09,9,1,RZN185-90116,14,448,99997,7,0,49,498,1997,14,3,14,0,1,T,3,1674,5,0,1,1,16,2,80,1,0,0,995,0,0,0,99223,9,9,0,4,2,1,2,1,1,1,1,2,0,0,1,8,0,0,9,1,1,2,13,3,4,4,6,M,98,1,4,1,4,1,1,61,1,1,21,997,997,0,0,0,2,6,999,999,999,9999999,999,999,999,8,0,1,2,0,1,4,3,997,0.7,10,1,120,46.1,0.3,46.1,118.1291688,12,8
31292,15,164,1-15-2023-164-03,3,1,5J8YD4H56LL0,17,475,2147,7,0,54,421,2020,15,3,15,0,1,B,9,1940,5,9999,9,0,998,5,48,1,8,9,998,8,7,9,11559,9,9,2,4,2,1,2,1,1,1,0,0,0,0,1,1,8,2,9,0,13,3,50,99,1,1,6,M,92,0,0,0,0,0,0,0,0,0,0,325,325,0,0,0,1,0,999,999,999,9999999,999,999,999,9,0,95,95,95,95,95,0,995,9.8,998,998,998,99.8,99.8,99.8,44.49646404,1,8
31292,15,164,1-15-2023-164-03,3,2,2C4RC3BG7MR5,17,477,3628,2,0,6,443,2021,20,4,20,0,1,F,1,2215,5,0,1,5,9,2,48,1,8,9,998,8,7,9,11598,9,9,2,4,2,1,2,1,1,1,0,0,0,0,1,1,8,2,9,0,5,3,56,99,1,1,6,M,93,0,0,0,0,0,0,0,0,0,0,325,325,0,0,0,1,12,999,999,999,9999999,999,999,999,6,0,1,1,0,1,4,0,995,9.8,998,998,998,99.8,99.8,99.8,44.49646404,1,8
31293,21,85,1-21-2023-085-09,9,1,JNKCV51F76M6,17,480,2305,13,0,58,37,2006,4,1,4,0,1,F,1,1673,5,0,1,1,19,2,113,1,1,8,997,8,7,0,92336,1,1,0,2,3,3,1,1,1,1,1,3,2,3,2,1,0,0,9,1,1,3,51,99,1,2,2,D,24,0,0,0,0,0,0,0,0,0,0,60,50,0,0,0,1,5,999,999,999,9999999,999,999,24,2,0,1,1,0,1,4,0,995,3.3,999,999,999,9.9,1.9,9.8,2151.271327,11,8
31293,21,85,1-21-2023-085-09,9,2,3AKJHHDR8PSL,17,450,2501,66,0,82,881,2023,66,8,68,0,1,B,9,,,,,,,5,113,1,0,0,995,0,0,0,39601,9,9,0,2,3,1,1,1,1,1,1,3,2,3,2,1,0,0,9,0,1,3,53,1,1,1,2,D,25,,,,,,,,,,,,,,,,,,,,,,,,,,,95,95,95,95,95,,,9.8,998,998,998,99.8,99.8,99.8,2151.271327,11,8
31294,15,165,1-15-2023-165-04,4,1,2T1CF22P2XC0,17,448,2803,3,0,49,44,1999,2,1,3,0,1,F,1,1440,5,9999,9,0,998,2,48,1,8,9,998,8,7,9,11554,9,9,2,4,5,3,2,2,1,1,1,2,0,0,1,2,1,2,9,0,11,2,15,99,9,1,4,J,68,0,0,0,0,0,0,0,0,0,0,80,310,0,0,0,1,3,20,-17,-10,31708,998,-99,19,0,4,99,99,0,0,0,0,995,9.8,998,998,998,99.8,99.8,99.8,163.7618471,1,8
31294,15,165,1-15-2023-165-04,4,2,1V2LR2CA8KC5,17,482,17618,7,0,30,403,2019,14,3,14,0,1,F,1,2042,5,0,1,1,36,2,48,1,8,9,998,8,7,9,11710,1,2,2,4,5,2,2,2,1,1,1,1,0,0,1,2,1,2,9,0,1,4,62,4,1,1,4,J,69,0,0,0,0,0,0,0,0,0,0,310,80,0,0,0,1,3,14,-13,5,21494,998,75,14,0,4,0,0,0,0,0,0,995,9.8,998,998,998,99.8,99.8,99.8,163.7618471,1,8
31296,21,86,1-21-2023-086-03,3,1,2C3CCADGXNH1,17,477,1878,13,0,6,51,2022,4,1,5,0,1,T,2,1820,5,0,1,1,17,2,89,1,0,0,995,0,0,0,92395,1,1,0,4,2,1,2,2,3,1,1,4,0,0,1,2,0,0,9,1,14,1,6,2,2,4,1,A,2,1,4,1,2,4,4,68,4,2,25,997,997,0,0,0,1,6,999,999,999,9999999,999,999,999,7,0,2,4,0,1,4,3,997,4.0,999,999,999,99.9,99.9,99.9,254.7960521,11,8
31298,11,63,1-11-2023-063-02,2,1,4T1BF1FK7FU0,17,448,2469,13,0,49,40,2015,4,1,4,0,1,R,1,1467,5,0,1,4,47,2,72,1,0,0,995,0,0,0,23112,1,9,2,1,5,5,2,1,1,9,1,2,0,0,1,1,1,2,1,0,11,2,15,99,1,1,4,J,68,0,0,0,0,0,0,0,0,0,0,0,275,0,0,0,1,12,999,999,999,9999999,999,999,999,6,0,3,19,1,1,3,0,995,9.8,998,998,998,99.8,99.8,99.8,83.61933847,8,8
31298,11,63,1-11-2023-063-02,2,2,1V2NE2CA9LC2,17,482,27124,7,0,30,403,2020,14,3,14,0,1,F,1,2084,5,0,1,4,47,2,72,1,0,0,995,0,0,0,23838,9,9,2,1,6,2,2,1,1,9,1,1,0,0,1,1,1,2,1,0,1,4,62,99,1,1,4,J,69,0,0,0,0,0,0,0,0,0,0,275,0,0,0,0,1,12,999,999,999,9999999,999,999,999,6,0,9,97,0,1,8,0,995,9.8,998,998,998,99.8,99.8,99.8,83.61933847,8,8
31300,24,87,1-24-2023-087-06,6,1,19XFC2F50HE2,17,474,1863,13,0,37,31,2017,4,1,3,0,1,F,1,1256,5,0,1,1,16,2,80,1,0,0,995,0,0,0,08221,9,9,2,4,2,1,2,1,1,1,1,2,0,0,1,1,0,0,3,0,1,3,50,4,2,1,2,D,20,0,0,0,0,0,0,0,0,0,0,320,310,0,0,0,1,3,14,-14,2,8721,998,-12,13,0,4,0,0,0,0,0,0,995,9.8,998,998,998,99.8,99.8,99.8,734.7906036,1,8
31300,24,87,1-24-2023-087-06,6,2,KNDJP3A57H74,17,499,2460,7,0,63,37,2017,6,1,2,0,1,B,1,1231,5,0,1,4,11,2,80,1,0,0,995,0,0,0,08234,1,2,2,4,2,1,2,1,1,1,1,2,0,0,1,1,0,0,1,0,5,3,53,1,1,1,2,D,22,0,0,0,0,0,0,0,0,0,0,310,320,0,0,0,1,3,15,15,0,12140,998,0,16,0,4,1,2,0,1,6,0,995,9.8,998,998,998,99.8,99.8,99.8,734.7906036,1,8
31301,24,88,1-24-2023-088-02,2,1,1GNSKGKC5LR1,17,467,1851,7,0,20,422,2020,15,3,15,0,1,F,1,2620,5,0,1,1,8,2,80,1,0,0,995,0,0,0,08205,1,2,2,1,2,2,2,1,1,1,3,2,0,0,1,1,0,0,1,0,1,4,67,2,1,1,4,K,83,0,0,0,0,0,0,0,0,0,0,105,15,0,0,0,1,1,16,-15,-5,26757,998,-59,15,0,1,1,2,0,1,4,0,995,9.8,998,998,998,99.8,99.8,99.8,67.71298621,1,8
31301,24,88,1-24-2023-088-02,2,2,1FM5K7D85KGA,17,460,1800,7,0,12,425,2019,15,3,15,0,1,L,1,2067,5,0,1,1,14,2,40,1,0,0,995,0,0,0,08201,1,1,2,4,2,1,2,1,1,1,0,0,0,0,1,1,2,2,9,0,11,2,15,1,1,1,4,K,82,0,0,0,0,0,0,0,0,0,0,15,105,0,0,0,1,1,18,-6,17,54639,998,129,19,0,1,1,2,0,2,4,0,995,9.8,998,998,998,99.8,99.8,99.8,67.71298621,1,8
31302,13,107,1-13-2023-107-02,2,1,1C4HJXEN8JW1,17,483,1943,7,0,2,403,2018,14,3,14,0,1,F,3,1948,5,0,1,4,44,2,105,1,8,1,0,2,7,1,76107,1,2,1,2,2,1,2,1,1,9,1,3,2,3,1,1,0,0,9,0,1,3,52,99,1,1,2,D,28,0,0,0,0,0,0,0,0,0,0,270,270,0,0,0,1,3,51,-51,0,241109,998,0,55,0,4,2,5,0,1,3,0,995,9.8,998,998,998,99.8,99.8,99.8,119.5086693,7,8
31302,13,107,1-13-2023-107-02,2,2,KNDPM3AC3M78,17,499,2770,7,0,63,401,2021,14,3,14,0,1,B,3,1631,5,0,1,1,16,2,105,1,8,0,995,0,7,0,76117,9,1,1,2,2,1,2,1,1,9,1,3,2,3,1,1,0,0,1,0,2,3,53,1,1,1,2,D,29,0,0,0,0,0,0,0,0,0,0,270,270,0,0,0,1,3,61,61,0,207773,998,0,56,0,4,3,14,1,1,3,0,995,3.3,999,999,999,0.0,0.0,0.0,119.5086693,7,8
31302,13,107,1-13-2023-107-02,2,3,5LMJJ3LG6PEL,17,464,25741,7,0,13,421,2023,15,3,15,0,1,B,9,2747,5,9999,9,0,998,2,105,1,8,0,995,0,7,0,76048,1,2,1,2,2,1,2,1,1,9,1,3,2,3,1,1,0,0,1,0,5,3,53,1,1,1,6,M,98,0,0,0,0,0,0,0,0,0,0,270,280,0,0,0,2,0,999,999,999,9999999,999,999,999,9,0,1,1,0,2,4,0,995,9.8,998,998,998,99.8,99.8,99.8,119.5086693,7,8
31303,14,66,1-14-2023-066-03,3,1,3C6UR5GJ8NG4,17,496,13621,60,0,7,482,2022,34,5,31,0,1,F,3,3022,5,0,1,1,20,2,97,1,8,0,995,0,7,0,78209,1,9,2,1,4,3,2,1,1,1,3,1,0,0,1,1,1,2,3,1,1,2,13,3,9,4,1,A,1,0,0,0,0,0,0,0,0,0,0,998,998,0,0,1,1,1,46,-45,8,249100,998,3,45,0,1,9,97,0,1,0,0,998,0.0,35,35,120,1.1,2.3,2.6,820.4582585,8,8
31304,14,67,1-14-2023-067-09,9,1,1FTZX072XYKA,17,460,1801,60,0,12,481,2000,34,5,31,0,1,F,9,1982,5,0,2,0,998,2,56,1,8,0,995,0,7,0,78130,1,2,0,5,3,1,2,1,1,1,1,2,0,0,1,1,0,0,9,0,1,3,50,2,1,1,2,D,20,0,0,0,0,0,0,0,0,0,0,230,230,0,0,0,1,0,999,999,999,9999999,999,999,999,9,0,1,2,0,1,4,0,995,9.8,998,998,998,99.8,99.8,99.8,5747.150285,8,8
31304,14,67,1-14-2023-067-09,9,2,1C4PJMMX4MD1,17,483,1945,7,0,2,422,2021,15,3,15,0,1,B,9,1839,5,9999,9,0,998,5,56,1,8,0,995,0,7,0,78132,9,9,0,5,3,1,2,1,1,1,1,2,0,0,1,1,0,0,9,0,5,3,53,1,1,1,2,D,21,0,0,0,0,0,0,0,0,0,0,230,230,0,0,0,1,0,999,999,999,9999999,999,999,999,9,0,95,95,95,95,95,0,995,9.8,998,998,998,99.8,99.8,99.8,5747.150285,8,8
31304,14,67,1-14-2023-067-09,9,3,3VVCB7AX6NM0,17,482,8151,7,0,30,402,2022,14,3,14,0,1,B,9,1713,5,9999,9,0,998,5,56,1,8,0,995,0,7,0,78022,9,9,0,5,3,1,2,1,1,1,1,2,0,0,1,1,0,0,9,0,5,3,53,1,1,1,6,M,98,0,0,0,0,0,0,0,0,0,0,230,230,0,0,0,2,0,999,999,999,9999999,999,999,999,9,0,95,95,95,95,95,0,995,9.8,998,998,998,99.8,99.8,99.8,5747.150285,8,8
31305,25,85,1-25-2023-085-01,1,1,5NMSH13E87H0,17,498,2057,7,0,55,401,2007,14,3,14,0,1,F,1,1745,5,0,1,1,10,2,64,1,0,1,0,3,0,2,04074,9,9,2,1,2,98,2,1,1,1,9,9,0,0,3,1,1,2,9,1,1,2,12,99,9,4,1,B,6,0,0,0,0,0,0,0,0,0,0,998,998,0,1,0,5,10,999,999,999,9999999,999,3,16,2,0,1,1,0,1,2,0,998,0.5,999,999,999,0.0,0.0,0.0,89.43231278,2,8
31306,25,86,1-25-2023-086-02,2,1,1FM5K8GC3NGC,17,460,1800,7,0,12,425,2022,15,3,15,0,1,R,2,2022,5,0,1,1,25,2,40,1,1,1,163,2,0,0,04074,1,2,0,4,2,1,2,1,2,4,0,2,0,0,2,1,0,0,9,1,14,2,13,3,2,4,1,A,1,1,4,2,2,1,4,61,1,1,36,997,997,0,1,0,1,6,999,999,999,9999999,999,999,999,7,0,1,1,0,1,4,3,997,9.8,998,998,998,99.8,99.8,99.8,54.67364508,2,8