CASEID,PSU,CASENO,CASENUMBER,CATEGORY,VEHNO,VIN,VINLENGTH,VPICMAKE,VPICMODEL,VPICBODYCLASS,ICFINALBODY,MAKE,MODEL,MODELYR,BODYTYPE,BODYCAT,VEHCLASS,SPECUSE,TRANSTAT,DAMPLANE,DAMSEV,CURBWT,CURBSRC,CARGOWT,CARGOSRC,INSPTYPE,INSPLAG,TOWED,SPEEDLIMIT,DRPRESENT,PARALCOHOL,ALCTEST,ALCTESTRESULT,ALCTESTSRC,PARDRUG,DRUGTEST,ZIP,RACE,ETHNICITY,RELTOJUNCT,TRAFFLOW,RDLANES,INITLANE,SURFTYPE,SURFCOND,ALIGNMENT,PROFILE,LINERIGHT,LINELEFT,RUMBINIT,RUMBROAD,LIGHTCOND,WEATHER,TRAFDEV,TRAFFUNCT,DISTRACT,PREFHE,PREMOVE,CRITCAT,CRITEVENT,MANEUVER,PRESTAB,PRELOC,CRASHCAT,CRASHCONF,CRASHTYPE,ROLLTYPE,ROLLTURN,ROLLINTRPT,ROLLPREMAN,ROLLINITYP,ROLLINLOC,ROLLOBJ,ROLLTRIP,ROLLDIR,ROLLDIST,DVANGTHIS,DVANGOTH,TOWHITCH,TRAJDOC,TREEPOLE,DVEVENT,DVBASIS,DVTOTAL,DVLONG,DVLAT,DVENERGY,DVSPEED,DVMOMENT,DVBES,DVEST,DVCONF,VAIS,VISS,VINJSEV,VINJURED,VTREAT,INITOBJCLASS,HEADANGLECAT,SHLDRWIDTH,STRKLENGTH,STRKWIDTH,STRKHEIGHT,EDGEDISTX,EDGEDISTY,EDGEDISTZ,CASEWGT,PSUSTRAT,VERSION
31339,59,108,1-59-2023-108-08,8,2,2C4RC1CG2CR1,17,477,1936,2,0,6,441,2012,20,4,20,0,1,F,1,2115,5,9999,9,4,17,2,72,1,0,1,0,2,0,0,47802,1,9,0,4,3,1,2,1,3,1,1,2,0,0,1,1,0,0,9,0,14,4,62,99,1,1,3,G,51,0,0,0,0,0,0,0,0,0,0,220,25,0,1,0,1,3,12,-12,0,20526,998,0,16,0,4,2,5,0,1,3,0,995,9.8,998,998,998,99.8,99.8,99.8,134.5295506,6,8
31340,59,109,1-59-2023-109-05,5,1,KNDPN3AC2H72,17,499,2770,7,0,63,401,2017,14,3,14,0,1,F,2,1631,5,0,1,1,7,2,48,1,0,1,0,2,0,1,47805,1,2,0,4,2,1,2,1,1,4,2,1,0,0,1,1,0,0,3,1,1,2,12,99,1,4,1,B,6,1,6,2,2,6,4,51,3,2,37,998,998,0,1,7,2,11,999,999,999,9999999,999,999,999,7,0,4,36,1,1,3,3,998,0.0,28,28,120,22.4,0.8,22.4,49.55652444,6,8
31341,76,79,1-76-2023-079-05,5,1,1FM5K8GTXJGB,17,460,1800,7,0,12,401,2018,14,3,14,0,1,F,2,2146,5,9999,9,4,104,2,64,1,8,9,998,8,7,9,11778,9,9,0,4,2,1,2,1,3,4,0,0,0,0,1,8,0,0,9,1,14,2,10,99,1,2,3,G,50,0,0,0,0,0,0,0,0,0,0,160,320,0,0,0,1,12,999,999,999,9999999,999,999,999,7,0,0,0,0,0,0,0,995,9.8,998,998,998,99.8,99.8,99.8,20.73978914,3,8
31341,76,79,1-76-2023-079-05,5,2,JF1GPAA66GH2,17,523,2235,15,0,48,38,2016,6,1,3,0,1,F,2,1365,5,0,2,4,104,2,64,1,8,1,0,2,9,1,12460,1,2,0,4,2,1,2,1,2,1,0,0,0,0,1,8,0,0,1,0,14,4,62,3,1,1,3,G,51,0,0,0,0,0,0,0,0,0,0,320,160,0,0,0,1,12,999,999,999,9999999,999,999,999,7,0,3,14,1,1,3,0,995,9.8,998,998,998,99.8,99.8,99.8,20.73978914,3,8
31342,76,80,1-76-2023-080-04,4,1,JTERU5JR3M58,17,448,2216,7,0,49,401,2021,14,3,14,0,1,F,9,2155,8,9999,9,0,998,2,89,1,8,9,998,8,7,9,12413,9,9,0,4,2,1,2,1,1,1,1,4,1,0,1,8,0,0,9,0,1,6,87,99,1,1,1,C,13,0,0,0,0,0,0,0,0,0,0,998,998,0,0,0,1,0,999,999,999,9999999,999,999,999,9,0,0,0,0,0,0,0,998,9.8,998,998,998,99.8,99.8,99.8,17.81182118,3,8
31343,76,81,1-76-2023-081-10,10,1,JHMGE8H56DC0,17,474,2127,5,0,37,39,2013,5,1,1,0,1,F,2,1163,5,9999,9,4,109,2,89,1,8,0,995,0,7,0,12482,9,9,0,2,2,2,2,2,2,4,3,2,0,0,2,8,0,0,3,1,14,2,12,99,4,4,1,B,7,0,0,0,0,0,0,0,0,0,0,998,998,0,0,0,1,12,999,999,999,9999999,999,999,999,7,0,0,0,0,0,0,0,998,0.9,999,999,999,2.5,0.2,2.5,19.39380957,3,8
31344,11,65,1-11-2023-065-06,6,1,5NPD84LF7JH2,17,498,2735,13,0,55,35,2018,4,1,3,0,1,F,1,1275,5,0,1,1,37,2,56,1,0,0,995,0,0,0,23860,9,9,2,3,3,2,2,2,1,9,1,1,0,0,1,2,1,2,1,0,1,2,17,99,1,1,5,L,86,0,0,0,0,0,0,0,0,0,0,45,135,0,0,0,1,1,17,-13,11,23022,998,117,16,0,4,99,99,0,0,0,0,995,9.8,998,998,998,99.8,99.8,99.8,1323.507985,8,8
31344,11,65,1-11-2023-065-06,6,2,3B7HF13Y01G7,17,476,1938,60,0,7,482,2001,34,5,31,0,1,R,1,2285,5,0,1,1,37,2,56,1,0,0,995,0,0,0,23860,9,9,2,4,2,1,2,2,1,9,0,2,0,0,1,2,1,2,1,0,1,4,66,99,1,1,5,L,87,0,0,0,0,0,0,0,0,0,0,135,45,0,0,0,1,1,10,-7,-8,15101,998,68,12,0,4,0,0,0,0,0,0,995,9.8,998,998,998,99.8,99.8,99.8,1323.507985,8,8
31345,27,86,1-27-2023-086-03,3,1,3CZRM3H57CG7,17,474,1865,7,0,37,402,2012,14,3,14,0,1,F,1,1499,5,0,1,1,11,2,48,1,0,0,995,0,0,0,01247,9,9,2,4,2,1,2,1,1,4,0,2,0,0,1,1,2,2,2,0,1,2,17,3,1,1,5,L,88,0,0,0,0,0,0,0,0,0,0,120,35,0,1,0,1,1,19,-14,-12,48335,998,-114,22,0,1,0,0,0,0,0,0,995,9.8,998,998,998,99.8,99.8,99.8,23.11204993,3,8
31345,27,86,1-27-2023-086-03,3,2,4T1L11AK4LU5,17,448,2469,13,0,49,40,2020,4,1,4,0,1,L,1,1495,5,0,1,1,11,2,48,1,0,0,995,0,0,0,03451,1,2,2,4,2,1,2,1,2,2,0,2,0,0,1,1,0,0,1,0,14,4,66,98,1,1,5,L,89,0,0,0,0,0,0,0,0,0,0,35,120,0,1,0,1,1,18,-12,14,8535,998,-29,12,0,1,1,1,0,1,4,0,995,9.8,998,998,998,99.8,99.8,99.8,23.11204993,3,8
31347,27,88,1-27-2023-088-03,3,1,WDC0G8EB2LF7,17,449,5885,7,0,42,405,2020,14,3,14,0,1,R,1,1804,5,0,1,1,15,2,48,1,0,1,0,2,0,3,10022,1,2,2,4,2,1,2,1,1,1,0,0,0,0,1,1,2,2,1,0,1,2,17,1,1,1,5,L,87,1,2,2,5,1,1,61,1,2,6,215,110,0,0,0,1,1,16,-8,-14,14284,998,73,12,0,1,1,1,0,2,4,3,995,9.8,998,998,998,99.8,99.8,99.8,23.11204993,3,8
31347,27,88,1-27-2023-088-03,3,2,1FAHP2MK7FG1,17,460,1782,13,0,12,17,2015,4,1,4,5,1,F,1,1918,5,0,1,1,8,2,48,1,0,0,995,0,0,0,10022,1,2,2,4,2,1,2,1,1,2,1,2,0,0,1,1,0,0,1,0,1,4,66,4,1,1,5,L,86,0,0,0,0,0,0,0,0,0,0,110,215,0,0,0,1,1,15,-15,3,29096,998,33,19,0,1,1,3,0,2,4,0,995,9.8,998,998,998,99.8,99.8,99.8,23.11204993,3,8
31349,12,84,1-12-2023-084-07,7,1,1GNKRJEDXBJ1,17,467,1853,7,0,20,24,2011,6,1,5,0,1,F,1,2141,5,0,1,1,25,2,56,1,0,0,995,0,0,0,73447,1,2,2,4,2,1,2,1,1,1,0,0,0,0,1,1,2,2,1,0,1,2,17,1,1,1,5,L,88,0,0,0,0,0,0,0,0,0,0,180,100,0,0,0,1,8,999,999,999,9999999,999,999,999,6,0,0,0,0,0,0,0,995,9.8,998,998,998,99.8,99.8,99.8,733.9239233,9,8
31349,12,84,1-12-2023-084-07,7,2,2HGFB2F98FH5,17,474,1863,13,0,37,31,2015,4,1,3,0,1,L,1,1258,5,0,1,1,9,2,56,1,0,0,995,0,0,0,73401,9,9,2,4,2,1,2,1,1,1,1,2,0,0,1,1,0,0,9,0,1,4,66,8,1,1,5,L,89,0,0,0,0,0,0,0,0,0,0,100,180,0,1,0,1,8,999,999,999,9999999,999,999,999,6,0,0,0,0,0,0,0,995,1.7,50,15,17,0.0,0.0,0.0,733.9239233,9,8
31350,12,85,1-12-2023-085-04,4,1,KM8K12AA4KU3,17,498,22249,7,0,55,404,2019,14,3,14,0,1,F,1,1311,5,0,1,1,16,2,40,1,0,0,995,0,0,0,73401,1,2,2,4,2,1,2,1,1,1,0,0,0,0,1,1,0,0,1,0,11,2,15,1,1,1,4,J,68,0,0,0,0,0,0,0,0,0,0,75,285,0,0,0,1,98,999,999,999,9999999,999,999,999,6,0,0,0,0,0,0,0,995,9.8,998,998,998,99.8,99.8,99.8,304.7970493,9,8
31350,12,85,1-12-2023-085-04,4,2,2GTEC13T5611,17,472,1857,60,0,23,481,2006,34,5,31,0,1,L,1,2262,5,0,1,1,9,2,40,1,0,0,995,0,0,0,73401,9,9,2,4,2,1,2,1,1,1,0,0,0,0,1,1,0,0,9,0,1,4,62,1,1,1,4,J,69,0,0,0,0,0,0,0,0,0,0,285,75,0,0,0,1,8,999,999,999,9999999,999,999,999,6,0,0,0,0,0,0,0,995,9.8,998,998,998,99.8,99.8,99.8,304.7970493,9,8
31351,12,86,1-12-2023-086-03,3,1,2FMPK4J98NBA,17,460,1797,7,0,12,424,2022,15,3,15,0,1,L,1,1875,5,0,1,1,21,2,105,1,0,0,995,0,0,0,73401,1,2,2,1,4,2,2,1,1,1,1,1,0,0,1,1,1,2,1,0,1,2,17,8,1,1,4,J,69,0,0,0,0,0,0,0,0,0,0,280,40,0,0,0,1,1,22,-19,11,23679,998,-71,16,0,1,1,1,0,1,4,0,995,9.8,998,998,998,99.8,99.8,99.8,239.3521142,9,8
31351,12,86,1-12-2023-086-03,3,2,1FTSW21R58EB,17,460,1805,60,0,12,481,2008,34,5,31,0,1,F,1,2728,5,0,1,1,7,2,105,1,0,0,995,0,0,0,73401,2,2,2,1,3,3,2,1,1,1,1,2,1,3,1,1,1,2,1,0,11,4,63,99,1,1,4,J,68,0,0,0,0,0,0,0,0,0,0,40,280,0,0,0,1,1,15,-13,-8,55817,998,-128,19,0,1,0,0,0,0,0,0,995,9.8,998,998,998,99.8,99.8,99.8,239.3521142,9,8
31352,26,93,1-26-2023-093-02,2,1,3N1CP5BV3LL4,17,478,22791,5,0,35,56,2020,5,1,2,0,1,L,2,1200,5,0,1,1,10,2,8,1,0,1,0,2,0,3,95628,9,1,3,4,2,1,3,1,1,1,0,0,0,0,1,1,0,0,1,0,11,2,15,10,1,1,4,K,82,0,0,0,0,0,0,0,0,0,0,120,210,0,1,0,1,3,30,-5,30,87023,998,-102,32,0,4,2,9,0,2,3,0,995,9.8,998,998,998,99.8,99.8,99.8,28.21898419,10,8
31352,26,93,1-26-2023-093-02,2,2,3FA6P0HD4GR1,17,460,1780,13,0,12,23,2016,4,1,4,0,1,F,2,1558,5,9999,9,0,998,2,64,1,0,0,995,0,0,0,95815,2,2,3,5,5,2,2,1,1,4,3,2,0,0,1,1,0,0,3,0,1,4,72,3,1,1,4,K,83,0,0,0,0,0,0,0,0,0,0,210,120,0,1,0,1,3,26,-25,-4,37355,998,-56,23,0,4,1,3,0,1,4,0,995,9.8,998,998,998,99.8,99.8,99.8,28.21898419,10,8
31354,17,124,1-17-2023-124-03,3,1,5J6RE48388L0,17,474,1865,7,0,37,402,2008,14,3,14,0,1,R,2,1604,5,0,1,1,41,2,113,1,0,0,995,0,0,0,52806,9,9,0,1,2,2,2,1,1,9,3,2,1,3,1,1,0,0,9,1,1,2,12,99,1,4,1,B,6,1,4,2,1,1,1,61,1,2,30,996,996,0,0,0,2,7,999,999,999,9999999,999,999,999,7,0,0,0,0,0,0,3,996,9.8,998,998,998,99.8,99.8,99.8,85.38368361,4,8
31354,17,124,1-17-2023-124-03,3,2,1GYKPDRS5LZ2,17,469,25856,7,0,19,423,2020,15,3,15,0,1,F,1,2127,5,0,1,1,41,2,113,1,0,0,995,0,0,0,60616,9,9,0,1,2,2,2,1,1,9,3,2,1,3,1,1,0,0,9,0,1,4,62,2,1,1,6,M,98,0,0,0,0,0,0,0,0,0,0,996,996,0,0,0,2,7,999,999,999,9999999,999,999,999,6,0,9,97,0,1,8,0,996,9.8,998,998,998,99.8,99.8,99.8,85.38368361,4,8
31355,17,125,1-17-2023-125-04,4,1,1C6JJTBG5LL1,17,483,25919,60,0,2,483,2020,34,5,30,0,1,L,2,2018,5,0,1,1,3,2,48,1,0,0,995,0,0,0,61201,1,1,2,4,2,1,2,1,1,1,0,0,0,0,1,1,2,2,2,0,10,2,16,4,1,1,4,K,78,0,0,0,0,0,0,0,0,0,0,180,265,0,0,0,1,3,27,-5,27,94634,998,-23,34,0,4,0,0,0,0,0,0,995,9.8,998,998,998,99.8,99.8,99.8,242.6858279,4,8
31355,17,125,1-17-2023-125-04,4,2,2GNALFEK9C62,17,467,1847,7,0,20,404,2012,14,3,14,0,1,F,2,1706,5,0,1,1,3,2,48,1,0,0,995,0,0,0,61244,2,9,2,3,2,1,2,1,1,1,0,3,0,0,1,1,0,0,9,0,1,4,65,2,1,1,4,K,79,0,0,0,0,0,0,0,0,0,0,265,180,0,0,0,1,3,32,-30,-11,43778,998,-37,24,0,4,1,2,0,1,4,0,995,9.8,998,998,998,99.8,99.8,99.8,242.6858279,4,8
31356,17,126,1-17-2023-126-07,7,1,1GCNCPEH9EZ3,17,467,1850,60,0,20,481,2014,34,5,30,0,1,F,1,1990,5,0,1,3,34,2,48,1,0,0,995,0,0,0,61239,1,2,2,3,3,2,2,1,1,1,3,1,0,0,1,1,1,2,1,0,1,3,50,2,1,1,2,D,20,0,0,0,0,0,0,0,0,0,0,255,255,0,0,0,1,98,999,999,999,9999999,999,999,999,6,0,0,0,0,0,0,0,995,9.8,998,998,998,99.8,99.8,99.8,692.1532392,4,8
31356,17,126,1-17-2023-126-07,7,2,1N6BA0EC0FN5,17,478,1920,60,0,35,481,2015,34,5,30,0,1,B,9,2418,5,9999,9,0,998,5,48,1,0,0,995,0,0,0,52806,9,9,2,3,3,2,2,1,1,1,3,1,0,0,1,1,1,2,9,0,5,3,53,99,1,1,2,D,21,0,0,0,0,0,0,0,0,0,0,255,255,0,0,0,1,0,999,999,999,9999999,999,999,999,9,0,95,95,95,95,95,0,995,9.8,998,998,998,99.8,99.8,99.8,692.1532392,4,8
31357,17,127,1-17-2023-127-03,3,1,MAJ6S3GL5LC3,17,460,17774,7,0,12,403,2020,14,3,14,0,1,F,1,1497,5,0,1,1,10,2,48,1,0,0,995,0,0,0,52722,1,2,2,4,3,2,2,1,1,1,1,2,0,0,1,1,1,2,1,0,11,2,15,4,1,1,4,J,68,0,0,0,0,0,0,0,0,0,0,165,5,0,0,0,1,3,14,-14,0,14282,998,-46,14,0,4,1,1,0,1,0,0,995,9.8,998,998,998,99.8,99.8,99.8,67.52199466,4,8
31357,17,127,1-17-2023-127-03,3,2,5NPE34AF4JH6,17,498,2459,13,0,55,33,2018,4,1,4,0,1,F,1,1572,5,0,1,3,15,2,48,1,0,0,995,0,0,0,61201,2,1,2,4,2,1,2,1,1,1,0,0,0,0,1,1,1,2,1,0,1,4,62,4,1,1,4,J,69,0,0,0,0,0,0,0,0,0,0,5,165,0,0,0,1,3,14,-13,5,16163,998,77,14,0,4,0,0,0,0,0,0,995,9.8,998,998,998,99.8,99.8,99.8,67.52199466,4,8
31358,21,87,1-21-2023-087-01,1,1,3C6UR5DL1GG1,17,496,13621,60,0,7,482,2016,34,5,31,0,1,F,2,3090,5,0,1,1,116,2,105,1,9,0,995,0,9,0,89060,9,1,0,1,2,1,1,1,1,1,1,3,2,3,3,1,0,0,9,1,1,3,54,8,1,2,3,G,52,0,0,0,0,0,0,0,0,0,0,280,70,0,0,0,1,5,999,999,999,9999999,999,999,36,3,0,9,97,1,1,1,0,995,9.8,998,998,998,99.8,99.8,99.8,77.18978128,11,8
31358,21,87,1-21-2023-087-01,1,2,3AKJHHDR7NSN,17,450,2501,66,0,82,881,2022,66,8,68,0,1,F,9,,,,,,,2,105,1,0,0,995,0,0,0,19152,9,9,0,1,2,1,1,1,1,1,1,3,2,3,3,1,0,0,9,1,1,3,54,3,2,2,3,G,52,,,,,,,,,,,,,,,,,,,,,,,,,,,95,95,95,95,95,,,9.8,998,998,998,99.8,99.8,99.8,77.18978128,11,8
31359,21,88,1-21-2023-088-01,1,1,YV1MS3823520,17,485,3127,13,0,51,46,2005,4,1,2,0,1,T,3,1368,8,0,1,1,87,2,113,1,0,1,0,4,0,1,90001,2,2,0,1,2,1,2,1,1,1,3,2,1,3,2,1,0,0,9,1,1,2,12,99,1,4,1,B,6,1,6,1,2,1,4,61,1,2,36,997,997,0,0,0,2,6,999,999,999,9999999,999,999,999,8,0,6,75,1,1,1,3,997,2.1,999,999,999,99.9,99.9,99.9,77.18978128,11,8
31360,21,89,1-21-2023-089-02,2,1,3HGGK5H42KM7,17,474,2127,5,0,37,39,2019,5,1,1,0,1,R,2,1131,5,0,1,1,23,2,105,1,0,1,0,2,0,1,92223,9,1,0,2,3,2,1,2,1,1,3,3,0,0,1,98,0,0,9,1,1,1,6,8,2,4,1,B,7,0,0,0,0,0,0,0,0,0,0,998,998,0,0,0,2,1,29,-19,-22,42732,998,-35,29,0,4,3,17,1,1,3,0,998,4.3,999,999,999,3.0,4.0,5.0,40.28922746,11,8
31361,19,111,1-19-2023-111-01,1,1,JN8AS58V19W4,17,478,1913,7,0,35,51,2009,6,1,3,0,1,F,3,1564,5,0,1,1,6,2,89,1,0,0,995,0,0,0,35967,1,9,0,4,2,1,2,1,1,1,1,4,2,3,1,1,0,0,9,1,1,2,10,99,1,2,3,G,50,0,0,0,0,0,0,0,0,0,0,40,230,0,1,0,1,1,67,-67,0,521179,998,-17,87,0,4,4,21,2,2,1,0,995,9.8,998,998,998,99.8,99.8,99.8,84.90922733,9,8
31361,19,111,1-19-2023-111-01,1,2,WDC0G8EB3LF7,17,449,5885,7,0,42,405,2020,14,3,14,0,1,F,3,1804,5,0,1,1,5,2,89,1,0,1,0,2,0,0,37660,2,2,0,4,2,1,2,1,1,1,1,4,2,3,1,1,0,0,1,0,1,4,62,1,1,1,3,G,51,0,0,0,0,0,0,0,0,0,0,230,40,0,1,0,1,1,58,-57,10,40643,998,-4,23,0,4,2,12,0,2,3,0,995,9.8,998,998,998,99.8,99.8,99.8,84.90922733,9,8
31362,19,112,1-19-2023-112-02,2,1,1GCEK19J37Z5,17,467,1850,60,0,20,481,2007,34,5,31,0,1,F,1,2290,5,0,1,1,5,2,72,1,0,0,995,0,0,0,35961,1,9,2,1,4,3,2,2,1,1,3,1,0,0,1,98,1,2,9,0,1,2,17,2,1,1,4,J,69,0,0,0,0,0,0,0,0,0,0,310,80,0,1,0,1,1,18,-18,3,52035,998,40,23,0,4,2,4,0,1,4,0,995,9.8,998,998,998,99.8,99.8,99.8,43.98969372,9,8
31362,19,112,1-19-2023-112-02,2,2,5TDYZ3DCXLS0,17,448,2468,2,0,49,442,2020,20,4,20,0,1,F,1,2090,5,0,1,1,5,2,72,1,0,0,995,0,0,0,35957,1,2,2,1,3,3,2,2,1,1,1,1,0,0,1,98,1,2,1,0,11,4,63,2,1,1,4,J,68,0,0,0,0,0,0,0,0,0,0,80,310,0,1,0,1,1,19,-14,-12,18805,998,-87,13,0,4,3,22,1,2,3,0,995,9.8,998,998,998,99.8,99.8,99.8,43.98969372,9,8
31365,20,85,1-20-2023-085-08,8,1,5TEGN92N81Z8,17,448,2223,60,0,49,472,2001,34,5,30,0,1,T,2,1814,5,110,1,1,13,2,105,1,1,9,998,8,0,0,93927,1,9,1,3,1,1,2,1,2,1,0,0,0,0,1,1,0,0,9,1,14,2,12,8,3,6,6,M,98,1,4,2,4,1,1,61,1,2,36,997,997,0,0,0,1,6,999,999,999,9999999,999,999,999,7,0,9,97,0,1,8,3,997,9.8,998,998,998,99.8,99.8,99.8,64.81170541,11,8
31366,20,86,1-20-2023-086-03,3,1,1HGCV1F17LA1,17,474,1861,13,0,37,32,2020,4,1,4,0,1,F,1,1433,5,0,1,1,23,2,105,1,0,0,995,0,0,0,93901,9,1,0,2,2,2,1,1,3,9,3,2,1,3,1,1,0,0,9,1,14,3,51,1,1,2,2,D,24,0,0,0,0,0,0,0,0,0,0,130,130,0,0,0,1,5,999,999,999,9999999,999,999,17,2,0,9,97,0,1,8,0,995,9.8,998,998,998,99.8,99.8,99.8,75.04574571,11,8
31366,20,86,1-20-2023-086-03,3,2,1FDUF4GY5KEF,17,460,1807,63,11,12,881,2019,61,8,60,0,1,D,9,,,,,,,7,105,1,0,0,995,0,0,0,93912,9,9,0,2,2,1,1,1,3,9,1,3,2,3,1,1,0,0,9,0,14,3,53,1,1,1,2,D,25,,,,,,,,,,,,,,,,,,,,,,,,,,,95,95,95,95,95,,,2.6,120,4,120,17.8,3.1,18.0,75.04574571,11,8
31368,28,77,1-28-2023-077-08,8,1,1FTZR15X2YTA,17,460,1803,60,0,12,471,2000,34,5,30,0,1,L,3,1664,5,0,1,1,25,2,72,1,0,0,995,0,0,0,16917,1,2,0,4,2,1,5,2,3,4,0,0,0,0,1,1,0,0,9,1,14,1,6,99,4,4,1,A,2,1,5,1,2,1,4,61,1,1,31,996,996,0,0,1,2,7,999,999,999,9999999,999,999,999,8,0,1,1,0,1,4,3,996,0.0,28,28,120,4.5,18.7,19.2,53.0882662,3,8
31369,28,78,1-28-2023-078-09,9,1,1FTVX14525NB,17,460,1801,60,0,12,481,2005,34,5,31,0,1,F,9,2473,5,9999,9,0,998,2,72,1,0,0,995,0,0,0,16935,9,9,2,4,2,1,2,1,1,1,1,2,0,0,2,1,0,0,9,1,1,2,12,99,1,4,1,B,6,0,0,0,0,0,0,0,0,0,0,998,998,0,0,0,1,0,999,999,999,9999999,999,999,999,9,0,1,1,0,1,5,0,998,1.6,6,6,120,0.1,0.8,0.8,47.6282045,3,8
31370,22,67,1-22-2023-067-07,7,1,2C4RDGBG2GR2,17,476,14832,2,0,7,442,2016,20,4,20,0,1,L,1,2050,5,0,1,1,8,2,40,1,8,9,998,8,7,9,83301,9,9,0,5,3,1,2,1,1,1,0,2,0,0,1,1,0,0,9,1,8,2,10,99,1,7,2,F,48,0,0,0,0,0,0,0,0,0,0,250,270,0,0,0,1,3,9,7,6,14401,998,191,8,0,4,0,0,0,0,0,0,995,9.8,998,998,998,99.8,99.8,99.8,36.13312928,12,8
31370,22,67,1-22-2023-067-07,7,2,1FT7X2B67FEA,17,460,1805,60,0,12,481,2015,34,5,31,0,1,R,1,3007,5,9999,9,0,998,5,40,1,8,9,998,8,9,9,83501,9,9,0,5,3,1,2,1,1,1,0,2,0,0,1,1,0,0,9,0,1,4,64,99,1,1,2,F,48,0,0,0,0,0,0,0,0,0,0,270,250,0,0,0,1,3,6,-6,-2,8088,998,100,7,0,4,95,95,95,95,95,0,995,9.8,998,998,998,99.8,99.8,99.8,36.13312928,12,8
31371,22,68,1-22-2023-068-10,10,1,1FAFP36383W3,17,460,1779,15,0,12,37,2003,6,1,2,0,1,F,1,1235,5,0,1,1,9,2,40,1,0,0,995,0,0,0,83501,9,9,2,5,3,1,2,1,1,1,1,2,0,0,1,1,0,0,3,0,1,3,52,8,1,1,2,D,28,0,0,0,0,0,0,0,0,0,0,260,255,0,0,0,1,12,999,999,999,9999999,999,999,999,6,0,0,0,0,0,0,0,995,9.8,998,998,998,99.8,99.8,99.8,73.59569021,12,8
31371,22,68,1-22-2023-068-10,10,2,JM1BK1436513,17,473,2074,5,0,41,51,2005,5,1,2,0,1,F,1,1271,5,0,1,1,9,2,40,1,0,0,995,0,0,0,83501,9,9,2,5,3,1,2,1,1,1,1,2,0,0,1,1,0,0,9,0,2,3,53,1,1,1,2,D,29,0,0,0,0,0,0,0,0,0,0,255,260,0,0,0,2,5,999,999,999,9999999,999,999,13,2,0,1,1,0,1,5,0,995,9.8,998,998,998,99.8,99.8,99.8,73.59569021,12,8
31371,22,68,1-22-2023-068-10,10,3,1GT49WEY4PF1,17,472,24909,60,0,23,880,2023,67,8,60,0,1,D,9,,,,,,,5,40,1,0,0,995,0,0,0,83501,9,9,2,5,3,1,2,1,1,1,1,2,0,0,1,1,0,0,9,0,2,3,53,1,1,1,6,M,98,,,,,,,,,,,,,,,,,,,,,,,,,,,95,95,95,95,95,,,9.8,998,998,998,99.8,99.8,99.8,73.59569021,12,8
31372,29,75,1-29-2023-075-03,3,1,5NPLN4AG9MH0,17,498,2735,13,0,55,35,2021,4,1,3,0,1,R,2,1236,5,0,1,1,12,2,105,1,0,0,995,0,0,0,02720,2,2,0,2,2,2,2,2,1,9,3,2,2,3,4,2,0,0,1,1,1,1,6,99,9,4,1,B,7,0,0,0,0,0,0,0,0,0,0,998,998,0,0,0,2,12,999,999,999,9999999,999,999,999,7,0,1,1,0,1,4,0,998,2.5,999,999,999,10.0,2.0,10.4,58.65917585,2,8
31374,29,77,1-29-2023-077-03,3,1,JTHD85ECXM50,17,515,3406,3,0,59,40,2021,2,1,3,0,1,F,2,1765,5,9999,9,4,49,2,48,1,0,0,995,0,0,0,02703,9,9,2,4,2,1,2,1,1,1,0,0,0,0,1,1,2,2,9,0,10,2,16,99,1,1,4,K,78,0,0,0,0,0,0,0,0,0,0,310,30,0,0,0,1,12,999,999,999,9999999,999,999,999,7,0,1,1,0,1,4,0,995,9.8,998,998,998,99.8,99.8,99.8,58.65917585,2,8
31374,29,77,1-29-2023-077-03,3,2,2MEBM7FVXBX6,17,465,1792,13,0,14,6,2011,4,1,5,0,1,R,9,1867,8,9999,9,0,998,2,48,1,0,0,995,0,0,0,02703,9,9,2,4,2,1,2,1,1,1,0,2,0,0,1,1,0,0,9,0,1,4,65,99,1,1,4,K,79,0,0,0,0,0,0,0,0,0,0,30,310,0,0,0,1,0,999,999,999,9999999,999,999,999,9,0,0,0,0,0,0,0,995,0.0,999,999,999,3.4,1.8,3.8,58.65917585,2,8
31382,29,78,1-29-2023-078-04,4,1,2T1BURHE4FC3,17,448,2208,13,0,49,32,2015,4,1,3,0,1,R,1,1265,5,9999,9,4,48,2,48,1,0,0,995,0,0,0,02703,9,9,2,4,2,1,2,1,1,1,0,2,0,0,1,8,2,2,9,0,1,2,17,99,1,1,5,L,87,0,0,0,0,0,0,0,0,0,0,305,220,0,0,0,1,12,999,999,999,9999999,999,999,999,6,0,0,0,0,0,0,0,995,9.8,998,998,998,99.8,99.8,99.8,213.2288853,2,8
31382,29,78,1-29-2023-078-04,4,2,1C4RDJAG2LC1,17,476,3508,7,0,7,422,2020,15,3,15,0,1,F,9,2262,5,9999,9,0,998,2,48,1,0,0,995,0,0,0,02861,9,9,2,4,2,1,2,1,1,1,0,2,0,0,1,8,0,0,9,0,1,4,66,99,1,1,5,L,86,0,0,0,0,0,0,0,0,0,0,220,305,0,0,0,1,0,999,999,999,9999999,999,999,999,9,0,0,0,0,0,0,0,995,9.8,998,998,998,99.8,99.8,99.8,213.2288853,2,8