CASEID,PSU,CASENO,CASENUMBER,CATEGORY,VEHNO,VIN,VINLENGTH,VPICMAKE,VPICMODEL,VPICBODYCLASS,ICFINALBODY,MAKE,MODEL,MODELYR,BODYTYPE,BODYCAT,VEHCLASS,SPECUSE,TRANSTAT,DAMPLANE,DAMSEV,CURBWT,CURBSRC,CARGOWT,CARGOSRC,INSPTYPE,INSPLAG,TOWED,SPEEDLIMIT,DRPRESENT,PARALCOHOL,ALCTEST,ALCTESTRESULT,ALCTESTSRC,PARDRUG,DRUGTEST,ZIP,RACE,ETHNICITY,RELTOJUNCT,TRAFFLOW,RDLANES,INITLANE,SURFTYPE,SURFCOND,ALIGNMENT,PROFILE,LINERIGHT,LINELEFT,RUMBINIT,RUMBROAD,LIGHTCOND,WEATHER,TRAFDEV,TRAFFUNCT,DISTRACT,PREFHE,PREMOVE,CRITCAT,CRITEVENT,MANEUVER,PRESTAB,PRELOC,CRASHCAT,CRASHCONF,CRASHTYPE,ROLLTYPE,ROLLTURN,ROLLINTRPT,ROLLPREMAN,ROLLINITYP,ROLLINLOC,ROLLOBJ,ROLLTRIP,ROLLDIR,ROLLDIST,DVANGTHIS,DVANGOTH,TOWHITCH,TRAJDOC,TREEPOLE,DVEVENT,DVBASIS,DVTOTAL,DVLONG,DVLAT,DVENERGY,DVSPEED,DVMOMENT,DVBES,DVEST,DVCONF,VAIS,VISS,VINJSEV,VINJURED,VTREAT,INITOBJCLASS,HEADANGLECAT,SHLDRWIDTH,STRKLENGTH,STRKWIDTH,STRKHEIGHT,EDGEDISTX,EDGEDISTY,EDGEDISTZ,CASEWGT,PSUSTRAT,VERSION
31383,15,168,1-15-2023-168-05,5,1,1N4AL21E99N4,17,478,1904,13,0,35,47,2009,4,1,4,0,1,F,2,1429,5,0,1,1,30,2,48,1,8,9,998,8,7,9,11758,9,9,0,4,2,1,2,1,1,1,0,0,0,0,1,1,0,0,9,1,1,2,10,99,1,2,3,G,50,0,0,0,0,0,0,0,0,0,0,105,285,0,0,0,1,1,31,-31,0,54785,998,0,31,0,4,0,0,0,0,0,0,995,9.8,998,998,998,99.8,99.8,99.8,24.37573574,1,8
31383,15,168,1-15-2023-168-05,5,2,5NPE34AF5FH2,17,498,2459,13,0,55,33,2015,4,1,4,0,1,F,2,1475,5,0,1,1,26,2,48,1,8,9,998,8,7,9,11758,9,9,0,4,2,1,2,1,1,1,0,0,0,0,1,1,0,0,9,0,1,4,62,99,1,1,3,G,51,0,0,0,0,0,0,0,0,0,0,285,105,0,0,0,1,1,30,-30,0,57407,998,0,31,0,4,9,97,0,1,99,0,995,9.8,998,998,998,99.8,99.8,99.8,24.37573574,1,8
31384,15,169,1-15-2023-169-03,3,1,1G4PS5SK8C41,17,468,1823,13,0,18,25,2012,4,1,3,0,1,F,1,1497,5,9999,9,4,35,2,64,1,8,9,998,8,7,9,11570,9,9,2,4,5,2,2,1,1,1,1,1,0,0,1,1,1,2,9,0,1,4,67,99,9,1,4,K,83,0,0,0,0,0,0,0,0,0,0,290,150,0,0,0,1,3,9,-8,-5,6211,998,-137,7,0,4,0,0,0,0,0,0,995,9.8,998,998,998,99.8,99.8,99.8,56.01207573,1,8
31384,15,169,1-15-2023-169-03,3,2,5NPD84LF2LH5,17,498,2735,13,0,55,35,2020,4,1,3,0,1,F,1,1280,5,0,1,1,36,2,64,1,8,9,998,8,7,9,11570,9,9,2,4,4,3,2,1,1,1,1,2,0,0,1,1,1,2,9,0,11,2,15,99,9,1,4,K,82,0,0,0,0,0,0,0,0,0,0,150,290,0,0,0,1,3,11,-11,2,11057,998,-19,14,0,4,1,1,0,1,99,0,995,9.8,998,998,998,99.8,99.8,99.8,56.01207573,1,8
31385,30,109,1-30-2023-109-04,4,1,1GAZGNFG7L12,17,467,1848,9,0,20,461,2020,21,4,21,0,1,F,9,2906,5,9999,9,0,998,2,80,1,0,0,995,0,0,0,85326,9,9,2,4,2,1,2,1,1,1,1,2,0,0,1,1,0,0,3,0,1,3,51,99,1,1,2,D,24,0,0,0,0,0,0,0,0,0,0,270,260,0,0,0,1,0,999,999,999,9999999,999,999,999,9,0,0,0,0,0,0,0,995,9.8,998,998,998,99.8,99.8,99.8,709.271032,10,8
31385,30,109,1-30-2023-109-04,4,2,1FTKR1AD4BPA,17,460,1803,60,0,12,471,2011,34,5,31,0,1,T,9,1392,5,9999,9,0,998,2,80,1,0,0,995,0,0,9,92501,9,9,2,4,2,1,2,1,1,1,1,2,0,0,1,1,0,0,1,0,1,3,53,99,1,1,2,D,26,9,99,9,9,99,9,99,9,9,999,997,997,0,0,0,2,0,999,999,999,9999999,999,999,999,9,0,99,99,0,0,8,9,997,9.8,998,998,998,99.8,99.8,99.8,709.271032,10,8
31386,30,110,1-30-2023-110-03,3,1,3VWC57BU2KM0,17,482,3137,13,0,30,40,2019,4,1,3,0,1,F,1,1350,5,0,1,1,26,2,89,1,0,0,995,0,0,0,85210,5,2,0,2,6,3,1,1,1,1,3,3,0,0,1,1,0,0,1,0,1,3,52,3,1,1,2,D,28,0,0,0,0,0,0,0,0,0,0,85,80,0,0,0,1,3,22,-21,-4,36046,998,-34,24,0,4,1,1,0,1,0,0,995,9.8,998,998,998,99.8,99.8,99.8,132.2613746,10,8
31386,30,110,1-30-2023-110-03,3,2,JTMC1RFV8LD5,17,448,2217,7,0,49,402,2020,14,3,14,0,1,B,1,1583,5,9999,9,4,31,5,89,1,0,0,995,0,0,0,85255,9,9,0,2,6,3,1,1,1,1,3,3,0,0,1,1,0,0,9,0,2,3,53,1,1,1,2,D,29,0,0,0,0,0,0,0,0,0,0,80,85,0,0,0,1,3,20,19,7,27244,998,-86,18,0,4,95,95,95,95,95,0,995,9.8,998,998,998,99.8,99.8,99.8,132.2613746,10,8
31386,30,110,1-30-2023-110-03,3,3,JF2GTACC1LG2,17,523,13580,7,0,48,403,2020,14,3,14,0,1,B,9,1500,5,9999,9,0,998,5,89,1,0,0,995,0,0,0,85085,9,9,0,2,6,3,1,1,1,1,3,3,0,0,1,1,0,0,9,0,5,3,53,1,1,1,6,M,98,0,0,0,0,0,0,0,0,0,0,90,80,0,0,0,2,0,999,999,999,9999999,999,999,999,9,0,95,95,95,95,95,0,995,9.8,998,998,998,99.8,99.8,99.8,132.2613746,10,8
31387,73,129,1-73-2023-129-07,7,1,1C4RDJDG2EC5,17,476,3508,7,0,7,422,2014,15,3,15,0,1,L,2,2262,5,0,1,1,16,2,72,1,8,0,995,0,7,0,04957,9,9,0,4,2,1,2,1,3,1,0,2,0,0,1,1,0,0,9,1,14,2,13,8,1,4,1,A,1,1,3,1,6,1,4,61,1,1,16,998,998,0,1,1,1,12,999,999,999,9999999,999,999,999,7,0,0,0,0,0,0,3,998,0.0,30,30,120,19.5,1.9,19.6,159.1186156,3,8
31390,27,89,1-27-2023-089-10,10,1,1HGCG1654YA0,17,474,1861,13,0,37,32,2000,4,1,3,0,1,F,9,1490,5,9999,9,0,998,2,64,1,0,0,995,0,0,0,01225,9,9,2,4,2,1,2,2,1,4,0,2,0,0,2,2,2,2,1,0,1,1,5,2,2,4,1,C,14,0,0,0,0,0,0,0,0,0,0,998,998,0,1,0,1,0,999,999,999,9999999,999,999,999,9,0,0,0,0,0,0,0,998,1.1,120,36,44,0.9,0.4,0.9,657.6956536,3,8
31391,10,138,1-10-2023-138-09,9,1,3D4GG57V89T6,17,476,1939,7,0,7,27,2009,6,1,4,0,1,F,1,1814,5,0,1,1,20,2,40,1,0,0,995,0,0,0,45416,2,2,2,4,2,1,2,1,1,1,0,0,0,0,1,1,2,2,1,0,1,2,17,99,1,1,5,L,86,0,0,0,0,0,0,0,0,0,0,90,180,0,0,0,1,1,20,-17,10,71109,998,108,25,0,1,1,1,0,1,4,0,995,9.8,998,998,998,99.8,99.8,99.8,1364.63251,4,8
31391,10,138,1-10-2023-138-09,9,2,3FAHP07189R1,17,460,1780,13,0,12,23,2009,4,1,3,0,1,R,2,1429,5,0,1,1,24,2,40,1,0,0,995,0,0,0,45403,2,2,2,4,2,1,2,1,1,1,0,0,0,0,1,1,0,0,1,0,1,4,66,99,1,1,5,L,87,0,0,0,0,0,0,0,0,0,0,180,90,0,0,0,1,1,25,-12,-22,17748,998,70,16,0,1,1,1,0,1,4,0,995,0.0,120,999,100,2.5,3.1,4.0,1364.63251,4,8
31392,33,55,1-33-2023-055-04,4,1,JTDEPMAE5NJ2,17,448,2208,13,0,49,32,2022,4,1,3,0,1,F,1,1315,5,0,2,1,22,2,56,1,0,0,995,0,0,0,95948,3,2,2,5,5,2,2,1,1,1,3,2,0,0,1,1,0,0,1,0,1,4,67,3,1,1,4,K,83,0,0,0,0,0,0,0,0,0,0,160,75,0,0,0,1,12,999,999,999,9999999,999,999,999,6,0,0,0,0,0,0,0,995,9.8,998,998,998,99.8,99.8,99.8,235.411734,12,8
31392,33,55,1-33-2023-055-04,4,2,19XFC2F7XHE2,17,474,1863,13,0,37,31,2017,4,1,3,0,1,L,2,1244,5,0,1,1,21,2,56,1,0,0,995,0,0,0,95948,1,2,2,4,2,1,2,1,1,1,0,2,0,0,1,1,2,2,1,0,11,2,15,4,1,1,4,K,82,0,0,0,0,0,0,0,0,0,0,75,160,0,0,0,1,12,999,999,999,9999999,999,999,999,7,0,1,2,0,1,6,0,995,9.8,998,998,998,99.8,99.8,99.8,235.411734,12,8
31393,30,111,1-30-2023-111-03,3,1,1N4AL2AP5AN5,17,478,1904,13,0,35,47,2010,4,1,4,0,1,F,2,1437,5,9999,9,4,70,2,72,1,0,0,995,0,0,0,85304,2,9,2,4,5,3,2,1,1,1,1,2,0,0,1,1,1,2,1,0,11,2,15,99,1,1,4,J,68,0,0,0,0,0,0,0,0,0,0,60,280,0,0,0,1,98,999,999,999,9999999,999,999,999,7,0,0,0,0,0,0,0,995,9.8,998,998,998,99.8,99.8,99.8,132.2613746,10,8
31393,30,111,1-30-2023-111-03,3,2,4T1KZ1AK8LU0,17,448,2469,13,0,49,40,2020,4,1,4,0,1,F,2,1610,5,9999,9,4,70,2,72,1,0,0,995,0,0,0,85037,9,1,2,4,5,2,2,1,1,1,3,1,0,0,1,1,1,2,1,0,1,4,62,99,1,1,4,J,69,0,0,0,0,0,0,0,0,0,0,280,60,0,0,0,1,98,999,999,999,9999999,999,999,999,7,0,0,0,0,0,5,0,995,0.0,30,20,60,2.0,0.7,2.1,132.2613746,10,8
31394,26,95,1-26-2023-095-08,8,1,3GNDA23P07S6,17,467,4586,7,0,20,23,2007,6,1,2,0,1,R,3,1440,5,0,1,5,21,2,105,1,0,0,995,0,0,0,95945,1,9,0,2,4,3,1,1,1,9,3,3,0,0,2,1,0,0,9,1,1,2,13,99,9,4,1,A,1,0,0,0,0,0,0,0,0,0,0,998,998,0,0,9,1,98,999,999,999,9999999,999,999,999,8,0,2,8,0,1,8,0,998,4.6,999,999,999,99.9,99.9,99.9,154.9871777,10,8
31396,23,75,1-23-2023-075-05,5,1,1GDJK34U61E3,17,472,1857,63,11,23,881,2001,61,8,60,0,1,F,9,,,,,,,2,89,1,0,0,995,0,0,0,43224,9,9,2,1,2,2,2,1,1,9,3,1,0,0,1,1,1,2,1,0,1,3,52,99,1,1,2,D,28,,,,,,,,,,,,,,,,,,,,,,,,,,,95,95,95,95,95,,,9.8,998,998,998,99.8,99.8,99.8,85.27411884,5,8
31396,23,75,1-23-2023-075-05,5,2,JTMZFREV5JJ7,17,448,2217,7,0,49,402,2018,14,3,14,0,1,B,3,1555,5,0,1,1,21,2,89,1,0,1,0,2,0,1,45701,1,1,2,1,2,2,2,1,1,9,3,1,0,0,1,1,1,2,1,0,2,3,53,10,1,1,2,D,29,0,0,0,0,0,0,0,0,0,0,170,170,0,0,0,1,5,999,999,999,9999999,999,999,85,5,0,1,1,0,1,3,0,995,9.8,998,998,998,99.8,99.8,99.8,85.27411884,5,8
31397,23,76,1-23-2023-076-04,4,1,19UDE2F33GA0,17,475,2150,13,0,54,41,2016,4,1,3,0,1,R,1,1415,5,0,1,1,17,2,72,1,0,0,995,0,0,0,43017,9,9,2,4,2,1,2,1,1,1,1,2,0,0,1,1,0,0,1,0,11,2,15,1,1,1,4,J,68,0,0,0,0,0,0,0,0,0,0,305,160,0,0,0,1,3,13,-6,-11,16835,998,100,14,0,4,99,99,0,0,0,0,995,0.0,66,16,15,0.0,0.0,0.0,1504.413894,5,8
31397,23,76,1-23-2023-076-04,4,2,2HGFC2F83LH5,17,474,1863,13,0,37,31,2020,4,1,3,0,1,F,1,1312,5,0,1,1,12,2,72,1,0,0,995,0,0,0,43065,9,9,2,4,2,1,2,1,1,1,1,2,0,0,1,1,0,0,1,0,1,4,62,2,1,1,4,J,69,0,0,0,0,0,0,0,0,0,0,160,305,0,0,0,1,3,14,-13,-5,7257,998,-3,12,0,4,0,0,0,0,0,0,995,9.8,998,998,998,99.8,99.8,99.8,1504.413894,5,8
31398,77,84,1-77-2023-084-05,5,1,1GC2KWEG6GZ2,17,467,1850,60,0,20,481,2016,34,5,31,0,1,F,2,2918,5,0,1,1,8,2,72,1,0,1,0,2,0,0,22556,9,9,0,1,4,2,2,1,1,2,1,1,0,0,1,1,0,0,1,1,1,2,13,1,1,4,1,A,1,0,0,0,0,0,0,0,0,0,0,998,998,0,0,2,5,10,999,999,999,9999999,999,70,32,3,0,2,5,0,1,3,0,998,0.0,5,5,999,13.5,0.6,13.5,76.33062011,9,8
31399,77,85,1-77-2023-085-03,3,1,3N6CM0KN2KK7,17,478,1918,95,0,35,446,2019,20,4,20,0,1,F,2,1479,5,0,1,1,5,2,72,1,0,1,0,2,0,0,22980,9,9,2,4,2,1,2,1,2,1,0,0,0,0,1,1,0,0,1,1,14,1,6,3,2,4,1,A,2,0,0,0,0,0,0,0,0,0,0,998,998,0,0,2,3,12,999,999,999,9999999,999,999,999,7,0,1,1,0,1,4,0,998,0.0,110,80,72,1.3,2.2,3.7,228.3693266,9,8
31400,77,86,1-77-2023-086-04,4,1,4T1BE32K12U5,17,448,2469,13,0,49,40,2002,4,1,3,0,1,F,1,1435,5,0,1,1,4,2,89,1,0,0,995,0,0,0,24502,9,9,2,4,2,1,2,1,1,1,1,2,0,0,1,1,6,2,1,0,1,3,50,2,1,1,2,D,20,0,0,0,0,0,0,0,0,0,0,50,50,0,0,0,1,1,20,-20,0,39571,998,0,26,0,4,0,0,0,0,0,0,995,9.8,998,998,998,99.8,99.8,99.8,1043.898585,9,8
31400,77,86,1-77-2023-086-04,4,2,2T3G1RFV4PC3,17,448,2217,7,0,49,402,2023,14,3,14,0,1,B,1,1583,5,0,1,1,3,2,89,1,0,0,995,0,0,0,22920,1,2,2,4,2,1,2,1,1,1,1,2,0,0,1,1,6,2,1,0,5,3,53,2,1,1,2,D,21,0,0,0,0,0,0,0,0,0,0,50,50,0,0,0,1,1,19,19,0,7391,998,-7,11,0,4,0,0,0,0,0,0,995,9.8,998,998,998,99.8,99.8,99.8,1043.898585,9,8
31401,18,72,1-18-2023-072-03,3,1,3MVDMBAM9PM5,17,473,26914,7,0,41,498,2023,14,3,14,0,1,F,1,1516,5,0,1,4,13,2,89,1,0,1,0,2,0,0,54729,1,2,2,4,2,1,2,1,1,1,1,2,0,0,1,1,0,0,1,0,1,4,66,1,1,1,5,L,88,0,0,0,0,0,0,0,0,0,0,0,270,0,1,0,1,3,22,-17,-14,31444,998,-127,16,0,4,1,2,0,1,3,0,995,9.8,998,998,998,99.8,99.8,99.8,77.04746926,6,8
31401,18,72,1-18-2023-072-03,3,2,5FNYF5H97HB0,17,474,1864,7,0,37,421,2017,15,3,15,0,1,L,1,1930,5,0,1,1,14,2,89,1,0,0,995,0,0,0,54729,1,2,2,4,2,1,2,1,1,1,0,0,0,0,1,1,2,2,3,0,1,2,17,4,1,1,5,L,89,0,0,0,0,0,0,0,0,0,0,270,0,0,1,0,1,3,17,-11,13,57768,998,-73,24,0,4,1,1,0,1,0,0,995,9.8,998,998,998,99.8,99.8,99.8,77.04746926,6,8
31402,18,73,1-18-2023-073-09,9,1,JTDBT1236101,17,448,3650,13,0,49,45,2001,4,1,1,0,1,T,9,928,5,9999,9,0,998,2,89,1,0,0,995,0,0,0,54771,1,9,0,1,2,1,2,1,1,1,1,4,0,0,1,1,0,0,3,1,1,2,13,99,3,4,1,A,2,1,5,2,2,1,4,61,1,2,999,997,997,0,0,0,1,0,999,999,999,9999999,999,999,999,9,0,99,99,0,0,0,3,997,9.8,998,998,998,99.8,99.8,99.8,579.2601592,6,8
31404,48,82,1-48-2023-082-04,4,1,2C3CDXKT0KH6,17,476,1895,13,0,7,24,2019,4,1,5,0,1,F,1,1886,5,0,1,1,8,2,56,1,0,0,995,0,0,0,84337,9,9,2,5,6,3,2,1,1,2,3,1,0,0,1,1,1,2,2,0,1,2,17,4,1,1,5,L,86,0,0,0,0,0,0,0,0,0,0,90,170,0,1,0,1,1,15,-12,10,35867,998,111,17,0,4,0,0,0,0,0,0,995,9.8,998,998,998,99.8,99.8,99.8,104.3794548,12,8
31404,48,82,1-48-2023-082-04,4,2,1FMJK2A54CEF,17,460,1799,7,0,12,422,2012,15,3,15,0,1,R,1,2792,5,0,1,1,7,2,48,1,0,0,995,0,0,0,84302,9,9,2,4,4,2,2,1,1,1,1,1,0,0,1,1,1,2,1,0,1,4,66,1,1,1,5,L,87,0,0,0,0,0,0,0,0,0,0,170,90,0,1,0,1,1,10,-5,-9,8931,998,-118,7,0,4,0,0,0,0,0,0,995,9.8,998,998,998,99.8,99.8,99.8,104.3794548,12,8
31405,48,83,1-48-2023-083-07,7,1,JF1VA1B67H98,17,523,2237,13,0,48,47,2017,4,1,3,0,1,F,1,1543,5,0,1,5,3,2,64,1,0,0,995,0,0,0,84337,9,9,0,4,2,1,2,1,1,1,1,2,0,0,2,1,0,0,9,0,1,6,87,99,1,1,1,C,13,0,0,0,0,0,0,0,0,0,0,998,998,0,0,0,1,10,999,999,999,9999999,999,11,20,2,0,0,0,0,0,0,0,998,9.8,998,998,998,99.8,99.8,99.8,208.9322358,12,8
31406,54,70,1-54-2023-070-08,8,1,1M2GR4GC5MM0,17,490,20843,11,0,86,881,2021,63,8,60,0,1,F,9,,,,,,,2,89,1,0,0,995,0,0,0,35553,9,9,2,4,2,1,2,1,3,4,1,2,2,3,1,1,0,0,9,0,14,3,50,2,2,1,2,D,20,,,,,,,,,,,,,,,,,,,,,,,,,,,95,95,95,95,95,,,9.8,998,998,998,99.8,99.8,99.8,169.3578156,9,8
31406,54,70,1-54-2023-070-08,8,2,5N1AR1NN8CC6,17,478,1911,8,0,35,401,2012,14,3,14,0,1,B,3,2070,8,0,1,1,4,2,89,1,0,0,995,0,0,0,35581,1,9,2,4,2,1,2,1,3,4,1,2,2,3,1,1,0,0,9,0,5,3,53,99,1,1,2,D,22,0,0,0,0,0,0,0,0,0,0,105,105,0,1,0,1,5,999,999,999,9999999,999,999,76,5,0,9,97,0,2,8,0,995,9.8,998,998,998,99.8,99.8,99.8,169.3578156,9,8
31407,54,71,1-54-2023-071-03,3,1,5YFEPMAE2MP1,17,448,2208,13,0,49,32,2021,4,1,3,0,1,L,1,1315,5,0,1,1,5,2,89,1,0,0,995,0,0,0,35653,1,9,2,4,2,1,2,1,1,1,1,4,2,3,1,1,0,0,9,1,12,2,21,99,1,2,6,M,98,0,0,0,0,0,0,0,0,0,0,70,120,0,0,0,1,5,999,999,999,9999999,999,999,17,2,0,9,97,0,1,8,0,995,9.8,998,998,998,99.8,99.8,99.8,164.262847,9,8
31407,54,71,1-54-2023-071-03,3,2,3C7WRTCL8NG3,17,496,13622,63,60,7,881,2022,61,8,60,0,1,F,9,,,,,,,5,89,1,0,0,995,0,0,0,35654,9,9,2,4,2,1,2,1,1,1,1,4,2,3,1,1,0,0,9,0,1,4,64,99,1,1,6,M,98,,,,,,,,,,,,,,,,,,,,,,,,,,,95,95,95,95,95,,,9.8,998,998,998,99.8,99.8,99.8,164.262847,9,8
31408,12,87,1-12-2023-087-10,10,1,3GYFNEE39DS6,17,469,1844,7,0,19,20,2013,6,1,4,0,1,F,1,1940,5,0,1,1,6,2,56,1,0,0,995,0,0,0,73401,1,2,2,4,4,2,2,1,1,1,1,2,0,0,1,1,1,2,9,0,4,3,50,1,1,1,2,D,20,0,0,0,0,0,0,0,0,0,0,175,175,0,0,0,1,5,999,999,999,9999999,999,999,13,2,0,0,0,0,0,0,0,995,9.8,998,998,998,99.8,99.8,99.8,2312.649287,9,8
31408,12,87,1-12-2023-087-10,10,2,1FDUF4GY5JEC,17,460,1807,63,11,12,881,2018,61,8,60,0,1,D,9,,,,,,,5,56,1,0,0,995,0,0,0,73401,9,9,2,4,4,2,2,1,1,1,1,2,0,0,1,1,1,2,1,0,5,3,53,1,1,1,2,D,21,,,,,,,,,,,,,,,,,,,,,,,,,,,95,95,95,95,95,,,9.8,998,998,998,99.8,99.8,99.8,2312.649287,9,8
31409,12,88,1-12-2023-088-04,4,1,2T3WFREV1FW2,17,448,2217,7,0,49,402,2015,14,3,14,0,1,F,9,1560,5,9999,9,0,998,5,40,1,0,0,995,0,0,0,73401,9,9,2,3,1,1,1,1,1,1,0,0,0,0,1,1,2,2,1,0,1,2,17,99,1,1,5,L,86,0,0,0,0,0,0,0,0,0,0,15,95,0,0,0,1,0,999,999,999,9999999,999,999,999,9,0,95,95,95,95,95,0,995,9.8,998,998,998,99.8,99.8,99.8,274.5787328,9,8
31409,12,88,1-12-2023-088-04,4,2,2C3CDXKT3KH7,17,476,1895,13,0,7,24,2019,4,1,5,5,1,R,1,2051,8,9999,9,1,3,2,40,1,0,0,995,0,0,0,73401,9,9,2,4,2,1,2,1,1,1,0,2,0,0,1,1,0,0,1,0,1,4,66,99,1,1,5,L,87,0,0,0,0,0,0,0,0,0,0,95,15,0,0,0,1,8,999,999,999,9999999,999,999,999,6,0,0,0,0,0,0,0,995,9.8,998,998,998,99.8,99.8,99.8,274.5787328,9,8
31410,12,89,1-12-2023-089-03,3,1,KM8SR4HF1FU1,17,498,2057,7,0,55,401,2015,14,3,14,0,1,F,1,1790,5,0,1,1,2,2,40,1,0,0,995,0,0,0,73443,9,9,2,3,4,4,2,1,1,1,1,0,0,0,4,1,1,2,9,1,11,2,15,99,1,2,4,K,82,0,0,0,0,0,0,0,0,0,0,45,195,0,0,0,1,8,999,999,999,9999999,999,999,999,6,0,0,0,0,0,0,0,995,9.8,998,998,998,99.8,99.8,99.8,239.3521142,9,8
31410,12,89,1-12-2023-089-03,3,2,4T1K61AK7LU9,17,448,2469,13,0,49,40,2020,4,1,4,0,1,F,1,1520,5,0,1,1,3,2,40,1,0,0,995,0,0,0,73401,1,2,2,4,2,1,2,1,1,1,0,2,0,0,4,1,1,2,1,0,5,4,67,1,1,1,4,K,83,0,0,0,0,0,0,0,0,0,0,195,45,0,0,0,1,8,999,999,999,9999999,999,999,999,6,0,1,1,0,1,4,0,995,9.8,998,998,998,99.8,99.8,99.8,239.3521142,9,8
31411,33,56,1-33-2023-056-04,4,1,1FTSX31F7XEE,17,460,1806,60,0,12,481,1999,34,5,31,0,1,F,1,2424,5,9999,9,0,998,5,72,1,0,0,995,0,0,0,95966,9,9,0,5,3,1,2,1,1,1,1,2,0,0,1,1,0,0,9,0,1,3,51,2,1,1,2,D,24,0,0,0,0,0,0,0,0,0,0,110,115,0,0,0,1,3,19,-17,-6,35709,998,-90,17,0,4,95,95,95,95,95,0,995,9.8,998,998,998,99.8,99.8,99.8,26.2745745,12,8
31411,33,56,1-33-2023-056-04,4,2,1N4BL4DV7MN3,17,478,1904,13,0,35,47,2021,4,1,4,0,1,B,2,1545,5,0,2,1,12,2,72,1,0,0,995,0,0,0,95966,1,1,0,5,3,1,2,1,1,1,1,2,0,0,1,1,0,0,1,0,1,3,53,1,1,1,2,D,25,0,0,0,0,0,0,0,0,0,0,115,110,0,0,0,1,3,26,26,5,56375,998,-16,28,0,4,0,0,0,0,6,0,995,9.8,998,998,998,99.8,99.8,99.8,26.2745745,12,8
31412,17,128,1-17-2023-128-04,4,1,1GNEVHKW4KJ1,17,467,1853,7,0,20,423,2019,15,3,15,0,1,F,1,2132,5,0,1,1,3,2,48,1,0,0,995,0,0,0,61284,1,2,2,1,2,1,1,1,2,1,0,2,0,0,1,1,2,2,1,0,14,3,50,1,1,1,2,D,20,0,0,0,0,0,0,0,0,0,0,250,255,0,0,0,1,5,999,999,999,9999999,999,999,14,2,0,0,0,0,0,0,0,995,9.8,998,998,998,99.8,99.8,99.8,398.7643558,4,8
31412,17,128,1-17-2023-128-04,4,2,3AKJHTDVXMSM,17,450,2501,66,0,82,881,2021,66,8,67,0,1,D,9,,,,,,,5,48,1,0,0,995,0,0,0,78753,9,9,2,1,2,1,1,1,2,1,0,2,0,0,1,1,2,2,9,0,5,3,53,99,1,1,2,D,21,,,,,,,,,,,,,,,,,,,,,,,,,,,95,95,95,95,95,,,9.8,998,998,998,99.8,99.8,99.8,398.7643558,4,8
31413,17,129,1-17-2023-129-07,7,1,1C4AJWAG7FL5,17,483,1943,7,0,2,403,2015,14,3,14,0,1,F,1,1759,5,0,1,1,13,2,72,1,0,0,995,0,0,0,61264,9,9,3,4,2,1,2,1,1,1,1,4,0,0,1,1,0,0,3,0,1,3,50,4,2,1,2,D,20,0,0,0,0,0,0,0,0,0,0,120,105,0,0,0,1,5,999,999,999,9999999,999,999,12,2,0,0,0,0,0,0,0,995,9.8,998,998,998,99.8,99.8,99.8,1137.297728,4,8
31413,17,129,1-17-2023-129-07,7,2,1FTNX21F5YEB,17,460,1805,60,0,12,481,2000,34,5,31,0,1,B,9,2558,5,9999,9,0,998,5,72,1,0,0,995,0,0,0,61231,9,9,3,4,2,1,2,1,1,1,1,4,0,0,1,1,0,0,9,0,5,3,53,99,1,1,2,D,22,0,0,0,0,0,0,0,0,0,0,105,120,0,0,0,1,0,999,999,999,9999999,999,999,999,9,0,95,95,95,95,95,0,995,9.8,998,998,998,99.8,99.8,99.8,1137.297728,4,8
31414,19,113,1-19-2023-113-06,6,1,JN8DR09Y23W8,17,478,1911,7,0,35,401,2003,14,3,14,0,1,F,2,1934,5,9999,9,0,998,2,40,1,0,0,995,0,0,0,35950,1,9,0,4,2,1,2,1,1,1,0,2,0,0,1,1,0,0,9,0,1,3,50,1,1,1,2,D,20,0,0,0,0,0,0,0,0,0,0,130,130,0,0,0,1,3,25,-25,0,59637,998,0,28,0,4,0,0,0,0,0,0,995,9.8,998,998,998,99.8,99.8,99.8,912.1902509,9,8
31414,19,113,1-19-2023-113-06,6,2,2GKALMEK2E61,17,472,1858,7,0,23,402,2014,14,3,14,0,1,B,1,1748,5,0,1,1,4,2,40,1,0,0,995,0,0,0,35903,2,2,0,4,2,1,2,1,1,1,0,2,0,0,1,1,0,0,1,0,5,3,53,1,1,1,2,D,21,0,0,0,0,0,0,0,0,0,0,130,130,0,0,0,1,3,24,24,0,38602,998,0,22,0,4,1,1,0,1,4,0,995,9.8,998,998,998,99.8,99.8,99.8,912.1902509,9,8
31414,19,113,1-19-2023-113-06,6,3,SHHFK7H96JU2,17,474,1863,5,0,37,31,2018,5,1,3,0,1,B,9,1323,5,9999,9,0,998,3,40,1,8,0,995,0,9,0,35903,1,9,0,4,2,1,2,1,1,1,0,2,0,0,1,1,0,0,9,0,5,3,53,1,1,1,6,M,98,0,0,0,0,0,0,0,0,0,0,130,130,0,0,0,2,0,999,999,999,9999999,999,999,999,9,0,0,0,0,0,4,0,995,9.8,998,998,998,99.8,99.8,99.8,912.1902509,9,8
31415,59,110,1-59-2023-110-05,5,1,3GTU2MEC9HG4,17,472,1857,60,0,23,481,2017,34,5,31,0,1,F,2,2394,5,9999,9,1,5,2,64,1,0,1,0,2,1,2,47805,1,9,0,4,2,1,2,1,1,1,1,2,0,0,1,8,0,0,9,1,1,2,12,1,1,4,1,B,6,0,0,0,0,0,0,0,0,0,0,998,998,0,1,1,5,1,34,-34,6,115321,998,-12,34,0,4,4,24,1,1,3,0,998,0.0,999,999,999,1.6,1.6,3.3,49.55652444,6,8