CASEID,PSU,CASENO,CASENUMBER,CATEGORY,VEHNO,VIN,VINLENGTH,VPICMAKE,VPICMODEL,VPICBODYCLASS,ICFINALBODY,MAKE,MODEL,MODELYR,BODYTYPE,BODYCAT,VEHCLASS,SPECUSE,TRANSTAT,DAMPLANE,DAMSEV,CURBWT,CURBSRC,CARGOWT,CARGOSRC,INSPTYPE,INSPLAG,TOWED,SPEEDLIMIT,DRPRESENT,PARALCOHOL,ALCTEST,ALCTESTRESULT,ALCTESTSRC,PARDRUG,DRUGTEST,ZIP,RACE,ETHNICITY,RELTOJUNCT,TRAFFLOW,RDLANES,INITLANE,SURFTYPE,SURFCOND,ALIGNMENT,PROFILE,LINERIGHT,LINELEFT,RUMBINIT,RUMBROAD,LIGHTCOND,WEATHER,TRAFDEV,TRAFFUNCT,DISTRACT,PREFHE,PREMOVE,CRITCAT,CRITEVENT,MANEUVER,PRESTAB,PRELOC,CRASHCAT,CRASHCONF,CRASHTYPE,ROLLTYPE,ROLLTURN,ROLLINTRPT,ROLLPREMAN,ROLLINITYP,ROLLINLOC,ROLLOBJ,ROLLTRIP,ROLLDIR,ROLLDIST,DVANGTHIS,DVANGOTH,TOWHITCH,TRAJDOC,TREEPOLE,DVEVENT,DVBASIS,DVTOTAL,DVLONG,DVLAT,DVENERGY,DVSPEED,DVMOMENT,DVBES,DVEST,DVCONF,VAIS,VISS,VINJSEV,VINJURED,VTREAT,INITOBJCLASS,HEADANGLECAT,SHLDRWIDTH,STRKLENGTH,STRKWIDTH,STRKHEIGHT,EDGEDISTX,EDGEDISTY,EDGEDISTZ,CASEWGT,PSUSTRAT,VERSION
31484,66,71,1-66-2023-071-10,10,1,1GNEK13T24R1,17,467,1852,7,0,20,421,2004,15,3,15,0,1,B,1,2387,8,0,1,1,11,2,113,1,0,0,995,0,0,0,64804,1,2,0,2,2,2,2,1,1,1,3,2,1,3,1,8,0,0,1,1,1,1,1,4,9,4,1,B,7,0,0,0,0,0,0,0,0,0,0,998,998,0,0,0,2,10,999,999,999,9999999,999,-159,7,1,0,0,0,0,0,0,0,998,0.9,999,999,999,0.0,0.0,0.0,336.9762559,6,8
31485,19,114,1-19-2023-114-08,8,1,WBAVA33597PV,17,452,1709,13,0,34,34,2007,4,1,3,0,1,T,2,1490,5,0,1,1,3,2,105,1,1,1,199,2,9,1,35121,1,1,0,1,2,1,2,1,1,1,1,3,2,3,2,8,0,0,9,1,1,2,13,1,1,4,1,A,1,1,2,2,2,2,4,60,4,2,24,997,997,0,1,0,2,6,999,999,999,9999999,999,999,999,7,0,4,29,2,3,3,3,997,0.7,120,120,-20,78.9,7.7,80.3,79.6147983,9,8
31486,19,115,1-19-2023-115-06,6,1,1GNCS13W01K2,17,467,11502,7,0,20,401,2001,14,3,14,0,1,F,1,1903,5,0,1,1,7,2,40,1,0,0,995,0,0,0,35901,1,9,2,4,4,2,2,1,1,1,3,2,0,0,1,1,1,2,9,0,11,2,15,1,1,1,4,J,68,0,0,0,0,0,0,0,0,0,0,90,310,0,0,0,1,3,15,-15,-3,30062,998,-74,18,0,4,0,0,0,0,0,0,995,9.8,998,998,998,99.8,99.8,99.8,259.074015,9,8
31486,19,115,1-19-2023-115-06,6,2,1N4AL3AP6HN3,17,478,1904,13,0,35,47,2017,4,1,4,0,1,F,1,1453,5,0,1,1,7,2,40,1,0,0,995,0,0,0,35907,1,9,2,4,4,1,2,1,1,1,0,3,0,0,1,1,1,2,9,0,1,4,62,1,1,1,4,J,69,0,0,0,0,0,0,0,0,0,0,310,90,0,0,0,1,3,19,-16,9,22997,998,104,16,0,4,1,1,0,1,4,0,995,9.8,998,998,998,99.8,99.8,99.8,259.074015,9,8
31487,23,77,1-23-2023-077-05,5,1,5NPD84LF2HH0,17,498,2735,13,0,55,35,2017,4,1,3,0,1,F,2,1275,5,0,1,1,7,2,72,1,0,0,995,0,0,0,43078,2,2,2,4,2,1,2,1,1,4,1,2,0,0,4,8,2,2,1,0,11,2,15,2,1,1,4,K,76,0,0,0,0,0,0,0,0,0,0,100,10,0,0,0,1,5,999,999,999,9999999,999,999,999,7,0,1,1,0,1,4,0,995,9.8,998,998,998,99.8,99.8,99.8,92.35005267,5,8
31487,23,77,1-23-2023-077-05,5,2,1NKZX4TX9JJ1,17,532,2734,11,0,85,881,2018,63,8,60,0,1,L,9,,,,,,,5,72,1,0,0,995,0,0,0,43040,9,9,2,4,2,1,2,1,1,2,1,2,0,0,4,8,0,0,1,0,1,4,68,99,9,1,4,K,77,,,,,,,,,,,,,,,,,,,,,,,,,,,95,95,95,95,95,,,9.8,998,998,998,99.8,99.8,99.8,92.35005267,5,8
31488,23,78,1-23-2023-078-05,5,1,5FNYF4H57FB0,17,474,1864,7,0,37,421,2015,15,3,15,0,1,R,9,1956,5,9999,9,0,998,2,89,1,0,1,0,2,0,0,43224,1,2,2,4,2,1,2,1,1,4,0,0,0,0,1,1,2,2,9,0,1,2,17,1,1,1,5,L,87,0,0,0,0,0,0,0,0,0,0,275,185,0,0,0,1,0,999,999,999,9999999,999,999,999,9,0,2,6,0,1,3,0,995,9.7,7,9,-120,1.1,0.2,1.1,92.35005267,5,8
31488,23,78,1-23-2023-078-05,5,2,1NKZX40X4JJ1,17,532,2734,11,0,85,881,2018,63,8,60,99,1,F,9,,,,,,,2,89,1,0,0,995,0,0,0,43081,9,9,2,4,2,1,2,1,1,2,1,4,0,0,1,1,0,0,1,0,1,4,66,99,9,1,5,L,86,,,,,,,,,,,,,,,,,,,,,,,,,,,95,95,95,95,95,,,9.8,998,998,998,99.8,99.8,99.8,92.35005267,5,8
31489,33,57,1-33-2023-057-04,4,1,1N4BL4BV4LC2,17,478,1904,13,0,35,47,2020,4,1,4,0,1,F,2,1545,5,0,1,1,20,2,56,1,0,0,995,0,0,0,95965,1,9,2,4,2,1,2,1,1,1,0,2,0,0,1,1,2,2,2,1,11,2,12,1,1,4,1,B,6,0,0,0,0,0,0,0,0,0,0,998,998,0,1,1,2,12,999,999,999,9999999,999,999,999,7,0,0,0,0,0,0,0,998,0.0,97,60,16,0.0,0.0,0.0,192.8778281,12,8
31490,17,130,1-17-2023-130-07,7,1,1C3CDFEB1ED6,17,476,2054,13,0,7,29,2014,4,1,3,0,1,R,2,1471,5,0,1,1,32,2,113,1,0,0,995,0,0,0,46410,9,9,0,1,2,1,2,1,1,9,1,3,2,3,1,1,0,0,9,0,1,3,51,3,1,1,2,D,33,0,0,0,0,0,0,0,0,0,0,155,180,0,0,0,1,98,999,999,999,9999999,999,999,999,7,0,0,0,0,0,0,0,995,9.8,998,998,998,99.8,99.8,99.8,373.6647509,4,8
31490,17,130,1-17-2023-130-07,7,2,JS3TD9473641,17,509,10291,7,0,53,404,2006,14,3,14,0,1,B,2,1650,5,0,1,1,16,2,113,1,0,0,995,0,0,0,61201,9,9,0,1,2,1,2,1,1,9,1,3,2,3,1,1,0,0,9,0,1,3,53,99,1,1,2,D,33,0,0,0,0,0,0,0,0,0,0,180,155,0,0,0,1,98,999,999,999,9999999,999,999,999,7,0,0,0,0,0,0,0,995,9.8,998,998,998,99.8,99.8,99.8,373.6647509,4,8
31491,17,131,1-17-2023-131-07,7,1,1HGCR2F57GA1,17,474,1861,13,0,37,32,2016,4,1,4,0,1,F,1,1496,5,0,1,1,10,2,48,1,0,0,995,0,0,0,61265,2,9,2,4,2,1,1,2,3,1,0,3,0,0,1,2,0,0,9,0,14,3,50,4,2,1,2,D,20,0,0,0,0,0,0,0,0,0,0,195,200,0,0,0,1,3,15,-15,0,10536,998,-39,13,0,4,0,0,0,0,0,0,995,9.8,998,998,998,99.8,99.8,99.8,373.664751,4,8
31491,17,131,1-17-2023-131-07,7,2,3GCUKRECXFG2,17,467,1850,60,0,20,481,2015,34,5,31,0,1,B,1,2394,5,9999,9,0,998,5,48,1,0,0,995,0,0,0,52722,9,9,2,4,2,1,1,2,3,1,0,3,0,0,1,2,0,0,9,0,5,3,53,99,1,1,2,D,21,0,0,0,0,0,0,0,0,0,0,200,195,0,0,0,1,3,10,10,0,13163,998,0,12,0,4,95,95,95,95,95,0,995,9.8,998,998,998,99.8,99.8,99.8,373.664751,4,8
31492,17,132,1-17-2023-132-06,6,1,3C4PDCAB9ET1,17,476,1939,7,0,7,27,2014,6,1,4,0,1,F,2,1834,5,0,1,1,11,2,48,1,0,1,0,2,0,2,61265,1,2,0,4,2,1,2,1,1,1,0,0,0,0,1,1,0,0,9,1,1,1,8,1,1,4,1,A,1,0,0,0,0,0,0,0,0,0,0,255,250,0,0,0,1,98,999,999,999,9999999,999,999,999,7,0,9,97,0,1,4,0,995,9.8,998,998,998,99.8,99.8,99.8,79.30121761,4,8
31492,17,132,1-17-2023-132-06,6,2,5FNRL5H66DB0,17,474,1869,2,0,37,441,2013,20,4,20,0,2,B,2,2047,5,0,1,5,27,,,,,,,,,,,,,,,,,,,,,,,,,,,,,,,,,,,,,,,,,,,,,,,,,,,,,,,,,,,,,,,,,,95,95,95,95,95,,,,,,,,,,79.30121761,4,8
31493,17,133,1-17-2023-133-07,7,1,1FADP3N2XFL2,17,460,1779,5,0,12,37,2015,5,1,3,0,1,L,1,1327,5,0,1,1,10,2,48,1,0,0,995,0,0,0,61282,1,9,2,4,2,1,1,1,1,1,0,0,0,0,1,1,2,2,9,0,11,2,15,4,1,1,4,K,82,0,0,0,0,0,0,0,0,0,0,240,350,0,0,0,1,1,13,-8,10,9246,998,-64,11,0,4,0,0,0,0,0,0,995,9.8,998,998,998,99.8,99.8,99.8,373.664751,4,8
31493,17,133,1-17-2023-133-07,7,2,3N1AB6AP1CL6,17,478,1907,13,0,35,43,2012,4,1,3,0,1,F,1,1298,5,0,1,1,17,2,48,1,0,0,995,0,0,0,61265,1,9,2,4,2,1,2,1,1,1,0,4,0,0,1,1,0,0,9,0,1,4,67,99,1,1,4,K,83,0,0,0,0,0,0,0,0,0,0,350,240,0,0,0,1,1,13,-13,-5,12967,998,-24,15,0,4,0,0,0,0,0,0,995,0.0,999,999,999,99.9,99.9,99.9,373.664751,4,8
31495,20,90,1-20-2023-090-03,3,1,1C4PJLAB9FW7,17,483,1945,7,0,2,404,2015,14,3,14,0,1,F,3,1669,5,9999,9,4,28,2,89,1,1,8,997,8,0,0,93906,9,1,0,4,2,1,2,1,1,1,1,2,3,3,2,8,0,0,9,1,1,2,10,99,1,2,3,G,50,1,2,2,5,1,1,61,1,1,11,80,270,0,0,0,1,12,999,999,999,9999999,999,999,999,8,0,9,97,0,1,8,3,995,9.8,998,998,998,99.8,99.8,99.8,138.8891357,11,8
31495,20,90,1-20-2023-090-03,3,2,4T1T11AK7MU6,17,448,2469,13,0,49,40,2021,4,1,4,0,1,F,3,1520,5,0,1,1,18,2,89,1,0,0,995,0,0,0,93933,9,1,0,4,2,1,2,1,1,1,1,2,3,3,2,8,0,0,1,0,1,4,62,4,1,1,3,G,51,0,0,0,0,0,0,0,0,0,0,270,80,0,0,0,1,12,999,999,999,9999999,999,999,999,8,0,1,1,0,1,99,0,995,9.8,998,998,998,99.8,99.8,99.8,138.8891357,11,8
31495,20,90,1-20-2023-090-03,3,3,2HGFE2F52NH5,17,474,1863,13,0,37,31,2022,4,1,3,0,1,F,9,1313,5,9999,9,0,998,7,89,1,0,0,995,0,0,0,93906,1,2,0,4,2,1,2,1,1,1,1,2,3,3,2,8,0,0,1,0,1,6,90,1,1,1,6,M,98,0,0,0,0,0,0,0,0,0,0,998,998,0,0,0,2,0,999,999,999,9999999,999,999,999,9,0,0,0,0,0,0,0,998,9.8,998,998,998,99.8,99.8,99.8,138.8891357,11,8
31496,12,90,1-12-2023-090-04,4,1,2B3LA43H17H8,17,476,1895,13,0,7,24,2007,4,1,5,0,1,F,1,1733,5,0,1,5,10,2,56,1,0,0,995,0,0,0,73448,1,2,2,4,2,1,2,1,1,1,1,2,0,0,1,1,2,2,1,0,1,2,17,2,1,1,5,L,86,0,0,0,0,0,0,0,0,0,0,190,280,0,0,0,1,5,999,999,999,9999999,999,999,3,1,0,0,0,0,0,0,0,995,9.8,998,998,998,99.8,99.8,99.8,259.0616273,9,8
31496,12,90,1-12-2023-090-04,4,2,3GCPWCEDXLG1,17,467,1850,60,0,20,481,2020,34,5,31,0,1,R,1,2087,5,9999,9,1,17,2,56,1,0,0,995,0,0,0,76354,1,2,2,5,5,1,2,1,1,1,1,3,0,0,1,1,0,0,1,0,1,4,66,1,1,1,5,L,87,0,0,0,0,0,0,0,0,0,0,280,190,1,0,0,1,5,999,999,999,9999999,999,999,999,1,0,0,0,0,0,0,0,995,9.8,998,998,998,99.8,99.8,99.8,259.0616273,9,8
31497,12,91,1-12-2023-091-04,4,1,2C3CDXBG9MH5,17,476,1895,13,0,7,24,2021,4,1,5,0,1,F,1,1785,5,0,1,1,4,2,40,1,0,0,995,0,0,0,73430,1,1,2,4,2,1,2,1,1,1,0,0,0,0,1,1,2,2,1,0,1,2,17,1,1,1,5,L,88,0,0,0,0,0,0,0,0,0,0,285,195,0,0,0,1,1,10,-7,-8,12108,998,-139,10,0,1,1,1,0,1,0,0,995,9.8,998,998,998,99.8,99.8,99.8,259.0616273,9,8
31497,12,91,1-12-2023-091-04,4,2,1HGCM56847A2,17,474,1861,13,0,37,32,2007,4,1,3,0,1,L,1,1440,5,0,1,1,4,2,40,1,0,0,995,0,0,0,73401,9,9,2,4,2,1,2,1,1,1,0,0,0,0,1,1,0,0,1,0,1,4,66,99,1,1,5,L,89,0,0,0,0,0,0,0,0,0,0,195,285,0,0,0,1,1,13,-10,8,11510,998,11,14,0,1,99,99,0,0,99,0,995,9.8,998,998,998,99.8,99.8,99.8,259.0616273,9,8
31499,30,116,1-30-2023-116-06,6,1,2T1BURHE4JC1,17,448,2208,13,0,49,32,2018,4,1,3,0,1,F,1,1265,5,0,1,1,16,2,56,1,0,0,995,0,0,0,85033,9,9,2,4,2,1,2,1,1,1,0,0,0,0,1,1,2,2,1,0,11,2,15,1,1,1,4,K,82,0,0,0,0,0,0,0,0,0,0,50,180,0,0,0,1,3,15,-10,11,17307,998,140,13,0,4,1,1,0,2,0,0,995,9.8,998,998,998,99.8,99.8,99.8,209.5019302,10,8
31499,30,116,1-30-2023-116-06,6,2,4T1BE46K99U8,17,448,2469,13,0,49,40,2009,4,1,4,0,1,F,1,1500,5,9999,9,0,998,5,56,1,0,0,995,0,0,0,85031,9,9,2,5,5,2,2,1,1,1,3,2,0,0,1,1,0,0,9,0,1,4,67,99,1,1,4,K,83,0,0,0,0,0,0,0,0,0,0,180,50,0,0,0,1,3,14,-14,0,18161,998,0,18,0,4,95,95,95,95,95,0,995,9.8,998,998,998,99.8,99.8,99.8,209.5019302,10,8
31501,11,68,1-11-2023-068-05,5,1,3N1CN7AP5GL9,17,478,1894,13,0,35,50,2016,4,1,2,0,1,B,1,1114,5,0,1,4,42,2,97,1,0,0,995,0,0,0,23803,9,9,0,2,3,3,2,1,1,9,3,2,0,0,2,1,0,0,1,0,2,3,53,99,1,1,2,D,29,0,0,0,0,0,0,0,0,0,0,135,145,0,0,0,1,12,999,999,999,9999999,999,999,999,6,0,9,97,0,1,8,0,995,9.8,998,998,998,99.8,99.8,99.8,273.4459517,8,8
31501,11,68,1-11-2023-068-05,5,2,999999999999,99,99999,99999,999,0,99,499,9999,39,5,39,99,1,F,9,9999,9,9999,9,0,998,5,97,1,9,0,995,0,9,0,99999,9,9,0,2,3,3,2,1,1,9,3,2,0,0,2,1,0,0,9,0,1,3,52,99,1,1,2,D,28,0,0,0,0,0,0,0,0,0,0,145,135,0,0,0,1,0,999,999,999,9999999,999,999,999,9,0,95,95,95,95,95,0,995,9.8,998,998,998,99.8,99.8,99.8,273.4459517,8,8
31502,11,69,1-11-2023-069-02,2,1,WAUFNCF56KA0,17,582,3787,5,0,32,49,2019,5,1,4,0,1,R,2,1680,5,9999,9,4,32,2,105,1,1,1,150,1,0,0,23112,9,9,0,1,2,2,2,1,1,1,3,2,1,3,2,1,0,0,9,1,1,2,11,99,9,6,2,F,44,0,0,0,0,0,0,0,0,0,0,340,320,0,0,0,1,12,999,999,999,9999999,999,999,999,7,0,0,0,0,0,0,0,995,3.9,999,999,999,99.9,99.9,99.9,83.61933847,8,8
31502,11,69,1-11-2023-069-02,2,2,JF1VA1P63M88,17,523,2237,13,0,48,47,2021,4,1,3,0,1,L,1,1543,5,0,1,1,33,2,105,1,0,1,27,2,0,2,23112,9,9,0,1,2,1,2,1,1,1,1,3,2,3,2,1,0,0,9,0,1,4,60,4,1,1,2,F,45,0,0,0,0,0,0,0,0,0,0,998,998,0,0,9,2,1,16,-14,8,15610,998,-5,16,0,4,2,9,0,1,3,0,998,3.9,999,999,999,99.9,99.9,99.9,83.61933847,8,8
31503,24,90,1-24-2023-090-03,3,1,2T1BR30E56C5,17,448,2208,13,0,49,32,2006,4,1,2,0,1,F,2,1135,5,0,1,1,21,2,72,1,0,1,0,2,0,0,08232,9,1,2,5,6,3,2,1,1,9,4,4,0,0,1,1,0,0,9,0,11,2,15,99,1,1,4,J,68,0,0,0,0,0,0,0,0,0,0,70,300,0,0,0,1,3,25,-21,-12,36061,998,-63,25,0,4,2,6,0,1,3,0,995,9.8,998,998,998,99.8,99.8,99.8,200.3911225,1,8
31503,24,90,1-24-2023-090-03,3,2,1C4RJFBG0KC5,17,483,1949,7,0,2,422,2019,15,3,15,0,1,F,1,2211,5,0,1,1,20,2,72,1,0,0,995,0,0,0,08205,9,9,2,5,6,2,2,1,1,1,3,2,0,0,1,1,0,0,9,0,1,4,62,4,2,1,4,J,69,0,0,0,0,0,0,0,0,0,0,300,70,0,0,0,1,3,14,-13,5,19226,998,64,13,0,4,99,99,0,0,99,0,995,0.7,999,999,999,3.9,0.9,4.0,200.3911225,1,8
31504,24,91,1-24-2023-091-03,3,1,1C4RDJDG5MC5,17,476,3508,7,0,7,422,2021,15,3,15,0,1,F,1,2262,5,0,1,5,18,2,80,1,0,0,995,0,0,0,08234,1,2,2,4,2,1,2,1,1,1,1,4,0,0,1,1,0,0,1,0,1,4,62,1,1,1,4,J,69,0,0,0,0,0,0,0,0,0,0,340,110,0,0,0,1,3,17,-16,3,23710,998,81,14,0,4,1,2,0,3,4,0,995,9.8,998,998,998,99.8,99.8,99.8,200.3911225,1,8
31504,24,91,1-24-2023-091-03,3,2,5NPD84LF4HH1,17,498,2735,13,0,55,35,2017,4,1,3,0,1,R,2,1275,5,0,1,1,24,2,80,1,0,0,995,0,7,0,08205,1,2,2,4,2,1,2,1,1,1,1,4,0,0,1,1,0,0,2,0,11,2,15,1,1,1,4,J,68,0,0,0,0,0,0,0,0,0,0,110,340,0,0,0,1,3,30,-23,-19,62714,998,41,33,0,4,3,17,1,1,3,0,995,9.8,998,998,998,99.8,99.8,99.8,200.3911225,1,8
31505,25,89,1-25-2023-089-02,2,1,3TYSZ5AN3MT0,17,448,2223,60,0,49,472,2021,34,5,31,0,1,F,2,1948,5,0,1,5,15,2,40,1,0,0,995,0,0,0,04107,9,9,2,4,2,1,2,2,1,1,1,2,0,0,1,2,1,2,1,0,1,3,50,1,1,1,2,D,20,0,0,0,0,0,0,0,0,0,0,90,90,0,0,0,1,12,999,999,999,9999999,999,999,999,7,0,1,1,0,1,4,0,995,9.8,998,998,998,99.8,99.8,99.8,54.67364508,2,8
31505,25,89,1-25-2023-089-02,2,2,4S4WMAHD3P34,17,523,24836,7,0,48,421,2023,15,3,15,0,1,B,9,2073,5,0,1,1,31,2,40,1,0,0,995,0,0,0,04072,9,9,2,4,2,1,2,2,1,1,1,2,0,0,1,2,1,2,1,0,5,3,53,1,1,1,2,D,21,0,0,0,0,0,0,0,0,0,0,90,90,0,0,0,1,12,999,999,999,9999999,999,999,999,9,0,1,2,0,1,4,0,995,9.8,998,998,998,99.8,99.8,99.8,54.67364508,2,8
31505,25,89,1-25-2023-089-02,2,3,1C6RR7KT4JS2,17,496,13620,60,0,7,482,2018,34,5,31,0,1,B,1,2336,5,0,1,1,8,2,40,1,0,0,995,0,0,0,04107,9,9,2,4,2,1,2,2,1,1,1,2,0,0,1,2,1,2,1,0,1,3,53,1,1,1,6,M,98,0,0,0,0,0,0,0,0,0,0,90,90,0,0,0,2,1,21,21,0,18763,998,12,14,0,1,99,99,0,0,99,0,995,9.8,998,998,998,99.8,99.8,99.8,54.67364508,2,8
31506,25,90,1-25-2023-090-02,2,1,5TBRT3814YS0,17,448,2467,60,0,49,482,2000,34,5,30,0,1,F,2,1950,5,9999,9,4,32,2,40,1,0,1,0,2,0,0,04005,9,9,2,3,4,3,2,2,1,4,1,1,0,0,1,2,1,2,9,0,1,2,17,99,1,1,5,L,88,0,0,0,0,0,0,0,0,0,0,130,50,0,0,0,1,3,30,-26,-15,55300,998,-123,21,0,4,1,1,0,1,4,0,995,9.8,998,998,998,99.8,99.8,99.8,48.58815106,2,8
31506,25,90,1-25-2023-090-02,2,2,3C6TRVCG8KE5,17,496,13628,95,0,7,463,2019,21,4,21,0,1,L,2,2169,5,150,1,1,25,2,40,1,0,1,0,2,0,1,04102,9,9,2,4,2,1,2,2,1,1,1,2,0,0,1,2,1,2,1,0,1,4,66,99,1,1,5,L,89,0,0,0,0,0,0,0,0,0,0,50,130,0,1,0,1,3,26,-9,24,125264,998,-43,35,0,4,1,1,0,1,4,0,995,0.0,10,10,120,2.9,4.4,2.6,48.58815106,2,8
31507,14,70,1-14-2023-070-04,4,1,5TFLA5DB7PX0,17,448,2467,60,0,49,482,2023,34,5,31,0,1,R,1,2445,5,0,1,1,20,2,89,1,8,0,995,0,7,0,28314,9,1,2,4,3,2,2,1,1,4,1,2,0,0,1,1,0,0,9,0,11,2,15,99,1,1,4,J,68,0,0,0,0,0,0,0,0,0,0,30,270,0,0,0,1,1,13,-8,-10,11408,998,68,10,0,1,0,0,0,0,0,0,995,9.8,998,998,998,99.8,99.8,99.8,1837.098944,8,8
31507,14,70,1-14-2023-070-04,4,2,1D7HE22K56S5,17,476,1941,60,0,7,472,2006,34,5,30,0,1,F,1,1942,5,0,1,1,20,2,89,1,8,0,995,0,7,0,68873,9,1,2,2,2,2,2,1,1,1,1,2,0,0,1,1,0,0,9,0,1,4,62,7,1,1,4,J,69,0,0,0,0,0,0,0,0,0,0,270,30,0,0,0,1,1,16,-16,3,30218,998,41,19,0,1,0,0,0,0,0,0,995,9.8,998,998,998,99.8,99.8,99.8,1837.098944,8,8
31507,14,70,1-14-2023-070-04,4,3,SALGS2SV6KA5,17,444,2247,7,0,62,421,2019,15,3,15,0,1,F,9,2489,5,9999,9,0,998,5,89,1,8,0,995,0,7,0,78132,9,9,2,4,2,1,2,1,1,2,1,2,0,0,1,1,2,2,9,0,5,4,67,1,1,1,6,M,98,0,0,0,0,0,0,0,0,0,0,185,15,0,0,0,2,0,999,999,999,9999999,999,999,999,9,0,95,95,95,95,95,0,995,9.8,998,998,998,99.8,99.8,99.8,1837.098944,8,8
31509,13,111,1-13-2023-111-02,2,1,4T1C11AK3PU8,17,448,2469,13,0,49,40,2023,4,1,4,0,1,F,2,1495,5,0,1,1,23,2,48,1,8,0,995,0,7,0,76131,3,9,2,1,2,1,2,1,1,1,0,0,0,0,1,1,2,2,9,0,11,2,15,99,1,1,4,K,76,0,0,0,0,0,0,0,0,0,0,250,170,0,0,0,1,3,25,-24,-4,25360,998,-53,19,0,4,0,0,0,0,0,0,995,9.8,998,998,998,99.8,99.8,99.8,34.9853188,7,8
31509,13,111,1-13-2023-111-02,2,2,5XXG14J22NG1,17,499,27527,13,0,63,398,2022,4,1,4,0,1,L,2,1506,5,9999,9,0,998,2,48,1,8,1,0,2,7,0,76137,9,1,2,5,3,1,1,1,1,1,1,2,0,0,1,1,0,0,9,0,1,4,65,99,1,1,4,K,77,0,0,0,0,0,0,0,0,0,0,170,250,0,0,0,1,3,25,-4,25,62981,998,-47,30,0,4,0,0,0,0,3,0,995,9.8,998,998,998,99.8,99.8,99.8,34.9853188,7,8
31510,13,112,1-13-2023-112-07,7,1,3FA6P0H73HR2,17,460,1780,13,0,12,23,2017,4,1,4,0,1,R,1,1558,5,0,1,1,32,2,72,1,8,0,995,0,7,0,76177,2,9,0,1,3,3,1,1,1,1,3,0,0,0,1,1,0,0,9,1,15,2,11,99,1,2,2,F,46,0,0,0,0,0,0,0,0,0,0,190,180,0,0,0,1,5,999,999,999,9999999,999,999,11,2,0,0,0,0,0,0,0,995,9.8,998,998,998,99.8,99.8,99.8,7752.591604,7,8
31510,13,112,1-13-2023-112-07,7,2,1C6RREBT1LN2,17,496,13620,60,0,7,482,2020,34,5,31,0,1,L,9,2177,5,9999,9,0,998,5,72,1,8,0,995,0,7,0,76137,9,9,0,1,3,2,1,1,1,1,3,3,0,0,1,1,0,0,9,0,1,4,60,99,1,1,2,F,45,0,0,0,0,0,0,0,0,0,0,180,190,1,0,0,1,0,999,999,999,9999999,999,999,999,9,0,95,95,95,95,95,0,995,9.8,998,998,998,99.8,99.8,99.8,7752.591604,7,8
31511,13,113,1-13-2023-113-02,2,1,3N1CP5BV7ML4,17,478,22791,5,0,35,56,2021,5,1,2,0,1,F,3,1221,5,0,1,4,54,2,48,1,1,8,997,8,7,0,76104,2,2,0,4,2,1,1,1,3,1,0,0,0,0,1,1,0,0,9,1,14,2,11,99,1,4,1,C,11,0,0,0,0,0,0,0,0,0,0,350,0,0,0,0,1,12,999,999,999,9999999,999,999,999,8,0,2,4,0,1,6,0,995,9.8,998,998,998,99.8,99.8,99.8,34.9853188,7,8
31511,13,113,1-13-2023-113-02,2,2,2D4FV47T58H1,17,476,3680,7,0,7,21,2008,6,1,5,0,2,B,9,1750,5,9999,9,0,998,,,,,,,,,,,,,,,,,,,,,,,,,,,,,,,,,,,,,,,,,,,,,,,,,,,,,,,,,,,,,,,,,,95,95,95,95,95,,,,,,,,,,34.9853188,7,8
31513,76,85,1-76-2023-085-05,5,1,4S3BMBC66A32,17,523,2232,13,0,48,34,2010,4,1,3,0,1,F,9,1485,5,9999,9,0,998,2,89,1,8,0,995,0,7,0,12414,9,9,3,4,2,1,2,1,1,1,1,2,1,0,1,1,0,0,9,0,1,3,52,99,1,1,2,D,28,0,0,0,0,0,0,0,0,0,0,5,5,0,0,0,1,0,999,999,999,9999999,999,999,999,9,0,1,1,0,1,4,0,995,9.8,998,998,998,99.8,99.8,99.8,20.73978914,3,8
31513,76,85,1-76-2023-085-05,5,2,1FTFW1EG1HFB,17,460,1801,60,0,12,481,2017,34,5,31,0,1,B,1,2130,5,0,2,4,108,2,89,1,8,0,995,0,7,0,12451,1,2,3,4,2,1,2,1,1,1,1,2,1,0,1,1,0,0,1,0,2,3,53,1,1,1,2,D,29,0,0,0,0,0,0,0,0,0,0,5,5,0,0,0,1,12,999,999,999,9999999,999,999,999,6,0,1,3,0,1,4,0,995,9.8,998,998,998,99.8,99.8,99.8,20.73978914,3,8
31514,76,86,1-76-2023-086-03,3,1,1C6SRFLT3NN1,17,496,13620,60,0,7,482,2022,34,5,31,0,1,F,3,2327,5,0,1,1,87,2,89,1,8,0,995,0,7,0,13754,9,9,0,2,2,1,2,2,2,1,1,3,2,3,1,8,6,2,9,1,14,1,6,98,2,4,1,B,7,0,0,0,0,0,0,0,0,0,0,998,998,0,0,0,1,12,999,999,999,9999999,999,999,999,8,0,9,97,0,1,99,0,998,1.0,999,999,999,0.0,0.0,0.0,20.54026918,3,8
31515,16,100,1-16-2023-100-03,3,1,1C4HJXDM4MW8,17,483,1943,7,0,2,403,2021,14,3,14,0,1,B,1,2018,8,0,1,2,4,5,72,1,0,0,995,0,7,0,45102,9,9,0,1,2,2,2,1,1,1,3,2,0,0,1,1,0,0,1,0,5,3,53,1,1,1,6,M,98,0,0,0,0,0,0,0,0,0,0,5,5,0,0,0,3,3,12,12,0,9601,998,0,11,0,4,95,95,95,95,95,0,995,9.8,998,998,998,99.8,99.8,99.8,214.9050758,5,8