CASEID,PSU,CASENO,CASENUMBER,CATEGORY,VEHNO,VIN,VINLENGTH,VPICMAKE,VPICMODEL,VPICBODYCLASS,ICFINALBODY,MAKE,MODEL,MODELYR,BODYTYPE,BODYCAT,VEHCLASS,SPECUSE,TRANSTAT,DAMPLANE,DAMSEV,CURBWT,CURBSRC,CARGOWT,CARGOSRC,INSPTYPE,INSPLAG,TOWED,SPEEDLIMIT,DRPRESENT,PARALCOHOL,ALCTEST,ALCTESTRESULT,ALCTESTSRC,PARDRUG,DRUGTEST,ZIP,RACE,ETHNICITY,RELTOJUNCT,TRAFFLOW,RDLANES,INITLANE,SURFTYPE,SURFCOND,ALIGNMENT,PROFILE,LINERIGHT,LINELEFT,RUMBINIT,RUMBROAD,LIGHTCOND,WEATHER,TRAFDEV,TRAFFUNCT,DISTRACT,PREFHE,PREMOVE,CRITCAT,CRITEVENT,MANEUVER,PRESTAB,PRELOC,CRASHCAT,CRASHCONF,CRASHTYPE,ROLLTYPE,ROLLTURN,ROLLINTRPT,ROLLPREMAN,ROLLINITYP,ROLLINLOC,ROLLOBJ,ROLLTRIP,ROLLDIR,ROLLDIST,DVANGTHIS,DVANGOTH,TOWHITCH,TRAJDOC,TREEPOLE,DVEVENT,DVBASIS,DVTOTAL,DVLONG,DVLAT,DVENERGY,DVSPEED,DVMOMENT,DVBES,DVEST,DVCONF,VAIS,VISS,VINJSEV,VINJURED,VTREAT,INITOBJCLASS,HEADANGLECAT,SHLDRWIDTH,STRKLENGTH,STRKWIDTH,STRKHEIGHT,EDGEDISTX,EDGEDISTY,EDGEDISTZ,CASEWGT,PSUSTRAT,VERSION
31589,17,135,1-17-2023-135-10,10,3,1FM5K7D89DGC,17,460,1800,7,0,12,401,2013,14,3,14,0,1,B,9,2067,5,9999,9,0,998,5,48,1,0,0,995,0,0,0,61201,9,9,2,4,3,1,2,1,1,1,0,1,0,0,1,8,1,2,9,0,5,3,53,99,1,1,6,M,98,0,0,0,0,0,0,0,0,0,0,90,90,0,0,0,2,0,999,999,999,9999999,999,999,999,9,0,95,95,95,95,95,0,995,9.8,998,998,998,99.8,99.8,99.8,112.3793164,4,8
31592,33,58,1-33-2023-058-05,5,1,2C3CDZAG9JH2,17,476,1893,3,0,7,28,2018,2,1,5,0,1,F,3,1785,5,0,1,1,27,2,89,1,0,0,995,0,7,0,95928,2,9,2,4,2,1,2,1,1,1,0,2,0,0,2,1,2,2,9,1,11,1,6,3,2,4,1,A,2,0,0,0,0,0,0,0,0,0,0,998,998,0,1,1,2,1,41,-41,7,148158,998,34,41,0,1,1,2,0,3,6,0,998,0.0,120,16,16,0.0,0.0,0.0,23.0841485,12,8
31593,33,59,1-33-2023-059-08,8,1,JT4RN81A1R51,17,448,14263,60,0,49,471,1994,34,5,30,0,1,L,2,1223,5,0,1,1,20,2,89,1,0,0,995,0,0,0,95928,1,9,2,4,2,1,2,1,1,1,1,2,0,0,1,1,3,2,9,0,10,2,16,1,1,1,4,K,78,0,0,0,0,0,0,0,0,0,0,270,330,0,1,0,1,5,999,999,999,9999999,999,999,31,3,0,2,5,0,1,4,0,995,9.8,998,998,998,99.8,99.8,99.8,134.2127958,12,8
31593,33,59,1-33-2023-059-08,8,2,49776,5,483,99997,7,0,2,401,1953,14,3,14,0,1,R,2,9999,9,0,1,1,18,2,89,1,0,0,995,0,0,0,95969,9,1,2,4,2,1,2,1,1,1,1,2,0,0,1,1,3,2,9,0,1,4,65,1,1,1,4,K,79,1,3,2,5,1,1,61,1,1,6,330,270,0,1,0,1,5,999,999,999,9999999,999,999,999,7,0,2,12,0,3,3,3,995,9.8,998,998,998,99.8,99.8,99.8,134.2127958,12,8
31594,21,95,1-21-2023-095-03,3,1,5YJ3E1EA5NF3,17,441,17834,13,0,29,5,2022,4,1,4,0,1,T,2,1645,5,0,1,1,48,2,113,1,0,0,995,0,0,0,91401,9,9,0,1,3,3,2,1,1,1,3,2,1,3,1,1,0,0,9,1,1,2,12,1,1,4,1,B,6,1,6,2,2,1,3,61,1,2,32,997,997,0,0,0,1,6,999,999,999,9999999,999,999,999,7,0,1,1,0,2,8,3,997,9.8,998,998,998,99.8,99.8,99.8,74.26283009,11,8
31595,21,96,1-21-2023-096-03,3,1,3N1AB8CV7LY2,17,478,1907,13,0,35,43,2020,4,1,3,0,1,F,3,1385,5,0,1,1,25,2,64,1,1,8,997,8,0,0,92316,2,9,0,4,2,1,2,1,1,1,1,2,0,0,3,1,5,2,9,1,1,2,13,99,1,4,1,A,1,0,0,0,0,0,0,0,0,0,0,998,998,0,1,8,1,10,999,999,999,9999999,999,4,46,4,0,1,1,0,1,0,0,998,1.3,50,55,120,1.3,1.0,1.5,74.26283009,11,8
31596,21,97,1-21-2023-097-06,6,1,WDDZF4JB9JA3,17,449,2081,13,0,42,48,2018,4,1,5,0,1,F,1,1765,5,0,1,1,14,2,113,1,0,1,227,2,0,2,92311,2,2,1,3,1,1,2,1,2,9,1,2,0,0,3,1,0,0,9,1,14,2,13,99,9,4,1,A,1,0,0,0,0,0,0,0,0,0,0,998,998,0,0,1,1,1,17,-17,0,25203,998,-70,17,0,4,3,14,1,1,4,0,998,9.9,999,999,999,99.9,99.9,99.9,207.3618783,11,8
31597,20,92,1-20-2023-092-04,4,1,1N6DD26T04C4,17,478,1919,60,0,35,472,2004,34,5,30,0,1,L,9,1476,5,9999,9,3,46,7,56,1,0,0,995,0,0,0,95012,9,1,2,4,3,2,2,1,1,4,1,2,0,0,4,1,2,2,2,0,11,2,15,2,1,1,4,K,82,0,0,0,0,0,0,0,0,0,0,0,120,0,0,0,1,12,999,999,999,9999999,999,999,999,9,0,0,0,0,0,0,0,995,9.8,998,998,998,99.8,99.8,99.8,312.16714,11,8
31597,20,92,1-20-2023-092-04,4,2,2T3M6RFV9MW0,17,448,2217,7,0,49,402,2021,14,3,14,0,1,F,1,1703,5,9999,9,4,29,7,89,1,0,0,995,0,0,0,95062,9,1,2,4,4,2,2,1,3,1,1,2,0,0,4,1,0,0,1,0,14,4,67,99,1,1,4,K,83,0,0,0,0,0,0,0,0,0,0,120,0,0,0,0,1,12,999,999,999,9999999,999,999,999,6,0,0,0,0,0,0,0,995,9.8,998,998,998,99.8,99.8,99.8,312.16714,11,8
31599,19,116,1-19-2023-116-05,5,1,1N4AL3AP5FN3,17,478,1904,13,0,35,47,2015,4,1,4,0,1,F,2,1416,5,0,1,1,8,2,56,1,0,0,995,0,0,0,35904,1,9,0,4,2,1,2,1,3,1,1,2,0,0,1,8,0,0,3,1,14,2,13,7,9,4,1,A,1,0,0,0,0,0,0,0,0,0,0,998,998,0,1,0,2,12,999,999,999,9999999,999,999,999,7,0,0,0,0,0,4,0,998,0.2,999,999,999,30.0,2.5,30.1,116.4837446,9,8
31602,30,122,1-30-2023-122-07,7,1,1N4AL3AP1FN3,17,478,1904,13,0,35,47,2015,4,1,4,0,1,R,1,1416,5,0,1,1,50,2,121,1,0,0,995,0,0,0,85140,9,9,0,1,2,2,2,1,1,1,3,2,1,3,1,1,0,0,1,1,1,1,1,2,9,4,1,B,7,0,0,0,0,0,0,0,0,0,0,998,998,0,0,0,2,98,999,999,999,9999999,999,999,999,6,0,0,0,0,0,0,0,998,0.8,999,999,999,99.9,99.9,99.9,3434.282969,10,8
31603,30,121,1-30-2023-121-04,4,1,1NXBR32E14Z2,17,448,2208,13,0,49,32,2004,4,1,2,0,1,F,1,1135,5,0,1,5,35,2,72,1,0,0,995,0,0,0,85210,1,1,2,1,6,2,2,1,1,1,1,3,0,0,1,1,1,2,1,0,1,2,17,3,1,1,4,J,69,0,0,0,0,0,0,0,0,0,0,175,270,0,1,0,1,3,9,-9,3,7747,998,67,11,0,4,0,0,0,0,0,0,995,9.8,998,998,998,99.8,99.8,99.8,1257.019007,10,8
31603,30,121,1-30-2023-121-04,4,2,2GNAXHEV8L62,17,467,1847,7,0,20,404,2020,14,3,14,0,1,R,1,1485,5,0,2,1,31,2,72,1,0,0,995,0,0,0,85206,1,2,2,1,5,4,1,1,1,1,1,1,0,0,1,1,1,2,1,0,11,4,63,1,1,1,4,J,68,1,1,2,5,7,1,1,2,2,7,270,175,0,1,0,1,3,8,-4,-7,7613,998,180,7,0,4,1,2,0,1,6,1,995,9.8,998,998,998,99.8,99.8,99.8,1257.019007,10,8
31604,24,92,1-24-2023-092-09,9,1,4T1BK3DB9BU3,17,448,2465,13,0,49,43,2011,4,1,4,0,1,R,1,1615,5,0,1,1,36,2,40,1,0,0,995,0,0,0,08401,9,9,2,4,4,2,2,1,1,1,1,2,0,0,1,1,1,2,9,0,11,2,15,99,1,1,4,J,68,0,0,0,0,0,0,0,0,0,0,30,270,0,0,0,1,3,8,-4,-7,7347,998,121,8,0,4,9,97,0,1,0,0,995,0.0,999,999,999,3.2,2.5,4.5,1711.482652,1,8
31604,24,92,1-24-2023-092-09,9,2,4T1BF3EK6AU5,17,448,2469,13,0,49,40,2010,4,1,4,0,1,F,1,1500,5,9999,9,0,998,5,40,1,0,0,995,0,0,0,08401,9,9,2,4,4,1,2,1,1,1,1,1,0,0,1,1,1,2,9,0,1,4,62,99,1,1,4,J,69,0,0,0,0,0,0,0,0,0,0,270,30,0,0,0,1,3,9,-9,0,2971,998,0,7,0,4,95,95,95,95,95,0,995,9.8,998,998,998,99.8,99.8,99.8,1711.482652,1,8
31605,24,93,1-24-2023-093-07,7,1,1C3CCCFB8FN6,17,477,2053,13,0,6,18,2015,4,1,3,0,1,F,1,1575,5,0,1,4,6,2,80,1,0,0,995,0,0,0,08091,9,9,2,4,4,1,2,1,1,1,1,2,0,0,1,1,1,2,1,0,1,4,62,1,1,1,4,J,69,0,0,0,0,0,0,0,0,0,0,125,260,0,0,0,1,3,11,-11,-4,5887,998,-74,9,0,4,0,0,0,0,0,0,995,9.8,998,998,998,99.8,99.8,99.8,2421.026596,1,8
31605,24,93,1-24-2023-093-07,7,2,5N3AA08C17N8,17,480,2326,7,0,58,421,2007,15,3,15,0,1,R,1,2568,5,0,1,1,6,2,80,1,0,0,995,0,0,0,08241,9,9,2,4,4,2,2,1,1,1,1,2,0,0,1,1,1,2,9,0,11,2,15,1,1,1,4,J,68,0,0,0,0,0,0,0,0,0,0,260,125,0,0,0,1,3,7,-4,-6,8054,998,8,9,0,4,0,0,0,0,0,0,995,9.8,998,998,998,99.8,99.8,99.8,2421.026596,1,8
31607,14,74,1-14-2023-074-02,2,1,3C4NJCBB3LT2,17,483,1946,7,0,2,1,2020,6,1,2,0,1,F,2,1444,5,0,2,1,22,2,48,1,8,1,0,2,7,1,78636,1,2,0,4,2,1,2,1,3,4,1,2,0,0,2,1,6,2,3,1,14,2,13,99,1,4,1,A,1,1,1,2,6,5,4,31,6,2,3,996,996,0,1,0,3,7,999,999,999,9999999,999,999,999,7,0,2,6,0,1,3,2,996,0.4,999,999,999,99.9,99.9,99.9,164.4463854,8,8
31609,16,103,1-16-2023-103-05,5,1,1GTW7GCA8C19,17,472,1856,95,0,23,461,2012,21,4,21,0,1,R,1,2755,5,9999,9,2,8,5,56,1,8,0,995,0,7,0,45231,9,9,3,4,2,1,2,1,1,1,0,0,0,0,1,1,0,0,1,0,11,2,15,1,1,1,4,K,76,0,0,0,0,0,0,0,0,0,0,150,120,0,1,0,1,8,999,999,999,9999999,999,999,999,6,0,95,95,95,95,95,0,995,9.8,998,998,998,99.8,99.8,99.8,58.6306897,5,8
31609,16,103,1-16-2023-103-05,5,2,2HKRM4H70EH1,17,474,1865,7,0,37,402,2014,14,3,14,0,1,F,2,1583,5,0,1,1,8,2,56,1,8,0,995,0,7,0,45201,9,9,3,4,4,2,2,1,1,1,3,2,0,0,1,1,0,0,1,0,1,4,70,4,1,1,4,K,77,0,0,0,0,0,0,0,0,0,0,80,290,0,1,0,2,5,999,999,999,9999999,999,999,34,3,0,9,97,0,1,8,0,995,9.8,998,998,998,99.8,99.8,99.8,58.6306897,5,8
31609,16,103,1-16-2023-103-05,5,3,1NPSLP0X1CD1,17,495,2790,11,0,87,881,2012,63,8,60,0,1,F,9,,,,,,,5,56,1,8,0,995,0,7,0,45347,9,9,3,4,4,2,2,1,1,1,3,2,0,0,1,1,0,0,1,0,5,4,62,1,1,1,6,M,98,,,,,,,,,,,,,,,,,,,,,,,,,,,95,95,95,95,95,,,9.8,998,998,998,99.8,99.8,99.8,58.6306897,5,8
31609,16,103,1-16-2023-103-05,5,4,KNDEPCAA9M70,17,499,26900,7,0,63,498,2021,14,3,14,0,1,F,9,1445,5,9999,9,0,998,5,56,1,8,0,995,0,7,0,45246,9,9,3,4,4,1,2,1,1,1,0,3,0,0,1,1,0,0,1,0,1,4,60,2,1,1,6,M,98,0,0,0,0,0,0,0,0,0,0,110,20,0,1,0,3,0,999,999,999,9999999,999,999,999,9,0,95,95,95,95,95,0,995,9.8,998,998,998,99.8,99.8,99.8,58.6306897,5,8
31610,16,104,1-16-2023-104-09,9,1,1HGCM56765A0,17,474,1861,13,0,37,32,2005,4,1,3,0,1,F,1,1389,5,0,1,1,30,2,56,1,9,0,995,0,9,0,99999,9,9,2,4,3,1,2,1,1,2,0,1,0,0,3,1,1,2,9,0,1,4,66,99,1,1,5,L,88,0,0,0,0,0,0,0,0,0,0,295,205,0,0,0,1,3,16,-15,-6,9427,998,-30,13,0,4,99,99,0,0,0,0,995,9.8,998,998,998,99.8,99.8,99.8,1993.431923,5,8
31610,16,104,1-16-2023-104-09,9,2,KMHTC6AD5CU0,17,498,2298,3,0,55,42,2012,9,1,3,0,1,L,1,1236,5,9999,9,0,998,2,40,1,0,0,995,0,0,0,45240,9,9,2,4,3,1,2,1,1,4,0,1,0,0,3,1,1,2,9,0,1,2,17,99,1,1,5,L,89,0,0,0,0,0,0,0,0,0,0,205,295,0,0,0,1,3,16,-6,15,21870,998,-56,18,0,4,0,0,0,0,0,0,995,9.8,998,998,998,99.8,99.8,99.8,1993.431923,5,8
31611,16,105,1-16-2023-105-04,4,1,WBAPK73589A4,17,452,1709,13,0,34,34,2009,4,1,3,0,1,F,1,1485,5,0,1,1,32,2,105,1,0,0,995,0,0,0,45230,9,9,0,2,4,2,2,1,3,1,3,3,0,3,1,1,0,0,1,0,14,3,52,7,1,1,2,D,28,0,0,0,0,0,0,0,0,0,0,95,105,0,0,0,1,3,18,-18,-3,18116,998,4,17,0,4,0,0,0,0,0,0,995,9.8,998,998,998,99.8,99.8,99.8,1450.243083,5,8
31611,16,105,1-16-2023-105-04,4,2,7FARW2H80NE0,17,474,1865,7,0,37,402,2022,14,3,14,0,1,B,1,1580,5,0,1,3,32,2,105,1,0,0,995,0,0,0,45014,9,9,0,2,4,2,2,1,3,1,3,3,0,3,1,1,0,0,1,0,2,3,53,2,1,1,2,D,29,0,0,0,0,0,0,0,0,0,0,105,95,0,0,0,1,3,16,16,0,19036,998,0,17,0,4,0,0,0,0,0,0,995,9.8,998,998,998,99.8,99.8,99.8,1450.243083,5,8
31613,13,115,1-13-2023-115-09,9,1,KNDMB2331660,17,499,2740,2,0,63,441,2006,20,4,20,0,1,F,9,2107,5,0,1,3,9,2,72,1,8,1,0,2,7,0,75061,1,2,2,1,3,3,1,1,1,1,1,0,0,0,1,8,1,2,9,0,1,3,50,1,8,1,2,D,20,0,0,0,0,0,0,0,0,0,0,180,180,0,0,0,1,12,999,999,999,9999999,999,999,999,9,0,2,5,0,1,3,0,995,9.8,998,998,998,99.8,99.8,99.8,3044.902711,7,8
31613,13,115,1-13-2023-115-09,9,2,1GB2KVCG4BZ3,17,467,1850,65,999,20,481,2011,34,5,31,0,1,B,9,9999,9,9999,9,0,998,5,72,1,8,0,995,0,7,0,75154,9,9,2,1,3,3,1,1,1,1,1,0,0,0,1,8,1,2,9,0,5,3,53,1,1,1,2,D,22,0,0,0,0,0,0,0,0,0,0,180,180,0,0,0,1,0,999,999,999,9999999,999,999,999,9,0,95,95,95,95,95,0,995,9.8,998,998,998,99.8,99.8,99.8,3044.902711,7,8
31614,13,116,1-13-2023-116-05,5,1,KNDJP3A51F71,17,499,2460,7,0,63,37,2015,6,1,2,0,1,F,2,1231,5,9999,9,0,998,2,105,1,8,0,995,0,7,0,76137,9,1,0,2,3,2,2,1,1,9,3,3,0,0,2,1,0,0,9,0,1,3,51,99,1,1,2,D,24,0,0,0,0,0,0,0,0,0,0,65,65,0,0,0,1,3,28,-28,-5,34224,998,-32,25,0,4,1,1,0,1,4,0,995,9.8,998,998,998,99.8,99.8,99.8,94.72981202,7,8
31614,13,116,1-13-2023-116-05,5,2,4T1BF1FKXGU5,17,448,2469,13,0,49,40,2016,4,1,4,0,1,B,1,1467,5,0,1,1,19,2,105,1,8,0,995,0,7,0,76131,5,9,0,2,3,2,1,1,1,9,3,3,0,0,2,1,0,0,9,0,1,3,53,1,1,1,2,D,25,0,0,0,0,0,0,0,0,0,0,65,65,0,0,0,1,3,24,24,4,46459,998,-47,26,0,4,9,97,0,1,8,0,995,9.8,998,998,998,99.8,99.8,99.8,94.72981202,7,8
31615,76,88,1-76-2023-088-03,3,1,3VWC57BU9KM1,17,482,3137,13,0,30,40,2019,4,1,3,0,1,F,3,1350,5,0,1,1,32,2,89,1,8,0,995,0,7,0,12423,9,9,2,2,3,3,2,1,1,1,1,2,0,0,2,1,1,2,9,0,11,4,63,8,1,1,4,J,68,0,0,0,0,0,0,0,0,0,0,85,315,0,0,0,1,1,44,-38,-22,24462,998,-86,18,0,1,4,24,1,1,3,0,995,9.8,998,998,998,99.8,99.8,99.8,21.42934359,3,8
31615,76,88,1-76-2023-088-03,3,2,2HNYD28388H5,17,475,2147,7,0,54,421,2008,15,3,15,0,1,F,2,2064,5,0,1,1,29,2,89,1,8,9,998,8,7,9,11212,2,2,2,2,3,1,2,1,1,1,1,3,0,0,2,1,1,2,9,0,1,2,17,99,1,1,4,J,69,0,0,0,0,0,0,0,0,0,0,315,85,0,0,0,1,1,28,-26,10,195556,998,50,45,0,1,0,0,0,0,8,0,995,9.8,998,998,998,99.8,99.8,99.8,21.42934359,3,8
31616,76,89,1-76-2023-089-03,3,1,JM1BL1V87C16,17,473,2074,13,0,41,51,2012,4,1,2,0,1,F,3,1338,8,0,1,1,11,2,89,1,8,1,0,2,7,0,12439,9,9,2,4,2,1,2,1,2,1,1,2,0,0,1,1,0,0,3,0,11,2,15,2,1,1,4,J,68,0,0,0,0,0,0,0,0,0,0,250,110,0,1,0,1,3,66,-62,-23,200641,998,-61,55,0,4,3,17,1,1,3,0,995,1.8,999,999,999,0.5,0.7,0.9,21.42934359,3,8
31616,76,89,1-76-2023-089-03,3,2,3TYSZ5AN9MT0,17,448,2223,60,0,49,472,2021,34,5,31,0,1,F,3,1948,5,0,1,1,18,2,89,1,8,0,995,0,7,0,03842,1,2,2,4,2,1,2,1,1,1,1,2,0,0,1,1,0,0,9,0,1,4,62,4,1,1,4,J,69,0,0,0,0,0,0,0,0,0,0,110,250,0,1,0,1,3,45,-43,16,289960,998,78,54,0,4,1,2,0,1,4,0,995,1.8,999,999,999,0.7,0.6,1.0,21.42934359,3,8
31617,76,90,1-76-2023-090-04,4,1,2HKYF18617H5,17,474,1864,7,0,37,421,2007,15,3,15,0,1,L,9,2007,5,9999,9,0,998,5,89,1,8,9,998,8,7,9,10603,9,9,2,4,2,1,2,1,3,4,1,2,0,0,1,1,0,0,9,1,6,2,13,99,1,6,2,F,48,0,0,0,0,0,0,0,0,0,0,200,225,0,0,0,1,0,999,999,999,9999999,999,999,999,9,0,95,95,95,95,95,0,995,9.8,998,998,998,99.8,99.8,99.8,64.0169758,3,8
31617,76,90,1-76-2023-090-04,4,2,1C4SJVEJ2NS1,17,483,14871,7,0,2,498,2022,15,3,15,0,1,R,9,2808,5,0,1,3,17,2,89,1,8,9,998,8,7,9,13856,9,9,2,4,2,1,2,1,3,4,1,2,0,0,1,1,0,0,9,0,10,4,64,99,1,1,2,F,48,0,0,0,0,0,0,0,0,0,0,225,200,0,0,0,1,12,999,999,999,9999999,999,999,999,9,0,0,0,0,0,0,0,995,9.8,998,998,998,99.8,99.8,99.8,64.0169758,3,8
31619,10,145,1-10-2023-145-02,2,1,999999999999,99,99999,99999,999,0,99,999,9999,99,10,99,0,1,F,9,,,,,,,5,72,1,9,9,998,8,9,9,99999,9,9,2,4,6,1,2,1,1,1,1,1,0,0,3,1,1,2,9,0,1,2,17,99,1,1,5,L,88,,,,,,,,,,,,,,,,,,,,,,,,,,,95,95,95,95,95,,,9.8,998,998,998,99.8,99.8,99.8,20.03140492,4,8
31619,10,145,1-10-2023-145-02,2,2,KM8JB3AE3PU1,17,498,2058,7,0,55,402,2023,14,3,14,99,1,L,2,1515,5,0,1,1,3,2,72,1,0,1,0,2,0,1,45344,1,2,2,4,5,2,2,1,1,1,3,1,0,0,3,1,1,2,1,0,1,4,66,99,1,1,5,L,89,1,4,2,5,1,2,63,1,1,15,997,997,0,0,0,2,6,999,999,999,9999999,999,999,999,7,0,1,1,0,1,3,3,997,9.8,998,998,998,99.8,99.8,99.8,20.03140492,4,8
31620,31,82,1-31-2023-082-10,10,1,KMHCT4AE1CU2,17,498,2773,13,0,55,36,2012,4,1,2,0,1,F,1,1155,5,0,2,4,29,2,56,1,0,0,995,0,0,0,62844,9,1,2,4,2,1,2,1,3,1,0,4,0,0,3,1,0,0,1,1,6,4,61,2,1,2,4,J,73,0,0,0,0,0,0,0,0,0,0,40,35,0,0,0,1,12,999,999,999,9999999,999,999,999,6,0,0,0,0,0,0,0,995,9.8,998,998,998,99.8,99.8,99.8,190.9257288,6,8
31620,31,82,1-31-2023-082-10,10,2,1J4FY69SXPP2,17,483,1943,7,0,2,403,1993,14,3,14,0,1,L,1,1398,5,0,2,5,20,7,56,1,0,0,995,0,0,0,62827,1,2,2,4,2,1,2,1,3,1,0,4,0,0,3,1,0,0,1,0,11,2,15,1,1,1,4,J,72,0,0,0,0,0,0,0,0,0,0,35,40,0,0,0,1,12,999,999,999,9999999,999,999,999,6,0,0,0,0,0,0,0,995,9.8,998,998,998,99.8,99.8,99.8,190.9257288,6,8
31621,31,83,1-31-2023-083-09,9,1,1FTPF18L12NA,17,460,1801,60,0,12,481,2002,34,5,31,0,1,L,1,1966,5,159,1,5,4,2,89,1,9,9,998,8,9,9,99999,9,9,0,4,2,1,2,1,1,2,1,2,0,0,1,1,0,0,9,1,1,2,10,99,1,2,3,I,64,0,0,0,0,0,0,0,0,0,0,85,270,0,0,0,1,5,999,999,999,9999999,999,999,999,6,0,9,97,0,1,99,0,995,9.8,998,998,998,99.8,99.8,99.8,251.9862351,6,8
31621,31,83,1-31-2023-083-09,9,2,1GC2KXCG9BZ1,17,467,1850,60,0,20,481,2011,34,5,31,0,1,L,9,2847,5,9999,9,0,998,5,89,1,0,0,995,0,0,0,62837,9,9,0,4,2,1,2,1,1,3,1,2,0,0,1,1,0,0,9,1,1,4,62,8,1,2,3,I,65,0,0,0,0,0,0,0,0,0,0,270,85,0,0,0,1,0,999,999,999,9999999,999,999,999,9,0,95,95,95,95,95,0,995,9.8,998,998,998,99.8,99.8,99.8,251.9862351,6,8
31622,31,84,1-31-2023-084-04,4,1,5N1AZ2BS5MC1,17,478,1914,7,0,35,422,2021,15,3,15,0,1,F,1,1787,5,0,2,1,1,2,89,1,8,0,995,0,7,0,62821,1,2,0,4,2,1,2,1,1,1,1,4,0,0,2,1,0,0,3,0,1,6,87,1,1,1,1,C,13,0,0,0,0,0,0,0,0,0,0,998,998,0,0,0,1,10,999,999,999,9999999,999,-13,16,2,0,1,1,0,1,0,0,998,9.8,998,998,998,99.8,99.8,99.8,194.3365105,6,8
31623,14,73,1-14-2023-073-09,9,1,JN1BY1AR0CM3,17,480,2357,13,0,58,38,2012,4,1,4,0,1,F,2,1827,5,9999,9,5,14,2,113,1,8,0,995,0,7,0,99999,9,9,0,2,3,1,2,1,1,9,1,3,2,3,3,1,0,0,9,1,1,3,51,99,1,2,2,D,24,0,0,0,0,0,0,0,0,0,0,60,60,0,0,0,1,5,999,999,999,9999999,999,999,999,7,0,99,99,0,0,99,0,995,9.8,998,998,998,99.8,99.8,99.8,10544.3506,8,8
31623,14,73,1-14-2023-073-09,9,2,1FUJBBCK76LX,17,450,2742,66,0,82,881,2006,66,8,68,0,1,B,9,,,,,,,5,113,1,8,0,995,0,7,0,78239,9,9,0,2,3,1,2,1,1,9,1,3,2,3,3,1,0,0,9,0,1,3,53,99,1,1,2,D,25,,,,,,,,,,,,,,,,,,,,,,,,,,,95,95,95,95,95,,,9.8,998,998,998,99.8,99.8,99.8,10544.3506,8,8
31624,73,136,1-73-2023-136-10,10,1,1FTPW14558FA,17,460,1801,60,0,12,481,2008,34,5,31,0,1,L,1,2158,5,0,1,1,23,2,64,1,8,0,995,0,7,0,04976,9,9,0,4,2,1,2,1,1,1,0,2,0,0,4,1,0,0,3,1,1,2,12,99,1,4,1,B,6,0,0,0,0,0,0,0,0,0,0,998,998,0,0,1,1,8,999,999,999,9999999,999,999,999,6,0,0,0,0,0,0,0,998,0.0,30,30,120,15.0,2.8,15.2,29.66835073,3,8
31625,73,137,1-73-2023-137-08,8,1,2T3BF4DV2BW1,17,448,2217,7,0,49,402,2011,14,3,14,0,1,F,1,1524,5,0,1,1,35,2,999,1,8,0,995,0,7,0,04924,9,9,0,4,2,1,4,8,1,2,0,0,0,0,1,8,0,0,1,1,1,2,13,2,1,4,1,A,1,0,0,0,0,0,0,0,0,0,0,998,998,0,0,0,1,1,17,-17,0,18735,998,11,17,0,4,2,5,0,1,4,0,998,0.0,28,28,42,15.1,3.4,15.4,38.19393659,3,8
31626,73,138,1-73-2023-138-07,7,1,1M1AN4GY0PM0,17,490,20842,66,0,86,881,2023,66,8,67,0,1,F,9,,,,,,,5,40,1,8,0,995,0,7,0,00001,9,9,3,4,2,1,2,1,1,1,1,2,0,0,1,1,0,0,1,1,1,3,50,99,1,4,2,F,48,,,,,,,,,,,,,,,,,,,,,,,,,,,95,95,95,95,95,,,9.8,998,998,998,99.8,99.8,99.8,44.24668488,3,8
31626,73,138,1-73-2023-138-07,7,2,1GNKVGKD2FJ1,17,467,1853,7,0,20,423,2015,15,3,15,0,1,R,1,2197,5,0,1,1,8,2,40,1,8,0,995,0,7,0,04958,9,9,3,4,2,1,2,1,1,1,1,2,0,0,1,1,0,0,1,0,5,3,53,1,1,1,2,F,48,0,0,0,0,0,0,0,0,0,0,155,160,0,0,0,1,5,999,999,999,9999999,999,999,5,1,0,0,0,0,0,0,0,995,9.8,998,998,998,99.8,99.8,99.8,44.24668488,3,8
31629,28,83,1-28-2023-083-10,10,1,JTDKB20U3631,17,448,2209,5,0,49,46,2006,5,1,3,0,1,F,1,1335,5,0,1,1,12,2,56,1,9,8,997,8,0,0,21218,9,9,0,4,2,1,2,1,3,5,1,2,0,0,1,1,0,0,1,1,14,2,13,2,2,4,1,A,1,0,0,0,0,0,0,0,0,0,0,998,998,0,0,0,1,1,21,-20,-7,27215,998,-37,21,0,1,0,0,0,0,0,0,998,0.4,999,999,999,99.9,99.9,99.9,852.1049845,3,8
31630,28,84,1-28-2023-084-06,6,1,KL4CJFSB4GB6,17,468,1842,7,0,18,404,2016,14,3,14,0,1,T,2,1523,5,0,1,1,4,2,89,1,0,0,995,0,0,0,14904,1,2,0,4,2,1,2,2,1,1,1,4,0,0,1,2,0,0,1,1,1,6,87,4,2,4,1,A,3,1,3,2,6,1,4,61,1,1,8,997,997,0,0,0,2,6,999,999,999,9999999,999,999,999,7,0,2,5,0,1,4,3,997,0.8,120,999,-120,65.1,6.6,65.5,112.8800068,3,8