CASEID,PSU,CASENO,CASENUMBER,CATEGORY,VEHNO,VIN,VINLENGTH,VPICMAKE,VPICMODEL,VPICBODYCLASS,ICFINALBODY,MAKE,MODEL,MODELYR,BODYTYPE,BODYCAT,VEHCLASS,SPECUSE,TRANSTAT,DAMPLANE,DAMSEV,CURBWT,CURBSRC,CARGOWT,CARGOSRC,INSPTYPE,INSPLAG,TOWED,SPEEDLIMIT,DRPRESENT,PARALCOHOL,ALCTEST,ALCTESTRESULT,ALCTESTSRC,PARDRUG,DRUGTEST,ZIP,RACE,ETHNICITY,RELTOJUNCT,TRAFFLOW,RDLANES,INITLANE,SURFTYPE,SURFCOND,ALIGNMENT,PROFILE,LINERIGHT,LINELEFT,RUMBINIT,RUMBROAD,LIGHTCOND,WEATHER,TRAFDEV,TRAFFUNCT,DISTRACT,PREFHE,PREMOVE,CRITCAT,CRITEVENT,MANEUVER,PRESTAB,PRELOC,CRASHCAT,CRASHCONF,CRASHTYPE,ROLLTYPE,ROLLTURN,ROLLINTRPT,ROLLPREMAN,ROLLINITYP,ROLLINLOC,ROLLOBJ,ROLLTRIP,ROLLDIR,ROLLDIST,DVANGTHIS,DVANGOTH,TOWHITCH,TRAJDOC,TREEPOLE,DVEVENT,DVBASIS,DVTOTAL,DVLONG,DVLAT,DVENERGY,DVSPEED,DVMOMENT,DVBES,DVEST,DVCONF,VAIS,VISS,VINJSEV,VINJURED,VTREAT,INITOBJCLASS,HEADANGLECAT,SHLDRWIDTH,STRKLENGTH,STRKWIDTH,STRKHEIGHT,EDGEDISTX,EDGEDISTY,EDGEDISTZ,CASEWGT,PSUSTRAT,VERSION
31658,11,71,1-11-2023-071-06,6,3,2T1BU4EE8DC0,17,448,2208,13,0,49,32,2013,4,1,2,0,1,B,9,1260,5,9999,9,0,998,3,72,1,0,0,995,0,0,0,23230,9,9,2,1,6,5,2,1,1,9,1,1,0,0,2,1,1,2,1,0,5,3,50,99,1,1,6,M,98,0,0,0,0,0,0,0,0,0,0,80,80,0,0,0,2,0,999,999,999,9999999,999,999,999,9,0,99,99,0,0,99,0,995,9.8,998,998,998,99.8,99.8,99.8,1278.777043,8,8
31660,77,93,1-77-2023-093-01,1,1,3N1CE2CP8HL3,17,478,1898,5,0,35,50,2017,5,1,2,0,1,F,3,1114,5,113,1,1,10,2,89,1,9,1,152,4,0,1,23223,1,2,0,4,3,1,2,2,2,4,1,2,1,1,2,2,6,2,9,1,14,2,10,99,1,2,3,G,50,0,0,0,0,0,0,0,0,0,0,90,290,0,0,0,1,1,75,-74,13,451790,998,9,95,0,2,3,11,1,1,1,0,995,9.8,998,998,998,99.8,99.8,99.8,74.27805476,9,8
31660,77,93,1-77-2023-093-01,1,2,5TFLA5DB9NX0,17,448,2467,60,0,49,482,2022,34,5,31,0,1,F,2,2445,5,0,1,1,10,2,89,1,0,0,995,0,0,0,29227,9,9,0,4,3,1,2,2,3,2,1,3,0,0,2,2,6,2,1,0,14,4,62,4,1,1,3,G,51,0,0,0,0,0,0,0,0,0,0,290,90,0,0,0,1,1,39,-34,19,22645,998,95,13,0,1,99,99,0,0,99,0,995,9.8,998,998,998,99.8,99.8,99.8,74.27805476,9,8
31661,77,94,1-77-2023-094-03,3,1,ZACNJDD10PPP,17,483,6160,7,0,2,408,2023,14,3,14,0,1,F,2,1447,5,0,1,1,8,2,72,1,0,0,995,0,0,0,22902,1,2,0,4,2,1,2,2,3,2,1,2,1,0,1,98,6,2,1,1,14,2,13,2,1,4,1,A,1,0,0,0,0,0,0,0,0,0,0,998,998,0,0,1,2,12,999,999,999,9999999,999,999,999,7,0,1,1,0,1,4,0,998,0.6,5,5,60,23.8,2.3,24.0,252.5205317,9,8
31663,18,78,1-18-2023-078-05,5,1,1YVHZ8CH0A5M,17,473,2078,13,0,41,50,2010,4,1,4,0,1,L,1,1486,5,0,1,1,16,2,56,1,0,0,995,0,0,0,54729,1,9,2,4,2,1,2,1,1,1,0,0,0,0,1,1,2,2,1,0,11,4,66,1,1,1,4,K,82,0,0,0,0,0,0,0,0,0,0,305,90,0,0,0,1,1,22,-19,11,33707,998,-66,21,0,1,9,97,0,1,99,0,995,9.8,998,998,998,99.8,99.8,99.8,48.57231166,6,8
31663,18,78,1-18-2023-078-05,5,2,2GNAXSEV2J62,17,467,1847,7,0,20,404,2018,14,3,14,0,1,F,1,1580,5,0,1,1,14,2,56,1,0,0,995,0,0,0,54729,1,9,2,4,2,1,2,1,1,1,0,0,0,0,1,1,0,0,1,0,1,4,67,2,1,1,4,K,83,0,0,0,0,0,0,0,0,0,0,90,305,0,0,0,1,1,20,-20,-4,36939,998,-77,21,0,1,1,2,0,1,4,0,995,9.8,998,998,998,99.8,99.8,99.8,48.57231166,6,8
31664,18,79,1-18-2023-079-04,4,1,KL4CJASB9KB7,17,468,1842,7,0,18,404,2019,14,3,14,0,1,F,1,1468,5,0,1,1,8,2,89,1,0,0,995,0,0,0,54757,1,9,0,4,2,1,2,2,1,1,1,4,0,0,2,2,0,0,1,1,1,1,6,99,2,4,1,A,2,0,0,0,0,0,0,0,0,0,0,998,998,0,0,0,1,10,999,999,999,9999999,999,24,12,2,0,0,0,0,0,0,0,998,1.7,120,28,81,0.0,0.0,0.0,502.7557577,6,8
31665,54,77,1-54-2023-077-02,2,1,1C6RD7LT3CS3,17,476,1938,60,0,7,482,2012,34,5,31,0,1,F,1,2404,5,0,1,1,8,2,64,1,0,0,995,0,0,0,35654,1,9,0,4,2,1,2,1,2,4,0,2,0,0,1,1,0,0,9,1,14,2,10,99,1,2,3,I,64,0,0,0,0,0,0,0,0,0,0,45,245,0,1,0,1,3,11,-11,2,9592,998,44,10,0,4,0,0,0,0,0,0,995,9.8,998,998,998,99.8,99.8,99.8,139.4631131,9,8
31665,54,77,1-54-2023-077-02,2,2,1N4BL4CV3NN3,17,478,1904,13,0,35,47,2022,4,1,4,0,1,L,1,1558,5,0,1,1,7,2,64,1,0,0,995,0,0,0,35581,1,9,0,4,2,1,2,1,3,2,0,2,0,0,1,1,0,0,9,0,14,4,62,99,1,1,3,I,65,0,0,0,0,0,0,0,0,0,0,245,45,0,1,0,1,3,16,-14,8,24182,998,-89,17,0,4,2,5,0,1,4,0,995,9.8,998,998,998,99.8,99.8,99.8,139.4631131,9,8
31666,48,91,1-48-2023-091-04,4,1,1FTEW1EPXNFA,17,460,1801,60,0,12,481,2022,34,5,30,0,1,F,1,2134,5,0,1,1,9,2,129,1,0,0,995,0,0,0,93458,9,9,0,1,2,1,1,1,1,2,1,3,2,3,2,1,0,0,1,0,1,6,87,7,1,1,1,C,13,0,0,0,0,0,0,0,0,0,0,998,998,0,0,0,1,98,999,999,999,9999999,999,999,999,6,0,0,0,0,0,0,0,998,9.8,998,998,998,99.8,99.8,99.8,211.7175247,12,8
31667,48,92,1-48-2023-092-03,3,1,WA1CFAFP7BA0,17,582,3862,7,0,32,402,2011,14,3,14,0,1,F,1,1895,5,0,1,1,5,2,105,1,0,0,995,0,7,0,84340,9,9,0,2,2,2,2,1,1,9,3,2,1,3,1,1,0,0,9,0,1,3,52,2,1,1,2,D,28,0,0,0,0,0,0,0,0,0,0,230,250,0,0,0,1,1,23,-23,-4,63467,998,-6,29,0,4,0,0,0,0,0,0,995,2.4,999,999,999,99.9,99.9,99.9,74.78725036,12,8
31667,48,92,1-48-2023-092-03,3,2,KM8R5DGE2PU5,17,498,25847,7,0,55,422,2023,15,3,15,0,1,B,1,1957,5,0,1,1,5,2,105,1,0,0,995,0,0,0,84335,9,9,0,2,2,2,2,1,1,9,3,2,1,3,1,1,0,0,1,0,2,3,53,4,1,1,2,D,29,1,1,2,5,6,4,48,3,2,6,250,230,0,0,0,1,1,21,21,-4,18132,998,47,14,0,4,9,97,0,4,0,3,995,3.4,999,999,999,99.9,99.9,99.9,74.78725036,12,8
31667,48,92,1-48-2023-092-03,3,3,1G4GJ5E36CF2,17,468,1821,13,0,18,22,2012,4,1,4,0,1,B,9,1785,5,9999,9,4,5,5,105,1,0,0,995,0,0,0,68701,9,9,0,2,2,2,2,1,1,9,3,2,1,3,1,1,0,0,1,0,1,2,18,3,1,1,6,M,98,0,0,0,0,0,0,0,0,0,0,230,240,0,0,0,5,12,999,999,999,9999999,999,999,999,9,0,95,95,95,95,95,0,995,9.8,998,998,998,99.8,99.8,99.8,74.78725036,12,8
31669,59,121,1-59-2023-121-06,6,1,JN8AZ1MW3EW5,17,478,1914,8,0,35,49,2014,6,1,4,0,1,L,3,1891,5,0,1,1,10,2,89,1,0,1,0,2,0,0,47802,1,9,2,1,2,1,2,1,1,1,1,3,0,0,1,1,0,0,2,1,11,2,15,99,1,2,4,J,72,1,2,2,5,7,1,2,2,1,3,205,235,0,0,0,1,12,999,999,999,9999999,999,999,999,8,0,1,1,0,1,4,1,995,9.8,998,998,998,99.8,99.8,99.8,258.7353999,6,8
31669,59,121,1-59-2023-121-06,6,2,1FAFP36N15W2,17,460,1779,15,0,12,37,2005,6,1,2,0,1,F,9,1235,5,9999,9,0,998,2,89,1,0,0,995,0,0,0,47885,9,9,2,1,2,2,2,1,1,1,2,3,0,0,1,1,0,0,9,0,1,4,61,99,1,1,4,J,73,0,0,0,0,0,0,0,0,0,0,235,205,0,0,0,1,0,999,999,999,9999999,999,999,999,9,0,0,0,0,0,0,0,995,9.8,998,998,998,99.8,99.8,99.8,258.7353999,6,8
31670,59,122,1-59-2023-122-07,7,1,2G1WT58K1793,17,467,1833,13,0,20,2,2007,4,1,4,0,1,F,2,1630,5,0,1,1,8,2,105,1,0,0,995,0,0,0,46227,1,9,0,2,2,1,2,1,1,1,1,3,2,3,1,1,0,0,1,0,1,3,52,99,1,1,2,D,28,0,0,0,0,0,0,0,0,0,0,90,90,0,0,0,1,3,27,-27,0,61380,998,0,31,0,4,1,2,0,1,4,0,995,9.8,998,998,998,99.8,99.8,99.8,751.2636632,6,8
31670,59,122,1-59-2023-122-07,7,2,5XYKT3A65FG6,17,499,2769,7,0,63,402,2015,14,3,14,0,1,B,1,1722,5,9999,9,4,17,2,105,1,0,0,995,0,0,0,47803,9,9,0,2,2,1,2,1,1,1,1,3,2,3,1,1,0,0,1,0,2,2,18,5,1,1,2,D,29,0,0,0,0,0,0,0,0,0,0,90,90,0,0,0,1,3,24,24,0,30367,998,0,20,0,4,99,99,0,0,99,0,995,9.8,998,998,998,99.8,99.8,99.8,751.2636632,6,8
31672,33,60,1-33-2023-060-02,2,1,1G1ZD5STXLF0,17,467,1834,13,0,20,37,2020,4,1,4,0,1,F,2,1418,5,0,1,1,13,2,89,1,0,1,0,2,0,2,95965,1,9,0,4,2,1,2,1,2,1,0,2,0,0,1,1,0,0,9,1,14,2,13,99,1,4,1,A,5,0,0,0,0,0,0,0,0,0,0,998,998,0,1,1,2,7,999,999,999,9999999,999,999,999,7,0,3,10,1,2,3,0,998,0.0,72,39,35,8.6,5.4,10.4,61.11458692,12,8
31673,77,96,1-77-2023-096-03,3,1,2HGFC2E80LH5,17,474,1863,13,0,37,31,2020,4,1,3,0,1,F,2,1312,5,0,1,1,9,2,72,1,0,0,995,0,0,0,22903,9,9,0,4,2,1,2,1,1,1,1,2,1,0,1,1,6,2,3,1,1,2,13,3,1,4,1,A,1,1,2,2,2,1,4,61,1,1,13,998,998,0,0,0,1,1,26,-26,0,43044,998,-64,26,0,4,9,97,0,1,99,3,998,1.0,120,40,80,45.4,1.4,45.6,252.5205317,9,8
31674,66,75,1-66-2023-075-10,10,1,1ZVHT80NX951,17,460,1781,3,0,12,3,2009,2,1,3,0,1,R,1,1516,5,0,1,1,30,2,89,1,0,0,995,0,7,0,65712,2,2,0,4,2,1,2,2,1,1,0,4,0,0,2,8,0,0,1,1,1,2,13,99,4,4,1,A,1,0,0,0,0,0,0,0,0,0,0,998,998,0,0,0,1,10,999,999,999,9999999,999,214,4,1,0,0,0,0,0,0,0,998,0.0,120,7,120,28.9,7.1,30.1,112.3254186,6,8
31675,66,76,1-66-2023-076-10,10,1,2GTEK13M4811,17,472,1857,60,0,23,481,2008,34,5,31,0,1,F,1,2416,5,0,1,1,14,2,89,1,8,9,998,8,7,9,65605,9,9,0,4,2,1,2,2,1,4,1,4,0,0,1,2,0,0,9,1,1,1,5,2,2,4,1,B,7,0,0,0,0,0,0,0,0,0,0,998,998,0,1,0,1,1,15,-15,0,21218,998,0,15,0,4,0,0,0,0,0,0,998,0.0,120,120,-100,8.3,4.5,9.5,112.3254186,6,8
31676,12,93,1-12-2023-093-03,3,1,KL4CJASM1NB5,17,468,1842,7,0,18,404,2022,14,3,14,0,1,R,1,1468,5,0,1,1,17,2,40,1,0,0,995,0,0,0,73098,1,2,3,4,2,1,2,1,1,1,0,0,0,0,1,1,2,2,1,0,1,2,17,1,1,1,5,L,87,1,1,2,5,1,1,61,1,2,10,5,265,0,0,0,1,1,22,-8,-21,11044,998,71,12,0,1,1,1,0,1,4,3,995,9.8,998,998,998,99.8,99.8,99.8,249.060117,9,8
31676,12,93,1-12-2023-093-03,3,2,5NPE34AF1KH7,17,498,2459,13,0,55,33,2019,4,1,4,0,1,F,1,1572,5,0,1,1,17,2,48,1,0,0,995,0,0,0,73401,1,2,3,4,4,1,2,1,1,1,0,3,0,0,1,1,0,0,1,0,1,4,66,1,1,1,5,L,86,0,0,0,0,0,0,0,0,0,0,265,5,0,0,0,1,1,20,-20,4,55738,998,44,28,0,1,1,3,0,1,4,0,995,9.8,998,998,998,99.8,99.8,99.8,249.060117,9,8
31677,12,94,1-12-2023-094-03,3,1,JTNJJXB0XCJ0,17,448,10241,5,0,67,34,2012,3,1,1,0,1,L,3,960,5,0,1,1,16,2,56,1,0,0,995,0,0,0,73401,9,9,2,4,2,1,2,2,2,1,0,2,0,0,1,2,2,2,1,0,11,2,15,2,1,1,4,K,82,0,0,0,0,0,0,0,0,0,0,190,280,0,0,0,1,1,40,-7,40,39586,998,5,31,0,1,0,0,0,0,0,0,995,3.4,9,9,120,0.7,5.3,5.2,249.060117,9,8
31677,12,94,1-12-2023-094-03,3,2,1G1FB1RS9L01,17,467,1829,3,0,20,9,2020,2,1,4,0,1,F,2,1564,5,0,1,1,14,2,89,1,0,0,995,0,0,0,73401,1,2,2,1,2,1,2,2,1,1,1,3,0,0,1,2,0,0,1,0,1,4,67,2,1,1,4,K,83,0,0,0,0,0,0,0,0,0,0,280,190,0,0,0,1,1,26,-25,-4,70740,998,-37,32,0,1,1,1,0,1,4,0,995,9.8,998,998,998,99.8,99.8,99.8,249.060117,9,8
31679,12,95,1-12-2023-095-06,6,1,1N4AL2AP6BC1,17,478,1904,13,0,35,47,2011,4,1,4,0,1,L,1,1437,5,0,1,1,7,2,56,1,0,0,995,0,0,0,73401,9,9,2,4,4,2,1,1,1,1,1,2,0,0,1,1,2,2,9,0,11,2,15,99,1,1,4,K,82,0,0,0,0,0,0,0,0,0,0,155,275,0,0,0,1,1,19,-12,15,40317,998,-154,18,0,1,0,0,0,0,0,0,995,9.8,998,998,998,99.8,99.8,99.8,835.6032917,9,8
31679,12,95,1-12-2023-095-06,6,2,1G1PA5SH3E73,17,467,1832,13,0,20,25,2014,4,1,3,0,1,F,1,1407,5,0,1,1,7,2,56,1,0,0,995,0,0,0,73438,1,2,2,1,2,2,1,1,1,1,3,2,0,0,1,1,0,0,9,0,1,4,67,2,1,1,4,K,83,0,0,0,0,0,0,0,0,0,0,275,155,0,0,0,1,1,20,-19,-3,33301,998,-69,22,0,1,1,1,0,1,4,0,995,9.8,998,998,998,99.8,99.8,99.8,835.6032917,9,8
31680,19,117,1-19-2023-117-03,3,1,1N4BL4DV8MN4,17,478,1904,13,0,35,47,2021,4,1,4,0,1,F,2,1545,5,0,1,1,4,2,89,1,0,0,995,0,0,0,35906,2,2,0,4,2,1,2,1,1,1,1,4,2,3,1,1,0,0,3,1,1,2,10,1,1,2,3,G,50,0,0,0,0,0,0,0,0,0,0,20,200,0,0,0,1,1,32,-32,0,12985,998,-39,14,0,4,1,1,0,1,4,0,995,3.6,999,999,999,99.9,99.9,99.9,131.3110508,9,8
31680,19,117,1-19-2023-117-03,3,2,4JGBF7BE9CA8,17,449,2130,7,0,42,421,2012,15,3,15,0,1,F,1,2465,5,0,1,1,5,2,89,1,0,0,995,0,0,0,35016,1,2,0,4,2,1,2,1,1,1,1,4,2,3,1,1,0,0,1,0,1,4,62,1,1,1,3,G,51,0,0,0,0,0,0,0,0,0,0,200,20,0,1,0,1,1,20,-20,0,96209,998,0,31,0,4,1,1,0,1,6,0,995,9.8,998,998,998,99.8,99.8,99.8,131.3110508,9,8
31680,19,117,1-19-2023-117-03,3,3,2T2ZK1BA7FC1,17,515,2214,7,0,59,403,2015,14,3,14,0,1,L,9,1970,5,9999,9,0,998,2,89,1,0,0,995,0,0,0,35096,2,9,0,4,2,1,2,1,1,1,1,4,2,3,1,1,0,0,9,0,1,4,62,99,1,1,6,M,98,0,0,0,0,0,0,0,0,0,0,999,999,0,1,0,2,0,999,999,999,9999999,999,999,999,9,0,9,97,0,1,99,0,995,9.8,998,998,998,99.8,99.8,99.8,131.3110508,9,8
31680,19,117,1-19-2023-117-03,3,4,1FTRW12W37KC,17,460,1801,60,0,12,481,2007,34,5,31,0,1,L,9,2363,5,9999,9,0,998,5,89,1,0,0,995,0,0,0,35907,9,9,0,4,2,1,2,1,1,1,1,4,2,3,1,1,0,0,9,1,1,4,60,99,1,2,6,M,98,0,0,0,0,0,0,0,0,0,0,999,999,0,0,0,4,0,999,999,999,9999999,999,999,999,9,0,95,95,95,95,95,0,995,9.8,998,998,998,99.8,99.8,99.8,131.3110508,9,8
31681,19,118,1-19-2023-118-07,7,1,1N4AL3AP0FN3,17,478,1904,13,0,35,47,2015,4,1,4,0,1,F,1,1416,5,0,1,1,4,2,105,1,0,0,995,0,0,0,35903,2,9,0,1,2,1,2,1,2,1,1,3,2,3,2,1,0,0,9,0,14,6,90,1,1,1,1,C,12,0,0,0,0,0,0,0,0,0,0,998,998,0,0,0,1,10,999,999,999,9999999,999,42,13,2,0,0,0,0,0,0,0,998,9.8,998,998,998,99.8,99.8,99.8,1351.272534,9,8
31682,17,140,1-17-2023-140-07,7,1,VNKJTUD37FA0,17,448,2464,5,0,49,51,2015,3,1,1,0,1,F,2,1030,5,0,1,1,3,2,48,1,0,0,995,0,0,0,61201,1,9,2,4,2,1,2,1,1,4,0,4,0,0,2,1,0,0,9,1,1,2,13,99,1,4,1,C,11,0,0,0,0,0,0,0,0,0,0,345,345,0,0,0,1,3,26,-26,0,27747,998,6,25,0,4,0,0,0,0,0,0,995,9.8,998,998,998,99.8,99.8,99.8,409.8022533,4,8
31682,17,140,1-17-2023-140-07,7,2,1FMCU0J91GUB,17,460,1798,7,0,12,402,2016,14,3,14,0,2,B,1,1635,5,9999,9,0,998,,,,,,,,,,,,,,,,,,,,,,,,,,,,,,,,,,,,,,,,,,,,,,,,,,,,,,,,,,,,,,,,,,95,95,95,95,95,,,,,,,,,,409.8022533,4,8
31683,17,141,1-17-2023-141-04,4,1,1HGCR3F82DA0,17,474,1861,13,0,37,32,2013,4,1,4,0,1,R,1,1615,5,0,1,1,9,2,72,1,0,0,995,0,0,0,61254,1,2,2,4,2,1,2,1,1,1,1,4,0,0,1,1,0,0,1,0,1,4,67,3,1,1,4,K,83,0,0,0,0,0,0,0,0,0,0,70,350,0,0,0,1,1,15,-8,-13,12115,998,-49,13,0,4,1,1,0,1,5,0,995,9.8,998,998,998,99.8,99.8,99.8,143.6866773,4,8
31683,17,141,1-17-2023-141-04,4,2,3TYCZ5AN6PT1,17,448,2223,60,0,49,472,2023,34,5,30,0,1,F,1,2007,5,0,1,1,9,2,72,1,0,0,995,0,0,0,61275,1,2,2,4,2,1,2,1,1,1,1,4,0,0,1,1,2,2,2,0,11,2,15,4,1,1,4,K,82,0,0,0,0,0,0,0,0,0,0,350,70,0,0,0,1,1,13,-10,8,23634,998,109,14,0,4,0,0,0,0,0,0,995,9.8,998,998,998,99.8,99.8,99.8,143.6866773,4,8
31684,17,142,1-17-2023-142-07,7,1,1G4HP52K54U2,17,468,8842,13,0,18,2,2004,4,1,4,0,1,F,1,1618,5,9999,9,0,998,2,48,1,0,0,995,0,0,0,61275,1,9,2,1,3,2,1,1,2,1,1,3,0,0,3,1,1,2,9,0,14,2,17,99,1,1,4,J,69,0,0,0,0,0,0,0,0,0,0,130,290,0,0,0,1,3,11,-11,-4,6569,998,-81,9,0,4,0,0,0,0,0,0,995,9.8,998,998,998,99.8,99.8,99.8,409.8022533,4,8
31684,17,142,1-17-2023-142-07,7,2,1GNKRFED9HJ2,17,467,1853,7,0,20,423,2017,15,3,15,0,1,R,1,2107,5,0,1,1,12,2,48,1,0,0,995,0,0,0,61265,1,1,2,1,3,3,1,1,1,1,1,2,0,0,3,1,1,2,1,0,11,2,15,2,1,1,4,J,68,0,0,0,0,0,0,0,0,0,0,290,130,0,0,0,1,3,9,-7,-6,10664,998,17,11,0,4,0,0,0,0,0,0,995,9.8,998,998,998,99.8,99.8,99.8,409.8022533,4,8
31685,17,143,1-17-2023-143-10,10,1,2CNDL73F0561,17,467,1847,7,0,20,404,2005,14,3,14,0,1,F,1,1660,5,9999,9,0,998,5,48,1,0,0,995,0,0,0,52804,9,9,2,4,3,2,2,1,1,1,1,2,0,0,3,1,1,2,9,0,11,2,15,99,1,1,4,K,76,0,0,0,0,0,0,0,0,0,0,145,65,0,0,0,1,3,4,-3,-2,873,998,-149,3,0,4,95,95,95,95,95,0,995,9.8,998,998,998,99.8,99.8,99.8,1322.955909,4,8
31685,17,143,1-17-2023-143-10,10,2,1GNKRGED7BJ1,17,467,1853,7,0,20,24,2011,6,1,5,0,1,L,1,2141,5,0,1,1,35,2,48,1,0,0,995,0,0,0,61201,2,9,2,3,2,2,2,1,1,1,3,0,0,0,3,1,1,2,9,0,1,4,65,99,1,1,4,K,77,0,0,0,0,0,0,0,0,0,0,65,145,0,0,0,1,3,3,-1,2,2009,998,-165,3,0,4,0,0,0,0,0,0,995,0.0,999,999,999,2.1,0.7,2.2,1322.955909,4,8
31686,30,124,1-30-2023-124-05,5,1,5FNYF28426B0,17,474,1864,7,0,37,421,2006,15,3,15,0,1,R,2,1969,5,9999,9,0,998,2,72,1,0,0,995,0,0,0,85354,9,9,2,4,2,1,2,1,1,1,1,2,0,0,2,1,2,2,9,0,1,2,17,99,1,1,5,L,87,0,0,0,0,0,0,0,0,0,0,265,175,0,0,0,1,3,35,-18,-31,155837,998,-69,40,0,4,1,1,0,1,8,0,995,9.8,998,998,998,99.8,99.8,99.8,85.96238904,10,8
31686,30,124,1-30-2023-124-05,5,2,5FNRL5H28GB1,17,474,1869,2,0,37,441,2016,20,4,20,0,1,F,2,1996,5,0,1,1,30,2,89,1,0,0,995,0,0,0,85350,9,9,2,4,4,2,2,1,1,1,1,1,0,0,2,1,0,0,9,0,1,4,66,2,1,1,5,L,86,0,0,0,0,0,0,0,0,0,0,175,265,0,0,0,1,3,34,-29,17,92758,998,90,29,0,4,9,97,0,1,8,0,995,1.6,27,27,120,13.5,14.1,4.4,85.96238904,10,8
31688,11,72,1-11-2023-072-04,4,1,3N1AB8CV5PY2,17,478,1907,13,0,35,43,2023,4,1,3,0,1,L,1,1385,5,0,1,1,37,2,97,1,0,0,995,0,0,0,23229,9,9,0,2,3,3,2,2,1,9,3,2,0,0,2,2,0,0,1,1,1,1,5,4,2,4,1,A,2,0,0,0,0,0,0,0,0,0,0,998,998,0,0,0,3,12,999,999,999,9999999,999,999,999,6,0,0,0,0,0,0,0,998,3.8,120,999,999,0.0,0.0,0.0,1416.629178,8,8
31689,11,73,1-11-2023-073-03,3,1,3N1AB8BV0LY2,17,478,1907,13,0,35,43,2020,4,1,3,0,1,F,2,1385,5,0,1,1,36,2,72,1,0,0,995,0,0,0,23836,9,9,2,1,4,3,2,1,1,9,1,1,0,0,1,1,1,2,1,0,1,2,17,4,1,1,5,L,86,0,0,0,0,0,0,0,0,0,0,250,340,0,0,0,1,3,38,-36,13,53470,998,64,28,0,4,99,99,0,0,99,0,995,9.8,998,998,998,99.8,99.8,99.8,340.5733788,8,8
31689,11,73,1-11-2023-073-03,3,2,JN1BJ1CRXHW1,17,478,17214,5,0,35,51,2017,6,1,3,0,1,R,2,1610,5,0,1,4,40,2,72,1,0,0,995,0,0,0,23112,1,2,2,4,4,2,2,1,1,9,1,1,0,0,1,1,1,2,1,0,1,4,66,99,1,1,5,L,87,0,0,0,0,0,0,0,0,0,0,340,250,0,0,0,1,3,33,-11,-31,124048,998,49,41,0,4,1,1,0,1,4,0,995,9.8,998,998,998,99.8,99.8,99.8,340.5733788,8,8
31690,24,94,1-24-2023-094-09,9,1,1HGCP36859A0,17,474,1861,13,0,37,32,2009,4,1,4,0,1,F,2,1621,5,0,1,1,16,2,40,1,0,0,995,0,0,0,08610,9,9,2,3,2,2,2,2,1,1,0,3,0,0,1,2,1,2,9,0,1,2,17,99,1,1,5,L,88,0,0,0,0,0,0,0,0,0,0,145,50,0,0,0,1,12,999,999,999,9999999,999,999,999,7,0,0,0,0,0,0,0,995,9.8,998,998,998,99.8,99.8,99.8,1154.405235,1,8
31690,24,94,1-24-2023-094-09,9,2,1FAHP3F27CL1,17,460,1779,13,0,12,37,2012,4,1,3,0,1,L,2,1340,5,0,1,1,11,2,40,1,0,0,995,0,0,0,08401,9,1,2,4,2,1,2,2,1,1,0,3,0,0,1,2,1,2,3,0,1,4,66,4,1,1,5,L,89,0,0,0,0,0,0,0,0,0,0,50,145,0,0,0,1,12,999,999,999,9999999,999,999,999,7,0,1,1,0,1,4,0,995,9.8,998,998,998,99.8,99.8,99.8,1154.405235,1,8
31691,24,95,1-24-2023-095-04,4,1,5XYK33AF5PG1,17,499,2770,7,0,63,401,2023,14,3,14,0,1,F,1,1530,5,0,1,1,17,2,80,1,0,0,995,0,0,0,08089,2,2,2,4,4,2,2,2,1,1,1,2,0,0,1,1,1,2,9,1,1,3,50,99,1,2,2,F,48,0,0,0,0,0,0,0,0,0,0,170,140,0,0,0,1,1,24,-24,-4,50425,998,-61,26,0,1,1,1,0,1,4,0,995,9.8,998,998,998,99.8,99.8,99.8,712.698613,1,8
31691,24,95,1-24-2023-095-04,4,2,1D8GP45363B1,17,476,1942,9,0,7,442,2003,20,4,20,0,1,L,1,1881,5,0,1,1,8,2,80,1,0,1,0,2,0,1,08094,1,2,2,4,4,2,2,1,1,1,1,2,0,0,1,1,1,2,1,0,5,4,60,1,1,1,2,F,48,0,0,0,0,0,0,0,0,0,0,140,170,0,0,0,1,1,19,15,12,22468,998,2,17,0,1,9,97,0,1,4,0,995,9.8,998,998,998,99.8,99.8,99.8,712.698613,1,8
31692,14,75,1-14-2023-075-04,4,1,3GYFNBE35CS5,17,469,1844,7,0,19,20,2012,6,1,4,0,1,F,2,1907,5,0,1,1,14,2,89,1,8,0,995,0,7,0,78130,1,9,2,1,2,1,2,1,1,1,1,3,0,0,1,1,1,2,9,0,1,3,52,2,1,1,2,D,28,0,0,0,0,0,0,0,0,0,0,230,230,0,0,0,1,1,35,-35,0,50117,998,0,26,0,1,0,0,0,0,0,0,995,9.8,998,998,998,99.8,99.8,99.8,3234.118839,8,8
31692,14,75,1-14-2023-075-04,4,2,5FNRL6H57KB1,17,474,1869,2,0,37,441,2019,20,4,20,0,1,B,2,2004,5,0,1,1,11,2,89,1,8,0,995,0,7,0,78130,1,9,2,1,2,1,2,1,1,1,1,3,0,0,1,1,1,2,9,0,2,3,53,1,1,1,2,D,29,0,0,0,0,0,0,0,0,0,0,230,230,0,0,0,1,1,33,33,0,133462,998,19,40,0,1,0,0,0,0,0,0,995,9.8,998,998,998,99.8,99.8,99.8,3234.118839,8,8
31693,14,76,1-14-2023-076-03,3,1,1G1ZD5ST5LF0,17,467,1834,13,0,20,37,2020,4,1,4,0,1,F,1,1418,5,0,1,1,15,2,89,1,8,0,995,0,7,0,78133,1,1,0,4,2,1,2,1,2,1,1,2,0,0,1,1,0,0,9,1,14,2,10,1,1,2,3,I,64,0,0,0,0,0,0,0,0,0,0,210,30,0,1,0,1,3,16,-14,8,13414,998,43,15,0,4,1,1,0,1,5,0,995,9.8,998,998,998,99.8,99.8,99.8,898.1182074,8,8