CASEID,PSU,CASENO,CASENUMBER,CATEGORY,VEHNO,VIN,VINLENGTH,VPICMAKE,VPICMODEL,VPICBODYCLASS,ICFINALBODY,MAKE,MODEL,MODELYR,BODYTYPE,BODYCAT,VEHCLASS,SPECUSE,TRANSTAT,DAMPLANE,DAMSEV,CURBWT,CURBSRC,CARGOWT,CARGOSRC,INSPTYPE,INSPLAG,TOWED,SPEEDLIMIT,DRPRESENT,PARALCOHOL,ALCTEST,ALCTESTRESULT,ALCTESTSRC,PARDRUG,DRUGTEST,ZIP,RACE,ETHNICITY,RELTOJUNCT,TRAFFLOW,RDLANES,INITLANE,SURFTYPE,SURFCOND,ALIGNMENT,PROFILE,LINERIGHT,LINELEFT,RUMBINIT,RUMBROAD,LIGHTCOND,WEATHER,TRAFDEV,TRAFFUNCT,DISTRACT,PREFHE,PREMOVE,CRITCAT,CRITEVENT,MANEUVER,PRESTAB,PRELOC,CRASHCAT,CRASHCONF,CRASHTYPE,ROLLTYPE,ROLLTURN,ROLLINTRPT,ROLLPREMAN,ROLLINITYP,ROLLINLOC,ROLLOBJ,ROLLTRIP,ROLLDIR,ROLLDIST,DVANGTHIS,DVANGOTH,TOWHITCH,TRAJDOC,TREEPOLE,DVEVENT,DVBASIS,DVTOTAL,DVLONG,DVLAT,DVENERGY,DVSPEED,DVMOMENT,DVBES,DVEST,DVCONF,VAIS,VISS,VINJSEV,VINJURED,VTREAT,INITOBJCLASS,HEADANGLECAT,SHLDRWIDTH,STRKLENGTH,STRKWIDTH,STRKHEIGHT,EDGEDISTX,EDGEDISTY,EDGEDISTZ,CASEWGT,PSUSTRAT,VERSION
31881,66,82,1-66-2023-082-06,6,2,1G1ND52F54M6,17,467,17528,13,0,20,37,2004,4,1,3,0,1,R,3,1495,5,0,1,1,27,2,97,1,0,0,995,0,0,0,65605,9,9,0,4,2,1,2,2,1,1,1,4,3,3,1,1,0,0,9,1,1,1,6,99,4,2,3,I,64,0,0,0,0,0,0,0,0,0,0,350,240,0,0,0,1,1,86,-55,-66,557410,998,18,95,0,4,9,97,0,1,8,0,995,9.8,998,998,998,99.8,99.8,99.8,236.8937309,6,8
31882,30,129,1-30-2023-129-05,5,1,1N4AL3AP2FN3,17,478,1904,13,0,35,47,2015,4,1,4,0,1,F,2,1416,5,0,1,4,78,2,72,1,0,1,0,2,0,1,85029,9,9,2,4,3,1,2,1,1,1,1,2,0,0,1,1,1,2,9,1,1,2,12,1,2,4,1,B,6,0,0,0,0,0,0,0,0,0,0,998,998,0,0,1,1,98,999,999,999,9999999,999,999,999,7,0,3,17,1,1,3,0,998,0.5,21,21,50,9.2,1.6,9.4,55.2939157,10,8
31885,11,75,1-11-2023-075-01,1,1,JM1DE1HZ1B01,17,473,2153,5,0,41,55,2011,5,1,1,0,1,F,9,1043,5,9999,9,0,998,2,64,1,9,1,153,3,9,1,23236,1,9,0,4,2,1,2,1,1,3,1,2,0,0,2,98,0,0,9,1,1,2,13,99,1,4,1,A,1,0,0,0,0,0,0,0,0,0,0,998,998,0,0,1,1,0,999,999,999,9999999,999,999,999,9,0,6,75,1,1,1,0,998,0.2,54,54,35,9.3,2.1,9.5,181.0506566,8,8
31886,11,76,1-11-2023-076-05,5,1,JN8AS5MT7EW6,17,478,18137,8,0,35,51,2014,6,1,3,0,1,T,2,1567,5,0,1,5,43,2,56,1,1,1,0,2,1,2,23234,1,9,2,1,4,1,2,1,1,1,0,0,0,0,1,1,0,0,1,1,1,2,13,99,1,4,1,A,1,2,98,8,8,98,8,32,8,8,998,997,997,0,0,0,7,6,999,999,999,9999999,999,999,999,7,0,3,14,1,2,3,8,997,0.0,120,10,10,0.0,0.0,0.0,262.1111357,8,8
31886,11,76,1-11-2023-076-05,5,2,KMHC65LC8MU2,17,498,21961,5,0,55,45,2021,5,1,3,0,1,9,9,1529,5,9999,9,0,998,5,56,1,0,0,995,0,0,0,23801,9,9,2,1,1,1,2,1,1,1,0,0,0,0,1,1,1,2,1,0,1,8,98,99,1,1,6,M,98,0,0,0,0,0,0,0,0,0,0,998,998,0,0,0,4,0,999,999,999,9999999,999,999,999,9,0,95,95,95,95,95,0,998,9.8,998,998,998,99.8,99.8,99.8,262.1111357,8,8
31886,11,76,1-11-2023-076-05,5,3,JF2SJAWC8FH4,17,523,2234,7,0,48,401,2015,14,3,14,0,1,9,9,1498,5,9999,9,0,998,5,56,1,0,0,995,0,0,0,23836,9,9,2,1,3,3,2,1,1,1,1,0,0,0,1,1,1,2,1,0,4,8,98,99,1,1,6,M,98,0,0,0,0,0,0,0,0,0,0,998,998,0,0,0,5,0,999,999,999,9999999,999,999,999,9,0,95,95,95,95,95,0,998,9.8,998,998,998,99.8,99.8,99.8,262.1111357,8,8
31886,11,76,1-11-2023-076-05,5,4,3GCUKREC0HG1,17,467,1850,60,0,20,481,2017,34,5,31,0,2,T,9,2394,5,9999,9,0,998,,,,,,,,,,,,,,,,,,,,,,,,,,,,,,,,,,,,,,,,,,,,,,,,,,,,,,,,,,,,,,,,,,95,95,95,95,95,,,,,,,,,,262.1111357,8,8
31887,24,98,1-24-2023-098-03,3,1,W1KWF8EB7MR6,17,449,2085,13,0,42,42,2021,4,1,4,0,1,F,1,1625,5,0,1,1,20,2,40,1,0,0,995,0,0,0,08401,2,2,2,4,2,1,2,1,1,1,0,2,0,0,1,1,1,2,9,0,10,2,16,2,1,1,5,L,86,0,0,0,0,0,0,0,0,0,0,110,170,0,0,0,1,1,8,-4,7,11350,998,153,9,0,4,0,0,0,0,4,0,995,9.8,998,998,998,99.8,99.8,99.8,405.0813673,1,8
31887,24,98,1-24-2023-098-03,3,2,WP1AB2AY6LDA,17,584,7895,7,0,45,421,2020,15,3,15,0,1,R,1,1985,5,0,1,1,22,2,40,1,0,0,995,0,0,0,08016,2,2,2,4,2,1,2,1,1,1,1,2,0,0,1,1,1,2,1,0,1,4,66,1,1,1,5,L,87,0,0,0,0,0,0,0,0,0,0,170,110,0,0,0,1,1,7,-3,-6,3442,998,-82,6,0,4,0,0,0,0,0,0,995,9.8,998,998,998,99.8,99.8,99.8,405.0813673,1,8
31888,24,99,1-24-2023-099-03,3,1,JM3TCBCY7K03,17,473,2077,7,0,41,421,2019,15,3,15,0,1,F,2,1987,5,0,1,1,14,2,40,1,0,0,995,0,0,0,08203,1,9,2,1,3,2,2,1,1,1,1,1,0,0,1,1,1,2,9,0,1,2,17,1,1,1,5,L,88,0,0,0,0,0,0,0,0,0,0,160,80,0,0,0,1,1,32,-27,-16,102179,998,-111,29,0,1,1,1,0,1,5,0,995,9.8,998,998,998,99.8,99.8,99.8,405.0813673,1,8
31888,24,99,1-24-2023-099-03,3,2,1GKDT13S9622,17,472,4507,7,0,23,401,2006,14,3,14,0,1,L,2,2060,5,0,1,1,14,2,40,1,0,1,0,2,0,2,08401,2,2,2,4,5,2,2,1,1,1,1,1,0,0,1,1,1,2,9,0,1,4,66,99,1,1,5,L,89,1,1,2,5,7,1,1,2,1,9,80,160,0,0,0,1,1,31,-10,29,99713,998,-29,34,0,1,2,5,0,1,3,1,995,9.8,998,998,998,99.8,99.8,99.8,405.0813673,1,8
31889,13,125,1-13-2023-125-03,3,1,3CZRU6H31NM7,17,474,9212,7,0,37,404,2022,14,3,14,0,1,F,1,1393,5,0,1,1,16,2,48,1,1,8,997,8,7,0,76051,1,9,2,1,1,1,1,1,1,9,0,0,0,0,3,1,3,2,9,1,14,2,12,4,1,4,1,B,6,0,0,0,0,0,0,0,0,0,0,998,998,0,0,9,2,12,999,999,999,9999999,999,999,999,6,0,1,1,0,1,4,0,998,0.0,999,999,999,2.0,2.0,4.0,455.8415625,7,8
31890,13,126,1-13-2023-126-06,6,1,4T1B11HK2JU6,17,448,2469,13,0,49,40,2018,4,1,4,0,1,F,2,1520,5,0,1,1,13,2,56,1,9,0,995,0,9,0,99999,9,9,2,1,1,1,2,2,2,1,0,0,0,0,2,2,2,2,9,0,14,2,14,4,2,4,1,C,14,0,0,0,0,0,0,0,0,0,0,998,998,0,0,0,3,12,999,999,999,9999999,999,999,999,7,0,9,97,0,1,0,0,998,0.0,999,999,999,0.0,0.0,0.0,991.6733388,7,8
31891,13,127,1-13-2023-127-06,6,1,5FNYF18405B0,17,474,1864,7,0,37,421,2005,15,3,15,0,1,F,1,2007,5,0,1,1,8,2,48,1,8,0,995,0,7,0,76148,1,2,2,4,2,1,1,1,1,9,1,2,0,0,1,1,0,0,3,0,1,3,51,1,1,1,2,D,24,0,0,0,0,0,0,0,0,0,0,270,270,0,0,0,1,12,999,999,999,9999999,999,999,999,6,0,0,0,0,0,0,0,995,9.8,998,998,998,99.8,99.8,99.8,991.6733388,7,8
31891,13,127,1-13-2023-127-06,6,2,5N1AT2MT9GC7,17,478,1913,8,0,35,51,2016,6,1,3,0,1,B,9,1550,5,9999,9,0,998,2,48,1,8,0,995,0,7,0,76244,3,9,2,4,2,1,1,1,1,9,1,2,0,0,1,1,0,0,9,0,1,3,53,99,1,1,2,D,25,0,0,0,0,0,0,0,0,0,0,270,270,0,0,0,1,0,999,999,999,9999999,999,999,999,9,0,1,2,0,1,4,0,995,9.8,998,998,998,99.8,99.8,99.8,991.6733388,7,8
31892,14,79,1-14-2023-079-04,4,1,JA4AZ3A36KZ0,17,481,2163,7,0,52,404,2019,14,3,14,0,1,R,2,1610,5,0,1,1,16,2,89,1,8,0,995,0,7,0,78247,1,9,3,5,3,2,2,1,1,1,4,4,0,0,2,1,0,0,9,0,11,2,15,1,1,1,4,J,68,0,0,0,0,0,0,0,0,0,0,30,250,0,0,0,1,1,31,-27,-16,37905,998,103,20,0,1,0,0,0,0,0,0,995,9.8,998,998,998,99.8,99.8,99.8,5078.405817,8,8
31892,14,79,1-14-2023-079-04,4,2,3B7HC13Y31M5,17,476,1938,60,0,7,482,2001,34,5,31,0,1,F,1,2243,5,0,1,1,16,2,89,1,8,0,995,0,7,0,78133,1,9,3,5,3,1,2,1,1,1,1,2,0,0,2,1,0,0,9,0,1,4,62,8,1,1,4,J,69,0,0,0,0,0,0,0,0,0,0,250,30,0,0,0,1,1,23,-22,4,115404,998,81,33,0,1,0,0,0,0,0,0,995,9.8,998,998,998,99.8,99.8,99.8,5078.405817,8,8
31893,14,80,1-14-2023-080-05,5,1,5NPD84LF9HH1,17,498,2735,13,0,55,35,2017,4,1,3,0,1,F,3,1275,5,9999,9,4,14,2,97,1,8,0,995,0,7,0,75150,1,9,3,4,3,2,2,1,1,2,3,2,0,0,1,8,0,0,9,0,1,3,50,99,1,1,2,D,20,0,0,0,0,0,0,0,0,0,0,125,125,0,0,0,1,3,68,-67,12,177357,998,4,58,0,4,1,1,0,1,6,0,995,9.8,998,998,998,99.8,99.8,99.8,295.8503336,8,8
31893,14,80,1-14-2023-080-05,5,2,58ABK1GG5GU0,17,515,2475,13,0,59,31,2016,4,1,4,0,1,B,3,1610,5,0,1,1,7,2,97,1,8,1,0,2,7,1,78015,1,2,3,4,3,2,2,1,1,2,3,2,0,0,1,8,0,0,9,0,5,3,53,1,1,1,2,D,22,0,0,0,0,0,0,0,0,0,0,125,125,0,1,0,1,3,53,52,-9,246896,998,1,61,0,4,3,27,1,1,3,0,995,9.8,998,998,998,99.8,99.8,99.8,295.8503336,8,8
31893,14,80,1-14-2023-080-05,5,3,3C63RRJL0KG7,17,496,13622,60,0,7,880,2019,67,8,60,0,1,F,9,,,,,,,2,97,1,8,0,995,0,7,0,85379,9,9,3,4,3,1,2,1,1,1,1,2,0,0,1,8,0,0,9,0,1,4,62,99,1,1,6,M,98,,,,,,,,,,,,,,,,,,,,,,,,,,,95,95,95,95,95,,,9.8,998,998,998,99.8,99.8,99.8,295.8503336,8,8
31894,16,112,1-16-2023-112-08,8,1,1C3CCBCG3DN5,17,477,2053,13,0,6,18,2013,4,1,3,0,1,L,1,1544,5,0,1,1,39,2,64,1,0,1,140,2,0,0,45211,2,2,2,3,3,2,1,1,3,4,1,1,0,0,1,8,1,2,1,0,14,2,16,99,1,1,5,L,89,0,0,0,0,0,0,0,0,0,0,60,170,0,0,0,1,11,999,999,999,9999999,999,999,999,6,0,2,5,0,2,3,0,995,0.0,999,999,999,4.7,4.2,6.3,519.0194959,5,8
31894,16,112,1-16-2023-112-08,8,2,KM8NU73C58U0,17,498,2772,7,0,55,421,2008,15,3,15,0,1,F,2,2009,5,0,1,1,49,2,56,1,0,0,995,0,0,0,45251,2,2,2,1,7,1,2,1,1,1,3,1,0,0,1,8,1,2,1,0,1,4,65,99,1,1,5,L,88,0,0,0,0,0,0,0,0,0,0,170,60,0,0,0,1,12,999,999,999,9999999,999,999,999,7,0,9,97,0,1,8,0,995,9.8,998,998,998,99.8,99.8,99.8,519.0194959,5,8
31894,16,112,1-16-2023-112-08,8,3,1GCEK19J79Z2,17,467,1850,60,0,20,481,2009,34,5,31,0,1,L,9,2378,5,0,2,6,82,2,56,1,0,0,995,0,0,0,47012,1,2,2,1,5,5,2,1,1,4,1,2,0,0,1,8,1,2,1,0,1,4,68,1,1,1,6,M,98,0,0,0,0,0,0,0,0,0,0,330,55,0,0,0,4,12,999,999,999,9999999,999,999,999,9,0,0,0,0,0,4,0,995,9.8,998,998,998,99.8,99.8,99.8,519.0194959,5,8
31895,16,113,1-16-2023-113-03,3,1,JT3HN86R2190,17,448,2216,7,0,49,401,2001,14,3,14,0,1,F,1,1846,5,9999,9,0,998,2,56,1,0,0,995,0,0,0,45245,9,9,2,4,3,2,2,1,1,2,1,2,0,0,1,1,1,2,1,0,11,2,15,99,1,1,4,J,68,0,0,0,0,0,0,0,0,0,0,175,20,0,0,0,1,3,10,-10,0,10445,998,-70,11,0,4,0,0,0,0,0,0,995,9.8,998,998,998,99.8,99.8,99.8,538.1159022,5,8
31895,16,113,1-16-2023-113-03,3,2,2HGFE1F98PH3,17,474,1863,13,0,37,31,2023,4,1,3,0,1,F,1,1360,5,0,1,1,7,2,56,1,0,1,0,2,0,0,45242,1,2,2,4,2,1,2,1,1,4,1,2,0,0,1,1,1,2,1,0,1,4,62,4,1,1,4,J,69,0,0,0,0,0,0,0,0,0,0,20,175,0,0,0,1,3,13,-13,5,9009,998,16,13,0,4,1,1,0,1,4,0,995,9.8,998,998,998,99.8,99.8,99.8,538.1159022,5,8
31896,31,91,1-31-2023-091-06,6,1,5NPE34AF3GH2,17,498,2459,13,0,55,33,2016,4,1,4,0,1,F,1,1475,5,9999,9,1,8,2,89,1,0,0,995,0,0,0,62930,9,9,0,4,2,1,2,1,1,1,1,4,0,0,2,1,0,0,9,0,1,6,87,99,1,1,1,C,13,0,0,0,0,0,0,0,0,0,0,998,998,0,0,0,1,10,999,999,999,9999999,999,-32,18,2,0,9,97,0,1,99,0,998,9.8,998,998,998,99.8,99.8,99.8,247.8107959,6,8
31897,31,92,1-31-2023-092-10,10,1,1GNSKAE05DR1,17,467,1852,7,0,20,421,2013,15,3,15,0,1,F,2,2583,5,9999,9,5,4,2,89,1,8,0,995,0,7,0,62861,9,9,0,4,2,1,2,2,1,1,1,4,0,0,2,2,0,0,9,0,1,6,87,99,1,1,1,C,13,0,0,0,0,0,0,0,0,0,0,998,998,0,0,0,1,12,999,999,999,9999999,999,999,999,7,0,0,0,0,0,0,0,998,9.8,998,998,998,99.8,99.8,99.8,190.9257288,6,8
31898,28,90,1-28-2023-090-04,4,1,1FT7W2BNXLEE,17,460,1805,60,0,12,481,2020,34,5,31,0,1,F,1,2938,5,0,1,1,6,2,40,1,1,1,220,1,0,0,16001,1,2,0,4,2,1,2,1,2,4,1,2,0,0,2,1,0,0,1,1,14,2,12,11,1,4,1,B,6,0,0,0,0,0,0,0,0,0,0,998,998,0,0,0,5,11,999,999,999,9999999,999,999,999,6,0,0,0,0,0,0,0,998,0.6,999,42,82,11.1,0.2,11.1,108.3510433,3,8
31900,28,92,1-28-2023-092-08,8,1,1D7HU16D24J2,17,476,1938,60,0,7,482,2004,34,5,31,0,1,T,3,2194,5,0,1,1,27,2,89,1,1,1,43,1,0,2,15834,1,2,0,4,2,1,2,1,3,4,1,2,0,0,2,1,0,0,9,1,14,2,12,2,2,4,1,B,6,1,10,1,2,2,4,44,4,1,62,997,997,0,0,0,2,6,999,999,999,9999999,999,999,999,8,0,4,21,1,1,3,3,997,0.3,120,118,120,5.3,0.1,5.4,53.0882662,3,8
31903,52,107,1-52-2023-107-03,3,1,3KPF24AD2PE6,17,499,2462,13,0,63,38,2023,4,1,3,0,1,R,1,1256,5,0,1,1,22,2,40,1,0,0,995,0,0,0,59034,9,9,2,4,2,1,2,1,1,1,0,0,0,0,3,1,2,2,9,0,1,2,17,3,1,1,5,L,87,1,1,2,5,1,1,61,1,2,6,85,15,0,0,0,1,1,21,0,-21,10856,998,54,14,0,4,0,0,0,0,5,3,995,9.8,998,998,998,99.8,99.8,99.8,48.95181144,12,8
31903,52,107,1-52-2023-107-03,3,2,1N4BL4BV1LC2,17,478,1904,13,0,35,47,2020,4,1,4,0,1,F,1,1545,5,0,1,1,22,2,40,1,0,0,995,0,0,0,59044,9,9,2,4,2,1,2,1,1,1,0,2,0,0,3,1,0,0,9,0,1,4,66,4,1,1,5,L,86,0,0,0,0,0,0,0,0,0,0,15,85,0,0,0,1,1,18,-17,6,39417,998,64,23,0,4,0,0,0,0,5,0,995,9.8,998,998,998,99.8,99.8,99.8,48.95181144,12,8
31904,73,151,1-73-2023-151-05,5,1,KL8CA6S98EC5,17,467,1836,5,0,20,29,2014,5,1,1,0,1,F,3,1050,5,0,1,1,15,2,80,1,0,1,0,2,0,0,04979,1,2,0,4,3,1,2,1,1,1,1,2,1,0,1,1,0,0,1,0,1,4,62,99,1,1,3,I,65,0,0,0,0,0,0,0,0,0,0,180,285,0,0,0,1,3,65,-65,0,132007,998,0,55,0,4,3,10,1,1,3,0,995,9.8,998,998,998,99.8,99.8,99.8,31.5633696,3,8
31904,73,151,1-73-2023-151-05,5,2,2GCEK13M1715,17,467,1850,60,0,20,481,2007,34,5,31,0,1,T,1,2262,5,0,1,4,58,2,80,1,8,0,995,0,7,0,04976,9,9,0,4,3,2,2,1,1,1,3,2,0,0,1,1,0,0,1,1,6,2,10,99,3,2,3,I,64,1,4,2,5,4,4,48,4,2,29,997,997,0,1,0,3,6,999,999,999,9999999,999,999,999,6,0,1,1,0,1,4,3,997,3.8,120,32,48,0.0,0.0,0.0,31.5633696,3,8
31905,73,152,1-73-2023-152-04,4,1,1C6RR7FG6KS5,17,496,13620,60,0,7,482,2019,34,5,31,0,1,F,3,2308,5,0,1,1,11,2,40,1,8,0,995,0,7,0,04987,9,9,2,4,2,1,2,2,3,1,1,2,0,0,3,5,0,0,1,1,14,1,6,3,9,4,1,A,2,0,0,0,0,0,0,0,0,0,0,998,998,0,1,3,7,10,999,999,999,9999999,999,10,54,4,0,0,0,0,0,0,0,998,1.4,999,999,999,7.4,3.2,8.4,124.5578113,3,8
31906,73,153,1-73-2023-153-03,3,1,KNDETCA29N72,17,499,26900,7,0,63,498,2022,14,3,14,0,1,F,1,1445,5,113,2,1,3,2,64,1,8,0,995,0,7,0,03907,1,2,0,4,2,1,2,1,1,2,1,4,0,0,1,8,0,0,1,1,1,2,13,4,1,4,1,A,3,0,0,0,0,0,0,0,0,0,0,998,998,0,0,2,1,10,999,999,999,9999999,999,0,15,2,0,1,1,0,1,0,0,998,1.0,120,18,28,0.0,0.0,0.0,37.64390645,3,8
31907,73,154,1-73-2023-154-09,9,1,1FMCU9D71BKB,17,460,1798,7,0,12,402,2011,14,3,14,0,1,F,1,1609,5,9999,9,0,998,5,89,1,8,0,995,0,7,0,04901,9,9,3,4,2,1,2,2,1,2,1,2,0,0,1,8,0,0,1,1,11,2,15,99,1,2,4,J,68,0,0,0,0,0,0,0,0,0,0,275,190,0,0,0,1,3,8,-4,-7,4469,998,-167,5,0,4,95,95,95,95,95,0,995,9.8,998,998,998,99.8,99.8,99.8,331.0260535,3,8
31907,73,154,1-73-2023-154-09,9,2,1FAHP35N89W2,17,460,1779,13,0,12,37,2009,4,1,2,0,1,L,1,1189,5,0,1,1,7,2,89,1,8,0,995,0,7,0,04927,9,9,3,4,2,1,2,2,1,4,1,4,0,0,1,8,0,0,1,0,1,4,62,2,1,1,4,J,69,0,0,0,0,0,0,0,0,0,0,190,275,0,1,0,1,3,10,-9,5,11782,998,-28,15,0,4,0,0,0,0,0,0,995,9.8,998,998,998,99.8,99.8,99.8,331.0260535,3,8
31908,32,160,1-32-2023-160-07,7,1,3GCUKTEJ5JG3,17,467,1850,60,0,20,481,2018,34,5,30,0,1,R,1,2431,5,0,1,1,15,2,56,1,0,0,995,0,0,0,76118,9,1,2,1,5,5,1,1,1,4,1,0,0,0,3,1,1,2,9,0,11,2,15,1,1,1,4,J,68,1,2,2,5,1,1,61,1,2,12,110,350,0,0,0,1,1,11,-7,-9,11393,998,139,9,0,4,0,0,0,0,0,3,995,9.8,998,998,998,99.8,99.8,99.8,7015.141076,7,8
31908,32,160,1-32-2023-160-07,7,2,1G1AK18F0872,17,467,4234,3,0,20,22,2008,2,1,2,0,1,F,1,1239,5,0,1,1,19,2,56,1,0,0,995,0,0,0,75061,9,1,2,1,3,3,1,1,1,2,3,0,0,0,3,1,1,2,9,0,1,4,62,1,1,1,4,J,69,0,0,0,0,0,0,0,0,0,0,350,110,0,0,0,1,1,21,-21,4,33749,998,39,25,0,4,1,1,0,1,4,0,995,9.8,998,998,998,99.8,99.8,99.8,7015.141076,7,8
31909,32,161,1-32-2023-161-01,1,1,5XYPH4A58KG5,17,499,2769,7,0,63,402,2019,14,3,14,0,1,F,2,1800,8,0,1,5,17,2,64,1,0,9,998,8,0,9,75060,1,2,0,1,4,1,2,1,1,1,0,1,0,0,1,1,1,2,3,1,1,2,13,99,1,4,1,A,1,0,0,0,0,0,0,0,0,0,0,998,998,0,0,1,1,12,999,999,999,9999999,999,999,999,7,0,2,9,1,2,1,0,998,0.0,25,25,80,6.0,0.8,6.1,106.4850065,7,8
31910,32,162,1-32-2023-162-09,9,1,1XKDD29X8WR7,17,532,9706,66,0,85,881,1998,66,8,68,0,1,F,9,,,,,,,5,113,1,0,0,995,0,0,0,75180,9,9,0,2,4,1,1,1,1,4,1,3,1,3,1,8,0,0,9,0,1,6,90,99,1,1,1,C,12,,,,,,,,,,,,,,,,,,,,,,,,,,,95,95,95,95,95,,,9.8,998,998,998,99.8,99.8,99.8,4744.624201,7,8
31910,32,162,1-32-2023-162-09,9,2,5TDYK3DC5BS1,17,448,2468,2,0,49,442,2011,20,4,20,0,1,F,2,1990,5,0,1,1,15,2,113,1,0,0,995,0,0,0,75126,2,2,0,2,4,4,1,1,1,4,3,2,1,3,1,8,0,0,9,0,1,6,90,2,1,1,6,M,98,0,0,0,0,0,0,0,0,0,0,998,998,0,0,0,2,10,999,999,999,9999999,999,999,30,3,0,1,1,0,1,4,0,998,9.8,998,998,998,99.8,99.8,99.8,4744.624201,7,8
31911,32,163,1-32-2023-163-02,2,1,JTHCF5C24B50,17,515,2184,13,0,59,35,2011,4,1,3,0,1,L,1,1656,5,0,1,1,8,2,56,1,0,0,995,0,0,0,75252,9,1,2,4,2,1,2,1,1,1,0,0,0,0,1,1,2,2,9,0,11,2,15,2,1,1,4,K,82,0,0,0,0,0,0,0,0,0,0,85,180,0,0,0,1,1,12,-2,11,9305,998,-27,12,0,3,99,99,0,0,99,0,995,9.8,998,998,998,99.8,99.8,99.8,31.65740691,7,8
31911,32,163,1-32-2023-163-02,2,2,KL8CF6SA7LC4,17,467,1836,5,0,20,29,2020,5,1,1,0,1,F,1,1019,5,0,1,1,22,2,56,1,0,0,995,0,0,0,75453,1,9,2,1,3,3,1,1,1,1,3,0,0,0,1,1,0,0,9,0,1,4,67,1,1,1,4,K,83,0,0,0,0,0,0,0,0,0,0,180,85,0,0,0,1,1,18,-18,-3,15025,998,-27,18,0,3,1,1,0,1,4,0,995,9.8,998,998,998,99.8,99.8,99.8,31.65740691,7,8
31912,28,93,1-28-2023-093-09,9,1,1J8GR48KX7C6,17,483,1949,7,0,2,404,2007,14,3,14,0,1,F,3,2014,5,0,1,1,10,2,89,1,0,0,995,0,0,8,16948,9,9,2,4,2,1,2,99,1,2,0,0,0,0,2,99,2,2,9,1,11,2,13,99,1,4,1,A,1,0,0,0,0,0,0,0,0,0,0,998,998,0,0,1,3,1,41,-41,0,134956,998,-13,41,0,1,1,1,0,1,99,0,998,0.3,120,14,120,15.3,6.8,16.7,47.6282045,3,8
31913,25,94,1-25-2023-094-06,6,1,3GYFNFE34FS5,17,469,1844,7,0,19,20,2015,6,1,4,0,1,F,9,2015,5,9999,9,4,25,2,56,1,0,0,995,0,0,0,04074,9,9,3,4,2,1,2,1,1,2,0,0,0,0,1,1,0,0,9,0,11,2,15,99,1,1,4,K,82,0,0,0,0,0,0,0,0,0,0,230,5,0,0,0,1,12,999,999,999,9999999,999,999,999,9,0,1,1,0,1,4,0,995,9.8,998,998,998,99.8,99.8,99.8,485.712872,2,8
31913,25,94,1-25-2023-094-06,6,2,1FTSS3ES0EDB,17,460,1818,95,0,12,461,2014,21,4,21,0,1,R,9,2484,5,9999,9,1,5,2,56,1,0,0,995,0,0,0,04070,9,9,3,4,4,3,2,1,1,1,1,2,0,0,1,1,0,0,1,0,1,4,72,99,1,1,4,K,83,0,0,0,0,0,0,0,0,0,0,5,230,0,0,0,1,98,999,999,999,9999999,999,999,999,9,0,0,0,0,0,0,0,995,9.8,998,998,998,99.8,99.8,99.8,485.712872,2,8
31916,52,106,1-52-2023-106-09,9,1,1G1ZC5EB0A41,17,467,1834,13,0,20,37,2010,4,1,4,0,1,F,3,1549,5,0,1,1,21,2,56,1,0,1,0,2,0,2,59101,1,9,0,4,2,1,2,1,1,1,0,2,0,0,1,1,0,0,3,1,1,2,12,1,1,4,1,B,6,0,0,0,0,0,0,0,0,0,0,260,85,0,0,0,2,1,47,-46,-8,145884,998,-34,47,0,4,2,5,0,1,4,0,995,9.8,998,998,998,99.8,99.8,99.8,373.1030429,12,8
31916,52,106,1-52-2023-106-09,9,2,1J4FY19S0XP4,17,483,1943,7,0,2,403,1999,14,3,14,0,2,9,9,1477,5,9999,9,0,998,,,,,,,,,,,,,,,,,,,,,,,,,,,,,,,,,,,,,,,,,,,,,,,,,,,,,,,,,,,,,,,,,,95,95,95,95,95,,,,,,,,,,373.1030429,12,8
31916,52,106,1-52-2023-106-09,9,3,F11YRV82608,11,99999,99999,999,0,99,399,1975,9,1,9,0,2,F,9,9999,9,9999,9,0,998,,,,,,,,,,,,,,,,,,,,,,,,,,,,,,,,,,,,,,,,,,,,,,,,,,,,,,,,,,,,,,,,,,95,95,95,95,95,,,,,,,,,,373.1030429,12,8
31917,76,100,1-76-2023-100-04,4,1,KNDPMCAC3L77,17,499,2770,7,0,63,401,2020,14,3,14,0,1,F,1,1696,5,0,1,1,12,2,72,1,8,9,998,8,7,9,12058,9,9,2,4,2,1,2,1,1,1,1,2,0,0,2,1,3,2,9,0,1,5,83,1,1,1,1,C,13,0,0,0,0,0,0,0,0,0,0,998,998,0,0,0,1,12,999,999,999,9999999,999,999,999,6,0,0,0,0,0,0,0,998,9.8,998,998,998,99.8,99.8,99.8,19.66659396,3,8