CASEID,PSU,CASENO,CASENUMBER,CATEGORY,VEHNO,VIN,VINLENGTH,VPICMAKE,VPICMODEL,VPICBODYCLASS,ICFINALBODY,MAKE,MODEL,MODELYR,BODYTYPE,BODYCAT,VEHCLASS,SPECUSE,TRANSTAT,DAMPLANE,DAMSEV,CURBWT,CURBSRC,CARGOWT,CARGOSRC,INSPTYPE,INSPLAG,TOWED,SPEEDLIMIT,DRPRESENT,PARALCOHOL,ALCTEST,ALCTESTRESULT,ALCTESTSRC,PARDRUG,DRUGTEST,ZIP,RACE,ETHNICITY,RELTOJUNCT,TRAFFLOW,RDLANES,INITLANE,SURFTYPE,SURFCOND,ALIGNMENT,PROFILE,LINERIGHT,LINELEFT,RUMBINIT,RUMBROAD,LIGHTCOND,WEATHER,TRAFDEV,TRAFFUNCT,DISTRACT,PREFHE,PREMOVE,CRITCAT,CRITEVENT,MANEUVER,PRESTAB,PRELOC,CRASHCAT,CRASHCONF,CRASHTYPE,ROLLTYPE,ROLLTURN,ROLLINTRPT,ROLLPREMAN,ROLLINITYP,ROLLINLOC,ROLLOBJ,ROLLTRIP,ROLLDIR,ROLLDIST,DVANGTHIS,DVANGOTH,TOWHITCH,TRAJDOC,TREEPOLE,DVEVENT,DVBASIS,DVTOTAL,DVLONG,DVLAT,DVENERGY,DVSPEED,DVMOMENT,DVBES,DVEST,DVCONF,VAIS,VISS,VINJSEV,VINJURED,VTREAT,INITOBJCLASS,HEADANGLECAT,SHLDRWIDTH,STRKLENGTH,STRKWIDTH,STRKHEIGHT,EDGEDISTX,EDGEDISTY,EDGEDISTZ,CASEWGT,PSUSTRAT,VERSION
31918,76,101,1-76-2023-101-08,8,1,1FTNF21L33ED,17,460,1805,60,0,12,481,2003,34,5,31,0,1,F,1,2657,5,9999,9,1,6,2,89,1,8,1,0,2,7,0,12017,1,2,3,4,2,1,2,1,1,1,1,2,1,0,2,1,0,0,3,0,1,3,52,2,2,1,2,D,28,0,0,0,0,0,0,0,0,0,0,185,185,0,1,0,1,5,999,999,999,9999999,999,999,17,2,0,1,1,0,1,4,0,995,9.8,998,998,998,99.8,99.8,99.8,21.68884603,3,8
31918,76,101,1-76-2023-101-08,8,2,1HSDJAPR3EH7,17,526,2564,66,0,84,881,2014,66,8,67,99,1,D,9,,,,,,,5,89,1,8,9,998,8,7,9,12123,9,9,3,4,2,1,2,1,1,1,1,2,1,0,2,1,0,0,9,0,2,3,53,99,1,1,2,D,31,,,,,,,,,,,,,,,,,,,,,,,,,,,95,95,95,95,95,,,9.8,998,998,998,99.8,99.8,99.8,21.68884603,3,8
31919,76,102,1-76-2023-102-04,4,1,1FTER1EH2MLD,17,460,1803,60,0,12,471,2021,34,5,30,0,1,R,1,1974,5,250,1,3,6,2,64,1,8,0,995,0,7,0,32086,1,2,2,4,2,1,2,1,1,1,0,2,0,0,1,1,1,2,1,0,11,2,15,1,1,1,4,K,76,0,0,0,0,0,0,0,0,0,0,80,340,0,0,0,1,3,15,-10,-12,38682,998,77,19,0,4,1,1,0,1,5,0,995,9.8,998,998,998,99.8,99.8,99.8,19.66659396,3,8
31919,76,102,1-76-2023-102-04,4,2,2C4RC1CG0DR5,17,477,1936,2,0,6,441,2013,20,4,20,0,1,F,1,2115,5,0,1,1,18,2,89,1,8,0,995,0,7,0,12401,9,9,2,4,2,1,2,1,1,1,1,2,1,0,1,1,0,0,9,0,1,4,65,4,1,1,4,K,77,0,0,0,0,0,0,0,0,0,0,340,80,0,0,0,1,3,16,-14,8,14203,998,73,12,0,4,0,0,0,0,0,0,995,0.0,30,30,108,6.1,0.6,6.2,19.66659396,3,8
31920,27,106,1-27-2023-106-03,3,1,1GYFZDR49KF1,17,469,24948,7,0,19,422,2019,15,3,15,0,1,F,1,1767,5,0,1,1,16,2,56,1,0,1,0,2,0,0,01247,1,2,0,4,2,1,2,1,1,4,1,2,0,0,5,1,0,0,3,1,1,2,12,1,1,4,1,B,6,1,2,2,2,2,4,68,4,1,14,998,998,0,1,0,1,1,22,-22,0,36569,998,-12,22,0,4,2,4,0,1,3,3,998,0.1,119,55,45,5.7,0.5,5.7,95.44522103,3,8
31922,21,105,1-21-2023-105-09,9,1,2HGEJ6612XH5,17,474,1863,13,0,37,31,1999,4,1,2,0,1,F,1,1067,5,0,1,1,35,2,999,1,9,0,995,0,9,0,99999,9,9,2,1,2,2,2,1,1,1,3,2,0,0,1,1,0,0,9,1,1,4,67,7,1,2,4,K,83,0,0,0,0,0,0,0,0,0,0,85,300,0,0,0,1,5,999,999,999,9999999,999,999,23,2,0,1,1,0,1,4,0,995,9.8,998,998,998,99.8,99.8,99.8,1214.462443,11,8
31922,21,105,1-21-2023-105-09,9,2,1NPBL49X0ND7,17,495,2787,11,0,87,881,2022,63,8,60,0,1,F,9,,,,,,,5,16,1,0,0,995,0,0,0,92883,9,9,2,4,2,1,2,1,1,1,0,0,0,0,1,1,0,0,1,0,11,2,15,1,1,1,4,K,82,,,,,,,,,,,,,,,,,,,,,,,,,,,95,95,95,95,95,,,9.8,998,998,998,99.8,99.8,99.8,1214.462443,11,8
31925,15,193,1-15-2023-193-03,3,1,4T1B31HK4KU5,17,448,2469,13,0,49,40,2019,4,1,4,0,1,F,2,1575,5,0,1,1,43,2,48,1,0,0,995,0,0,0,11552,9,1,1,2,3,3,1,1,1,1,3,2,0,0,4,1,0,0,9,0,1,3,52,99,1,1,6,M,98,0,0,0,0,0,0,0,0,0,0,85,70,0,0,0,1,5,999,999,999,9999999,999,999,37,3,0,1,1,0,1,4,0,995,9.8,998,998,998,99.8,99.8,99.8,77.87302535,1,8
31925,15,193,1-15-2023-193-03,3,2,5PVNJ8JV7D4S,17,514,2168,65,11,98,806,2013,62,8,60,0,1,D,9,,,,,,,2,48,1,8,9,998,8,7,9,12601,9,9,1,2,3,3,2,1,1,1,3,2,0,0,4,1,0,0,9,1,12,2,21,99,1,2,6,M,98,,,,,,,,,,,,,,,,,,,,,,,,,,,95,95,95,95,95,,,9.8,998,998,998,99.8,99.8,99.8,77.87302535,1,8
31926,15,194,1-15-2023-194-08,8,1,1J4FF58S2YL1,17,483,1945,7,0,2,404,2000,14,3,14,0,1,L,3,1524,5,9999,9,4,85,2,89,1,8,1,226,2,7,2,11501,9,9,1,2,5,1,2,1,2,9,1,3,0,0,3,1,0,0,9,1,14,2,13,99,1,4,1,A,1,0,0,0,0,0,0,0,0,0,0,998,998,0,0,9,2,12,999,999,999,9999999,999,999,999,8,0,3,17,1,1,3,0,998,9.9,999,999,999,99.9,99.9,99.9,75.10950371,1,8
31929,22,81,1-22-2023-081-05,5,1,5GAKVCKDXHJ2,17,468,1841,7,0,18,421,2017,15,3,15,0,1,L,1,2233,5,0,1,1,16,2,89,1,0,0,995,0,0,0,83553,1,2,2,4,2,1,2,2,1,4,0,2,0,0,1,8,2,2,1,0,11,2,15,2,1,1,4,K,82,0,0,0,0,0,0,0,0,0,0,65,220,0,0,0,1,1,19,-18,7,17540,998,-129,11,0,4,2,5,0,1,4,0,995,9.8,998,998,998,99.8,99.8,99.8,42.90235109,12,8
31929,22,81,1-22-2023-081-05,5,2,19UUA56853A0,17,475,1873,13,0,54,35,2003,4,1,3,0,1,F,2,1614,5,0,1,1,16,2,89,1,0,0,995,0,0,0,98520,9,9,2,4,2,1,2,2,3,1,1,2,0,0,1,8,0,0,9,0,14,4,67,99,1,1,4,K,83,0,0,0,0,0,0,0,0,0,0,220,65,0,0,0,1,1,27,-27,-5,89824,998,-57,35,0,4,0,0,0,0,0,0,995,9.8,998,998,998,99.8,99.8,99.8,42.90235109,12,8
31930,22,82,1-22-2023-082-06,6,1,1C4RDJDG3HC7,17,476,3508,7,0,7,422,2017,15,3,15,0,1,F,1,2262,5,0,1,1,18,2,105,1,8,0,995,0,7,0,98660,9,9,0,4,2,1,2,1,1,1,1,2,3,3,2,1,0,0,9,0,1,6,87,2,1,1,1,C,13,0,0,0,0,0,0,0,0,0,0,998,998,0,0,0,1,10,999,999,999,9999999,999,62,11,2,0,9,97,0,1,99,0,998,9.8,998,998,998,99.8,99.8,99.8,86.10558513,12,8
31933,22,83,1-22-2023-083-10,10,1,1FTZR15XXXTA,17,460,1803,60,0,12,471,1999,34,5,30,0,1,F,9,1664,5,9999,9,0,998,2,80,1,1,1,199,1,0,0,99163,9,9,0,4,2,1,2,2,1,1,0,0,0,0,2,1,0,0,9,1,1,2,13,99,1,4,1,A,1,1,2,2,2,1,3,61,1,2,999,997,997,0,0,0,1,0,999,999,999,9999999,999,999,999,9,0,99,99,0,0,0,3,997,0.0,120,999,999,99.9,99.9,99.9,829.3166727,12,8
31934,29,83,1-29-2023-083-09,9,1,999999999999,99,467,99999,3,0,20,399,9999,9,1,9,0,1,R,9,9999,9,9999,9,0,998,2,40,1,8,1,278,2,7,0,02719,1,2,0,4,2,1,2,2,2,1,1,2,0,0,3,2,0,0,9,1,14,1,9,99,4,4,1,B,7,0,0,0,0,0,0,0,0,0,0,998,998,0,1,1,1,0,999,999,999,9999999,999,999,999,9,0,1,1,0,1,4,0,998,0.0,48,42,79,13.6,2.1,13.9,4763.601709,2,8
31935,30,132,1-30-2023-132-03,3,1,1FTSX2B57AEB,17,460,1805,60,0,12,481,2010,34,5,31,0,1,F,1,2728,5,9999,9,0,998,2,64,1,0,0,995,0,0,0,85033,9,9,2,4,6,3,2,1,1,1,3,1,0,0,1,1,1,2,2,0,1,2,17,99,1,1,5,L,88,0,0,0,0,0,0,0,0,0,0,260,170,0,0,0,1,3,13,-13,-5,22110,998,-90,13,0,4,0,0,0,0,0,0,995,9.8,998,998,998,99.8,99.8,99.8,263.5786394,10,8
31935,30,132,1-30-2023-132-03,3,2,ZACNJDD13NPN,17,483,6160,7,0,2,408,2022,14,3,14,0,1,L,2,1447,5,0,1,1,31,2,40,1,0,0,995,0,0,0,85015,9,9,2,4,4,2,2,1,1,1,1,1,0,0,1,1,1,2,1,0,1,4,66,2,1,1,5,L,89,0,0,0,0,0,0,0,0,0,0,170,260,0,0,0,1,3,25,-9,24,40740,998,-22,26,0,4,99,99,0,0,8,0,995,9.8,998,998,998,99.8,99.8,99.8,263.5786394,10,8
31937,26,112,1-26-2023-112-10,10,1,2GCEC19T4211,17,467,1850,60,0,20,481,2002,34,5,30,0,1,F,9,1980,5,9999,9,0,998,2,56,1,9,9,998,8,9,9,95209,1,9,0,5,3,1,2,1,3,1,1,2,0,0,3,1,0,0,9,1,14,2,13,99,9,4,1,C,11,0,0,0,0,0,0,0,0,0,0,230,220,0,0,0,1,0,999,999,999,9999999,999,999,999,9,0,0,0,0,0,0,0,995,9.8,998,998,998,99.8,99.8,99.8,13753.13442,10,8
31937,26,112,1-26-2023-112-10,10,2,2T1BURHE0EC0,17,448,2208,13,0,49,32,2014,4,1,3,0,2,L,9,1290,5,9999,9,0,998,,,,,,,,,,,,,,,,,,,,,,,,,,,,,,,,,,,,,,,,,,,,,,,,,,,,,,,,,,,,,,,,,,95,95,95,95,95,,,,,,,,,,13753.13442,10,8
31937,26,112,1-26-2023-112-10,10,3,1FTSX20P57EA,17,460,1805,60,0,12,481,2007,34,5,30,0,2,B,9,2739,5,9999,9,0,998,,,,,,,,,,,,,,,,,,,,,,,,,,,,,,,,,,,,,,,,,,,,,,,,,,,,,,,,,,,,,,,,,,95,95,95,95,95,,,,,,,,,,13753.13442,10,8
31938,26,113,1-26-2023-113-09,9,1,JNRAS08W75X2,17,480,2324,7,0,58,39,2005,6,1,4,0,1,F,9,1917,5,9999,9,0,998,2,40,1,0,0,995,0,0,0,95824,2,9,2,4,2,1,2,1,1,1,0,0,0,0,3,1,0,0,1,1,10,2,13,11,9,4,1,A,3,0,0,0,0,0,0,0,0,0,0,999,999,0,0,0,99,0,999,999,999,9999999,999,999,999,9,0,99,99,0,0,8,0,999,9.8,998,998,998,99.8,99.8,99.8,3709.451268,10,8
31938,26,113,1-26-2023-113-09,9,2,1N4AL11D73C3,17,478,1904,13,0,35,47,2003,4,1,4,0,2,B,9,1447,5,9999,9,0,998,,,,,,,,,,,,,,,,,,,,,,,,,,,,,,,,,,,,,,,,,,,,,,,,,,,,,,,,,,,,,,,,,,95,95,95,95,95,,,,,,,,,,3709.451268,10,8
31938,26,113,1-26-2023-113-09,9,3,JN8AS5MV0CW3,17,478,1913,8,0,35,51,2012,6,1,3,0,2,L,9,1495,5,9999,9,0,998,,,,,,,,,,,,,,,,,,,,,,,,,,,,,,,,,,,,,,,,,,,,,,,,,,,,,,,,,,,,,,,,,,95,95,95,95,95,,,,,,,,,,3709.451268,10,8
31939,15,195,1-15-2023-195-07,7,1,999999999999,99,99999,99999,999,0,99,399,9999,9,1,9,99,1,F,9,9999,9,9999,9,0,998,5,80,1,8,0,995,0,7,0,99999,9,9,1,2,4,3,2,1,2,9,3,3,0,0,3,1,0,0,9,1,14,3,51,99,9,2,2,D,24,0,0,0,0,0,0,0,0,0,0,275,280,9,0,0,1,0,999,999,999,9999999,999,999,999,9,0,95,95,95,95,95,0,995,9.8,998,998,998,99.8,99.8,99.8,913.0252333,1,8
31939,15,195,1-15-2023-195-07,7,2,1HGCV1F12JA0,17,474,1861,13,0,37,32,2018,4,1,4,0,1,B,2,1433,5,9999,9,4,80,2,80,1,8,9,998,8,7,9,10940,9,9,1,2,3,3,2,1,2,9,3,3,0,0,3,1,0,0,9,0,14,3,53,99,1,1,2,D,25,0,0,0,0,0,0,0,0,0,0,280,275,0,0,0,1,12,999,999,999,9999999,999,999,999,7,0,0,0,0,0,0,0,995,1.2,999,999,999,99.9,99.9,99.9,913.0252333,1,8
31940,15,196,1-15-2023-196-05,5,1,WP1AB2A59FLB,17,584,8031,7,0,45,401,2015,14,3,14,0,1,F,2,1865,5,9999,9,5,106,2,24,1,1,1,255,2,1,2,11354,9,9,1,3,2,1,2,1,2,9,1,3,0,0,3,1,0,0,9,1,14,1,6,99,9,4,1,B,6,1,2,9,2,6,4,42,3,1,999,998,998,0,0,9,1,12,999,999,999,9999999,999,999,999,7,0,1,1,0,2,4,3,998,9.9,999,999,999,99.9,99.9,99.9,16.3363181,1,8
31941,20,99,1-20-2023-099-10,10,1,JF1SF63521H7,17,523,2234,7,0,48,401,2001,14,3,14,0,1,U,9,1410,5,9999,9,0,998,2,105,1,0,0,995,0,0,0,95062,9,1,0,2,2,1,2,1,1,1,1,3,0,0,2,1,0,0,1,0,1,8,98,1,1,1,6,M,98,0,0,0,0,0,0,0,0,0,0,996,996,0,0,0,1,0,999,999,999,9999999,999,999,999,9,0,0,0,0,0,0,0,996,9.8,998,998,998,99.8,99.8,99.8,6307.260893,11,8
31942,33,67,1-33-2023-067-03,3,1,1G1ZD5ST5LF0,17,467,1834,13,0,20,37,2020,4,1,4,0,1,F,1,1418,5,0,1,1,19,2,89,1,0,0,995,0,0,0,95966,1,9,0,4,2,1,2,2,3,1,1,2,0,0,1,2,0,0,3,1,2,1,5,4,2,4,1,B,7,0,0,0,0,0,0,0,0,0,0,998,998,0,0,0,1,1,21,-18,-11,39816,998,-103,21,0,1,1,1,0,2,4,0,998,0.6,120,120,120,11.4,3.5,11.8,23.11845559,12,8
31943,30,133,1-30-2023-133-06,6,1,1N4AL3AP5EN3,17,478,1904,13,0,35,47,2014,4,1,4,0,1,F,1,1451,5,0,1,1,40,2,64,1,0,0,995,0,0,0,85302,9,9,2,4,6,1,2,1,1,1,0,3,0,0,1,1,0,0,9,0,1,4,66,3,1,1,5,L,86,0,0,0,0,0,0,0,0,0,0,270,5,0,0,0,1,1,7,-6,2,8852,998,105,10,0,4,99,99,0,0,99,0,995,9.8,998,998,998,99.8,99.8,99.8,573.409559,10,8
31943,30,133,1-30-2023-133-06,6,2,2GNAXJEV9J62,17,467,1847,7,0,20,404,2018,14,3,14,0,1,R,1,1508,5,9999,9,2,44,5,64,1,0,0,995,0,0,0,94598,9,9,2,1,1,1,2,1,1,1,0,0,0,0,1,1,2,2,9,0,1,2,17,99,1,1,5,L,87,0,0,0,0,0,0,0,0,0,0,5,270,0,0,0,1,1,7,-3,-6,4271,998,219,5,0,4,95,95,95,95,95,0,995,9.8,998,998,998,99.8,99.8,99.8,573.409559,10,8
31944,21,106,1-21-2023-106-04,4,1,5YFEPMAE7NP3,17,448,2208,13,0,49,32,2022,4,1,3,0,1,F,2,1315,5,50,1,1,39,2,56,1,9,0,995,0,9,0,99999,9,9,0,4,4,1,2,1,1,2,0,3,0,0,1,1,0,0,9,1,1,2,13,1,1,4,1,C,11,0,0,0,0,0,0,0,0,0,0,0,0,0,0,0,1,98,999,999,999,9999999,999,999,999,7,0,99,99,0,0,0,0,995,4.5,8,14,22,0.0,0.0,0.0,1523.126417,11,8
31944,21,106,1-21-2023-106-04,4,2,JTDKN3DU0C15,17,448,2209,5,0,49,46,2012,5,1,4,0,2,L,9,1485,5,9999,9,0,998,,,,,,,,,,,,,,,,,,,,,,,,,,,,,,,,,,,,,,,,,,,,,,,,,,,,,,,,,,,,,,,,,,95,95,95,95,95,,,,,,,,,,1523.126417,11,8
31945,23,85,1-23-2023-085-03,3,1,1GTV2NECXGZ1,17,472,1857,60,0,23,481,2016,34,5,30,0,1,R,1,2269,5,0,1,4,65,2,89,1,0,0,995,0,0,0,43302,9,9,0,1,2,1,2,2,1,1,1,3,0,0,1,8,0,0,1,1,6,2,10,99,1,2,2,F,47,0,0,0,0,0,0,0,0,0,0,205,170,0,0,0,4,12,999,999,999,9999999,999,999,999,6,0,99,99,0,0,5,0,995,9.9,999,999,999,0.0,0.0,0.0,181.4819258,5,8
31945,23,85,1-23-2023-085-03,3,2,1FBNE31L78DA,17,460,1818,9,0,12,461,2008,21,4,21,0,1,F,9,2419,5,9999,9,0,998,5,89,1,0,0,995,0,0,0,43302,9,9,0,1,2,2,2,2,1,1,3,2,0,0,1,8,0,0,1,0,1,4,60,99,9,1,2,F,45,0,0,0,0,0,0,0,0,0,0,350,320,0,0,0,1,0,999,999,999,9999999,999,999,999,9,0,95,95,95,95,95,0,995,9.8,998,998,998,99.8,99.8,99.8,181.4819258,5,8
31945,23,85,1-23-2023-085-03,3,3,1FM5K8GC0LGD,17,460,1800,7,0,12,425,2020,15,3,15,0,1,F,2,2022,5,0,1,4,65,2,89,1,0,1,0,2,0,1,53212,1,2,0,2,2,2,2,2,1,1,3,2,0,0,1,8,0,0,1,0,1,4,62,99,1,1,6,M,98,0,0,0,0,0,0,0,0,0,0,170,205,0,0,0,4,12,999,999,999,9999999,999,999,999,7,0,1,2,0,1,3,0,995,9.8,998,998,998,99.8,99.8,99.8,181.4819258,5,8
31945,23,85,1-23-2023-085-03,3,4,1C4NJCBA0FD2,17,483,1946,7,0,2,1,2015,6,1,2,0,1,F,1,1479,5,0,1,1,39,2,89,1,0,0,995,0,0,0,43015,9,9,0,2,2,1,2,2,1,1,1,3,0,0,1,8,0,0,1,0,1,4,62,99,1,1,6,M,98,0,0,0,0,0,0,0,0,0,0,180,250,0,0,0,5,12,999,999,999,9999999,999,999,999,6,0,0,0,0,0,0,0,995,9.8,998,998,998,99.8,99.8,99.8,181.4819258,5,8
31946,23,86,1-23-2023-086-03,3,1,KM8J33AL8KU9,17,498,2058,7,0,55,402,2019,14,3,14,0,1,F,9,1634,5,9999,9,0,998,2,89,1,0,0,995,0,0,0,43015,9,9,0,4,2,1,2,1,1,1,1,4,0,0,1,1,0,0,1,0,1,6,87,99,1,1,1,C,13,0,0,0,0,0,0,0,0,0,0,998,998,0,0,0,1,0,999,999,999,9999999,999,999,999,9,0,99,99,0,0,0,0,998,9.8,998,998,998,99.8,99.8,99.8,181.4819258,5,8
31947,77,105,1-77-2023-105-02,2,1,2T3N1RFV7KW0,17,448,2217,7,0,49,402,2019,14,3,14,0,1,R,3,1639,5,0,1,1,21,2,89,1,0,0,995,0,0,0,24522,1,2,1,1,3,3,2,1,1,1,1,2,0,2,1,1,3,2,3,0,11,2,15,1,1,1,4,J,68,1,1,2,2,1,4,61,1,2,11,0,255,0,0,0,1,1,40,-14,-37,121470,998,34,41,0,1,1,1,0,1,4,3,995,9.8,998,998,998,99.8,99.8,99.8,78.87882297,9,8
31947,77,105,1-77-2023-105-02,2,2,ZACCJBCT5FPC,17,483,6160,7,0,2,408,2015,14,3,14,0,1,F,3,1583,5,0,1,1,21,2,89,1,0,0,995,0,0,0,22969,9,9,1,1,2,1,2,1,1,1,1,3,2,3,1,1,0,0,1,0,1,4,62,2,1,1,4,J,69,0,0,0,0,0,0,0,0,0,0,255,0,0,0,0,1,1,43,-42,7,117418,998,30,42,0,1,9,97,0,1,99,0,995,9.8,998,998,998,99.8,99.8,99.8,78.87882297,9,8
31948,77,106,1-77-2023-106-02,2,1,1HGCM56333A1,17,474,1861,13,0,37,32,2003,4,1,3,0,1,F,3,1389,5,0,1,1,5,2,56,1,0,1,0,2,0,2,22901,9,9,2,1,3,2,2,1,1,1,3,1,0,0,2,1,1,2,1,0,1,2,17,99,1,1,4,K,83,0,0,0,0,0,0,0,0,0,0,230,100,0,0,0,1,3,95,-89,-33,450295,998,-6,89,0,4,1,2,0,1,4,0,995,9.8,998,998,998,99.8,99.8,99.8,78.87882297,9,8
31948,77,106,1-77-2023-106-02,2,2,3C6UR5DJ8MG6,17,496,13621,60,0,7,482,2021,34,5,31,0,1,F,3,3022,5,0,1,1,5,2,56,1,0,0,995,0,0,0,22980,9,9,2,3,2,2,2,1,1,2,1,2,0,0,2,1,1,2,1,0,11,4,66,2,1,1,4,K,82,0,0,0,0,0,0,0,0,0,0,100,230,0,0,0,1,3,45,-39,22,401878,998,118,48,0,4,1,1,0,1,4,0,995,9.8,998,998,998,99.8,99.8,99.8,78.87882297,9,8
31949,77,107,1-77-2023-107-01,1,1,5FNYF48549B0,17,474,1864,7,0,37,421,2009,15,3,15,0,1,F,2,1967,5,0,1,4,10,2,89,1,9,1,0,1,9,2,22943,2,9,0,4,2,1,2,2,1,2,1,2,0,0,2,1,0,0,1,1,10,2,13,99,1,4,1,A,1,0,0,0,0,0,0,0,0,0,0,250,70,0,0,0,2,12,999,999,999,9999999,999,999,999,7,0,4,24,1,1,1,0,995,9.9,999,999,999,2.0,0.0,1.7,218.3973427,9,8
31949,77,107,1-77-2023-107-01,1,2,1GNDT13S9422,17,467,4548,7,0,20,403,2004,14,3,14,0,1,F,2,2092,5,0,1,4,10,2,89,1,9,1,31,2,9,0,22932,9,9,0,4,2,1,2,2,1,4,1,2,0,0,2,1,6,2,1,0,1,4,62,99,1,9,6,M,98,0,0,0,0,0,0,0,0,0,0,70,250,0,0,0,2,12,999,999,999,9999999,999,999,999,7,0,4,34,2,2,3,0,995,9.8,998,998,998,99.8,99.8,99.8,218.3973427,9,8
31950,18,87,1-18-2023-087-06,6,1,3C4PDDGG8HT6,17,476,1939,7,0,7,27,2017,6,1,4,0,1,F,2,1926,5,0,1,1,9,2,89,1,1,1,200,2,0,0,54724,1,9,2,4,2,1,2,2,1,1,1,2,0,0,2,2,2,2,9,0,1,2,14,99,9,4,1,C,14,0,0,0,0,0,0,0,0,0,0,998,998,0,1,1,6,1,29,-27,-10,65982,998,-25,29,0,1,1,1,0,1,4,0,998,1.2,8,6,999,18.9,4.8,19.6,349.7396888,6,8
31951,18,88,1-18-2023-088-09,9,1,2C4RC1BG8DR6,17,477,1936,2,0,6,441,2013,20,4,20,0,1,F,2,2115,5,0,1,1,12,2,48,1,1,2,996,1,0,0,54703,1,9,0,5,3,1,2,2,1,1,0,2,0,0,3,2,0,0,3,1,1,2,13,7,1,5,1,A,1,0,0,0,0,0,0,0,0,0,0,998,998,0,1,9,2,11,999,999,999,9999999,999,999,999,7,0,1,1,0,1,99,0,998,0.0,999,999,999,10.5,0.6,10.5,783.7259841,6,8
31952,18,89,1-18-2023-089-09,9,1,1FTFW1ET4BFC,17,460,1801,60,0,12,481,2011,34,5,31,0,1,F,1,2586,5,0,1,1,5,2,113,1,0,0,995,0,0,0,54724,1,9,0,1,2,1,2,1,1,9,1,3,2,3,2,1,0,0,1,0,1,6,87,98,1,1,1,C,13,0,0,0,0,0,0,0,0,0,0,998,998,0,0,0,1,10,999,999,999,9999999,999,2,14,2,0,1,1,0,1,4,0,998,9.8,998,998,998,99.8,99.8,99.8,783.7259841,6,8
31953,48,101,1-48-2023-101-09,9,1,2GCEK19K0R11,17,467,10978,60,0,20,481,1994,34,5,30,0,1,F,1,2012,5,0,1,1,10,2,40,1,1,8,997,8,0,0,84302,9,9,0,4,2,1,2,1,1,1,0,0,0,0,2,1,0,0,3,1,1,2,11,1,1,4,1,C,11,0,0,0,0,0,0,0,0,0,0,270,270,0,1,0,1,3,17,-17,0,31928,998,56,19,0,4,9,97,0,1,0,0,995,9.8,998,998,998,99.8,99.8,99.8,251.2247778,12,8
31953,48,101,1-48-2023-101-09,9,2,3TMLU4EN7BM0,17,448,2223,60,0,49,472,2011,34,5,30,0,2,B,2,1837,5,9999,9,4,13,,,,,,,,,,,,,,,,,,,,,,,,,,,,,,,,,,,,,,,,,,,,,,,,,,,,,,,,,,,,,,,,,,95,95,95,95,95,,,,,,,,,,251.2247778,12,8
31955,48,103,1-48-2023-103-03,3,1,1GYS4PKL9PR2,17,469,4935,7,0,19,421,2023,15,3,15,0,1,F,2,2718,5,0,1,1,1,2,105,1,0,0,995,0,0,0,84321,3,2,0,2,2,1,2,1,1,4,1,3,2,2,2,1,0,0,3,1,1,2,13,3,1,4,1,A,1,0,0,0,0,0,0,0,0,0,0,998,998,0,1,0,1,10,999,999,999,9999999,999,-44,25,3,0,0,0,0,0,0,0,998,2.0,999,999,999,0.0,0.0,0.0,74.78725036,12,8
31956,54,81,1-54-2023-081-07,7,1,KNDJN2A27G73,17,499,2460,7,0,63,37,2016,6,1,2,0,1,F,3,1231,5,0,1,1,8,2,72,1,0,0,995,0,0,0,35581,1,9,2,4,2,1,2,1,1,1,1,2,0,0,2,1,2,2,3,0,1,1,8,1,1,4,1,C,14,0,0,0,0,0,0,0,0,0,0,998,998,0,0,7,1,10,999,999,999,9999999,999,14,41,4,0,0,0,0,0,0,0,998,0.3,20,20,999,1.5,4.7,4.9,310.4965293,9,8
31957,54,82,1-54-2023-082-04,4,1,3GCEK13M57G5,17,467,1850,60,0,20,481,2007,34,5,31,0,1,L,9,2397,5,9999,9,0,998,5,64,1,0,0,995,0,0,0,35654,9,9,2,4,2,1,2,1,1,1,0,2,0,0,1,1,0,0,9,0,11,2,15,99,1,1,4,K,82,0,0,0,0,0,0,0,0,0,0,10,175,0,0,0,1,0,999,999,999,9999999,999,999,999,9,0,95,95,95,95,95,0,995,9.8,998,998,998,99.8,99.8,99.8,131.5005763,9,8
31957,54,82,1-54-2023-082-04,4,2,1FA6P8TH5M51,17,460,1781,3,0,12,3,2021,2,1,3,0,1,F,1,1607,5,0,1,1,5,2,64,1,0,0,995,0,0,0,35654,1,9,2,4,2,1,2,1,1,1,0,0,0,0,1,1,2,2,9,0,1,4,67,99,1,1,4,K,83,0,0,0,0,0,0,0,0,0,0,175,10,0,0,0,1,12,999,999,999,9999999,999,999,999,6,0,0,0,0,0,0,0,995,9.8,998,998,998,99.8,99.8,99.8,131.5005763,9,8
31958,54,83,1-54-2023-083-09,9,1,1GKKNKLA9LZ1,17,472,1855,7,0,23,423,2020,15,3,15,99,1,F,9,1779,5,9999,9,0,998,5,0,1,0,0,995,0,0,0,35653,9,9,2,4,2,1,2,1,1,2,1,2,0,0,1,1,2,2,2,0,1,2,17,1,1,1,5,L,86,0,0,0,0,0,0,0,0,0,0,220,290,0,0,0,1,0,999,999,999,9999999,999,999,999,9,0,95,95,95,95,95,0,995,9.8,998,998,998,99.8,99.8,99.8,229.8590922,9,8