CASEID,PSU,CASENO,CASENUMBER,CATEGORY,VEHNO,VIN,VINLENGTH,VPICMAKE,VPICMODEL,VPICBODYCLASS,ICFINALBODY,MAKE,MODEL,MODELYR,BODYTYPE,BODYCAT,VEHCLASS,SPECUSE,TRANSTAT,DAMPLANE,DAMSEV,CURBWT,CURBSRC,CARGOWT,CARGOSRC,INSPTYPE,INSPLAG,TOWED,SPEEDLIMIT,DRPRESENT,PARALCOHOL,ALCTEST,ALCTESTRESULT,ALCTESTSRC,PARDRUG,DRUGTEST,ZIP,RACE,ETHNICITY,RELTOJUNCT,TRAFFLOW,RDLANES,INITLANE,SURFTYPE,SURFCOND,ALIGNMENT,PROFILE,LINERIGHT,LINELEFT,RUMBINIT,RUMBROAD,LIGHTCOND,WEATHER,TRAFDEV,TRAFFUNCT,DISTRACT,PREFHE,PREMOVE,CRITCAT,CRITEVENT,MANEUVER,PRESTAB,PRELOC,CRASHCAT,CRASHCONF,CRASHTYPE,ROLLTYPE,ROLLTURN,ROLLINTRPT,ROLLPREMAN,ROLLINITYP,ROLLINLOC,ROLLOBJ,ROLLTRIP,ROLLDIR,ROLLDIST,DVANGTHIS,DVANGOTH,TOWHITCH,TRAJDOC,TREEPOLE,DVEVENT,DVBASIS,DVTOTAL,DVLONG,DVLAT,DVENERGY,DVSPEED,DVMOMENT,DVBES,DVEST,DVCONF,VAIS,VISS,VINJSEV,VINJURED,VTREAT,INITOBJCLASS,HEADANGLECAT,SHLDRWIDTH,STRKLENGTH,STRKWIDTH,STRKHEIGHT,EDGEDISTX,EDGEDISTY,EDGEDISTZ,CASEWGT,PSUSTRAT,VERSION
31958,54,83,1-54-2023-083-09,9,2,3FAHP08188R1,17,460,1780,13,0,12,23,2008,4,1,3,0,1,R,9,1429,5,9999,9,0,998,2,89,1,0,0,995,0,0,0,35653,9,1,2,1,2,2,2,1,1,1,3,1,0,2,1,1,0,0,1,0,1,4,66,7,1,1,5,L,87,0,0,0,0,0,0,0,0,0,0,290,220,0,0,0,1,0,999,999,999,9999999,999,999,999,9,0,99,99,0,0,99,0,995,9.8,998,998,998,99.8,99.8,99.8,229.8590922,9,8
31959,19,123,1-19-2023-123-08,8,1,1FMYU60E93UA,17,460,5868,7,0,12,401,2003,14,3,14,0,1,R,2,1797,5,68,1,1,3,2,105,1,9,9,998,8,9,0,35956,1,9,0,1,2,1,2,1,3,4,1,3,0,0,1,1,0,0,9,1,14,2,13,99,2,4,1,A,1,1,4,1,2,1,4,61,1,2,16,998,998,0,1,1,4,12,999,999,999,9999999,999,999,999,7,0,3,17,1,1,3,3,998,0.6,80,90,80,80.6,7.4,81.4,134.5931831,9,8
31960,19,124,1-19-2023-124-06,6,1,1N4AL3AP2HC1,17,478,1904,13,0,35,47,2017,4,1,4,0,1,L,1,1453,5,0,1,1,4,2,56,1,0,0,995,0,0,0,35956,1,1,2,4,2,1,2,1,1,1,0,0,0,0,1,1,2,2,2,0,11,2,15,9,1,1,4,K,82,0,0,0,0,0,0,0,0,0,0,350,100,0,1,0,1,1,21,-11,18,40627,998,-118,20,0,4,1,1,0,1,0,0,995,9.8,998,998,998,99.8,99.8,99.8,437.9788317,9,8
31960,19,124,1-19-2023-124-06,6,2,5N1DR2MN0HC6,17,478,1911,7,0,35,401,2017,14,3,14,0,1,F,1,1939,5,0,1,1,4,2,56,1,0,0,995,0,0,0,35956,1,2,2,4,2,1,2,1,1,1,0,2,0,0,1,1,0,0,9,0,1,4,67,4,1,1,4,K,83,0,0,0,0,0,0,0,0,0,0,100,350,0,1,0,1,1,15,-15,-3,27467,998,-78,16,0,4,2,4,0,3,4,0,995,0.0,1,120,120,7.6,4.9,9.1,437.9788317,9,8
31961,10,154,1-10-2023-154-05,5,1,KNDMB5C1XF60,17,499,2740,2,0,63,441,2015,20,4,20,0,1,F,2,2002,5,0,1,1,15,2,72,1,1,1,114,2,0,2,45420,1,2,0,5,5,1,2,1,1,1,0,3,0,0,1,1,0,0,9,1,1,2,13,99,1,4,1,A,1,0,0,0,0,0,0,0,0,0,0,998,998,0,0,0,2,12,999,999,999,9999999,999,999,999,7,0,3,10,1,3,3,0,998,0.0,999,999,999,0.0,0.0,0.0,104.3626543,4,8
31962,10,155,1-10-2023-155-06,6,1,5NPDH4AE1EH5,17,498,2735,13,0,55,35,2014,4,1,3,0,1,R,2,1305,5,9999,9,4,34,2,40,1,8,0,995,0,7,0,99999,9,9,2,4,2,1,2,2,1,1,0,0,0,0,3,1,2,2,1,0,1,2,17,99,1,1,5,L,87,0,0,0,0,0,0,0,0,0,0,265,185,0,0,0,1,3,35,-33,-12,165001,998,95,46,0,4,99,99,0,0,99,0,995,0.0,30,30,115,17.2,1.3,17.2,1082.26272,4,8
31962,10,155,1-10-2023-155-06,6,2,1G4GE5EVXAF1,17,468,1821,13,0,18,22,2010,4,1,4,0,1,F,2,1822,5,0,1,1,5,2,40,1,0,0,995,0,0,0,45417,9,9,2,4,2,1,2,2,1,1,0,0,0,0,3,1,0,0,1,0,1,4,66,99,1,1,5,L,86,0,0,0,0,0,0,0,0,0,0,185,265,0,0,0,1,3,26,-4,25,70827,998,207,18,0,4,99,99,0,0,8,0,995,0.0,999,999,999,0.2,0.1,0.2,1082.26272,4,8
31963,66,83,1-66-2023-083-07,7,1,1FADP3F26EL1,17,460,1779,13,0,12,37,2014,4,1,3,0,1,F,1,1340,5,0,1,1,2,2,64,1,0,0,995,0,7,0,65712,9,9,2,4,2,1,2,1,2,2,0,0,0,0,1,1,0,0,9,1,10,2,16,1,1,2,4,K,80,0,0,0,0,0,0,0,0,0,0,260,100,0,1,0,1,12,999,999,999,9999999,999,999,999,6,0,99,99,0,0,99,0,995,9.8,998,998,998,99.8,99.8,99.8,126.3903999,6,8
31963,66,83,1-66-2023-083-07,7,2,1HGEJ8548XL0,17,474,1863,13,0,37,31,1999,4,1,2,0,1,F,2,1067,5,0,1,1,2,2,64,1,0,0,995,0,7,0,64862,9,9,2,4,2,1,2,1,1,4,0,0,0,0,1,1,0,0,9,0,1,4,67,99,1,1,4,K,81,0,0,0,0,0,0,0,0,0,0,100,260,0,1,0,1,12,999,999,999,9999999,999,999,999,7,0,99,99,0,0,99,0,995,9.8,998,998,998,99.8,99.8,99.8,126.3903999,6,8
31964,66,84,1-66-2023-084-09,9,1,1G11B5SA9DU1,17,467,1834,13,0,20,37,2013,4,1,3,0,1,F,3,1539,5,0,1,1,17,2,56,1,1,9,998,8,0,0,65708,9,9,2,4,2,1,2,1,1,1,1,4,0,0,3,1,0,0,9,1,1,2,10,1,1,2,3,G,50,0,0,0,0,0,0,0,0,0,0,345,185,0,0,0,1,5,999,999,999,9999999,999,999,69,5,0,99,99,0,0,0,0,995,0.0,35,35,-85,6.6,3.7,7.8,136.4050365,6,8
31964,66,84,1-66-2023-084-09,9,2,3C63RRGL6HG5,17,496,13622,60,0,7,880,2017,67,8,60,0,1,F,9,,,,,,,2,56,1,0,0,995,0,0,0,65014,9,9,2,4,2,1,2,1,1,1,1,2,0,0,3,1,0,0,9,0,1,4,62,99,1,1,3,G,51,,,,,,,,,,,,,,,,,,,,,,,,,,,95,95,95,95,95,,,9.8,998,998,998,99.8,99.8,99.8,136.4050365,6,8
31965,33,68,1-33-2023-068-05,5,1,5TFSZ5AN6GX0,17,448,2223,60,0,49,472,2016,34,5,30,0,1,R,2,1927,5,0,1,1,17,2,56,1,1,1,340,2,0,0,95969,1,9,0,4,2,1,2,1,3,1,1,2,0,0,1,1,0,0,9,1,14,2,13,3,2,4,1,A,1,0,0,0,0,0,0,0,0,0,0,998,998,0,1,5,2,10,999,999,999,9999999,999,58,25,3,0,2,6,0,1,3,0,998,0.3,16,16,120,16.7,6.0,17.4,29.41294136,12,8
31966,33,69,1-33-2023-069-05,5,1,JTHBW1GG3F20,17,515,2475,13,0,59,31,2015,4,1,4,0,1,L,2,1660,5,0,1,1,14,2,40,1,0,1,0,2,0,1,95938,1,9,2,4,2,1,2,5,2,2,0,2,0,0,2,1,2,2,2,0,11,2,15,4,1,1,4,K,82,0,0,0,0,0,0,0,0,0,0,180,290,0,1,0,1,1,27,-5,27,58631,998,-24,29,0,1,2,9,0,3,3,0,995,0.0,28,28,80,4.5,3.0,5.4,29.41294136,12,8
31966,33,69,1-33-2023-069-05,5,2,1G1RH6E47CU1,17,467,1838,5,0,20,26,2012,5,1,3,0,1,F,2,1704,5,0,1,1,14,2,72,1,0,0,995,0,0,0,95938,1,9,2,4,2,1,2,5,1,1,0,2,0,0,2,1,0,0,1,0,1,4,67,2,1,1,4,K,83,0,0,0,0,0,0,0,0,0,0,290,180,0,0,0,1,1,28,-27,5,46981,998,12,26,0,1,1,1,0,1,99,0,995,9.8,998,998,998,99.8,99.8,99.8,29.41294136,12,8
31967,33,70,1-33-2023-070-01,1,1,JF2GTAMC2K82,17,523,13580,7,0,48,403,2019,14,3,14,0,1,L,3,1500,5,0,1,1,17,2,89,1,9,9,998,8,9,9,91739,1,9,0,4,2,1,2,1,2,1,1,2,0,0,2,1,5,2,9,1,14,1,6,4,2,4,1,B,6,1,8,1,2,1,4,68,1,2,23,997,997,0,1,0,4,6,999,999,999,9999999,999,999,999,8,0,1,1,1,1,1,3,997,0.1,65,65,120,36.2,3.4,36.0,22.51848419,12,8
31968,59,131,1-59-2023-131-03,3,1,2CKDL63F8662,17,536,4591,7,0,22,403,2006,14,3,14,0,1,F,9,1660,5,9999,9,0,998,5,48,1,0,0,995,0,0,0,47804,9,9,2,4,2,1,2,1,1,1,0,0,0,0,1,1,2,2,2,0,1,2,17,1,1,1,5,L,88,0,0,0,0,0,0,0,0,0,0,5,275,0,0,0,1,0,999,999,999,9999999,999,999,999,9,0,95,95,95,95,95,0,995,9.8,998,998,998,99.8,99.8,99.8,96.63841044,6,8
31968,59,131,1-59-2023-131-03,3,2,5TDYSKFC2NS0,17,448,2468,2,0,49,442,2022,20,4,20,0,1,L,1,2150,5,0,1,1,6,2,48,1,0,0,995,0,0,0,47834,1,2,2,4,2,1,2,1,1,1,0,2,0,0,1,1,0,0,1,0,1,4,66,4,1,1,5,L,89,0,0,0,0,0,0,0,0,0,0,275,5,0,0,0,1,5,999,999,999,9999999,999,999,7,1,0,1,1,0,1,4,0,995,0.0,120,12,13,0.0,0.0,0.0,96.63841044,6,8
31969,59,132,1-59-2023-132-02,2,1,2HKRW2H91LH6,17,474,1865,7,0,37,402,2020,14,3,14,0,1,F,2,1580,5,0,1,1,5,2,64,1,0,1,0,2,0,0,47803,1,2,3,4,2,1,2,2,1,1,1,2,0,0,1,8,0,0,1,0,11,2,15,1,1,1,4,J,68,0,0,0,0,0,0,0,0,0,0,225,90,0,0,0,1,1,38,-33,-19,27141,998,-58,19,0,4,3,14,1,1,1,0,995,9.8,998,998,998,99.8,99.8,99.8,47.45671854,6,8
31969,59,132,1-59-2023-132-02,2,2,1FTFW1RGXJFD,17,460,1801,60,0,12,481,2018,34,5,31,0,1,F,1,2584,5,0,1,1,5,2,64,1,0,0,995,0,0,0,47802,9,9,3,4,2,1,2,2,1,1,1,2,0,0,1,8,0,0,9,0,1,4,62,2,1,1,4,J,69,0,0,0,0,0,0,0,0,0,0,90,225,0,0,0,1,1,24,-23,4,146698,998,59,36,0,4,1,1,0,1,4,0,995,9.8,998,998,998,99.8,99.8,99.8,47.45671854,6,8
31970,59,133,1-59-2023-133-04,4,1,2G1WF52E0593,17,467,1833,13,0,20,2,2005,4,1,4,0,1,F,9,1572,5,9999,9,0,998,5,48,1,0,0,995,0,0,0,46051,9,9,2,4,2,1,1,1,1,1,0,0,0,0,3,8,2,2,2,0,1,2,17,99,1,1,5,L,86,0,0,0,0,0,0,0,0,0,0,160,255,0,0,0,1,0,999,999,999,9999999,999,999,999,9,0,95,95,95,95,95,0,995,9.8,998,998,998,99.8,99.8,99.8,332.8115122,6,8
31970,59,133,1-59-2023-133-04,4,2,5YJYGDEEXLF0,17,441,27027,7,0,29,5,2020,14,3,14,0,1,R,1,2003,8,0,1,1,5,2,48,1,0,0,995,0,0,0,47803,1,2,2,3,2,1,2,1,1,1,0,3,0,0,3,8,0,0,9,0,1,4,66,99,1,1,5,L,87,0,0,0,0,0,0,0,0,0,0,255,160,0,0,0,1,8,999,999,999,9999999,999,999,999,6,0,0,0,0,0,0,0,995,9.8,998,998,998,99.8,99.8,99.8,332.8115122,6,8
31971,59,134,1-59-2023-134-04,4,1,JTDB4MEE2P30,17,448,2208,13,0,49,32,2023,4,1,3,0,1,F,2,1315,5,0,1,1,4,2,48,1,0,0,995,0,0,0,47837,9,9,2,4,2,1,2,1,3,1,0,2,0,0,1,8,2,2,2,0,14,2,17,2,1,1,5,L,88,0,0,0,0,0,0,0,0,0,0,280,175,0,1,0,1,3,25,-25,-4,23397,998,-54,19,0,4,0,0,0,0,0,0,995,9.8,998,998,998,99.8,99.8,99.8,332.8115122,6,8
31971,59,134,1-59-2023-134-04,4,2,1J4NF1FB1BD2,17,483,1946,7,0,2,1,2011,6,1,2,0,1,L,1,1462,5,9999,9,0,998,5,72,1,0,0,995,0,0,0,47885,9,9,2,4,2,1,2,1,1,1,1,2,0,0,1,8,0,0,9,0,1,4,66,99,1,1,5,L,89,0,0,0,0,0,0,0,0,0,0,175,280,0,1,0,1,3,24,-12,21,54280,998,-59,28,0,4,95,95,95,95,95,0,995,9.8,998,998,998,99.8,99.8,99.8,332.8115122,6,8
31972,12,102,1-12-2023-102-08,8,1,1GNKRGED1CJ1,17,467,1853,7,0,20,24,2012,6,1,5,0,1,T,2,2141,5,0,1,1,17,2,121,1,0,1,0,2,0,0,73086,2,2,1,2,2,2,1,1,2,1,3,2,1,3,5,1,0,0,9,1,14,1,9,99,3,4,1,A,2,1,4,2,2,1,4,61,1,2,25,997,997,0,1,0,1,6,999,999,999,9999999,999,999,999,7,0,3,10,1,1,3,3,997,9.8,998,998,998,99.8,99.8,99.8,405.3235548,9,8
31973,12,103,1-12-2023-103-04,4,1,1GCEC19T14E3,17,467,1850,60,0,20,481,2004,34,5,31,0,1,F,1,2106,5,0,1,5,23,2,121,1,0,0,995,0,0,0,73119,1,1,0,2,2,2,1,1,3,1,3,2,1,3,1,1,0,0,3,1,14,2,11,1,1,2,2,F,46,0,0,0,0,0,0,0,0,0,0,165,155,0,0,0,1,8,999,999,999,9999999,999,999,999,6,0,0,0,0,0,0,0,995,9.8,998,998,998,99.8,99.8,99.8,1473.747295,9,8
31973,12,103,1-12-2023-103-04,4,2,3FA6P0T94KR2,17,460,1780,13,0,12,23,2019,4,1,4,0,1,L,1,1558,5,0,1,1,14,2,121,1,0,0,995,0,0,0,73010,1,2,0,1,2,1,1,1,3,1,1,3,2,3,1,1,0,0,1,0,14,4,60,1,1,1,2,F,45,0,0,0,0,0,0,0,0,0,0,155,165,0,0,0,1,12,999,999,999,9999999,999,999,999,6,0,0,0,0,0,0,0,995,9.8,998,998,998,99.8,99.8,99.8,1473.747295,9,8
31974,12,104,1-12-2023-104-04,4,1,1GKS2HKJ3JR1,17,472,4579,7,0,23,422,2018,15,3,15,0,1,R,1,2713,5,0,1,1,9,2,72,1,8,0,995,0,7,0,73401,1,2,3,5,5,3,2,1,1,1,4,4,0,0,1,1,0,0,2,0,11,2,15,2,1,1,4,J,68,0,0,0,0,0,0,0,0,0,0,300,190,0,0,0,1,1,23,-12,-20,46943,998,-37,20,0,4,1,1,0,1,0,0,995,9.8,998,998,998,99.8,99.8,99.8,1473.747295,9,8
31974,12,104,1-12-2023-104-04,4,2,2HGFC2F88MH5,17,474,1863,13,0,37,31,2021,4,1,3,0,1,F,3,1312,5,0,1,1,10,2,72,1,8,0,995,0,7,0,73401,1,2,3,5,5,1,2,1,1,1,0,3,0,0,1,1,0,0,1,0,1,4,62,4,1,1,4,J,69,0,0,0,0,0,0,0,0,0,0,190,300,0,1,0,1,1,46,-46,8,136985,998,30,49,0,4,3,14,1,1,6,0,995,9.8,998,998,998,99.8,99.8,99.8,1473.747295,9,8
31975,48,104,1-48-2023-104-07,7,1,KM8J33A27GU1,17,498,2058,7,0,55,402,2016,14,3,14,0,1,F,3,1560,5,0,1,1,14,2,129,1,0,0,995,0,0,0,83440,1,2,0,1,2,1,1,1,1,9,1,3,2,3,2,8,0,0,1,0,1,6,87,7,1,1,1,C,13,0,0,0,0,0,0,0,0,0,0,998,998,0,0,0,1,12,999,999,999,9999999,999,999,129,5,0,0,0,0,0,0,0,998,9.8,998,998,998,99.8,99.8,99.8,339.357564,12,8
31977,17,149,1-17-2023-149-03,3,1,1D3HV13T99S7,17,476,1938,60,0,7,482,2009,34,5,30,0,1,F,1,2404,5,9999,9,0,998,5,72,1,0,0,995,0,0,0,61264,9,9,2,1,6,2,1,1,1,1,1,1,0,0,1,1,1,2,9,0,1,3,50,99,1,1,2,D,20,0,0,0,0,0,0,0,0,0,0,190,190,0,0,0,1,3,6,-6,0,3731,998,0,6,0,4,95,95,95,95,95,0,995,9.8,998,998,998,99.8,99.8,99.8,57.62015134,4,8
31977,17,149,1-17-2023-149-03,3,2,2T1BURHE6KC2,17,448,2208,13,0,49,32,2019,4,1,3,0,1,B,1,1265,5,0,1,1,14,2,72,1,0,0,995,0,0,0,61401,1,2,2,1,6,2,1,1,1,1,1,1,0,0,1,1,1,2,1,0,5,3,53,1,1,1,2,D,21,0,0,0,0,0,0,0,0,0,0,190,190,0,0,0,1,3,11,11,0,6157,998,10,11,0,4,1,1,0,1,4,0,995,9.8,998,998,998,99.8,99.8,99.8,57.62015134,4,8
31979,17,151,1-17-2023-151-10,10,1,1HGFA16569L0,17,474,1863,13,0,37,31,2009,4,1,3,0,1,F,2,1199,5,0,1,1,7,2,105,1,0,0,995,0,0,0,61240,1,9,1,2,3,3,1,1,1,9,3,2,1,3,1,1,0,0,9,0,1,3,52,99,1,1,2,D,28,0,0,0,0,0,0,0,0,0,0,180,180,0,0,0,1,3,26,-26,0,33127,998,23,25,0,4,0,0,0,0,0,0,995,9.8,998,998,998,99.8,99.8,99.8,1077.228177,4,8
31979,17,151,1-17-2023-151-10,10,2,1C4HJXFN6NW2,17,483,1943,7,0,2,403,2022,14,3,14,0,1,B,1,2031,5,9999,9,0,998,5,105,1,0,0,995,0,0,0,52730,9,9,1,2,3,3,1,1,1,9,3,2,1,3,1,1,0,0,9,0,2,3,53,99,1,1,2,D,29,0,0,0,0,0,0,0,0,0,0,180,180,0,0,0,1,3,17,17,0,22528,998,0,17,0,4,95,95,95,95,95,0,995,9.8,998,998,998,99.8,99.8,99.8,1077.228177,4,8
31981,30,135,1-30-2023-135-03,3,1,1FTFW1ED2PFC,17,460,1801,60,0,12,481,2023,34,5,31,0,1,T,3,2134,5,0,1,1,12,2,105,1,0,0,995,0,0,0,85383,1,2,1,2,5,5,2,1,1,1,1,2,0,0,1,1,0,0,1,0,1,6,91,1,1,1,1,C,15,0,0,0,0,0,0,0,0,0,0,996,996,0,0,0,1,7,999,999,999,9999999,999,999,999,8,0,1,1,0,1,5,0,996,9.8,998,998,998,99.8,99.8,99.8,447.5782202,10,8
31982,30,136,1-30-2023-136-03,3,1,3GCPYFED7LG1,17,467,1850,60,0,20,481,2020,34,5,31,0,1,F,9,2208,5,9999,9,0,998,5,121,1,0,0,995,0,0,0,85607,9,9,0,1,2,2,2,1,1,1,3,2,0,0,1,1,0,0,1,1,1,3,51,99,1,4,2,F,48,0,0,0,0,0,0,0,0,0,0,320,300,0,0,0,1,0,999,999,999,9999999,999,999,999,9,0,95,95,95,95,95,0,995,9.8,998,998,998,99.8,99.8,99.8,447.5782202,10,8
31982,30,136,1-30-2023-136-03,3,2,5TDKDRAH4PS0,17,448,2213,7,0,49,403,2023,14,3,14,0,1,B,1,1870,5,9999,9,0,998,2,121,1,0,0,995,0,0,0,19938,9,9,0,1,2,2,2,1,1,1,3,2,0,0,1,1,0,0,1,1,1,3,53,99,1,4,2,F,48,0,0,0,0,0,0,0,0,0,0,290,270,0,0,0,3,3,9,9,-2,8362,998,-3,10,0,4,99,99,0,0,8,0,995,9.8,998,998,998,99.8,99.8,99.8,447.5782202,10,8
31982,30,136,1-30-2023-136-03,3,3,3VWC57BU8KM0,17,482,3137,13,0,30,40,2019,4,1,3,0,1,F,3,1350,5,0,1,1,23,2,121,1,0,0,995,0,0,0,85041,9,9,0,1,2,2,2,1,1,1,3,2,0,0,1,1,0,0,1,1,1,3,50,99,1,4,6,M,98,0,0,0,0,0,0,0,0,0,0,999,999,0,0,0,2,11,999,999,999,9999999,999,999,999,8,0,99,99,0,0,99,0,999,9.8,998,998,998,99.8,99.8,99.8,447.5782202,10,8
31985,11,77,1-11-2023-077-09,9,1,JTJBM7FX7D50,17,515,2215,7,0,59,404,2013,14,3,14,0,1,F,1,2349,5,9999,9,0,998,3,72,1,0,0,995,0,0,0,23235,2,2,2,2,4,3,2,1,3,1,1,1,0,0,1,1,1,2,1,0,14,2,17,99,1,1,4,K,83,0,0,0,0,0,0,0,0,0,0,250,120,0,0,0,1,3,7,-7,0,3961,998,0,6,0,4,0,0,0,0,0,0,995,9.8,998,998,998,99.8,99.8,99.8,10544.3506,8,8
31985,11,77,1-11-2023-077-09,9,2,4T1BE46KX7U5,17,448,2469,13,0,49,40,2007,4,1,3,0,1,L,1,1500,5,0,1,1,57,3,72,1,0,0,995,0,0,0,23225,1,1,2,3,2,2,2,1,1,1,1,2,0,0,1,1,1,2,1,0,11,4,62,2,1,1,4,K,82,0,0,0,0,0,0,0,0,0,0,120,250,0,0,0,1,3,10,-7,8,10476,998,-80,11,0,4,1,1,0,2,4,0,995,9.8,998,998,998,99.8,99.8,99.8,10544.3506,8,8
31986,11,78,1-11-2023-078-06,6,1,3TMCZ5AN0HM0,17,448,2223,60,0,49,472,2017,34,5,31,0,1,F,2,2016,8,9999,9,4,44,2,89,1,0,0,995,0,0,0,23236,9,9,2,1,5,5,2,2,1,9,1,2,0,0,1,2,0,0,1,0,11,2,15,99,1,1,4,J,68,0,0,0,0,0,0,0,0,0,0,0,250,0,0,0,1,12,999,999,999,9999999,999,999,999,7,0,99,99,0,0,99,0,995,9.8,998,998,998,99.8,99.8,99.8,4145.633523,8,8
31986,11,78,1-11-2023-078-06,6,2,5J6RM4H73FL0,17,474,1865,7,0,37,402,2015,14,3,14,0,1,L,2,1586,5,9999,9,4,44,2,89,1,0,1,0,2,0,1,23832,1,9,2,1,5,3,2,2,1,9,3,3,0,0,1,2,0,0,1,0,1,4,62,99,1,1,4,J,69,0,0,0,0,0,0,0,0,0,0,250,0,0,0,0,1,12,999,999,999,9999999,999,999,999,7,0,1,2,0,1,4,0,995,9.8,998,998,998,99.8,99.8,99.8,4145.633523,8,8
31987,24,100,1-24-2023-100-04,4,1,5XYK33AF0PG1,17,499,2770,7,0,63,401,2023,14,3,14,0,1,F,2,1530,5,0,1,1,23,2,80,1,0,0,995,0,0,0,08330,9,9,2,5,6,4,2,1,1,1,1,2,0,0,3,1,1,2,9,0,11,2,15,99,1,1,4,J,68,0,0,0,0,0,0,0,0,0,0,110,310,0,0,0,1,1,28,-27,-5,78039,998,-34,35,0,1,0,0,0,0,0,0,995,9.8,998,998,998,99.8,99.8,99.8,1113.099766,1,8
31987,24,100,1-24-2023-100-04,4,2,4T1BE46K77U6,17,448,2469,13,0,49,40,2007,4,1,3,0,1,F,2,1490,5,0,1,1,18,2,80,1,0,0,995,0,0,0,08618,2,2,2,5,5,1,2,1,1,1,1,1,0,0,3,1,1,2,1,0,1,4,62,2,1,1,4,J,69,0,0,0,0,0,0,0,0,0,0,310,110,0,0,0,1,1,27,-27,5,22416,998,43,18,0,1,1,2,0,1,3,0,995,9.8,998,998,998,99.8,99.8,99.8,1113.099766,1,8
31988,24,101,1-24-2023-101-03,3,1,1C4RJFBG0KC6,17,483,1949,7,0,2,422,2019,15,3,15,0,1,F,1,2211,5,0,1,1,17,2,72,1,0,0,995,0,0,0,08234,3,2,2,5,3,1,2,1,1,1,1,2,0,0,3,1,0,0,1,0,1,3,52,4,1,1,2,D,28,0,0,0,0,0,0,0,0,0,0,240,215,0,0,0,1,3,11,-11,2,16544,998,-16,13,0,4,0,0,0,0,5,0,995,9.8,998,998,998,99.8,99.8,99.8,297.2788917,1,8
31988,24,101,1-24-2023-101-03,3,2,WBXPC934X8WJ,17,452,1719,7,0,34,402,2008,14,3,14,0,1,B,1,1845,5,9999,9,0,998,5,72,1,0,0,995,0,0,0,08401,9,9,2,5,3,1,2,1,1,1,1,2,0,0,3,1,0,0,1,0,11,3,53,99,1,1,2,D,30,0,0,0,0,0,0,0,0,0,0,215,240,0,0,0,1,3,14,13,5,14257,998,-81,12,0,4,95,95,95,95,95,0,995,9.8,998,998,998,99.8,99.8,99.8,297.2788917,1,8
31989,13,128,1-13-2023-128-06,6,1,1GTN2UEC9EZ1,17,472,1857,60,0,23,481,2014,34,5,31,0,1,F,3,2184,5,0,1,1,31,2,64,1,9,0,995,0,9,0,99999,9,9,2,2,6,2,2,1,1,1,1,3,0,0,3,1,1,2,9,1,1,2,13,2,1,4,1,A,1,0,0,0,0,0,0,0,0,0,0,998,998,0,0,7,3,10,999,999,999,9999999,999,2,61,5,0,99,99,0,0,99,0,998,0.5,8,8,16,9.0,3.0,9.4,2177.157955,7,8
31990,13,129,1-13-2023-129-04,4,1,1GYS4KKJ8KR1,17,469,4935,7,0,19,421,2019,15,3,15,0,1,F,1,2740,5,9999,9,0,998,2,64,1,8,0,995,0,7,0,76110,1,1,2,2,3,1,1,1,1,1,0,3,0,0,1,1,0,0,9,1,15,2,10,99,1,2,2,F,47,0,0,0,0,0,0,0,0,0,0,260,270,0,0,0,1,3,3,-3,0,1077,998,46,3,0,4,0,0,0,0,0,0,995,0.0,13,19,19,0.0,0.0,0.0,3670.71511,7,8
31990,13,129,1-13-2023-129-04,4,2,1FMCU0D75AKA,17,460,1798,7,0,12,402,2010,14,3,14,0,1,R,1,1540,5,0,1,1,24,2,64,1,8,0,995,0,7,0,76036,1,1,2,2,3,3,1,1,1,1,3,0,0,0,1,1,0,0,9,0,1,4,61,9,1,1,2,F,45,0,0,0,0,0,0,0,0,0,0,270,260,0,0,0,1,3,5,4,-2,2219,998,-127,4,0,4,0,0,0,0,0,0,995,0.0,999,999,16,0.0,0.0,0.0,3670.71511,7,8
31991,13,130,1-13-2023-130-04,4,1,1GTG5CE38G11,17,472,4093,60,0,23,472,2016,34,5,30,0,1,F,2,1833,5,0,1,1,30,2,48,1,8,0,995,0,7,0,76244,1,9,2,4,2,1,2,1,1,4,1,2,0,0,1,1,0,0,9,0,1,3,52,1,1,1,2,D,28,0,0,0,0,0,0,0,0,0,0,0,0,0,0,0,1,1,28,-28,0,87440,998,-2,34,0,1,99,99,0,0,5,0,995,9.8,998,998,998,99.8,99.8,99.8,3670.71511,7,8
31991,13,130,1-13-2023-130-04,4,2,1N4BL4CV3PN3,17,478,1904,13,0,35,47,2023,4,1,4,0,1,B,2,1558,5,0,1,1,17,2,48,1,8,0,995,0,7,0,76034,1,9,2,4,2,1,2,1,1,4,1,2,0,0,1,1,0,0,9,0,2,3,53,1,1,1,2,D,29,0,0,0,0,0,0,0,0,0,0,0,0,0,0,0,1,1,33,33,0,42140,998,0,26,0,1,0,0,0,0,0,0,995,9.8,998,998,998,99.8,99.8,99.8,3670.71511,7,8
31991,13,130,1-13-2023-130-04,4,3,3GTP1UEC9EG5,17,472,1857,60,0,23,481,2014,34,5,31,0,1,B,9,9999,9,9999,9,0,998,5,48,1,8,0,995,0,7,0,76034,9,9,2,4,2,1,2,1,1,4,1,2,0,0,1,1,0,0,9,0,5,3,53,1,1,1,6,M,98,0,0,0,0,0,0,0,0,0,0,0,0,0,0,0,2,0,999,999,999,9999999,999,999,999,9,0,95,95,95,95,95,0,995,9.8,998,998,998,99.8,99.8,99.8,3670.71511,7,8