CASEID,PSU,CASENO,CASENUMBER,CATEGORY,VEHNO,VIN,VINLENGTH,VPICMAKE,VPICMODEL,VPICBODYCLASS,ICFINALBODY,MAKE,MODEL,MODELYR,BODYTYPE,BODYCAT,VEHCLASS,SPECUSE,TRANSTAT,DAMPLANE,DAMSEV,CURBWT,CURBSRC,CARGOWT,CARGOSRC,INSPTYPE,INSPLAG,TOWED,SPEEDLIMIT,DRPRESENT,PARALCOHOL,ALCTEST,ALCTESTRESULT,ALCTESTSRC,PARDRUG,DRUGTEST,ZIP,RACE,ETHNICITY,RELTOJUNCT,TRAFFLOW,RDLANES,INITLANE,SURFTYPE,SURFCOND,ALIGNMENT,PROFILE,LINERIGHT,LINELEFT,RUMBINIT,RUMBROAD,LIGHTCOND,WEATHER,TRAFDEV,TRAFFUNCT,DISTRACT,PREFHE,PREMOVE,CRITCAT,CRITEVENT,MANEUVER,PRESTAB,PRELOC,CRASHCAT,CRASHCONF,CRASHTYPE,ROLLTYPE,ROLLTURN,ROLLINTRPT,ROLLPREMAN,ROLLINITYP,ROLLINLOC,ROLLOBJ,ROLLTRIP,ROLLDIR,ROLLDIST,DVANGTHIS,DVANGOTH,TOWHITCH,TRAJDOC,TREEPOLE,DVEVENT,DVBASIS,DVTOTAL,DVLONG,DVLAT,DVENERGY,DVSPEED,DVMOMENT,DVBES,DVEST,DVCONF,VAIS,VISS,VINJSEV,VINJURED,VTREAT,INITOBJCLASS,HEADANGLECAT,SHLDRWIDTH,STRKLENGTH,STRKWIDTH,STRKHEIGHT,EDGEDISTX,EDGEDISTY,EDGEDISTZ,CASEWGT,PSUSTRAT,VERSION
31992,14,81,1-14-2023-081-04,4,1,JN1BJ1BV2MW3,17,478,17214,5,0,35,404,2021,14,3,14,0,1,F,2,1536,5,0,1,1,21,2,72,1,8,0,995,0,7,0,78201,9,9,2,3,4,2,2,1,3,1,3,1,0,0,1,1,2,2,3,0,14,2,17,4,1,1,5,L,86,0,0,0,0,0,0,0,0,0,0,30,160,0,0,0,1,1,32,-31,-6,93589,998,-22,38,0,1,0,0,0,0,0,0,995,9.8,998,998,998,99.8,99.8,99.8,2452.854709,8,8
31992,14,81,1-14-2023-081-04,4,2,1C4RJEBG3FC6,17,483,1949,7,0,2,422,2015,15,3,15,0,1,R,1,2211,5,0,1,1,21,2,72,1,8,0,995,0,7,0,78130,9,1,2,1,3,2,2,1,1,1,3,1,0,0,1,1,2,2,9,0,1,4,66,2,1,1,5,L,87,1,1,1,5,7,1,1,2,2,3,160,30,0,0,0,1,1,22,-11,-19,16926,998,36,13,0,1,0,0,0,0,0,1,995,0.0,999,8,80,1.4,1.8,1.6,2452.854709,8,8
31994,16,114,1-16-2023-114-06,6,1,1HGCP264X9A1,17,474,1861,13,0,37,32,2009,4,1,4,0,1,F,3,1468,5,0,1,4,34,2,56,1,0,0,995,0,0,0,45150,9,9,0,4,4,2,2,1,1,4,3,2,0,0,1,1,0,0,9,1,1,2,10,99,1,2,3,G,50,0,0,0,0,0,0,0,0,0,0,240,65,0,0,0,1,3,46,-46,0,169394,998,-50,51,0,4,1,1,0,1,8,0,995,9.8,998,998,998,99.8,99.8,99.8,964.7331518,5,8
31994,16,114,1-16-2023-114-06,6,2,3KPFL4A71HE0,17,499,2462,13,0,63,38,2017,4,1,3,0,1,F,3,1318,5,0,1,1,7,2,56,1,0,1,0,2,0,0,45229,2,2,0,4,4,2,2,1,1,2,3,2,0,0,1,1,0,0,1,0,1,4,62,4,1,1,3,G,51,0,0,0,0,0,0,0,0,0,0,65,240,0,0,0,1,3,48,-48,0,108668,998,-29,42,0,4,3,14,1,2,3,0,995,0.4,26,26,63,1.0,0.4,1.0,964.7331518,5,8
31994,16,114,1-16-2023-114-06,6,3,5GAKRDED7CJ2,17,468,1841,7,0,18,24,2012,6,1,5,0,2,F,1,2168,5,9999,9,6,30,,,,,,,,,,,,,,,,,,,,,,,,,,,,,,,,,,,,,,,,,,,,,,,,,,,,,,,,,,,,,,,,,,95,95,95,95,95,,,,,,,,,,964.7331518,5,8
31995,16,115,1-16-2023-115-03,3,1,4T1BA32K85U5,17,448,2469,13,0,49,40,2005,4,1,3,0,1,F,1,1435,5,0,1,1,6,2,56,1,0,0,995,0,7,0,45216,1,2,2,4,2,1,2,2,1,1,1,2,0,0,1,2,2,2,2,0,11,2,15,9,1,1,4,K,82,0,0,0,0,0,0,0,0,0,0,70,185,0,0,0,1,1,17,-17,3,17762,998,67,16,0,4,0,0,0,0,0,0,995,9.8,998,998,998,99.8,99.8,99.8,443.4579919,5,8
31995,16,115,1-16-2023-115-03,3,2,1N4BL4BV6LC1,17,478,1904,13,0,35,47,2020,4,1,4,0,1,R,1,1545,5,0,1,1,5,2,56,1,8,0,995,0,7,0,45225,9,9,2,4,4,2,2,2,3,1,3,2,0,0,1,2,0,0,1,0,14,4,67,3,1,1,4,K,83,0,0,0,0,0,0,0,0,0,0,185,70,0,0,0,1,1,16,-8,-14,19995,998,31,18,0,4,99,99,0,0,0,0,995,9.8,998,998,998,99.8,99.8,99.8,443.4579919,5,8
31996,25,95,1-25-2023-095-03,3,1,LYVA22RL0KB2,17,485,1962,7,0,51,404,2019,14,3,14,0,1,F,1,1866,5,0,1,1,19,2,80,1,0,0,995,0,0,0,04084,1,9,0,4,2,1,2,1,3,1,1,2,0,0,1,1,0,0,9,1,14,1,8,1,1,4,1,B,6,0,0,0,0,0,0,0,0,0,0,998,998,0,1,0,1,1,15,-14,5,18064,998,40,15,0,1,1,1,0,1,3,0,998,1.2,120,14,78,46.7,32.2,54.6,151.0099264,2,8
31997,25,96,1-25-2023-096-06,6,1,1FADP3E2XGL2,17,460,1779,13,0,12,37,2016,4,1,3,0,1,F,1,1340,5,0,1,1,15,2,64,1,0,0,995,0,0,0,04363,1,9,2,4,2,1,2,1,1,4,1,2,0,0,1,1,0,0,9,0,1,3,50,99,1,1,2,D,20,0,0,0,0,0,0,0,0,0,0,355,355,0,0,0,1,3,19,-19,0,21140,998,0,20,0,4,1,1,0,1,5,0,995,9.8,998,998,998,99.8,99.8,99.8,328.5187885,2,8
31997,25,96,1-25-2023-096-06,6,2,JF2GPACC2E82,17,523,2236,7,0,48,403,2014,14,3,14,0,1,B,1,1425,5,9999,9,0,998,5,64,1,0,0,995,0,0,0,01430,9,9,2,4,2,1,2,1,1,4,1,2,0,0,1,1,0,0,1,0,5,3,53,1,1,1,2,D,21,0,0,0,0,0,0,0,0,0,0,355,355,0,0,0,1,3,19,19,0,19562,998,0,19,0,4,95,95,95,95,95,0,995,9.8,998,998,998,99.8,99.8,99.8,328.5187885,2,8
31998,14,82,1-14-2023-082-06,6,1,KMHDH4AE9DU5,17,498,2735,13,0,55,35,2013,4,1,3,0,1,B,2,1265,5,9999,9,4,33,2,113,1,8,0,995,0,7,0,78130,2,9,0,2,4,1,2,1,1,9,1,3,2,3,1,1,0,0,9,0,1,4,60,99,1,1,6,M,98,0,0,0,0,0,0,0,0,0,0,10,15,0,0,0,3,12,999,999,999,9999999,999,999,999,7,0,0,0,0,0,5,0,995,9.8,998,998,998,99.8,99.8,99.8,1481.849396,8,8
31998,14,82,1-14-2023-082-06,6,2,3GCUKREC6JG3,17,467,1850,60,0,20,481,2018,34,5,31,0,1,R,9,2431,5,0,2,4,33,2,113,1,8,0,995,0,7,0,78644,1,2,0,2,4,2,2,1,1,9,3,3,0,3,1,1,0,0,1,0,1,4,61,1,1,1,6,M,98,0,0,0,0,0,0,0,0,0,0,10,350,0,0,0,2,12,999,999,999,9999999,999,999,999,9,0,0,0,0,0,0,0,995,9.8,998,998,998,99.8,99.8,99.8,1481.849396,8,8
31998,14,82,1-14-2023-082-06,6,3,3GTUUDED8PG3,17,472,1857,60,0,23,481,2023,34,5,31,0,1,R,9,3053,5,9999,9,0,998,5,113,1,8,0,995,0,7,0,78666,9,9,0,2,4,1,2,1,1,9,1,3,2,3,1,1,0,0,9,0,1,3,51,99,1,1,2,F,48,0,0,0,0,0,0,0,0,0,0,0,10,0,0,0,1,0,999,999,999,9999999,999,999,999,9,0,95,95,95,95,95,0,995,9.8,998,998,998,99.8,99.8,99.8,1481.849396,8,8
31998,14,82,1-14-2023-082-06,6,4,2LMDJ6JK8FBL,17,464,1813,7,0,13,14,2015,6,1,4,0,1,L,9,2008,5,9999,9,0,998,5,113,1,8,0,995,0,7,0,77901,9,9,0,2,4,1,2,1,1,9,1,3,2,3,1,1,0,0,9,0,16,3,53,99,1,1,2,F,48,0,0,0,0,0,0,0,0,0,0,10,0,0,0,0,1,0,999,999,999,9999999,999,999,999,9,0,95,95,95,95,95,0,995,9.8,998,998,998,99.8,99.8,99.8,1481.849396,8,8
32000,32,165,1-32-2023-165-04,4,1,1HGCY1F37PA0,17,474,1861,13,0,37,32,2023,4,1,4,0,1,F,1,1493,5,0,1,1,23,2,56,1,1,8,997,8,9,9,75060,9,1,2,4,2,1,1,1,1,1,0,0,0,0,3,1,2,2,9,1,1,2,12,99,1,4,1,B,6,0,0,0,0,0,0,0,0,0,0,998,998,0,0,1,3,1,13,-13,0,10640,998,-25,13,0,4,0,0,0,0,0,0,998,0.0,5,5,50,1.7,0.6,1.8,2831.910292,7,8
32001,32,166,1-32-2023-166-03,3,1,JTDBR32E7300,17,448,2208,13,0,49,32,2003,4,1,2,0,1,R,2,1130,5,9999,9,0,998,2,48,1,0,0,995,0,0,0,75040,9,1,2,4,2,1,1,1,1,1,0,0,0,0,1,1,2,2,9,0,1,2,17,99,1,1,5,L,87,0,0,0,0,0,0,0,0,0,0,0,270,0,0,0,1,3,33,-6,-33,71608,998,43,37,0,4,9,97,0,1,99,0,995,9.8,998,998,998,99.8,99.8,99.8,648.7418866,7,8
32001,32,166,1-32-2023-166-03,3,2,1FMCU0F63LUB,17,460,1798,7,0,12,402,2020,14,3,14,0,1,F,2,1496,5,0,1,1,35,2,48,1,0,0,995,0,0,0,75042,9,1,2,4,2,1,1,1,1,1,0,5,0,0,1,1,0,0,9,0,1,4,66,99,1,1,5,L,86,0,0,0,0,0,0,0,0,0,0,270,0,0,0,0,1,3,25,-24,4,27072,998,35,20,0,4,9,97,0,2,99,0,995,9.8,998,998,998,99.8,99.8,99.8,648.7418866,7,8
32002,32,167,1-32-2023-167-05,5,1,1G6DP5770601,17,469,1825,13,0,19,18,2006,4,1,4,0,1,F,2,1620,5,0,1,5,12,2,113,1,0,0,995,0,0,0,75023,1,9,0,2,5,4,1,1,2,3,3,3,0,0,1,1,0,0,9,1,14,3,51,2,1,2,2,D,24,0,0,0,0,0,0,0,0,0,0,95,85,0,0,0,1,12,999,999,999,9999999,999,999,999,7,0,99,99,0,0,5,0,995,9.8,998,998,998,99.8,99.8,99.8,136.0940297,7,8
32002,32,167,1-32-2023-167-05,5,2,3C6UR5NL2NG2,17,496,13621,60,0,7,482,2022,34,5,31,0,1,R,1,2308,5,9999,9,0,998,5,113,1,0,0,995,0,0,0,76244,9,9,0,2,5,3,1,1,2,3,3,3,0,0,1,1,0,0,9,0,14,4,60,99,1,1,2,D,25,0,0,0,0,0,0,0,0,0,0,85,90,0,0,0,3,3,10,-2,-10,8706,998,42,10,0,4,95,95,95,95,95,0,995,9.8,998,998,998,99.8,99.8,99.8,136.0940297,7,8
32002,32,167,1-32-2023-167-05,5,3,WDC0G6EB6JF3,17,449,5885,7,0,42,405,2018,14,3,14,0,1,L,1,1880,5,0,1,1,11,2,113,1,0,0,995,0,0,0,75002,9,1,0,2,5,2,1,1,2,3,3,3,0,0,1,1,0,0,9,0,14,4,60,99,1,1,6,M,98,0,0,0,0,0,0,0,0,0,0,90,85,0,0,0,3,3,11,4,10,11278,998,-54,11,0,4,9,97,0,1,5,0,995,9.8,998,998,998,99.8,99.8,99.8,136.0940297,7,8
32002,32,167,1-32-2023-167-05,5,4,WBAYP9C54FD1,17,452,1732,1,0,34,36,2015,1,1,4,0,1,F,2,2109,5,0,1,1,12,2,113,1,0,0,995,0,0,0,75070,2,9,0,2,5,2,1,1,2,3,3,3,0,0,1,1,0,0,9,0,14,4,60,4,1,1,6,M,98,0,0,0,0,0,0,0,0,0,0,998,998,0,0,0,5,12,999,999,999,9999999,999,999,999,7,0,9,97,0,1,5,0,998,3.6,999,999,999,11.5,3.6,12.0,136.0940297,7,8
32003,31,93,1-31-2023-093-04,4,1,1FM5K8GC1LGC,17,460,1800,7,0,12,425,2020,15,3,15,0,1,9,9,2022,5,9999,9,6,31,2,89,1,0,0,995,0,0,0,40601,1,2,0,4,2,1,2,1,1,4,1,2,0,0,2,1,0,0,1,0,1,6,87,99,1,1,1,C,13,0,0,0,0,0,0,0,0,0,0,998,998,0,0,0,1,12,999,999,999,9999999,999,999,999,9,0,0,0,0,0,0,0,998,9.8,998,998,998,99.8,99.8,99.8,194.3365105,6,8
32004,31,94,1-31-2023-094-08,8,1,1B7HF13Y91J1,17,476,1938,60,0,7,482,2001,34,5,31,0,1,T,2,2285,5,9999,9,1,45,2,89,1,1,0,995,0,0,0,62930,9,9,0,4,2,1,2,1,3,1,1,2,0,0,2,1,0,0,9,1,14,1,6,99,4,4,1,B,7,1,6,2,6,1,4,61,1,1,27,997,997,0,0,0,1,6,999,999,999,9999999,999,999,999,7,0,9,97,0,1,99,3,997,9.8,998,998,998,99.8,99.8,99.8,249.1998599,6,8
32005,31,95,1-31-2023-095-10,10,1,3VWRZ71K68M0,17,482,3137,13,0,30,40,2008,4,1,2,0,1,R,2,1465,5,9999,9,1,20,2,89,1,1,1,0,1,7,9,62821,9,9,0,4,2,1,2,1,1,1,0,0,0,0,2,1,0,0,9,0,1,6,89,99,1,1,1,C,15,0,0,0,0,0,0,0,0,0,0,998,998,0,0,0,2,12,999,999,999,9999999,999,999,999,7,0,0,0,0,0,0,0,998,0.0,999,999,999,3.6,1.6,3.9,190.9257288,6,8
32006,32,164,1-32-2023-164-08,8,1,1HGFA16536L0,17,474,1863,13,0,37,31,2006,4,1,3,0,1,F,3,1224,5,0,1,1,14,2,89,1,0,1,0,2,0,2,76248,1,9,0,1,3,1,1,1,3,4,1,3,0,0,1,8,0,0,9,1,14,2,13,99,1,4,1,A,1,0,0,0,0,0,0,0,0,0,0,998,998,0,0,0,3,1,67,-67,0,226213,998,17,67,0,2,3,14,1,1,3,0,998,0.0,120,15,23,0.0,0.0,0.0,625.7196368,7,8
32006,32,164,1-32-2023-164-08,8,2,1FT7X2B61GEC,17,460,1805,60,0,12,481,2016,34,5,31,0,1,B,9,3007,5,9999,9,0,998,5,89,1,0,0,995,0,0,0,75077,9,9,0,1,3,1,1,1,3,4,1,3,0,0,1,8,0,0,9,0,14,4,61,1,1,1,6,M,98,0,0,0,0,0,0,0,0,0,0,205,210,0,0,0,2,0,999,999,999,9999999,999,999,999,9,0,95,95,95,95,95,0,995,9.8,998,998,998,99.8,99.8,99.8,625.7196368,7,8
32007,73,155,1-73-2023-155-03,3,1,3C4NJDAB9KT6,17,483,1946,7,0,2,1,2019,6,1,2,0,1,F,2,1509,5,0,1,1,44,2,999,1,0,0,995,0,0,0,04930,9,9,0,4,2,1,2,1,1,4,0,0,0,0,1,1,0,0,1,1,1,6,87,11,1,4,1,B,8,0,0,0,0,0,0,0,0,0,0,998,998,0,1,7,1,10,999,999,999,9999999,999,6,34,3,0,1,2,0,1,4,0,998,0.0,30,30,120,25.5,2.1,25.7,76.23652225,3,8
32008,73,156,1-73-2023-156-03,3,1,5XXGT4L32JG2,17,499,2739,13,0,63,34,2018,4,1,4,0,1,R,2,1463,5,0,1,1,33,2,72,1,8,0,995,0,7,0,04971,9,9,2,4,2,1,2,1,3,4,1,2,0,0,1,1,2,2,2,0,14,2,17,1,1,1,5,L,87,0,0,0,0,0,0,0,0,0,0,345,255,0,0,0,1,1,29,-10,-28,20964,998,55,18,0,1,99,99,0,0,99,0,995,9.8,998,998,998,99.8,99.8,99.8,76.23652225,3,8
32008,73,156,1-73-2023-156-03,3,2,2C4RDGCG3KR7,17,476,14832,2,0,7,442,2019,20,4,20,0,1,F,1,2050,5,0,1,1,33,2,72,1,8,0,995,0,7,0,04064,9,9,2,4,2,1,2,1,3,2,1,2,0,0,1,1,0,0,1,0,14,4,66,98,1,1,5,L,86,0,0,0,0,0,0,0,0,0,0,255,345,0,0,0,1,1,21,-20,7,83687,998,75,29,0,1,0,0,0,0,4,0,995,9.8,998,998,998,99.8,99.8,99.8,76.23652225,3,8
32009,27,107,1-27-2023-107-03,3,1,5TELU42N15Z1,17,448,2223,60,0,49,472,2005,34,5,31,0,1,F,2,1837,5,0,1,1,26,2,56,1,0,0,995,0,0,0,01237,1,2,2,4,3,1,2,2,1,1,3,2,0,0,1,2,0,0,1,1,1,2,10,99,1,2,3,I,64,0,0,0,0,0,0,0,0,0,0,345,215,0,1,0,1,1,35,-33,-12,184901,998,-69,46,0,4,1,1,0,1,4,0,995,9.8,998,998,998,99.8,99.8,99.8,22.8203331,3,8
32009,27,107,1-27-2023-107-03,3,2,5TDEBRCH8LS0,17,448,2213,7,0,49,403,2020,14,3,14,0,1,L,2,2065,5,0,1,1,26,2,56,1,0,0,995,0,0,0,01238,1,2,2,4,3,1,2,2,1,4,0,2,0,0,1,2,0,0,1,0,1,4,61,4,1,1,3,I,65,0,0,0,0,0,0,0,0,0,0,215,345,0,1,0,1,1,30,-26,15,14590,998,-70,12,0,4,1,1,0,2,4,0,995,9.8,998,998,998,99.8,99.8,99.8,22.8203331,3,8
32010,27,108,1-27-2023-108-09,9,1,5TDDZRBH9MS1,17,448,2213,7,0,49,403,2021,14,3,14,0,1,B,1,2065,5,9999,9,0,998,5,72,1,8,9,998,8,7,9,05352,9,9,0,4,3,1,2,2,1,1,1,2,0,0,1,2,0,0,1,0,2,3,53,99,1,1,2,D,29,0,0,0,0,0,0,0,0,0,0,200,200,0,0,0,1,3,11,11,0,10948,998,0,12,0,4,95,95,95,95,95,0,995,9.8,998,998,998,99.8,99.8,99.8,180.1368357,3,8
32010,27,108,1-27-2023-108-09,9,2,1G11E5SA8DU1,17,467,1834,13,0,20,37,2013,4,1,3,0,1,F,1,1602,5,0,1,1,4,2,72,1,8,0,995,0,7,9,12822,1,2,0,4,3,1,2,2,1,1,1,2,0,0,1,2,0,0,9,0,1,3,52,2,1,1,2,D,28,0,0,0,0,0,0,0,0,0,0,200,200,0,0,0,1,3,13,-13,0,10330,998,0,13,0,4,0,0,0,0,6,0,995,9.8,998,998,998,99.8,99.8,99.8,180.1368357,3,8
32013,28,95,1-28-2023-095-04,4,1,4S3GTAV69M37,17,523,2235,5,0,48,38,2021,5,1,3,0,1,F,1,1382,5,91,1,1,15,2,89,1,0,0,995,0,0,0,16928,1,2,2,4,2,1,5,1,1,2,0,0,0,0,1,1,2,2,1,0,11,2,15,1,1,1,4,K,82,0,0,0,0,0,0,0,0,0,0,225,335,0,0,0,1,1,13,-13,2,18168,998,35,17,0,1,0,0,0,0,0,0,995,9.8,998,998,998,99.8,99.8,99.8,82.38475732,3,8
32013,28,95,1-28-2023-095-04,4,2,3B7KF23602M3,17,476,1938,60,0,7,482,2002,34,5,30,0,1,R,1,2623,5,0,1,1,23,2,89,1,0,0,995,0,0,0,16950,9,9,2,4,2,1,5,1,1,4,0,0,0,0,1,1,0,0,1,1,1,4,67,10,1,2,4,K,83,0,0,0,0,0,0,0,0,0,0,335,225,0,0,0,1,1,7,-4,-6,8892,998,221,6,0,1,9,97,0,1,0,0,995,9.8,998,998,998,99.8,99.8,99.8,82.38475732,3,8
32014,28,96,1-28-2023-096-01,1,1,KM8JU3AC6CU4,17,498,2058,7,0,55,402,2012,14,3,14,0,1,L,1,1450,8,0,1,1,8,2,72,1,0,1,0,2,0,1,16748,9,9,0,4,2,1,2,1,3,1,1,2,0,0,2,1,0,0,9,1,14,2,13,99,2,4,1,A,1,2,98,8,8,98,8,32,8,8,998,998,998,0,0,1,1,1,17,-17,3,19553,998,-57,17,0,3,4,29,1,1,1,8,998,0.1,20,20,-113,25.8,6.8,26.7,42.69226645,3,8
32015,22,84,1-22-2023-084-04,4,1,3TMCZ5AN5KM2,17,448,2223,60,0,49,472,2019,34,5,30,0,1,T,1,1975,5,0,1,1,20,2,97,1,0,0,995,0,0,0,99328,1,2,0,4,2,1,2,1,3,1,1,2,1,0,2,1,0,0,3,1,14,1,9,3,3,4,1,A,2,1,3,2,2,1,4,61,1,2,10,997,997,0,0,0,1,6,999,999,999,9999999,999,999,999,6,0,1,2,0,1,4,3,997,9.8,998,998,998,99.8,99.8,99.8,45.44681192,12,8
32017,22,86,1-22-2023-086-07,7,1,1C3CDFAA5FD4,17,476,2054,13,0,7,29,2015,4,1,3,0,1,L,1,1445,3,0,1,1,7,2,40,1,0,0,995,0,0,0,83501,9,9,2,4,2,1,2,1,1,1,0,0,0,0,1,1,2,2,3,0,11,2,15,3,1,1,4,K,82,0,0,0,0,0,0,0,0,0,0,145,255,0,0,0,1,3,11,-6,10,9136,998,17,12,0,4,0,0,0,0,0,0,995,9.8,998,998,998,99.8,99.8,99.8,119.0502447,12,8
32017,22,86,1-22-2023-086-07,7,2,1C6RR7LT8HS6,17,496,13620,60,0,7,482,2017,34,5,30,0,1,F,1,2336,5,9999,9,0,998,5,40,1,0,0,995,0,0,0,99403,9,9,2,4,2,1,2,1,1,1,0,0,0,0,1,1,0,0,9,0,1,4,66,99,1,1,4,K,83,0,0,0,0,0,0,0,0,0,0,255,145,0,0,0,1,3,7,-7,-1,3863,998,-44,6,0,4,95,95,95,95,95,0,995,9.8,998,998,998,99.8,99.8,99.8,119.0502447,12,8
32018,28,97,1-28-2023-097-06,6,1,1FMCU9HD3JUB,17,460,1798,7,0,12,402,2018,14,3,14,0,1,T,2,1668,5,0,1,5,32,2,56,1,0,0,995,0,0,0,16947,1,9,0,4,2,1,2,1,1,4,0,0,0,0,1,1,0,0,9,1,1,2,13,3,2,4,1,A,1,1,5,2,2,1,4,61,1,2,30,997,997,0,0,0,2,6,999,999,999,9999999,999,999,999,7,0,1,1,0,1,4,3,997,0.0,999,999,999,22.6,2.7,23.7,91.92077313,3,8
32019,22,87,1-22-2023-087-10,10,1,1HGCP3F87CA0,17,474,1861,13,0,37,32,2012,4,1,4,0,1,R,1,1621,5,0,1,1,10,2,56,1,0,0,995,0,0,0,83501,9,9,2,5,3,2,2,1,1,4,4,4,0,0,2,1,0,0,9,0,11,2,15,99,1,1,4,J,68,0,0,0,0,0,0,0,0,0,0,195,80,0,0,0,1,1,17,-9,-15,28668,998,139,15,0,4,0,0,0,0,0,0,995,9.8,998,998,998,99.8,99.8,99.8,424.2199095,12,8
32019,22,87,1-22-2023-087-10,10,2,1FTJW36FXVEA,17,460,1806,60,0,12,481,1997,34,5,31,0,1,F,1,2576,5,998,2,1,9,2,40,1,0,0,995,0,0,0,99403,5,2,2,5,5,2,2,1,1,1,3,2,0,0,2,1,0,0,3,0,1,4,62,3,1,1,4,J,69,0,0,0,0,0,0,0,0,0,0,80,195,0,0,0,1,1,7,-7,1,17931,998,111,9,0,4,0,0,0,0,7,0,995,9.8,998,998,998,99.8,99.8,99.8,424.2199095,12,8
32020,15,197,1-15-2023-197-03,3,1,2FMPK4K98NBA,17,460,1797,7,0,12,424,2022,15,3,15,0,1,F,3,1875,5,0,1,5,16,2,64,1,0,0,995,0,0,0,11577,1,2,2,4,5,2,2,1,1,1,1,1,0,0,1,1,1,2,9,0,1,2,17,4,1,1,5,L,88,0,0,0,0,0,0,0,0,0,0,50,320,0,0,0,1,12,999,999,999,9999999,999,999,999,8,0,1,1,0,1,4,0,995,9.8,998,998,998,99.8,99.8,99.8,49.31030761,1,8
32020,15,197,1-15-2023-197-03,3,2,1C6SRFHT1NN1,17,496,13620,60,0,7,482,2022,34,5,31,0,1,L,2,2308,5,9999,9,4,9,2,48,1,0,0,995,0,0,0,11010,9,9,2,4,5,2,2,1,1,1,1,1,0,0,1,1,1,2,9,0,1,4,66,99,1,1,5,L,89,0,0,0,0,0,0,0,0,0,0,320,50,0,0,0,1,12,999,999,999,9999999,999,999,999,7,0,0,0,0,0,0,0,995,9.8,998,998,998,99.8,99.8,99.8,49.31030761,1,8
32022,15,199,1-15-2023-199-02,2,1,5N1BT3BB3PC8,17,478,1913,7,0,35,404,2023,14,3,14,0,1,F,1,1610,5,0,1,1,16,2,48,1,8,9,998,8,7,1,11691,2,9,2,1,2,1,2,1,3,2,1,1,0,0,1,8,1,2,9,1,14,2,13,99,9,4,1,A,1,0,0,0,0,0,0,0,0,0,0,998,998,0,0,0,1,10,999,999,999,9999999,999,0,13,2,0,0,0,0,0,3,0,998,0.4,120,79,80,18.0,13.4,21.8,10.48566673,1,8
32024,20,102,1-20-2023-102-08,8,1,WBAAR3345YJM,17,452,5253,3,0,34,34,2000,6,1,3,0,1,T,3,1430,5,0,1,1,22,2,105,1,1,8,997,8,0,0,93905,9,1,0,2,2,2,2,1,1,9,3,2,1,3,2,1,0,0,9,1,1,2,12,99,2,4,1,B,7,1,3,2,6,1,4,61,1,2,15,997,997,0,0,0,2,6,999,999,999,9999999,999,999,999,8,0,2,4,0,1,8,3,997,2.1,999,999,999,29.4,6.5,30.1,71.32403674,11,8
32027,21,107,1-21-2023-107-09,9,1,1GCDC14H4FF4,17,467,11489,60,0,20,481,1985,34,5,30,0,1,F,2,1583,5,50,1,1,10,2,113,1,0,0,995,0,0,0,85338,1,2,0,1,2,2,2,1,1,1,3,2,1,3,1,1,0,0,1,0,1,3,52,3,1,1,2,D,28,0,0,0,0,0,0,0,0,0,0,210,220,0,0,0,1,5,999,999,999,9999999,999,999,999,7,0,1,2,0,1,4,0,995,9.8,998,998,998,99.8,99.8,99.8,745.185492,11,8
32027,21,107,1-21-2023-107-09,9,2,1GB3GSC77P11,17,467,1848,62,108,20,870,2023,61,8,60,0,1,B,9,,,,,,,5,113,1,0,0,995,0,0,0,90274,9,9,0,1,2,2,2,1,1,1,3,2,1,3,1,1,0,0,9,0,1,2,18,1,1,1,2,D,29,,,,,,,,,,,,,,,,,,,,,,,,,,,95,95,95,95,95,,,9.8,998,998,998,99.8,99.8,99.8,745.185492,11,8
32027,21,107,1-21-2023-107-09,9,3,4UZAEGG77RCV,17,450,2022,111,0,82,881,2024,60,8,60,0,1,B,9,,,,,,,5,113,1,0,0,995,0,0,0,79107,9,9,0,1,2,2,2,1,1,1,3,2,1,3,1,1,0,0,9,0,1,3,53,1,1,1,6,M,98,,,,,,,,,,,,,,,,,,,,,,,,,,,95,95,95,95,95,,,9.8,998,998,998,99.8,99.8,99.8,745.185492,11,8
32030,76,103,1-76-2023-103-07,7,1,KNMAT2MV7JP5,17,478,1913,8,0,35,51,2018,6,1,3,0,1,F,1,1610,5,0,1,1,10,2,89,1,8,9,998,8,7,9,12477,1,2,0,4,3,1,2,1,3,4,1,2,1,0,2,1,0,0,1,0,14,6,87,2,1,1,1,C,13,0,0,0,0,0,0,0,0,0,0,998,998,0,0,0,1,10,999,999,999,9999999,999,-30,12,2,0,0,0,0,0,0,0,998,9.8,998,998,998,99.8,99.8,99.8,20.03911002,3,8
32031,26,116,1-26-2023-116-06,6,1,1FA6P8AM9H52,17,460,1781,3,0,12,3,2017,2,1,3,0,1,R,1,1607,5,9999,9,4,222,2,40,1,0,0,995,0,0,0,95816,9,9,2,3,2,1,2,1,1,1,1,3,0,0,1,1,1,2,3,0,1,2,17,99,9,1,5,L,87,0,0,0,0,0,0,0,0,0,0,20,290,0,0,0,1,12,999,999,999,9999999,999,999,999,6,0,99,99,0,0,0,0,995,9.8,998,998,998,99.8,99.8,99.8,1738.318376,10,8