CASEID,PSU,CASENO,CASENUMBER,CATEGORY,VEHNO,VIN,VINLENGTH,VPICMAKE,VPICMODEL,VPICBODYCLASS,ICFINALBODY,MAKE,MODEL,MODELYR,BODYTYPE,BODYCAT,VEHCLASS,SPECUSE,TRANSTAT,DAMPLANE,DAMSEV,CURBWT,CURBSRC,CARGOWT,CARGOSRC,INSPTYPE,INSPLAG,TOWED,SPEEDLIMIT,DRPRESENT,PARALCOHOL,ALCTEST,ALCTESTRESULT,ALCTESTSRC,PARDRUG,DRUGTEST,ZIP,RACE,ETHNICITY,RELTOJUNCT,TRAFFLOW,RDLANES,INITLANE,SURFTYPE,SURFCOND,ALIGNMENT,PROFILE,LINERIGHT,LINELEFT,RUMBINIT,RUMBROAD,LIGHTCOND,WEATHER,TRAFDEV,TRAFFUNCT,DISTRACT,PREFHE,PREMOVE,CRITCAT,CRITEVENT,MANEUVER,PRESTAB,PRELOC,CRASHCAT,CRASHCONF,CRASHTYPE,ROLLTYPE,ROLLTURN,ROLLINTRPT,ROLLPREMAN,ROLLINITYP,ROLLINLOC,ROLLOBJ,ROLLTRIP,ROLLDIR,ROLLDIST,DVANGTHIS,DVANGOTH,TOWHITCH,TRAJDOC,TREEPOLE,DVEVENT,DVBASIS,DVTOTAL,DVLONG,DVLAT,DVENERGY,DVSPEED,DVMOMENT,DVBES,DVEST,DVCONF,VAIS,VISS,VINJSEV,VINJURED,VTREAT,INITOBJCLASS,HEADANGLECAT,SHLDRWIDTH,STRKLENGTH,STRKWIDTH,STRKHEIGHT,EDGEDISTX,EDGEDISTY,EDGEDISTZ,CASEWGT,PSUSTRAT,VERSION
32031,26,116,1-26-2023-116-06,6,2,5TDBKRFH0GS2,17,448,2213,7,0,49,403,2016,14,3,14,0,1,F,1,1925,5,9999,9,4,222,2,40,1,0,0,995,0,0,0,95691,9,9,2,3,3,3,2,1,1,1,3,1,0,0,1,1,1,2,9,0,1,4,66,99,9,1,5,L,86,0,0,0,0,0,0,0,0,0,0,290,20,0,0,0,1,12,999,999,999,9999999,999,999,999,6,0,99,99,0,0,0,0,995,9.8,998,998,998,99.8,99.8,99.8,1738.318376,10,8
32032,26,117,1-26-2023-117-02,2,1,WDBTJ75J23F0,17,449,2822,3,0,42,47,2003,2,1,3,0,1,F,9,1594,5,9999,9,0,998,2,64,1,9,0,995,0,9,0,95864,2,9,2,5,5,2,2,1,1,1,3,2,0,0,3,1,0,0,1,0,1,3,52,99,9,1,2,D,28,0,0,0,0,0,0,0,0,0,0,999,999,0,1,9,99,0,999,999,999,9999999,999,999,999,9,0,0,0,0,0,0,0,999,1.8,63,58,86,3.0,7.1,7.7,46.07877891,10,8
32032,26,117,1-26-2023-117-02,2,2,KL8CD6SA8MC7,17,467,1836,5,0,20,29,2021,5,1,1,0,1,B,9,1019,5,9999,9,0,998,2,64,1,0,0,995,0,0,0,95828,2,9,2,5,5,2,2,1,1,1,3,2,0,0,3,1,0,0,1,0,2,3,53,99,9,1,2,D,29,0,0,0,0,0,0,0,0,0,0,80,85,0,0,0,1,0,999,999,999,9999999,999,999,999,9,0,3,13,1,2,8,0,995,9.8,998,998,998,99.8,99.8,99.8,46.07877891,10,8
32033,29,84,1-29-2023-084-09,9,1,1FMYU03Z76KB,17,460,1798,7,0,12,402,2006,14,3,14,0,1,F,1,1496,5,0,1,1,12,2,105,1,0,1,4,2,0,0,02740,1,2,0,2,3,1,2,1,3,9,3,1,2,3,1,1,0,0,9,1,14,2,13,99,9,4,1,A,1,1,5,1,2,1,4,61,1,2,999,998,998,0,0,9,1,1,20,-19,3,24343,998,-20,20,0,1,1,1,0,1,4,3,998,3.8,999,999,999,99.9,99.9,99.9,4862.993235,2,8
32034,27,110,1-27-2023-110-03,3,1,JF2GPAVCXE83,17,523,2236,7,0,48,403,2014,14,3,14,0,1,F,2,1425,5,0,1,1,10,2,48,1,0,0,995,0,0,0,01201,1,2,2,4,3,2,2,1,1,1,1,2,0,0,1,8,1,2,9,0,11,2,15,4,1,1,4,J,68,0,0,0,0,0,0,0,0,0,0,255,95,0,0,0,1,1,29,-29,-5,30274,998,11,23,0,1,1,1,0,1,4,0,995,9.8,998,998,998,99.8,99.8,99.8,22.8203331,3,8
32034,27,110,1-27-2023-110-03,3,2,5NPD84LF5LH5,17,498,2735,13,0,55,35,2020,4,1,3,0,1,F,2,1280,5,0,1,1,10,2,48,1,0,0,995,0,0,0,01226,1,2,2,4,3,2,2,1,2,4,1,2,0,0,1,8,1,2,1,0,14,4,62,4,1,1,4,J,69,0,0,0,0,0,0,0,0,0,0,95,255,0,0,0,1,1,31,-31,5,70756,998,14,36,0,1,1,2,0,1,4,0,995,9.8,998,998,998,99.8,99.8,99.8,22.8203331,3,8
32035,15,201,1-15-2023-201-04,4,1,999999999999,99,5801,99999,999,0,25,499,1988,19,3,19,0,1,L,9,9999,9,9999,9,0,998,5,48,1,8,9,998,8,7,9,11419,9,9,2,4,2,1,2,2,1,1,0,0,0,0,1,2,2,2,9,0,11,2,15,99,1,1,4,K,82,0,0,0,0,0,0,0,0,0,0,355,90,0,0,0,1,0,999,999,999,9999999,999,999,999,9,0,95,95,95,95,95,0,995,9.8,998,998,998,99.8,99.8,99.8,181.478399,1,8
32035,15,201,1-15-2023-201-04,4,2,1C4HJXDG4MW5,17,483,1943,7,0,2,403,2021,14,3,14,0,1,F,2,1890,5,0,1,5,10,2,56,1,8,9,998,8,7,9,11726,9,9,2,4,4,2,2,2,1,1,3,2,0,0,1,2,2,2,9,0,1,4,63,99,1,1,4,K,83,0,0,0,0,0,0,0,0,0,0,90,355,0,0,0,1,12,999,999,999,9999999,999,999,999,7,0,0,0,0,0,0,0,995,9.8,998,998,998,99.8,99.8,99.8,181.478399,1,8
32036,15,202,1-15-2023-202-03,3,1,SHSRD78483U1,17,474,1865,7,0,37,402,2003,14,3,14,0,1,F,9,1480,5,9999,9,0,998,5,48,1,8,9,998,8,7,9,11590,9,9,2,4,3,1,2,1,1,1,1,1,0,0,1,1,1,2,9,0,1,2,17,99,1,1,5,L,88,0,0,0,0,0,0,0,0,0,0,95,5,0,0,0,1,0,999,999,999,9999999,999,999,999,9,0,95,95,95,95,95,0,995,9.8,998,998,998,99.8,99.8,99.8,49.31030761,1,8
32036,15,202,1-15-2023-202-03,3,2,2T1BU4EEXDC1,17,448,2208,13,0,49,32,2013,4,1,2,0,1,L,9,1260,5,9999,9,0,998,2,48,1,8,9,998,8,7,9,11552,9,9,2,4,2,1,2,1,1,1,0,0,0,0,1,1,1,2,9,0,1,4,66,99,1,1,5,L,89,0,0,0,0,0,0,0,0,0,0,5,95,0,0,0,1,0,999,999,999,9999999,999,999,999,9,0,0,0,0,0,4,0,995,9.8,998,998,998,99.8,99.8,99.8,49.31030761,1,8
32036,15,202,1-15-2023-202-03,3,3,3GNAXSEG2PL2,17,467,1847,7,0,20,404,2023,14,3,14,0,1,L,9,1572,5,9999,9,0,998,2,48,1,8,9,998,8,7,9,11542,9,9,2,4,3,1,2,1,1,1,1,1,0,0,1,1,1,2,9,0,1,4,66,99,9,1,6,M,98,0,0,0,0,0,0,0,0,0,0,275,70,0,0,0,2,0,999,999,999,9999999,999,999,999,9,0,1,1,0,1,4,0,995,9.8,998,998,998,99.8,99.8,99.8,49.31030761,1,8
32037,17,152,1-17-2023-152-09,9,1,4T1BB46K57U0,17,448,2469,13,0,49,40,2007,4,1,4,0,1,F,2,1669,5,0,1,1,31,2,89,1,0,0,995,0,0,0,61244,3,9,2,1,2,2,2,1,1,1,3,2,1,3,1,1,0,0,9,0,1,3,50,2,1,1,2,D,20,0,0,0,0,0,0,0,0,0,0,95,95,0,0,0,1,3,26,-26,0,48298,998,0,25,0,4,99,99,0,0,99,0,995,9.8,998,998,998,99.8,99.8,99.8,225.6846841,4,8
32037,17,152,1-17-2023-152-09,9,2,2G1WC5E35C13,17,467,1833,13,0,20,2,2012,4,1,4,0,1,B,2,1658,5,9999,9,0,998,2,89,1,0,0,995,0,0,0,61201,3,2,2,1,2,2,2,1,1,1,3,2,1,3,1,1,0,0,9,0,5,3,53,99,1,1,2,D,21,0,0,0,0,0,0,0,0,0,0,95,95,0,0,0,1,3,30,30,0,64073,998,0,31,0,4,1,1,0,1,6,0,995,9.8,998,998,998,99.8,99.8,99.8,225.6846841,4,8
32038,17,153,1-17-2023-153-06,6,1,1C4SDJFT4HC7,17,476,3508,7,0,7,422,2017,15,3,15,0,1,F,2,2418,5,0,1,1,13,2,48,1,0,0,995,0,0,0,61201,2,9,2,4,2,1,1,1,1,1,0,4,0,0,1,1,2,2,9,0,1,2,17,1,1,1,5,L,86,0,0,0,0,0,0,0,0,0,0,95,190,0,0,0,1,1,25,-25,4,98301,998,36,31,0,1,99,99,0,0,5,0,995,9.8,998,998,998,99.8,99.8,99.8,70.81649057,4,8
32038,17,153,1-17-2023-153-06,6,2,1FTEW1EPXHKD,17,460,1801,60,0,12,481,2017,34,5,31,0,1,R,2,2130,5,0,1,1,25,2,48,1,0,0,995,0,0,0,61265,1,9,2,4,2,1,1,1,1,2,0,0,0,0,1,1,0,0,9,0,1,4,66,7,1,1,5,L,87,0,0,0,0,0,0,0,0,0,0,190,95,0,0,0,1,1,29,-10,-27,67538,998,116,23,0,1,0,0,0,0,0,0,995,0.0,3,3,999,1.5,0.5,1.6,70.81649057,4,8
32039,20,103,1-20-2023-103-09,9,1,1D4GP45R15B3,17,476,1942,9,0,7,442,2005,20,4,20,0,1,R,2,1752,5,0,1,1,13,2,105,1,0,0,995,0,7,0,93927,9,1,1,2,2,2,2,1,1,9,3,2,1,3,2,8,0,0,3,1,1,2,12,99,4,4,1,B,6,1,3,2,2,1,4,61,1,2,18,997,997,0,0,0,3,6,999,999,999,9999999,999,999,999,7,0,1,1,0,1,99,3,997,1.8,999,999,999,26.1,7.0,26.9,522.0756725,11,8
32040,21,110,1-21-2023-110-06,6,1,1HGCR2F56GA1,17,474,1861,13,0,37,32,2016,4,1,4,0,1,R,9,1496,5,9999,9,4,41,2,113,1,0,0,995,0,0,0,92311,2,2,0,2,3,2,2,1,1,9,3,3,0,3,4,1,0,0,9,1,1,2,10,1,1,2,2,F,45,0,0,0,0,0,0,0,0,0,0,15,15,0,0,0,2,5,999,999,999,9999999,999,999,999,9,0,1,2,0,1,4,0,995,9.8,998,998,998,99.8,99.8,99.8,246.4446072,11,8
32040,21,110,1-21-2023-110-06,6,2,JM1BL1V84C16,17,473,2074,13,0,41,51,2012,4,1,2,0,1,R,9,1378,5,9999,9,0,998,2,113,1,0,0,995,0,1,0,92392,1,1,0,2,3,3,2,1,1,9,3,2,1,3,4,1,0,0,9,0,1,4,61,99,1,1,2,F,44,0,0,0,0,0,0,0,0,0,0,15,15,0,0,0,1,0,999,999,999,9999999,999,999,999,9,0,0,0,0,0,0,0,995,9.8,998,998,998,99.8,99.8,99.8,246.4446072,11,8
32040,21,110,1-21-2023-110-06,6,3,3AKJHHDR6LSL,17,450,2501,66,0,82,881,2020,66,8,68,0,1,L,9,,,,,,,5,113,1,0,0,995,0,0,0,68935,9,9,0,2,3,1,2,1,1,9,1,3,2,3,4,1,0,0,9,0,1,4,60,1,1,1,6,M,98,,,,,,,,,,,,,,,,,,,,,,,,,,,95,95,95,95,95,,,9.8,998,998,998,99.8,99.8,99.8,246.4446072,11,8
32041,30,137,1-30-2023-137-02,2,1,2GCPACED7P11,17,467,1850,60,0,20,481,2023,34,5,31,0,1,F,2,2087,5,9999,9,5,72,2,72,1,1,9,998,8,0,0,85204,9,9,2,5,5,2,2,1,1,1,3,1,0,0,3,1,1,2,9,0,1,4,62,99,1,1,4,J,69,0,0,0,0,0,0,0,0,0,0,90,220,0,0,0,1,12,999,999,999,9999999,999,999,999,7,0,9,97,0,1,8,0,995,0.0,30,30,999,3.5,0.0,3.5,29.59247548,10,8
32041,30,137,1-30-2023-137-02,2,2,1G1FW6S03P41,17,467,13672,5,0,20,40,2023,5,1,2,0,1,F,2,1628,5,9999,9,4,62,2,72,1,0,9,998,8,0,9,85201,9,9,2,5,5,3,2,1,1,1,4,4,0,0,3,1,1,2,9,0,11,2,15,99,1,1,4,J,68,0,0,0,0,0,0,0,0,0,0,220,90,0,0,0,1,12,999,999,999,9999999,999,999,999,7,0,99,99,0,0,8,0,995,9.8,998,998,998,99.8,99.8,99.8,29.59247548,10,8
32042,21,111,1-21-2023-111-03,3,1,5TDZZRFHXKS3,17,448,2213,7,0,49,403,2019,14,3,14,0,1,F,1,1965,5,9999,9,4,50,2,64,1,0,0,995,0,0,0,92411,9,1,0,4,2,1,2,1,1,2,0,2,0,0,1,1,0,0,1,0,1,3,50,2,2,1,2,D,32,0,0,0,0,0,0,0,0,0,0,90,100,0,0,0,1,12,999,999,999,9999999,999,999,999,6,0,1,1,0,1,8,0,995,9.8,998,998,998,99.8,99.8,99.8,88.25958823,11,8
32042,21,111,1-21-2023-111-03,3,2,KNDUP1318465,17,499,2740,2,0,63,441,2004,20,4,20,0,1,B,9,2136,5,9999,9,0,998,2,64,0,7,7,887,6,8,8,99998,8,8,0,4,2,1,2,1,1,2,0,2,0,0,1,1,0,0,0,8,0,3,53,0,0,0,2,D,32,0,0,0,0,0,0,0,0,0,0,100,90,0,0,0,1,0,999,999,999,9999999,999,999,999,9,0,0,0,0,0,0,0,995,9.8,998,998,998,99.8,99.8,99.8,88.25958823,11,8
32045,23,87,1-23-2023-087-07,7,1,WAUFMBFC9EN0,17,582,3148,13,0,32,42,2014,4,1,5,0,1,F,1,1795,5,0,1,1,13,2,113,1,0,0,995,0,0,0,43227,9,9,0,2,3,3,2,1,1,1,3,2,1,3,2,1,0,0,1,0,1,6,87,99,1,1,1,C,13,0,0,0,0,0,0,0,0,0,0,998,998,0,0,0,1,10,999,999,999,9999999,999,41,16,2,0,0,0,0,0,0,0,998,4.2,120,999,999,4.9,1.6,5.2,2143.052769,5,8
32046,23,88,1-23-2023-088-08,8,1,1HGEJ667XXL0,17,474,1863,13,0,37,31,1999,4,1,2,0,1,F,1,1067,5,0,1,1,13,2,89,1,0,0,995,0,0,0,43015,1,2,0,1,3,3,2,2,1,1,3,1,0,0,2,2,0,0,1,0,1,3,52,99,1,1,2,D,28,0,0,0,0,0,0,0,0,0,0,15,15,0,0,0,1,3,23,-23,0,19502,998,17,20,0,4,3,10,1,2,3,0,995,9.8,998,998,998,99.8,99.8,99.8,192.1398651,5,8
32046,23,88,1-23-2023-088-08,8,2,2FMDK3J90DBA,17,460,1797,7,0,12,24,2013,6,1,4,0,1,B,1,1852,5,9999,9,0,998,5,89,1,0,0,995,0,0,0,43068,9,9,0,1,3,3,2,2,1,1,3,2,0,0,2,2,0,0,1,0,2,3,53,99,1,1,2,D,29,0,0,0,0,0,0,0,0,0,0,15,15,0,0,0,1,3,15,15,0,20179,998,20,17,0,4,95,95,95,95,95,0,995,9.8,998,998,998,99.8,99.8,99.8,192.1398651,5,8
32046,23,88,1-23-2023-088-08,8,3,2GNAXKEXXJ61,17,467,1847,7,0,20,404,2018,14,3,14,0,1,B,9,1508,5,9999,9,0,998,5,89,1,0,0,995,0,0,0,43015,9,9,0,1,3,3,2,2,1,1,3,2,0,0,2,2,0,0,1,0,2,3,53,99,1,1,6,M,98,0,0,0,0,0,0,0,0,0,0,15,15,0,0,0,2,0,999,999,999,9999999,999,999,999,9,0,95,95,95,95,95,0,995,9.8,998,998,998,99.8,99.8,99.8,192.1398651,5,8
32047,23,89,1-23-2023-089-08,8,1,1FTEF14YXPNA,17,460,1801,60,0,12,481,1993,34,5,30,0,1,F,9,2013,5,9999,9,0,998,2,89,1,0,1,0,2,0,0,43334,9,9,2,4,2,1,2,1,1,4,0,0,0,0,1,1,2,2,1,1,1,1,3,2,1,4,1,C,14,0,0,0,0,0,0,0,0,0,0,998,998,0,0,7,2,0,999,999,999,9999999,999,999,999,9,0,3,10,1,1,3,0,998,0.4,8,7,120,1.1,2.5,2.8,192.1398651,5,8
32048,10,156,1-10-2023-156-06,6,1,2G4WC5827911,17,468,1821,13,0,18,22,2009,4,1,4,0,1,F,1,1585,8,9999,9,0,998,5,56,1,0,0,995,0,0,0,45405,9,9,2,4,2,1,2,1,1,1,1,2,0,0,2,1,2,2,1,0,1,2,17,99,1,1,5,L,86,0,0,0,0,0,0,0,0,0,0,235,10,0,0,0,1,3,17,-16,-6,16155,998,-75,15,0,4,95,95,95,95,95,0,995,9.8,998,998,998,99.8,99.8,99.8,323.8078436,4,8
32048,10,156,1-10-2023-156-06,6,2,1FMCU0F74HUD,17,460,1798,7,0,12,402,2017,14,3,14,0,1,R,1,1611,5,0,1,1,6,2,56,1,0,0,995,0,0,0,45415,9,9,2,5,5,2,2,1,1,1,1,2,0,0,2,1,0,0,1,0,1,4,68,3,1,1,5,L,87,1,1,2,5,7,1,1,2,2,2,10,235,0,0,0,1,3,15,-8,-13,26117,998,60,18,0,4,1,2,0,1,4,1,995,9.8,998,998,998,99.8,99.8,99.8,323.8078436,4,8
32050,59,135,1-59-2023-135-03,3,1,1GKKNXLS3MZ1,17,472,1855,7,0,23,423,2021,15,3,15,0,1,F,1,1991,5,0,1,1,9,2,48,1,0,0,995,0,0,0,47847,9,9,2,1,2,1,2,1,1,1,0,1,0,0,1,1,1,2,9,0,1,2,17,2,1,1,5,L,88,0,0,0,0,0,0,0,0,0,0,180,90,0,0,0,1,1,11,-10,-4,16591,998,-32,14,0,1,1,1,0,1,5,0,995,9.8,998,998,998,99.8,99.8,99.8,86.7633825,6,8
32050,59,135,1-59-2023-135-03,3,2,1GNKRHKD8FJ3,17,467,1853,7,0,20,423,2015,15,3,15,0,1,L,1,2107,5,0,1,1,7,2,48,1,0,0,995,0,0,0,47885,9,9,2,4,2,1,2,1,1,1,0,0,0,0,1,1,1,2,9,0,1,4,66,99,1,1,5,L,89,0,0,0,0,0,0,0,0,0,0,90,180,0,0,0,1,1,10,-4,10,9561,998,134,8,0,1,0,0,0,0,0,0,995,9.8,998,998,998,99.8,99.8,99.8,86.7633825,6,8
32051,59,136,1-59-2023-136-04,4,1,1GCVKREC9FZ1,17,467,1850,60,0,20,481,2015,34,5,31,0,1,B,9,2366,5,9999,9,0,998,5,56,1,0,0,995,0,0,0,47805,9,9,2,4,4,1,2,1,1,1,0,1,0,0,1,1,1,2,9,0,5,3,53,1,1,1,2,D,21,0,0,0,0,0,0,0,0,0,0,90,90,0,0,0,1,0,999,999,999,9999999,999,999,999,9,0,95,95,95,95,95,0,995,9.8,998,998,998,99.8,99.8,99.8,298.8030577,6,8
32051,59,136,1-59-2023-136-04,4,2,1FMCU0GD3KUC,17,460,1798,7,0,12,402,2019,14,3,14,0,1,F,2,1611,5,0,1,1,23,2,56,1,0,0,995,0,0,0,47802,9,9,2,4,4,1,2,1,1,1,0,1,0,0,1,1,1,2,3,0,2,3,50,3,1,1,2,D,20,0,0,0,0,0,0,0,0,0,0,90,90,0,0,0,1,5,999,999,999,9999999,999,999,27,3,0,0,0,0,0,0,0,995,9.8,998,998,998,99.8,99.8,99.8,298.8030577,6,8
32052,59,137,1-59-2023-137-03,3,1,1GYKPCRS7LZ1,17,469,25856,7,0,19,423,2020,15,3,15,0,1,R,9,2127,5,9999,9,0,998,2,48,1,0,0,995,0,0,0,28273,1,9,2,1,4,4,2,1,1,1,1,2,0,0,1,1,1,2,2,0,11,2,15,99,1,1,4,J,68,0,0,0,0,0,0,0,0,0,0,275,175,0,0,0,1,0,999,999,999,9999999,999,999,999,9,0,1,2,0,1,4,0,995,9.8,998,998,998,99.8,99.8,99.8,86.7633825,6,8
32052,59,137,1-59-2023-137-03,3,2,3KPF24AD9LE1,17,499,2462,13,0,63,38,2020,4,1,3,0,1,F,2,1256,5,0,1,1,7,2,48,1,0,0,995,0,0,0,47869,1,2,2,1,3,1,2,1,1,1,0,3,0,0,1,1,1,2,1,0,1,4,62,1,1,1,4,J,69,0,0,0,0,0,0,0,0,0,0,175,275,0,1,0,1,5,999,999,999,9999999,999,999,35,3,0,1,1,0,1,4,0,995,0.0,40,40,115,1.1,1.0,1.5,86.7633825,6,8
32053,59,138,1-59-2023-138-03,3,1,5N1DL0MM5KC5,17,480,1910,7,0,58,403,2019,14,3,14,0,1,F,1,2049,5,0,1,1,5,2,64,1,0,0,995,0,0,0,47802,9,9,2,1,3,3,2,1,1,1,1,2,1,3,1,1,1,2,9,0,11,2,15,99,1,1,4,J,68,0,0,0,0,0,0,0,0,0,0,100,330,0,0,0,1,3,8,-7,-4,3281,998,-114,5,0,4,2,5,0,1,4,0,995,9.8,998,998,998,99.8,99.8,99.8,86.7633825,6,8
32053,59,138,1-59-2023-138-03,3,2,1GTDK14K4KZ5,17,472,1857,60,0,23,481,1989,34,5,31,0,1,R,2,1705,5,9999,9,1,5,2,64,1,0,1,0,2,0,1,47802,1,9,2,1,3,1,2,1,1,1,1,3,2,3,1,1,1,2,9,0,1,4,62,99,1,1,4,J,69,0,0,0,0,0,0,0,0,0,0,998,998,0,1,1,3,12,999,999,999,9999999,999,999,999,7,0,3,10,1,1,4,0,998,4.5,10,10,75,0.2,0.1,0.3,86.7633825,6,8
32054,54,84,1-54-2023-084-09,9,1,2MEFM75W8WX6,17,465,1792,13,0,14,6,1998,4,1,5,0,1,F,1,1722,5,0,1,1,21,2,56,1,0,1,0,2,1,2,35654,1,2,0,4,2,1,2,1,3,2,0,0,0,0,1,1,0,0,9,1,14,2,10,99,1,2,3,I,64,0,0,0,0,0,0,0,0,0,0,0,200,0,1,0,1,3,20,-19,3,17832,998,-38,16,0,4,1,1,0,1,4,0,995,0.0,24,24,48,6.3,5.9,8.4,246.6359036,9,8
32054,54,84,1-54-2023-084-09,9,2,3GCPKTE72DG1,17,467,1850,60,0,20,481,2013,34,5,31,0,1,L,1,2397,5,0,1,1,8,2,56,1,0,0,995,0,0,0,35653,1,9,0,4,2,1,2,1,2,1,0,0,0,0,1,1,0,0,9,0,14,4,62,2,1,1,3,I,65,0,0,0,0,0,0,0,0,0,0,200,0,0,1,0,1,3,14,-12,7,37081,998,-98,17,0,4,0,0,0,0,0,0,995,9.8,998,998,998,99.8,99.8,99.8,246.6359036,9,8
32055,54,85,1-54-2023-085-09,9,1,1HGCP2F45CA0,17,474,1861,13,0,37,32,2012,4,1,4,0,1,L,2,1476,8,0,1,1,6,2,72,1,0,0,995,0,0,0,35653,9,1,2,4,2,1,2,1,2,2,1,2,0,0,1,1,2,2,9,0,11,2,15,99,1,1,4,K,82,0,0,0,0,0,0,0,0,0,0,340,80,0,0,0,1,12,999,999,999,9999999,999,999,999,7,0,1,1,0,1,4,0,995,9.8,998,998,998,99.8,99.8,99.8,246.6359036,9,8
32055,54,85,1-54-2023-085-09,9,2,1D8HN44H58B1,17,476,1942,2,0,7,442,2008,20,4,20,0,1,F,2,1960,5,77,2,1,8,2,105,1,0,0,995,0,0,0,35673,1,1,2,1,3,1,2,1,3,1,1,3,2,3,1,1,0,0,3,0,14,4,67,3,1,1,4,K,83,0,0,0,0,0,0,0,0,0,0,80,340,0,1,0,1,12,999,999,999,9999999,999,999,999,7,0,1,2,0,1,4,0,995,9.8,998,998,998,99.8,99.8,99.8,246.6359036,9,8
32056,54,86,1-54-2023-086-06,6,1,1G1FD1RS4G01,17,467,1829,3,0,20,9,2016,2,1,4,0,1,L,1,1564,5,0,1,1,2,2,72,1,0,0,995,0,0,0,35661,1,2,2,4,2,1,2,1,3,1,1,2,0,0,2,1,2,2,1,0,4,2,17,1,1,1,5,L,89,0,0,0,0,0,0,0,0,0,0,85,160,0,0,0,1,3,19,3,19,44042,998,105,21,0,4,2,9,0,2,4,0,995,9.8,998,998,998,99.8,99.8,99.8,156.0896345,9,8
32056,54,86,1-54-2023-086-06,6,2,1GCDS19E8981,17,467,4086,60,0,20,473,2009,34,5,31,0,1,F,1,1636,5,9999,9,0,998,2,105,1,0,0,995,0,0,0,35581,1,9,2,1,2,1,2,1,3,1,1,3,2,3,2,1,0,0,9,0,14,4,66,99,1,1,5,L,88,1,2,2,2,5,4,31,6,1,12,160,85,0,1,0,1,3,19,-19,0,17469,998,0,16,0,4,1,1,0,1,4,2,995,9.8,998,998,998,99.8,99.8,99.8,156.0896345,9,8
32057,77,108,1-77-2023-108-03,3,1,3HGGK5H42LM7,17,474,2127,5,0,37,39,2020,5,1,1,0,1,L,1,1131,5,0,1,1,11,2,89,1,0,0,995,0,0,0,20190,9,9,2,4,2,1,2,1,3,1,0,2,0,0,1,1,2,2,1,0,14,2,17,4,1,1,5,L,89,0,0,0,0,0,0,0,0,0,0,195,275,0,0,0,1,1,20,-10,18,17481,998,89,15,0,4,0,0,0,0,0,0,995,9.8,998,998,998,99.8,99.8,99.8,424.6490362,9,8
32057,77,108,1-77-2023-108-03,3,2,3GNFK16Z95G2,17,467,1851,7,0,20,422,2005,15,3,15,0,1,F,1,2244,5,181,2,1,26,2,89,1,0,0,995,0,0,0,22971,1,2,2,4,2,1,2,1,1,1,1,2,1,0,1,1,0,0,1,0,1,4,66,3,1,1,5,L,88,0,0,0,0,0,0,0,0,0,0,275,195,0,0,0,1,1,10,-8,-6,26875,998,-101,14,0,4,0,0,0,0,0,0,995,9.8,998,998,998,99.8,99.8,99.8,424.6490362,9,8
32058,77,109,1-77-2023-109-05,5,1,KM8JU3AC5AU0,17,498,2058,7,0,55,402,2010,14,3,14,0,1,F,3,1439,5,0,1,1,16,2,56,1,9,1,0,2,9,2,22903,9,9,2,1,2,2,2,1,1,1,3,2,0,0,2,1,0,0,1,1,1,2,10,1,1,2,3,G,50,0,0,0,0,0,0,0,0,0,0,30,235,0,0,0,1,1,46,-45,-8,106109,998,5,41,0,1,2,5,0,2,3,0,995,9.8,998,998,998,99.8,99.8,99.8,76.33062011,9,8
32058,77,109,1-77-2023-109-05,5,2,4T1BF1FKXHU7,17,448,2469,13,0,49,40,2017,4,1,4,0,1,F,3,1467,5,0,1,1,16,2,56,1,0,0,995,0,0,0,22903,9,9,2,1,3,2,2,1,1,1,3,2,0,0,2,1,0,0,1,0,1,4,62,8,1,1,3,G,51,0,0,0,0,0,0,0,0,0,0,235,30,0,0,0,1,1,47,-46,8,160622,998,21,51,0,1,2,5,0,1,3,0,995,9.8,998,998,998,99.8,99.8,99.8,76.33062011,9,8
32059,77,110,1-77-2023-110-10,10,1,4T1BF3EKXAU5,17,448,2469,13,0,49,40,2010,4,1,4,0,1,L,1,1500,5,0,1,1,5,3,72,1,0,0,995,0,0,0,22911,9,9,2,4,2,1,2,1,1,4,1,2,1,0,1,1,0,0,1,1,1,2,13,8,1,4,1,A,1,0,0,0,0,0,0,0,0,0,0,998,998,0,0,7,1,10,999,999,999,9999999,999,-99,9,1,0,0,0,0,0,0,0,998,0.5,5,5,120,5.9,1.8,6.3,16349.08911,9,8
32060,18,90,1-18-2023-090-03,3,1,1GAZGPFP0K11,17,467,1848,9,0,20,461,2019,21,4,21,0,1,L,9,1318,5,9999,9,0,998,3,89,1,0,0,995,0,0,0,54701,1,9,0,4,2,1,2,1,1,4,1,2,0,0,1,5,0,0,1,1,12,2,21,99,1,6,6,M,98,0,0,0,0,0,0,0,0,0,0,285,350,0,0,0,1,0,999,999,999,9999999,999,999,999,9,0,0,0,0,0,0,0,995,9.8,998,998,998,99.8,99.8,99.8,77.90315916,6,8
32060,18,90,1-18-2023-090-03,3,2,5XYP3DHC1MG1,17,499,25756,7,0,63,422,2021,15,3,15,0,1,F,1,1970,5,0,1,1,13,2,89,1,0,0,995,0,0,0,54758,1,1,0,4,2,1,2,1,1,4,1,2,0,0,1,5,0,0,1,1,1,4,64,3,1,2,6,M,98,0,0,0,0,0,0,0,0,0,0,350,285,0,0,0,1,12,999,999,999,9999999,999,999,999,6,0,1,1,0,1,0,0,995,9.8,998,998,998,99.8,99.8,99.8,77.90315916,6,8