CASEID,PSU,CASENO,CASENUMBER,CATEGORY,VEHNO,VIN,VINLENGTH,VPICMAKE,VPICMODEL,VPICBODYCLASS,ICFINALBODY,MAKE,MODEL,MODELYR,BODYTYPE,BODYCAT,VEHCLASS,SPECUSE,TRANSTAT,DAMPLANE,DAMSEV,CURBWT,CURBSRC,CARGOWT,CARGOSRC,INSPTYPE,INSPLAG,TOWED,SPEEDLIMIT,DRPRESENT,PARALCOHOL,ALCTEST,ALCTESTRESULT,ALCTESTSRC,PARDRUG,DRUGTEST,ZIP,RACE,ETHNICITY,RELTOJUNCT,TRAFFLOW,RDLANES,INITLANE,SURFTYPE,SURFCOND,ALIGNMENT,PROFILE,LINERIGHT,LINELEFT,RUMBINIT,RUMBROAD,LIGHTCOND,WEATHER,TRAFDEV,TRAFFUNCT,DISTRACT,PREFHE,PREMOVE,CRITCAT,CRITEVENT,MANEUVER,PRESTAB,PRELOC,CRASHCAT,CRASHCONF,CRASHTYPE,ROLLTYPE,ROLLTURN,ROLLINTRPT,ROLLPREMAN,ROLLINITYP,ROLLINLOC,ROLLOBJ,ROLLTRIP,ROLLDIR,ROLLDIST,DVANGTHIS,DVANGOTH,TOWHITCH,TRAJDOC,TREEPOLE,DVEVENT,DVBASIS,DVTOTAL,DVLONG,DVLAT,DVENERGY,DVSPEED,DVMOMENT,DVBES,DVEST,DVCONF,VAIS,VISS,VINJSEV,VINJURED,VTREAT,INITOBJCLASS,HEADANGLECAT,SHLDRWIDTH,STRKLENGTH,STRKWIDTH,STRKHEIGHT,EDGEDISTX,EDGEDISTY,EDGEDISTZ,CASEWGT,PSUSTRAT,VERSION
32100,25,99,1-25-2023-099-04,4,2,SHHFK7H4XHU4,17,474,1863,5,0,37,31,2017,5,1,3,0,1,R,9,1323,5,9999,9,0,998,2,72,1,8,0,995,0,7,0,04038,9,9,0,4,2,1,2,1,1,4,1,4,1,0,2,1,0,0,1,0,1,4,64,99,1,1,6,M,98,0,0,0,0,0,0,0,0,0,0,350,335,0,0,0,1,0,999,999,999,9999999,999,999,999,9,0,0,0,0,0,0,0,995,9.8,998,998,998,99.8,99.8,99.8,221.1782899,2,8
32101,76,104,1-76-2023-104-04,4,1,4T1G11AK3MU5,17,448,2469,13,0,49,40,2021,4,1,4,0,1,F,2,1520,5,9999,9,4,74,2,56,1,8,9,998,8,7,9,11211,9,9,3,4,2,1,2,1,1,2,1,2,0,0,1,1,0,0,9,0,11,2,15,99,1,1,4,J,68,0,0,0,0,0,0,0,0,0,0,160,25,0,0,0,1,12,999,999,999,9999999,999,999,999,7,0,0,0,0,0,0,0,995,9.8,998,998,998,99.8,99.8,99.8,17.81182118,3,8
32101,76,104,1-76-2023-104-04,4,2,JH4CL96984C0,17,475,1874,13,0,54,39,2004,4,1,3,0,1,F,9,1465,5,9999,9,0,998,2,56,1,8,9,998,8,7,9,12414,9,9,3,4,2,1,2,1,1,1,1,2,0,0,1,1,0,0,9,0,1,4,62,99,1,1,4,J,69,0,0,0,0,0,0,0,0,0,0,25,160,0,0,0,1,0,999,999,999,9999999,999,999,999,9,0,0,0,0,0,0,0,995,9.8,998,998,998,99.8,99.8,99.8,17.81182118,3,8
32104,31,96,1-31-2023-096-10,10,1,1G4HD57228U1,17,468,4267,13,0,18,23,2008,4,1,5,0,1,B,3,1800,5,9999,9,1,13,2,113,1,8,0,995,0,7,0,62220,9,9,0,1,2,1,2,1,1,1,1,3,2,3,1,1,0,0,3,1,1,2,13,2,3,4,1,A,2,0,0,0,0,0,0,0,0,0,0,998,998,0,0,1,3,1,77,76,-13,465320,998,45,77,0,4,0,0,0,0,0,0,998,3.2,43,43,100,53.4,17.8,56.3,381.8514577,6,8
32105,31,97,1-31-2023-097-02,2,1,5FNRL38875B0,17,474,1869,2,0,37,441,2005,20,4,20,0,1,F,2,2095,5,9999,9,1,11,2,89,1,0,0,995,0,0,0,62844,9,9,3,4,2,1,2,1,1,2,1,2,0,0,1,1,0,0,9,0,11,2,15,99,1,1,4,J,68,0,0,0,0,0,0,0,0,0,0,230,100,0,0,0,1,1,33,-31,-11,110005,998,-45,35,0,1,9,97,0,1,99,0,995,9.8,998,998,998,99.8,99.8,99.8,194.4867666,6,8
32105,31,97,1-31-2023-097-02,2,2,3LN6L5F97KR6,17,464,1790,13,0,13,13,2019,4,1,4,0,1,F,2,1773,5,0,2,1,11,2,89,1,0,1,0,2,0,0,62234,1,2,3,4,2,1,2,1,1,1,1,4,0,0,1,1,0,0,1,0,1,4,62,2,1,1,4,J,69,0,0,0,0,0,0,0,0,0,0,100,230,0,0,0,1,1,38,-33,19,132036,998,93,36,0,1,2,5,0,1,4,0,995,0.3,999,999,999,10.6,3.7,11.2,194.4867666,6,8
32106,31,98,1-31-2023-098-04,4,1,KMHLR4AF1MU1,17,498,2735,13,0,55,35,2021,4,1,3,0,1,F,1,1370,5,9999,9,1,9,2,89,1,0,1,0,1,0,0,62821,9,9,0,4,2,1,2,1,1,1,1,2,0,0,2,1,0,0,9,0,1,6,87,99,1,1,1,C,13,0,0,0,0,0,0,0,0,0,0,998,998,0,0,0,1,12,999,999,999,9999999,999,999,999,6,0,0,0,0,0,0,0,998,9.8,998,998,998,99.8,99.8,99.8,194.3365105,6,8
32107,14,84,1-14-2023-084-04,4,1,3N1CN8EV9ML8,17,478,1894,13,0,35,50,2021,4,1,2,0,1,B,9,1194,5,9999,9,0,998,5,72,1,8,0,995,0,7,0,78640,9,9,2,3,4,3,2,2,3,1,1,1,0,0,3,8,1,2,9,0,5,3,53,99,1,1,6,M,98,0,0,0,0,0,0,0,0,0,0,30,30,0,0,0,2,0,999,999,999,9999999,999,999,999,9,0,95,95,95,95,95,0,995,9.8,998,998,998,99.8,99.8,99.8,4078.952263,8,8
32107,14,84,1-14-2023-084-04,4,2,3GKALVEG2RL1,17,472,1858,7,0,23,402,2024,14,3,14,0,1,B,9,1564,5,9999,9,0,998,2,72,1,8,0,995,0,7,0,99999,1,9,2,3,4,3,2,2,3,1,1,1,0,0,3,8,1,2,9,0,5,3,53,99,1,1,2,D,21,0,0,0,0,0,0,0,0,0,0,30,30,0,0,0,1,0,999,999,999,9999999,999,999,999,9,0,0,0,0,0,0,0,995,9.8,998,998,998,99.8,99.8,99.8,4078.952263,8,8
32107,14,84,1-14-2023-084-04,4,3,1J8HG68297C5,17,483,1948,7,0,2,406,2007,14,3,14,0,1,F,9,2289,5,9999,9,0,998,5,72,1,8,0,995,0,7,0,78132,9,9,2,3,4,3,2,2,3,1,1,1,0,0,3,8,1,2,9,0,14,3,50,99,1,1,2,D,20,0,0,0,0,0,0,0,0,0,0,30,30,0,0,0,1,0,999,999,999,9999999,999,999,999,9,0,95,95,95,95,95,0,995,9.8,998,998,998,99.8,99.8,99.8,4078.952263,8,8
32108,16,116,1-16-2023-116-10,10,1,1G1ZB5ST0HF1,17,467,1834,13,0,20,37,2017,4,1,4,0,1,R,1,1400,5,9999,9,0,998,5,56,1,0,0,995,0,0,0,45249,9,9,2,4,4,2,2,1,1,1,3,2,0,0,1,1,0,0,9,0,11,2,15,99,1,1,4,J,68,0,0,0,0,0,0,0,0,0,0,295,190,0,0,0,1,3,15,5,-14,24071,998,129,15,0,4,95,95,95,95,95,0,995,9.8,998,998,998,99.8,99.8,99.8,12659.53242,5,8
32108,16,116,1-16-2023-116-10,10,2,3FAHP0JA7CR3,17,460,1780,13,0,12,23,2012,4,1,3,0,1,F,1,1490,5,0,1,1,9,2,56,1,0,0,995,0,0,0,45215,9,9,2,4,4,1,2,1,1,1,0,3,0,0,1,1,0,0,1,0,1,4,62,4,1,1,4,J,69,0,0,0,0,0,0,0,0,0,0,190,295,0,0,0,1,3,14,-14,-2,9733,998,2,13,0,4,0,0,0,0,0,0,995,9.8,998,998,998,99.8,99.8,99.8,12659.53242,5,8
32109,16,117,1-16-2023-117-03,3,1,1FDZA99V0TVA,17,460,9298,11,0,12,881,1996,63,8,60,0,1,L,9,,,,,,,5,89,1,8,0,995,0,7,0,45238,9,9,1,2,2,2,2,1,1,1,3,2,0,2,1,1,0,0,1,1,1,3,52,4,2,2,2,F,48,,,,,,,,,,,,,,,,,,,,,,,,,,,95,95,95,95,95,,,9.8,998,998,998,99.8,99.8,99.8,264.9755872,5,8
32109,16,117,1-16-2023-117-03,3,2,KL4CJ1SBXLB0,17,468,1842,7,0,18,404,2020,14,3,14,0,1,R,1,1468,5,9999,9,0,998,2,89,1,8,0,995,0,7,0,45238,1,2,1,2,2,2,2,1,1,1,3,2,0,2,1,1,0,0,1,0,2,3,53,2,1,1,2,F,48,1,1,2,5,1,1,61,1,1,3,195,275,0,0,0,2,3,11,-4,-10,6067,998,55,9,0,4,0,0,0,0,4,3,995,0.8,999,999,999,0.0,0.0,0.0,264.9755872,5,8
32109,16,117,1-16-2023-117-03,3,3,WBAVC93567K0,17,452,2377,13,0,34,34,2007,4,1,3,0,1,B,1,1625,5,0,1,1,11,2,89,1,8,0,995,0,7,0,45243,9,9,1,2,2,2,2,1,1,1,3,2,0,2,1,1,0,0,1,0,2,3,52,2,1,1,6,M,98,0,0,0,0,0,0,0,0,0,0,275,195,0,0,0,2,3,10,10,-2,8848,998,41,11,0,4,0,0,0,0,5,0,995,9.8,998,998,998,99.8,99.8,99.8,264.9755872,5,8
32109,16,117,1-16-2023-117-03,3,4,5FNRL6H73KB0,17,474,1869,2,0,37,441,2019,20,4,20,0,1,B,1,2004,5,0,1,1,8,2,89,1,8,0,995,0,7,0,45243,1,2,1,2,2,2,2,1,1,1,3,2,0,2,1,1,0,0,1,0,2,3,53,1,1,1,6,M,98,0,0,0,0,0,0,0,0,0,0,275,275,0,0,0,5,3,8,8,0,6433,998,5,9,0,4,0,0,0,0,0,0,995,9.8,998,998,998,99.8,99.8,99.8,264.9755872,5,8
32110,16,118,1-16-2023-118-03,3,1,1HGCV1F14NA0,17,474,1861,13,0,37,32,2022,4,1,4,0,1,F,3,1532,5,0,1,1,86,2,89,1,0,1,263,2,0,2,41051,2,2,0,2,4,2,2,1,3,2,3,3,0,3,1,8,6,2,9,1,14,2,13,1,1,4,1,A,1,0,0,0,0,0,0,0,0,0,0,145,140,0,0,0,1,5,999,999,999,9999999,999,999,48,4,0,3,13,1,1,3,0,995,9.8,998,998,998,99.8,99.8,99.8,264.9755872,5,8
32110,16,118,1-16-2023-118-03,3,2,10TDJAU58BS7,17,517,2194,11,0,98,805,2011,63,8,60,4,2,B,9,,,,,,,,,,,,,,,,,,,,,,,,,,,,,,,,,,,,,,,,,,,,,,,,,,,,,,,,,,,,,,,,,,,,,,,,95,95,95,95,95,,,,,,,,,,264.9755872,5,8
32111,32,168,1-32-2023-168-03,3,1,3GYFNBE37ES6,17,469,1844,7,0,19,20,2014,6,1,4,0,1,L,1,1940,5,9999,9,0,998,5,48,1,0,0,995,0,0,0,75019,9,9,2,4,2,1,1,1,2,4,0,0,0,0,1,1,2,2,9,0,11,2,15,99,1,1,4,K,82,0,0,0,0,0,0,0,0,0,0,240,350,0,0,0,1,3,16,-8,14,33589,998,-69,19,0,4,95,95,95,95,95,0,995,9.8,998,998,998,99.8,99.8,99.8,636.887601,7,8
32111,32,168,1-32-2023-168-03,3,2,3MVDMABL5MM2,17,473,26914,7,0,41,498,2021,14,3,14,0,1,F,1,1427,5,0,1,1,12,2,48,1,0,0,995,0,0,0,75019,1,9,2,4,2,1,1,1,2,2,2,1,0,0,1,1,0,0,9,0,14,4,67,2,1,1,4,K,83,0,0,0,0,0,0,0,0,0,0,350,240,0,0,0,1,3,20,-19,-3,11951,998,-6,14,0,4,9,97,0,1,0,0,995,9.8,998,998,998,99.8,99.8,99.8,636.887601,7,8
32112,32,169,1-32-2023-169-02,2,1,1N4BL4EV0KC2,17,478,1904,13,0,35,47,2019,4,1,4,0,1,L,2,1545,5,0,1,5,12,2,64,1,0,1,55,2,0,2,75233,2,9,2,4,2,1,2,1,1,1,0,0,0,0,1,8,2,2,9,0,11,2,15,1,1,1,4,K,82,0,0,0,0,0,0,0,0,0,0,260,355,0,0,0,1,3,31,-16,27,79013,998,62,32,0,4,5,33,1,1,3,0,995,9.8,998,998,998,99.8,99.8,99.8,27.43667235,7,8
32112,32,169,1-32-2023-169-02,2,2,3GTEC23J49G2,17,472,1857,60,0,23,481,2009,34,5,31,0,1,F,1,2338,5,0,1,1,11,2,64,1,0,0,995,0,0,0,75115,9,1,2,1,3,3,1,1,1,2,3,1,0,0,1,8,0,0,9,0,1,4,67,2,1,1,4,K,83,0,0,0,0,0,0,0,0,0,0,355,260,0,0,0,1,3,21,-20,-7,37411,998,-17,20,0,4,9,97,0,1,8,0,995,9.8,998,998,998,99.8,99.8,99.8,27.43667235,7,8
32113,32,170,1-32-2023-170-03,3,1,3FA6P0HDXLR1,17,460,1780,13,0,12,23,2020,4,1,4,0,1,R,1,1808,5,0,1,1,16,2,48,1,0,0,995,0,0,0,75287,1,9,2,1,4,4,1,1,1,1,1,2,0,0,1,1,0,0,9,0,11,2,15,7,1,1,4,J,68,0,0,0,0,0,0,0,0,0,0,10,260,0,0,0,1,3,7,-5,-4,6710,998,-41,9,0,4,1,2,0,1,4,0,995,9.8,998,998,998,99.8,99.8,99.8,636.8876009,7,8
32113,32,170,1-32-2023-170-03,3,2,WDDWF8DB8LR5,17,449,2085,13,0,42,42,2020,4,1,4,0,1,F,1,1625,5,0,1,1,16,2,48,1,0,0,995,0,0,0,75024,1,9,2,1,3,1,1,1,1,1,0,3,0,0,1,1,0,0,9,0,1,4,62,99,1,1,4,J,69,0,0,0,0,0,0,0,0,0,0,260,10,0,0,0,1,3,8,-7,4,2702,998,104,5,0,4,99,99,0,0,99,0,995,9.8,998,998,998,99.8,99.8,99.8,636.8876009,7,8
32114,32,171,1-32-2023-171-05,5,1,1N4AL3AP0FN3,17,478,1904,13,0,35,47,2015,4,1,4,0,1,F,1,1416,5,0,1,4,8,2,97,1,0,0,995,0,0,0,75223,9,1,0,2,4,4,1,1,2,9,3,2,0,0,3,1,0,0,3,0,14,3,51,99,1,1,2,D,24,0,0,0,0,0,0,0,0,0,0,165,165,0,0,0,1,12,999,999,999,9999999,999,999,999,2,0,9,97,0,2,8,0,995,9.8,998,998,998,99.8,99.8,99.8,133.6072202,7,8
32114,32,171,1-32-2023-171-05,5,2,5XYK53AF9PG0,17,499,2770,7,0,63,401,2023,14,3,14,0,1,B,9,1530,5,9999,9,0,998,5,97,1,0,0,995,0,0,0,75028,9,9,0,2,4,4,1,1,2,9,3,2,0,0,3,1,0,0,9,0,14,3,53,99,1,1,2,D,25,0,0,0,0,0,0,0,0,0,0,165,165,0,0,0,1,0,999,999,999,9999999,999,999,999,9,0,95,95,95,95,95,0,995,9.8,998,998,998,99.8,99.8,99.8,133.6072202,7,8
32115,28,98,1-28-2023-098-07,7,1,1FAHP2E82FG1,17,460,1782,13,0,12,17,2015,4,1,4,0,1,F,1,1822,5,0,1,1,19,2,89,1,0,0,995,0,0,0,16920,9,9,0,4,2,1,2,1,3,2,1,2,1,0,1,1,0,0,1,0,14,6,87,1,1,1,1,C,13,0,0,0,0,0,0,0,0,0,0,998,998,0,0,0,1,12,999,999,999,9999999,999,999,999,6,0,0,0,0,0,0,0,998,9.8,998,998,998,99.8,99.8,99.8,56.74399939,3,8
32116,28,99,1-28-2023-099-07,7,1,1C3CCCAB0FN7,17,477,2053,13,0,6,18,2015,4,1,3,0,1,F,1,1575,5,0,1,1,10,2,113,1,0,0,995,0,0,0,19032,9,9,0,2,2,2,2,1,3,1,3,2,1,3,2,1,0,0,1,0,14,6,87,1,1,1,1,C,13,0,0,0,0,0,0,0,0,0,0,998,998,0,0,0,2,10,999,999,999,9999999,999,89,10,2,0,0,0,0,0,0,0,998,1.3,999,12,105,18.4,1.8,18.4,56.74399939,3,8
32117,28,100,1-28-2023-100-03,3,1,1C6RR7GG7KS7,17,496,13620,60,0,7,482,2019,34,5,31,0,1,F,1,2308,5,9999,9,0,998,2,89,1,0,0,995,0,0,0,16738,9,9,2,4,2,1,2,1,1,1,1,2,3,3,1,1,0,0,9,1,6,4,61,99,2,2,4,J,73,0,0,0,0,0,0,0,0,0,0,315,270,0,1,0,1,3,21,-21,0,24434,998,65,15,0,4,0,0,0,0,0,0,995,9.8,998,998,998,99.8,99.8,99.8,43.93720625,3,8
32117,28,100,1-28-2023-100-03,3,2,1FTFW1E44KFC,17,460,1801,60,0,12,481,2019,34,5,31,0,1,L,1,2236,5,0,1,1,5,2,89,1,0,0,995,0,0,0,16746,1,2,2,4,2,1,2,1,1,1,1,3,3,3,1,1,0,0,1,0,11,2,15,1,4,1,4,J,72,0,0,0,0,0,0,0,0,0,0,270,315,0,1,0,1,3,21,16,14,65277,998,-53,26,0,4,1,1,0,1,4,0,995,9.8,998,998,998,99.8,99.8,99.8,43.93720625,3,8
32118,25,100,1-25-2023-100-10,10,1,2B3KA33G48H3,17,476,1895,13,0,7,24,2008,4,1,5,0,1,F,9,1733,5,9999,9,0,998,2,56,1,0,0,995,0,0,0,04015,9,9,0,4,2,1,2,1,3,5,0,2,0,0,1,1,6,2,9,1,14,2,12,99,1,4,1,B,6,0,0,0,0,0,0,0,0,0,0,998,998,0,0,2,2,0,999,999,999,9999999,999,999,999,9,0,0,0,0,0,0,0,998,0.0,30,30,999,7.3,2.2,7.7,2036.438807,2,8
32119,27,111,1-27-2023-111-03,3,1,1GCPYBEK4MZ2,17,467,1850,60,0,20,481,2021,34,5,31,0,1,F,1,2184,5,0,2,1,13,2,56,1,0,0,995,0,0,0,01201,1,2,0,1,2,1,2,1,1,1,1,3,0,0,1,1,0,0,1,1,1,2,10,1,1,2,3,I,64,0,0,0,0,0,0,0,0,0,0,230,105,0,1,0,1,1,11,-11,0,26296,998,-70,16,0,4,0,0,0,0,4,0,995,0.3,50,35,60,0.0,0.0,0.0,29.59976362,3,8
32119,27,111,1-27-2023-111-03,3,2,4S3BNAD69G30,17,523,2232,13,0,48,34,2016,4,1,3,0,1,L,1,1543,5,0,1,1,28,2,56,1,0,0,995,0,0,0,01201,1,2,0,1,2,2,2,1,2,1,3,2,0,0,1,1,0,0,1,0,14,4,62,4,1,1,3,I,65,0,0,0,0,0,0,0,0,0,0,105,230,0,1,0,1,1,16,-10,12,14841,998,-125,12,0,1,99,99,0,0,0,0,995,9.8,998,998,998,99.8,99.8,99.8,29.59976362,3,8
32120,27,112,1-27-2023-112-03,3,1,KM8J2CA42KU0,17,498,2058,7,0,55,402,2019,14,3,14,0,1,R,1,1634,5,0,1,1,5,2,48,1,8,0,995,0,7,0,01235,1,2,2,4,2,1,2,1,1,4,1,2,0,0,1,1,2,2,2,0,1,2,17,3,1,1,5,L,87,1,2,2,5,1,1,61,1,2,5,15,300,0,1,0,1,1,17,-6,-16,19890,998,44,17,0,1,0,0,0,0,4,3,995,9.8,998,998,998,99.8,99.8,99.8,29.59976362,3,8
32120,27,112,1-27-2023-112-03,3,2,1FDZK1CM6JKA,17,460,3608,9,0,12,462,2018,21,4,21,3,1,F,1,2526,5,0,1,1,6,2,48,1,8,0,995,0,7,0,01226,9,9,2,4,2,1,2,1,1,2,1,2,0,0,1,1,1,2,1,0,1,4,66,98,1,1,5,L,86,0,0,0,0,0,0,0,0,0,0,300,15,0,0,0,1,1,11,-8,7,19075,998,120,11,0,1,9,97,0,1,0,0,995,9.8,998,998,998,99.8,99.8,99.8,29.59976362,3,8
32121,27,113,1-27-2023-113-03,3,1,4T1BK46K37U5,17,448,2469,13,0,49,40,2007,4,1,3,0,1,F,1,1570,5,0,1,1,43,2,56,1,0,0,995,0,0,0,12010,1,1,0,4,2,1,2,1,3,2,1,2,0,0,1,8,0,0,1,0,14,4,60,99,1,1,3,G,51,0,0,0,0,0,0,0,0,0,0,250,80,0,1,0,1,3,19,-18,7,24060,998,3,19,0,4,1,1,0,2,4,0,995,9.8,998,998,998,99.8,99.8,99.8,29.59976362,3,8
32121,27,113,1-27-2023-113-03,3,2,3TMCZ5AN3LM3,17,448,2223,60,0,49,472,2020,34,5,30,0,1,F,1,2007,5,0,1,1,10,2,56,1,0,0,995,0,0,0,01247,1,2,0,4,2,1,2,1,2,1,1,2,0,0,1,8,0,0,3,1,14,2,10,1,1,2,3,G,50,0,0,0,0,0,0,0,0,0,0,80,250,0,1,0,1,3,16,-14,8,22492,998,51,16,0,4,1,1,0,1,5,0,995,2.6,120,39,72,2.5,1.9,2.9,29.59976362,3,8
32122,73,157,1-73-2023-157-10,10,1,1GTEK14X28Z2,17,472,1857,60,0,23,481,2008,34,5,31,0,1,F,1,2189,5,0,1,1,43,2,40,1,8,0,995,0,7,0,04950,9,9,3,4,2,1,2,1,1,1,1,2,0,0,1,1,0,0,1,0,1,3,52,99,1,1,2,D,28,0,0,0,0,0,0,0,0,0,0,275,275,0,0,0,1,8,999,999,999,9999999,999,999,999,6,0,0,0,0,0,0,0,995,9.8,998,998,998,99.8,99.8,99.8,438.1600046,3,8
32122,73,157,1-73-2023-157-10,10,2,1FMEU7DEXAUA,17,460,1800,7,0,12,401,2010,14,3,14,0,1,B,9,2100,5,9999,9,0,998,5,40,1,8,0,995,0,7,0,04950,9,9,3,4,2,1,2,1,2,1,1,2,0,0,1,1,0,0,1,0,2,2,18,99,1,1,2,D,29,0,0,0,0,0,0,0,0,0,0,275,275,0,0,0,1,0,999,999,999,9999999,999,999,999,9,0,95,95,95,95,95,0,995,9.8,998,998,998,99.8,99.8,99.8,438.1600046,3,8
32124,73,159,1-73-2023-159-06,6,1,2T3BFREV7JW7,17,448,2217,7,0,49,402,2018,14,3,14,0,1,F,1,1555,5,0,1,1,20,2,72,1,9,2,996,1,0,0,04985,9,9,0,4,2,1,2,1,1,1,1,2,0,0,2,1,0,0,1,1,1,2,12,4,1,4,1,B,6,0,0,0,0,0,0,0,0,0,0,998,998,0,0,0,1,1,22,-22,0,30323,998,-19,22,0,4,9,97,0,1,99,0,998,1.3,120,120,42,17.1,4.8,17.5,52.74842825,3,8
32125,73,160,1-73-2023-160-04,4,1,1B3CB4HA8AD6,17,476,1896,5,0,7,25,2010,5,1,2,0,1,R,9,1345,5,9999,9,0,998,2,48,1,0,0,995,0,0,0,04950,9,9,2,4,2,1,2,1,2,1,0,2,0,0,3,1,0,0,9,1,10,2,11,1,1,2,4,J,70,0,0,0,0,0,0,0,0,0,0,145,130,0,0,0,1,0,999,999,999,9999999,999,999,999,9,0,0,0,0,0,0,0,995,9.8,998,998,998,99.8,99.8,99.8,52.02233625,3,8
32125,73,160,1-73-2023-160-04,4,2,5TFDW5F10KX8,17,448,2467,60,0,49,482,2019,34,5,31,0,1,L,9,2540,5,9999,9,0,998,2,48,1,0,0,995,0,0,0,04950,9,9,2,4,3,1,2,1,2,1,1,0,0,0,3,1,0,0,9,0,6,4,60,99,1,1,4,J,71,0,0,0,0,0,0,0,0,0,0,130,145,0,0,0,1,0,999,999,999,9999999,999,999,999,9,0,0,0,0,0,0,0,995,9.8,998,998,998,99.8,99.8,99.8,52.02233625,3,8
32126,22,88,1-22-2023-088-07,7,1,1G1RD6S54GU1,17,467,1838,5,0,20,26,2016,5,1,3,0,1,F,1,1607,5,0,1,1,22,2,105,1,0,0,995,0,0,0,97220,9,9,0,4,2,1,2,1,1,1,1,4,3,3,2,1,0,0,9,0,1,6,87,99,1,1,1,C,13,0,0,0,0,0,0,0,0,0,0,998,998,0,0,0,1,10,999,999,999,9999999,999,-2,13,2,0,0,0,0,0,0,0,998,9.8,998,998,998,99.8,99.8,99.8,587.2458808,12,8
32127,22,89,1-22-2023-089-08,8,1,F26YRS08155,11,460,1805,11,0,12,481,1973,34,5,31,0,1,F,3,9999,9,0,1,1,16,2,56,1,0,1,0,2,0,1,83535,9,9,2,4,2,1,2,1,3,1,1,3,0,0,3,8,0,0,9,1,14,1,6,3,2,4,1,A,2,1,4,2,2,2,4,44,4,2,10,998,998,0,0,0,1,1,81,-81,0,39534,998,0,81,0,4,1,2,0,2,4,3,998,0.0,120,120,120,4.1,3.1,5.2,67.19881414,12,8
32128,76,107,1-76-2023-107-10,10,1,4S4BP62C9873,17,523,2233,7,0,48,45,2008,6,1,3,0,1,F,1,1500,5,9999,9,4,93,2,89,1,8,9,998,8,7,9,12413,9,9,0,4,2,1,2,1,2,1,1,2,1,0,2,1,0,0,9,0,14,6,87,99,1,1,1,C,13,0,0,0,0,0,0,0,0,0,0,998,998,0,0,0,1,12,999,999,999,9999999,999,999,999,6,0,0,0,0,0,0,0,998,9.8,998,998,998,99.8,99.8,99.8,29.09071435,3,8
32129,76,108,1-76-2023-108-10,10,1,1FTDR15X7PTA,17,460,1803,60,0,12,471,1993,34,5,30,0,1,T,9,1595,8,9999,9,0,998,2,89,1,8,9,998,8,7,9,12460,9,9,0,4,2,1,2,1,3,2,1,2,1,0,1,1,0,0,9,1,14,1,6,99,2,4,1,A,2,1,2,2,2,1,4,61,1,1,999,997,997,0,0,0,2,0,999,999,999,9999999,999,999,999,9,0,0,0,0,0,0,3,997,1.5,999,999,999,11.7,2.6,12.0,29.09071435,3,8
32130,26,118,1-26-2023-118-01,1,1,JTDBT9231710,17,448,2464,13,0,49,51,2007,4,1,2,0,1,F,9,1050,5,9999,9,0,998,2,105,1,0,0,995,0,7,0,95820,9,1,1,2,6,1,2,1,2,9,1,3,0,0,1,8,0,0,9,0,14,3,50,3,9,1,2,D,20,0,0,0,0,0,0,0,0,0,0,350,5,0,0,0,1,0,999,999,999,9999999,999,999,999,9,0,2,5,1,2,1,0,995,9.8,998,998,998,99.8,99.8,99.8,36.38571012,10,8
32130,26,118,1-26-2023-118-01,1,2,1NPSDP9X2ED2,17,495,2790,66,0,87,881,2014,66,8,68,0,1,B,9,,,,,,,5,105,1,0,0,995,0,7,0,95726,9,9,1,2,6,1,2,1,2,9,1,3,0,0,1,8,0,0,1,0,5,3,53,1,1,1,2,D,21,,,,,,,,,,,,,,,,,,,,,,,,,,,95,95,95,95,95,,,9.8,998,998,998,99.8,99.8,99.8,36.38571012,10,8
32131,26,119,1-26-2023-119-03,3,1,SHHFK7H68LU4,17,474,1863,5,0,37,31,2020,5,1,3,0,1,T,1,1323,5,0,2,1,12,2,64,1,0,0,995,0,7,0,92335,9,1,2,1,3,3,2,2,1,1,1,0,0,0,2,2,1,2,1,1,11,2,12,7,1,4,1,B,6,1,2,2,6,4,4,68,4,2,999,997,997,0,0,0,2,6,999,999,999,9999999,999,999,999,6,0,0,0,0,0,5,3,997,9.9,119,3,111,99.9,99.9,99.9,267.8742129,10,8
32132,26,120,1-26-2023-120-04,4,1,LRBFZPR45MD1,17,468,11438,7,0,18,405,2021,14,3,14,0,1,F,1,1753,5,0,1,1,9,2,89,1,0,0,995,0,7,0,95757,1,9,0,4,2,1,2,1,1,1,0,4,0,0,4,1,0,0,9,1,1,2,10,1,1,2,3,G,50,0,0,0,0,0,0,0,0,0,0,160,350,0,1,0,1,12,999,999,999,9999999,999,999,999,6,0,0,0,0,0,0,0,995,0.0,1,10,120,10.9,0.2,11.0,937.8594998,10,8
32132,26,120,1-26-2023-120-04,4,2,3N1AB7AP7GL6,17,478,1907,13,0,35,43,2016,4,1,3,0,1,F,9,1306,5,9999,9,0,998,2,89,1,0,0,995,0,7,0,95240,9,1,0,4,2,1,2,1,1,1,0,2,0,0,4,1,0,0,9,0,1,4,62,99,9,1,3,G,51,0,0,0,0,0,0,0,0,0,0,350,160,0,1,0,1,0,999,999,999,9999999,999,999,999,9,0,0,0,0,0,0,0,995,9.8,998,998,998,99.8,99.8,99.8,937.8594998,10,8