CASEID,PSU,CASENO,CASENUMBER,CATEGORY,VEHNO,VIN,VINLENGTH,VPICMAKE,VPICMODEL,VPICBODYCLASS,ICFINALBODY,MAKE,MODEL,MODELYR,BODYTYPE,BODYCAT,VEHCLASS,SPECUSE,TRANSTAT,DAMPLANE,DAMSEV,CURBWT,CURBSRC,CARGOWT,CARGOSRC,INSPTYPE,INSPLAG,TOWED,SPEEDLIMIT,DRPRESENT,PARALCOHOL,ALCTEST,ALCTESTRESULT,ALCTESTSRC,PARDRUG,DRUGTEST,ZIP,RACE,ETHNICITY,RELTOJUNCT,TRAFFLOW,RDLANES,INITLANE,SURFTYPE,SURFCOND,ALIGNMENT,PROFILE,LINERIGHT,LINELEFT,RUMBINIT,RUMBROAD,LIGHTCOND,WEATHER,TRAFDEV,TRAFFUNCT,DISTRACT,PREFHE,PREMOVE,CRITCAT,CRITEVENT,MANEUVER,PRESTAB,PRELOC,CRASHCAT,CRASHCONF,CRASHTYPE,ROLLTYPE,ROLLTURN,ROLLINTRPT,ROLLPREMAN,ROLLINITYP,ROLLINLOC,ROLLOBJ,ROLLTRIP,ROLLDIR,ROLLDIST,DVANGTHIS,DVANGOTH,TOWHITCH,TRAJDOC,TREEPOLE,DVEVENT,DVBASIS,DVTOTAL,DVLONG,DVLAT,DVENERGY,DVSPEED,DVMOMENT,DVBES,DVEST,DVCONF,VAIS,VISS,VINJSEV,VINJURED,VTREAT,INITOBJCLASS,HEADANGLECAT,SHLDRWIDTH,STRKLENGTH,STRKWIDTH,STRKHEIGHT,EDGEDISTX,EDGEDISTY,EDGEDISTZ,CASEWGT,PSUSTRAT,VERSION
32168,48,109,1-48-2023-109-03,3,2,5NPE24AF0KH7,17,498,2459,13,0,55,33,2019,4,1,4,0,1,L,1,1640,5,0,1,1,15,2,89,1,0,0,995,0,0,0,84302,1,2,2,5,6,3,2,1,1,1,3,2,0,0,2,1,0,0,9,1,1,4,62,4,1,2,4,J,69,0,0,0,0,0,0,0,0,0,0,200,300,0,1,0,1,3,15,-7,13,21220,998,-87,15,0,4,1,1,0,1,0,0,995,2.7,30,30,120,11.1,6.0,12.7,133.2618314,12,8
32169,48,110,1-48-2023-110-08,8,1,1FT7W2BT1CEB,17,460,1805,60,0,12,481,2012,34,5,31,0,1,L,2,3099,5,9999,9,1,15,2,105,1,0,1,0,2,0,9,84401,1,2,0,1,2,1,2,1,2,1,1,4,0,0,1,1,0,0,9,1,14,2,13,98,3,6,6,M,98,1,1,2,4,3,1,31,4,2,6,997,997,1,0,0,1,5,999,999,999,9999999,999,999,999,7,0,1,2,0,1,4,2,997,9.8,998,998,998,99.8,99.8,99.8,137.3952362,12,8
32171,33,74,1-33-2023-074-03,3,1,5TBBT44133S3,17,448,2467,60,0,49,482,2003,34,5,31,0,1,L,1,2060,5,0,1,1,15,2,89,1,0,0,995,0,0,0,95938,1,9,2,4,2,1,2,1,1,1,1,2,0,0,2,1,0,0,1,1,12,2,21,1,1,2,6,M,98,0,0,0,0,0,0,0,0,0,0,150,325,0,0,0,1,3,6,-5,3,6025,998,-44,8,0,4,0,0,0,0,0,0,995,9.8,998,998,998,99.8,99.8,99.8,53.73777674,12,8
32171,33,74,1-33-2023-074-03,3,2,JTDKAMFP8N32,17,448,21950,5,0,49,46,2022,5,1,3,0,1,F,1,1526,5,9999,9,4,38,2,89,1,0,0,995,0,0,0,95928,3,9,2,4,2,1,2,1,1,1,1,2,0,0,2,1,0,0,1,0,1,4,64,99,1,1,6,M,98,0,0,0,0,0,0,0,0,0,0,325,150,0,0,0,1,3,8,-8,3,2299,998,69,5,0,4,2,5,0,1,4,0,995,9.8,998,998,998,99.8,99.8,99.8,53.73777674,12,8
32172,33,75,1-33-2023-075-01,1,1,2GCEK13TX511,17,467,1850,60,0,20,481,2005,34,5,30,0,1,F,3,2397,5,0,1,1,13,2,89,1,9,9,998,8,9,9,95926,1,9,0,4,2,1,2,2,3,1,1,2,0,0,1,2,0,0,9,1,14,2,13,99,1,4,1,A,1,1,5,1,2,3,4,31,1,2,17,998,998,0,0,7,1,12,999,999,999,9999999,999,999,999,8,0,9,97,1,1,1,2,998,0.7,999,999,999,48.1,1.6,48.2,22.46340517,12,8
32173,33,76,1-33-2023-076-09,9,1,1FTPX14574NB,17,460,1801,60,0,12,481,2004,34,5,30,0,1,F,1,2412,5,0,1,1,12,2,40,1,1,1,0,2,1,0,95966,1,9,0,4,2,1,2,1,3,4,0,2,0,0,1,1,0,0,9,1,14,2,13,99,1,4,1,A,1,0,0,0,0,0,0,0,0,0,0,998,998,0,0,0,4,10,999,999,999,9999999,999,46,19,2,0,0,0,0,0,4,0,998,0.0,120,120,120,5.0,0.8,5.0,428.1489079,12,8
32174,17,158,1-17-2023-158-04,4,1,KL4CJASBXKB7,17,468,1842,7,0,18,404,2019,14,3,14,0,1,F,1,1468,5,0,1,1,7,2,113,1,0,0,995,0,0,0,60174,1,2,0,1,2,1,2,1,3,9,1,3,2,3,2,1,0,0,1,0,14,6,87,1,1,1,1,C,13,0,0,0,0,0,0,0,0,0,0,998,998,0,0,0,1,10,999,999,999,9999999,999,53,13,2,0,0,0,0,0,0,0,998,9.8,998,998,998,99.8,99.8,99.8,182.3095825,4,8
32175,17,159,1-17-2023-159-04,4,1,3N1CP5CV6NL5,17,478,22791,5,0,35,56,2022,5,1,2,0,1,L,1,1221,5,0,1,1,13,2,113,1,0,0,995,0,0,0,52246,1,1,0,1,2,1,2,1,3,9,1,3,2,3,2,1,0,0,2,1,15,2,10,8,1,2,2,F,47,0,0,0,0,0,0,0,0,0,0,100,105,0,0,0,1,5,999,999,999,9999999,999,999,12,2,0,0,0,0,0,0,0,995,9.8,998,998,998,99.8,99.8,99.8,182.3095825,4,8
32175,17,159,1-17-2023-159-04,4,2,3AKJGLDR8DSB,17,450,2501,66,0,82,881,2013,66,8,68,0,1,R,9,,,,,,,5,113,1,0,0,995,0,0,0,18102,9,9,0,1,2,2,2,1,3,9,3,2,1,3,2,1,0,0,1,0,14,4,60,99,1,1,2,F,45,,,,,,,,,,,,,,,,,,,,,,,,,,,95,95,95,95,95,,,9.8,998,998,998,99.8,99.8,99.8,182.3095825,4,8
32176,17,160,1-17-2023-160-06,6,1,2FMTK3J9XFBB,17,460,1797,7,0,12,24,2015,6,1,4,0,1,R,1,1774,5,0,1,1,5,2,48,1,0,0,995,0,0,0,61244,1,9,2,1,3,2,2,1,1,1,1,1,0,0,3,1,1,2,3,0,1,2,17,7,1,1,5,L,87,0,0,0,0,0,0,0,0,0,0,0,270,0,0,0,1,1,16,-8,-13,20798,998,113,13,0,1,9,97,0,1,8,0,995,9.8,998,998,998,99.8,99.8,99.8,110.3481511,4,8
32176,17,160,1-17-2023-160-06,6,2,1GNSKAE05BR1,17,467,1852,7,0,20,421,2011,15,3,15,0,1,F,1,2647,5,0,1,1,5,2,48,1,0,0,995,0,0,0,61244,2,9,2,3,4,3,2,1,1,1,3,1,0,0,3,1,1,2,9,0,1,4,66,2,1,1,5,L,86,0,0,0,0,0,0,0,0,0,0,270,0,0,0,0,1,1,10,-9,5,25438,998,118,12,0,1,0,0,0,0,0,0,995,9.8,998,998,998,99.8,99.8,99.8,110.3481511,4,8
32177,17,161,1-17-2023-161-07,7,1,YV1CZ9112511,17,485,3132,7,0,51,401,2005,14,3,14,0,1,L,1,2001,5,0,1,4,28,2,48,1,0,0,995,0,0,0,52756,1,2,2,3,3,3,2,1,1,1,0,3,0,0,1,1,0,0,1,0,1,2,17,2,1,1,5,L,89,0,0,0,0,0,0,0,0,0,0,340,70,0,0,0,1,3,13,-2,13,19854,998,-23,15,0,4,1,2,0,1,4,0,995,9.8,998,998,998,99.8,99.8,99.8,519.9568891,4,8
32177,17,161,1-17-2023-161-07,7,2,1FAHP2E85HG1,17,460,1782,13,0,12,17,2017,4,1,4,0,1,F,1,1822,5,0,1,1,7,2,48,1,0,0,995,0,0,0,61275,9,9,2,3,3,2,2,1,2,1,3,3,0,0,1,1,0,0,9,0,14,4,66,4,1,1,5,L,88,0,0,0,0,0,0,0,0,0,0,70,340,0,0,0,1,3,15,-15,-3,12230,998,-41,12,0,4,0,0,0,0,0,0,995,9.8,998,998,998,99.8,99.8,99.8,519.9568891,4,8
32178,30,142,1-30-2023-142-06,6,1,KNAGV4LD7J50,17,499,2739,13,0,63,34,2018,4,1,4,0,1,F,1,1583,5,0,1,1,37,2,105,1,0,0,995,0,0,0,85210,9,9,1,2,6,2,1,1,1,1,3,3,0,0,1,1,0,0,9,0,1,3,50,2,1,1,2,D,20,0,0,0,0,0,0,0,0,0,0,180,180,0,0,0,1,3,14,-14,-2,17411,998,-32,16,0,4,9,97,0,1,5,0,995,9.8,998,998,998,99.8,99.8,99.8,355.16514,10,8
32178,30,142,1-30-2023-142-06,6,2,KM8K32AB9NU7,17,498,22249,7,0,55,404,2022,14,3,14,0,1,B,1,1315,5,9999,9,0,998,5,105,1,0,0,995,0,0,0,85250,9,9,1,2,6,2,1,1,1,1,3,3,0,0,1,1,0,0,1,0,5,3,53,99,1,1,2,D,21,0,0,0,0,0,0,0,0,0,0,180,180,0,0,0,1,3,18,17,3,13214,998,-38,15,0,4,95,95,95,95,95,0,995,9.8,998,998,998,99.8,99.8,99.8,355.16514,10,8
32179,30,143,1-30-2023-143-06,6,1,3VW5T7AU7GM0,17,482,13670,5,0,30,42,2016,5,1,2,0,1,F,1,1378,5,46,2,1,39,2,105,1,1,9,998,8,1,9,85395,1,2,1,2,3,2,2,1,2,1,3,1,0,0,3,1,0,0,1,1,14,2,12,99,9,4,1,B,6,0,0,0,0,0,0,0,0,0,0,998,998,0,0,0,1,1,18,-17,6,19437,998,17,18,0,1,1,1,0,1,0,0,998,9.9,999,999,999,8.1,2.3,8.5,355.16514,10,8
32181,30,145,1-30-2023-145-04,4,1,2T1BURHEXKC2,17,448,2208,13,0,49,32,2019,4,1,3,0,1,F,1,1265,5,0,1,1,54,2,105,1,0,0,995,0,0,0,85282,9,9,0,2,4,1,2,1,1,2,1,3,0,0,1,1,0,0,9,0,1,3,50,99,1,1,2,D,20,0,0,0,0,0,0,0,0,0,0,0,0,0,0,0,1,3,22,-22,0,19731,998,-2,19,0,4,99,99,0,0,99,0,995,9.8,998,998,998,99.8,99.8,99.8,875.4972903,10,8
32181,30,145,1-30-2023-145-04,4,2,JN8AZ1MU1EW4,17,478,1914,8,0,35,49,2014,6,1,4,0,1,B,1,1826,5,9999,9,0,998,5,105,1,0,0,995,0,0,0,85283,9,9,0,2,4,1,2,1,1,2,1,3,0,0,1,1,0,0,9,0,5,3,53,99,1,1,2,D,21,0,0,0,0,0,0,0,0,0,0,0,0,0,0,0,1,3,17,17,0,27467,998,0,20,0,4,95,95,95,95,95,0,995,9.8,998,998,998,99.8,99.8,99.8,875.4972903,10,8
32182,20,108,1-20-2023-108-06,6,1,3N1AB7AP0EL6,17,478,1907,13,0,35,43,2014,4,1,3,0,1,F,2,1293,5,0,1,1,12,2,105,1,0,0,995,0,0,0,95367,1,9,0,2,2,2,2,1,1,2,3,2,1,3,1,1,0,0,3,0,1,3,52,2,1,1,2,D,28,0,0,0,0,0,0,0,0,0,0,50,50,0,0,0,1,3,27,-27,0,36701,998,0,27,0,4,99,99,0,0,0,0,995,9.8,998,998,998,99.8,99.8,99.8,533.4745371,11,8
32182,20,108,1-20-2023-108-06,6,2,1FM5K8GC3NGB,17,460,1800,7,0,12,425,2022,15,3,15,0,1,B,1,2022,5,9999,9,0,998,5,105,1,0,0,995,0,0,0,93906,9,9,0,2,2,2,2,1,1,2,3,2,1,3,1,1,0,0,1,0,2,3,53,1,1,1,2,D,29,0,0,0,0,0,0,0,0,0,0,50,50,0,0,0,1,3,18,18,0,27739,998,0,19,0,4,95,95,95,95,95,0,995,9.8,998,998,998,99.8,99.8,99.8,533.4745371,11,8
32183,20,109,1-20-2023-109-05,5,1,5TELU42N97Z4,17,448,2223,60,0,49,472,2007,34,5,31,0,1,R,2,1837,5,9999,9,4,86,5,89,1,0,0,995,0,0,0,93930,9,9,3,5,5,3,2,1,1,1,4,4,0,0,1,1,0,0,1,0,11,2,15,99,1,1,4,J,68,0,0,0,0,0,0,0,0,0,0,300,180,0,0,0,1,12,999,999,999,9999999,999,999,999,7,0,95,95,95,95,95,0,995,9.8,998,998,998,99.8,99.8,99.8,33.30546191,11,8
32183,20,109,1-20-2023-109-05,5,2,1C4NJCBA2ED7,17,483,1946,7,0,2,1,2014,6,1,2,0,1,F,2,1448,5,9999,9,4,35,2,89,1,0,0,995,0,0,0,93908,1,2,3,5,5,2,2,1,1,1,3,2,0,0,1,1,0,0,1,0,1,4,62,2,1,1,4,J,69,0,0,0,0,0,0,0,0,0,0,180,300,0,0,0,1,12,999,999,999,9999999,999,999,999,7,0,2,5,0,1,4,0,995,9.8,998,998,998,99.8,99.8,99.8,33.30546191,11,8
32184,20,110,1-20-2023-110-01,1,1,5GAKRCED9BJ2,17,468,1841,7,0,18,24,2011,6,1,5,0,1,F,2,2168,5,0,1,1,42,2,40,1,9,1,0,2,0,1,93923,1,1,0,4,2,1,2,1,2,4,0,2,0,0,1,1,0,0,9,0,14,6,87,99,1,1,1,C,13,0,0,0,0,0,0,0,0,0,0,998,998,0,0,0,1,7,999,999,999,9999999,999,999,999,7,0,2,12,1,1,1,0,998,0.0,999,999,999,5.6,2.7,6.0,26.85110982,11,8
32185,30,144,1-30-2023-144-06,6,1,5XYKT3A66DG4,17,499,2769,7,0,63,402,2013,14,3,14,0,1,F,1,1722,5,9999,9,0,998,2,72,1,0,0,995,0,0,0,85140,9,9,0,1,2,1,1,1,2,1,1,3,0,0,1,1,0,0,1,0,14,3,52,8,1,1,2,D,28,0,0,0,0,0,0,0,0,0,0,290,270,0,0,0,1,3,21,-19,11,31557,998,80,19,0,4,3,10,1,1,3,0,995,9.8,998,998,998,99.8,99.8,99.8,355.16514,10,8
32185,30,144,1-30-2023-144-06,6,2,1FTEX1CP2HKD,17,460,1801,60,0,12,481,2017,34,5,31,0,1,B,1,1983,5,0,1,1,50,2,72,1,0,0,995,0,0,0,85143,9,9,0,1,2,1,1,1,2,1,1,3,0,0,1,1,0,0,1,0,2,3,53,1,1,1,2,D,29,0,0,0,0,0,0,0,0,0,0,270,290,0,0,0,1,3,19,18,-3,38588,998,29,22,0,4,99,99,0,0,5,0,995,9.8,998,998,998,99.8,99.8,99.8,355.16514,10,8
32185,30,144,1-30-2023-144-06,6,3,1C4HJXDG3PW6,17,483,1943,7,0,2,403,2023,14,3,14,0,1,B,9,1890,5,9999,9,0,998,5,72,1,0,0,995,0,0,0,85142,9,9,0,1,2,1,1,1,2,1,1,3,0,0,1,1,0,0,1,0,5,3,53,99,1,1,6,M,98,0,0,0,0,0,0,0,0,0,0,280,280,0,0,0,2,0,999,999,999,9999999,999,999,999,9,0,95,95,95,95,95,0,995,9.8,998,998,998,99.8,99.8,99.8,355.16514,10,8
32186,11,82,1-11-2023-082-02,2,1,2HGES25741H5,17,474,1863,13,0,37,31,2001,4,1,2,0,1,F,1,1095,5,0,1,4,17,2,72,1,1,8,997,8,0,0,23224,9,9,0,4,2,1,2,1,1,1,1,2,0,0,2,1,0,0,1,1,1,2,10,99,1,2,3,I,64,0,0,0,0,0,0,0,0,0,0,350,180,0,0,0,1,3,12,-12,2,3838,998,32,9,0,4,0,0,0,0,0,0,995,9.8,998,998,998,99.8,99.8,99.8,83.61933847,8,8
32186,11,82,1-11-2023-082-02,2,2,KMHLS4AG8NU2,17,498,2735,13,0,55,35,2022,4,1,3,0,1,L,1,1095,5,0,1,1,18,2,72,1,0,0,995,0,0,0,23831,2,2,0,4,2,1,2,1,1,1,1,2,0,0,2,1,0,0,1,0,1,4,62,2,1,1,3,I,65,0,0,0,0,0,0,0,0,0,0,180,350,0,0,0,1,3,12,-11,4,10375,998,-50,14,0,4,1,1,0,1,4,0,995,9.8,998,998,998,99.8,99.8,99.8,83.61933847,8,8
32187,11,83,1-11-2023-083-04,4,1,1G1FZ6S0XN41,17,467,30005,5,0,20,40,2022,5,1,3,0,1,F,1,1669,5,0,1,4,36,2,72,1,0,0,995,0,0,0,23120,1,2,0,1,3,2,2,1,1,9,1,3,0,0,2,1,0,0,1,0,1,6,87,2,1,1,1,C,13,0,0,0,0,0,0,0,0,0,0,998,998,0,0,0,1,10,999,999,999,9999999,999,19,18,2,0,0,0,0,0,0,0,998,9.8,998,998,998,99.8,99.8,99.8,4113.586493,8,8
32188,11,84,1-11-2023-084-08,8,1,1HGCP26879A0,17,474,1861,13,0,37,32,2009,4,1,4,0,1,F,9,1523,5,9999,9,0,998,5,72,1,0,0,995,0,0,0,23040,9,9,0,1,3,2,2,1,1,4,3,3,0,0,1,1,0,0,1,1,15,2,11,99,1,2,2,F,46,0,0,0,0,0,0,0,0,0,0,100,85,0,0,0,1,0,999,999,999,9999999,999,999,999,9,0,95,95,95,95,95,0,995,9.8,998,998,998,99.8,99.8,99.8,953.8563909,8,8
32188,11,84,1-11-2023-084-08,8,2,1N4BL21E08C1,17,478,1904,13,0,35,47,2008,4,1,4,0,1,F,2,1500,5,0,1,1,42,2,72,1,0,1,0,2,0,1,23139,1,2,0,1,3,1,2,1,1,4,0,3,0,0,1,1,0,0,1,0,1,4,60,1,1,1,2,F,45,0,0,0,0,0,0,0,0,0,0,998,998,0,0,9,4,11,999,999,999,9999999,999,999,999,7,0,2,5,0,1,4,0,998,0.0,999,999,999,99.9,99.9,99.9,953.8563909,8,8
32189,24,105,1-24-2023-105-07,7,1,1C4NJCEA7GD5,17,483,1946,7,0,2,1,2016,6,1,2,0,1,F,1,1405,5,0,1,1,12,2,80,1,0,0,995,0,0,0,08234,9,9,0,2,2,2,2,1,1,1,3,2,0,2,3,1,0,0,9,0,1,3,52,2,1,1,2,D,28,0,0,0,0,0,0,0,0,0,0,270,270,0,0,0,1,1,21,-21,0,12224,998,0,15,0,4,0,0,0,0,0,0,995,9.8,998,998,998,99.8,99.8,99.8,1692.757286,1,8
32189,24,105,1-24-2023-105-07,7,2,3FAHP0HA5BR3,17,460,1780,13,0,12,23,2011,4,1,3,0,1,B,1,1490,5,0,1,1,11,2,80,1,0,0,995,0,0,0,08205,9,9,0,2,2,2,2,1,1,1,3,2,0,2,3,1,0,0,9,0,2,3,53,1,1,1,2,D,29,0,0,0,0,0,0,0,0,0,0,270,270,0,0,0,1,1,20,20,0,36370,998,0,24,0,4,0,0,0,0,0,0,995,9.8,998,998,998,99.8,99.8,99.8,1692.757286,1,8
32190,24,106,1-24-2023-106-03,3,1,1C6RR6GG4JS2,17,496,13620,60,0,7,482,2018,34,5,30,0,1,F,1,2225,5,0,1,1,17,2,80,1,0,0,995,0,0,0,08302,9,9,2,4,2,1,2,1,2,1,1,2,1,0,1,1,0,0,1,0,14,3,52,4,1,1,2,D,28,0,0,0,0,0,0,0,0,0,0,295,295,0,0,0,1,1,18,-18,3,19810,998,5,15,0,4,0,0,0,0,5,0,995,9.8,998,998,998,99.8,99.8,99.8,197.3082483,1,8
32190,24,106,1-24-2023-106-03,3,2,JN8AT3AB7MW2,17,478,1913,7,0,35,404,2021,14,3,14,0,1,R,2,1608,5,0,1,1,23,2,80,1,0,0,995,0,0,0,08050,1,2,2,4,2,1,2,1,2,1,1,2,1,0,1,1,0,0,1,0,2,3,53,1,1,1,2,D,30,0,0,0,0,0,0,0,0,0,0,210,125,0,0,0,2,3,31,-5,-30,74812,998,38,33,0,4,1,1,0,1,4,0,995,9.8,998,998,998,99.8,99.8,99.8,197.3082483,1,8
32190,24,106,1-24-2023-106-03,3,3,1FTFW1E49LFB,17,460,1801,60,0,12,481,2020,34,5,31,0,1,F,1,2236,5,0,1,1,28,2,80,1,0,0,995,0,0,0,08330,1,2,2,4,2,1,2,1,3,1,1,2,1,0,1,1,0,0,1,0,14,4,62,2,1,1,6,M,98,0,0,0,0,0,0,0,0,0,0,125,210,0,0,0,2,3,22,-21,8,45395,998,87,20,0,4,0,0,0,0,5,0,995,9.8,998,998,998,99.8,99.8,99.8,197.3082483,1,8
32190,24,106,1-24-2023-106-03,3,4,1HGCG6659XA1,17,474,1861,13,0,37,32,1999,4,1,3,0,1,9,9,1310,5,9999,9,0,998,5,80,1,0,0,995,0,0,0,08330,9,9,2,4,2,1,2,1,2,1,1,2,1,0,1,1,0,0,9,0,14,6,90,99,1,1,6,M,98,0,0,0,0,0,0,0,0,0,0,998,998,0,0,0,3,0,999,999,999,9999999,999,999,999,9,0,95,95,95,95,95,0,998,9.8,998,998,998,99.8,99.8,99.8,197.3082483,1,8
32191,24,107,1-24-2023-107-03,3,1,5XYPGDA54LG6,17,499,2769,7,0,63,402,2020,14,3,14,0,1,F,1,1860,5,0,1,1,8,2,64,1,0,0,995,0,0,0,08205,2,2,0,4,2,1,2,2,2,1,1,2,0,0,2,2,0,0,1,1,14,6,87,8,9,4,1,A,3,0,0,0,0,0,0,0,0,0,0,998,998,0,1,2,1,10,999,999,999,9999999,999,2,17,2,0,1,1,0,1,0,0,998,0.4,999,999,999,0.5,4.8,4.7,197.3082483,1,8
32192,14,85,1-14-2023-085-03,3,1,5YFDPRAE9LP0,17,448,2208,13,0,49,32,2020,4,1,2,0,1,F,2,1388,5,0,1,5,27,2,113,1,8,0,995,0,7,0,78233,9,1,1,2,5,1,2,1,1,9,1,3,2,3,1,1,0,0,9,0,1,3,50,4,1,1,2,D,20,0,0,0,0,0,0,0,0,0,0,245,245,0,0,0,1,12,999,999,999,9999999,999,999,999,7,0,1,2,0,1,4,0,995,9.8,998,998,998,99.8,99.8,99.8,2137.882615,8,8
32192,14,85,1-14-2023-085-03,3,2,5YFBURHE7GP5,17,448,2208,13,0,49,32,2016,4,1,3,0,1,B,9,1265,5,9999,9,0,998,5,113,1,8,0,995,0,7,0,78140,9,9,1,2,5,1,2,1,1,9,1,3,2,3,1,1,0,0,9,0,5,3,53,99,1,1,2,D,21,0,0,0,0,0,0,0,0,0,0,245,245,0,0,0,1,0,999,999,999,9999999,999,999,999,9,0,95,95,95,95,95,0,995,9.8,998,998,998,99.8,99.8,99.8,2137.882615,8,8
32192,14,85,1-14-2023-085-03,3,3,1FADP5BU3DL5,17,460,3462,5,0,12,27,2013,5,1,3,0,1,B,9,1636,5,9999,9,0,998,5,113,1,8,0,995,0,7,0,78130,9,9,1,2,5,1,2,1,1,9,1,3,2,3,1,1,0,0,9,0,5,3,53,99,1,1,6,M,98,0,0,0,0,0,0,0,0,0,0,245,245,0,0,0,2,0,999,999,999,9999999,999,999,999,9,0,95,95,95,95,95,0,995,9.8,998,998,998,99.8,99.8,99.8,2137.882615,8,8
32193,14,86,1-14-2023-086-02,2,1,1GNSKBKC9FR6,17,467,1852,7,0,20,421,2015,15,3,15,0,1,F,2,2515,5,0,1,1,21,2,72,1,8,0,995,0,7,0,78130,9,1,0,5,5,2,2,2,1,1,3,2,0,0,4,2,0,0,9,1,1,3,50,3,1,2,2,D,20,0,0,0,0,0,0,0,0,0,0,320,160,0,0,0,3,1,27,-27,-5,56800,998,-41,23,0,4,0,0,0,0,0,0,995,9.8,998,998,998,99.8,99.8,99.8,164.4463854,8,8
32193,14,86,1-14-2023-086-02,2,2,1C4RJKBG3P88,17,483,1949,7,0,2,422,2023,15,3,15,0,1,B,9,2113,5,9999,9,0,998,5,72,1,8,0,995,0,7,0,78130,9,9,0,5,5,2,2,2,1,1,3,2,0,0,4,2,0,0,9,0,5,3,53,99,1,1,2,D,21,0,0,0,0,0,0,0,0,0,0,340,320,0,0,0,1,0,999,999,999,9999999,999,999,999,9,0,95,95,95,95,95,0,995,9.8,998,998,998,99.8,99.8,99.8,164.4463854,8,8
32193,14,86,1-14-2023-086-02,2,3,3VV1B7AX0KM0,17,482,8151,7,0,30,402,2019,14,3,14,0,1,L,9,1713,5,9999,9,0,998,5,72,1,8,0,995,0,7,0,78130,9,9,0,5,5,2,2,2,1,1,3,2,0,0,4,2,0,0,9,0,1,4,62,99,1,1,6,M,98,0,0,0,0,0,0,0,0,0,0,160,320,0,0,0,2,0,999,999,999,9999999,999,999,999,9,0,95,95,95,95,95,0,995,9.8,998,998,998,99.8,99.8,99.8,164.4463854,8,8
32193,14,86,1-14-2023-086-02,2,4,1FMCU0G65LUA,17,460,1798,7,0,12,402,2020,14,3,14,0,1,F,3,1496,5,0,1,1,21,2,72,1,8,0,995,0,7,0,78132,1,9,0,5,5,1,2,2,1,1,1,3,0,0,4,2,0,0,9,0,1,4,62,3,1,1,6,M,98,0,0,0,0,0,0,0,0,0,0,160,320,0,0,0,3,1,45,-45,8,154906,998,33,49,0,4,2,5,0,1,8,0,995,9.8,998,998,998,99.8,99.8,99.8,164.4463854,8,8
32194,13,134,1-13-2023-134-01,1,1,5NPD84LF2HH1,17,498,2735,13,0,55,35,2017,4,1,3,0,1,R,2,1275,5,9999,9,5,42,2,105,1,1,9,998,8,7,9,76155,2,9,1,1,2,2,1,2,3,9,3,2,0,0,3,2,0,0,9,1,14,1,6,99,9,4,1,B,7,0,0,0,0,0,0,0,0,0,0,998,998,0,0,0,1,10,999,999,999,9999999,999,999,999,7,0,2,4,1,1,1,0,998,0.2,999,999,999,99.9,99.9,99.9,92.45403532,7,8
32195,13,135,1-13-2023-135-02,2,1,5N1AR18U69C6,17,478,1911,7,0,35,401,2009,14,3,14,0,1,R,2,2079,8,0,1,1,28,2,64,1,8,1,0,2,7,0,76133,2,9,2,1,4,4,1,1,2,1,5,0,0,0,1,1,1,2,9,0,11,2,15,99,1,1,4,J,68,0,0,0,0,0,0,0,0,0,0,170,80,0,0,0,1,1,37,-13,-35,135930,998,-50,38,0,1,2,9,0,1,3,0,995,9.8,998,998,998,99.8,99.8,99.8,28.70592218,7,8
32195,13,135,1-13-2023-135-02,2,2,1GKKNKLA2KZ2,17,472,1855,7,0,23,423,2019,15,3,15,0,1,F,3,1794,5,0,1,1,28,2,64,1,0,1,0,2,0,0,76123,2,9,2,1,4,1,1,1,1,1,0,5,0,0,1,1,1,2,9,0,1,4,62,4,1,1,4,J,69,0,0,0,0,0,0,0,0,0,0,80,170,0,0,0,1,1,43,-40,15,157916,998,69,42,0,4,2,4,0,1,4,0,995,0.0,999,999,999,0.0,0.0,0.0,28.70592218,7,8
32196,13,136,1-13-2023-136-02,2,1,1FT7W2BTXJEB,17,460,1805,60,0,12,481,2018,34,5,31,0,1,F,1,2938,5,9999,9,1,17,2,105,1,8,0,995,0,7,0,75189,1,9,1,2,5,3,1,1,3,9,3,3,0,0,1,1,0,0,9,1,14,2,13,7,2,4,1,A,1,0,0,0,0,0,0,0,0,0,0,998,998,0,0,0,1,1,19,-18,3,42059,998,-32,19,0,4,9,97,0,1,0,0,998,3.2,999,999,999,17.0,3.2,17.3,28.70592219,7,8
32196,13,136,1-13-2023-136-02,2,2,JM3KFBCM8M03,17,473,2369,7,0,41,403,2021,14,3,14,0,1,F,2,1630,5,0,1,1,18,2,105,1,8,0,995,0,7,0,76052,1,2,1,2,5,2,1,1,3,9,1,1,0,0,1,1,0,0,1,0,14,4,64,2,1,1,6,M,98,0,0,0,0,0,0,0,0,0,0,30,0,0,0,0,2,3,26,-24,9,35741,998,71,21,0,4,2,5,0,1,4,0,995,9.8,998,998,998,99.8,99.8,99.8,28.70592219,7,8