CASEID,PSU,CASENO,CASENUMBER,CATEGORY,VEHNO,VIN,VINLENGTH,VPICMAKE,VPICMODEL,VPICBODYCLASS,ICFINALBODY,MAKE,MODEL,MODELYR,BODYTYPE,BODYCAT,VEHCLASS,SPECUSE,TRANSTAT,DAMPLANE,DAMSEV,CURBWT,CURBSRC,CARGOWT,CARGOSRC,INSPTYPE,INSPLAG,TOWED,SPEEDLIMIT,DRPRESENT,PARALCOHOL,ALCTEST,ALCTESTRESULT,ALCTESTSRC,PARDRUG,DRUGTEST,ZIP,RACE,ETHNICITY,RELTOJUNCT,TRAFFLOW,RDLANES,INITLANE,SURFTYPE,SURFCOND,ALIGNMENT,PROFILE,LINERIGHT,LINELEFT,RUMBINIT,RUMBROAD,LIGHTCOND,WEATHER,TRAFDEV,TRAFFUNCT,DISTRACT,PREFHE,PREMOVE,CRITCAT,CRITEVENT,MANEUVER,PRESTAB,PRELOC,CRASHCAT,CRASHCONF,CRASHTYPE,ROLLTYPE,ROLLTURN,ROLLINTRPT,ROLLPREMAN,ROLLINITYP,ROLLINLOC,ROLLOBJ,ROLLTRIP,ROLLDIR,ROLLDIST,DVANGTHIS,DVANGOTH,TOWHITCH,TRAJDOC,TREEPOLE,DVEVENT,DVBASIS,DVTOTAL,DVLONG,DVLAT,DVENERGY,DVSPEED,DVMOMENT,DVBES,DVEST,DVCONF,VAIS,VISS,VINJSEV,VINJURED,VTREAT,INITOBJCLASS,HEADANGLECAT,SHLDRWIDTH,STRKLENGTH,STRKWIDTH,STRKHEIGHT,EDGEDISTX,EDGEDISTY,EDGEDISTZ,CASEWGT,PSUSTRAT,VERSION
32237,66,87,1-66-2023-087-07,7,1,2A4RR4DE9AR1,17,477,1936,2,0,6,441,2010,20,4,20,0,1,F,1,2096,5,0,1,1,19,2,72,1,0,0,995,0,7,0,65605,1,2,0,4,2,1,2,1,1,2,1,2,3,3,1,1,2,2,3,0,1,3,50,3,1,1,2,D,20,0,0,0,0,0,0,0,0,0,0,245,255,0,0,0,1,1,23,-23,0,70592,998,35,28,0,4,0,0,0,0,4,0,995,9.8,998,998,998,99.8,99.8,99.8,126.3903999,6,8
32237,66,87,1-66-2023-087-07,7,2,3GCPCREC4HG1,17,467,1850,60,0,20,481,2017,34,5,31,0,1,B,1,2301,5,50,1,1,19,2,72,1,0,0,995,0,7,0,65723,9,9,0,4,2,1,2,1,1,2,1,2,3,3,1,1,2,2,1,0,5,3,53,1,1,1,2,D,21,0,0,0,0,0,0,0,0,0,0,255,245,0,0,0,1,1,21,21,-4,29784,998,89,16,0,4,0,0,0,0,0,0,995,9.8,998,998,998,99.8,99.8,99.8,126.3903999,6,8
32238,12,108,1-12-2023-108-04,4,1,1N6SD11S3TC3,17,478,5748,60,0,35,471,1996,34,5,30,0,1,L,3,1277,5,0,1,1,12,2,56,1,0,0,995,0,0,0,73401,1,2,2,1,3,3,2,2,1,1,0,0,0,0,1,2,1,2,9,0,11,2,15,1,1,1,4,K,82,0,0,0,0,0,0,0,0,0,0,245,355,0,0,0,1,3,40,-20,34,121366,998,75,42,0,4,0,0,0,0,0,0,995,9.8,998,998,998,99.8,99.8,99.8,304.3790292,9,8
32238,12,108,1-12-2023-108-04,4,2,1FMJU1HT2MEA,17,460,1799,7,0,12,422,2021,15,3,15,0,1,F,1,2435,5,0,1,1,9,2,64,1,0,0,995,0,0,0,73401,1,2,2,1,4,2,2,2,1,1,1,1,0,0,1,2,1,2,9,0,1,4,67,2,1,1,4,K,83,0,0,0,0,0,0,0,0,0,0,355,245,0,0,0,1,3,20,-20,-4,28118,998,-14,17,0,4,0,0,0,0,0,0,995,9.8,998,998,998,99.8,99.8,99.8,304.3790292,9,8
32239,12,109,1-12-2023-109-07,7,1,1N6AD0EV2GN7,17,478,1919,60,0,35,472,2016,34,5,31,0,1,L,1,2085,5,0,1,1,25,2,72,1,0,0,995,0,0,0,73086,9,9,2,4,2,1,2,1,1,1,0,0,0,0,1,1,2,2,9,0,11,2,15,4,1,1,4,K,82,0,0,0,0,0,0,0,0,0,0,195,280,0,0,0,1,1,23,-4,23,41747,998,-32,22,0,1,0,0,0,0,0,0,995,9.8,998,998,998,99.8,99.8,99.8,732.9173686,9,8
32239,12,109,1-12-2023-109-07,7,2,1GTHK53K69F1,17,472,1857,60,0,23,481,2009,34,5,31,0,1,F,1,2703,5,0,1,1,25,2,72,1,0,0,995,0,0,0,74003,5,2,2,4,2,1,2,1,1,1,0,0,0,0,1,1,0,0,1,0,1,4,67,2,1,1,4,K,83,0,0,0,0,0,0,0,0,0,0,280,195,0,0,0,1,1,18,-18,-3,42640,998,-48,19,0,1,2,5,0,1,4,0,995,9.8,998,998,998,99.8,99.8,99.8,732.9173686,9,8
32240,12,110,1-12-2023-110-04,4,1,JTNK4RBE1K30,17,448,2208,5,0,49,32,2019,5,1,2,0,1,F,2,1388,5,0,1,1,13,2,121,1,0,0,995,0,0,0,73463,1,2,0,2,2,2,1,1,1,1,3,2,1,3,1,1,0,0,3,1,1,2,12,8,2,4,1,B,6,0,0,0,0,0,0,0,0,0,0,998,998,0,0,0,1,98,999,999,999,9999999,999,999,999,7,0,0,0,0,0,0,0,998,5.1,999,999,999,12.8,1.8,12.7,304.3790292,9,8
32241,26,124,1-26-2023-124-03,3,1,KMHL54JJ9LA0,17,498,2459,13,0,55,33,2020,4,1,4,0,1,R,1,1527,5,0,1,1,12,2,72,1,0,1,0,2,0,0,95608,9,9,2,1,4,4,2,1,1,1,1,0,0,0,1,1,1,2,1,1,10,2,16,1,1,2,4,J,70,0,0,0,0,0,0,0,0,0,0,255,185,0,0,0,1,3,18,9,-16,33248,998,-30,23,0,4,1,1,0,1,4,0,995,9.8,998,998,998,99.8,99.8,99.8,400.4454027,10,8
32241,26,124,1-26-2023-124-03,3,2,JTDKN3DU8B02,17,448,2209,5,0,49,46,2011,5,1,3,0,1,F,1,1380,5,9999,9,0,998,2,72,1,0,0,995,0,0,0,95608,1,9,2,1,4,2,2,1,1,1,3,3,0,0,1,1,1,2,9,0,1,4,60,8,9,1,4,J,71,0,0,0,0,0,0,0,0,0,0,185,255,0,0,0,1,3,20,-19,7,13444,998,44,15,0,4,99,99,0,0,8,0,995,9.8,998,998,998,99.8,99.8,99.8,400.4454027,10,8
32241,26,124,1-26-2023-124-03,3,3,5PVNJ8JT5H4S,17,514,2168,63,66,98,806,2017,62,8,60,0,1,F,9,,,,,,,5,40,1,0,0,995,0,0,0,95832,9,9,2,4,3,2,2,1,1,1,1,2,0,0,1,1,1,2,1,0,5,4,67,1,1,1,6,M,98,,,,,,,,,,,,,,,,,,,,,,,,,,,95,95,95,95,95,,,9.8,998,998,998,99.8,99.8,99.8,400.4454027,10,8
32242,22,90,1-22-2023-090-10,10,1,1HGCM66885A0,17,474,1861,13,0,37,32,2005,4,1,3,0,1,F,1,1504,5,0,1,1,8,2,89,1,0,0,995,0,0,0,83541,9,9,0,4,3,2,2,5,2,1,3,2,1,0,4,8,5,2,9,1,6,1,6,99,3,4,1,A,2,0,0,0,0,0,0,0,0,0,0,998,998,0,0,0,1,10,999,999,999,9999999,999,-101,10,2,0,0,0,0,0,5,0,998,0.0,120,29,52,0.0,0.0,0.0,338.6524189,12,8
32243,22,91,1-22-2023-091-06,6,1,1FM5K8HTXHGA,17,460,1800,7,0,12,401,2017,14,3,14,0,1,F,1,2146,5,50,2,1,8,2,56,1,0,0,995,0,0,0,99403,1,2,2,4,3,2,2,1,1,1,1,2,0,0,1,8,1,2,3,0,11,2,15,1,1,1,4,J,68,0,0,0,0,0,0,0,0,0,0,200,85,0,0,0,1,1,10,-9,-3,12333,998,-28,12,0,1,1,1,0,1,6,0,995,9.8,998,998,998,99.8,99.8,99.8,40.62842331,12,8
32243,22,91,1-22-2023-091-06,6,2,JN1CA31AXYT0,17,478,2302,13,0,35,39,2000,4,1,3,0,1,L,1,1451,5,0,1,1,9,2,56,1,0,0,995,0,0,0,83501,9,9,2,4,3,1,2,1,1,1,0,1,0,0,1,8,1,2,9,0,1,4,62,99,9,1,4,J,69,0,0,0,0,0,0,0,0,0,0,85,200,0,0,0,1,1,14,-11,9,8939,998,23,12,0,1,0,0,0,0,0,0,995,9.8,998,998,998,99.8,99.8,99.8,40.62842331,12,8
32244,22,92,1-22-2023-092-06,6,1,1N4AL3AP1GN3,17,478,1904,13,0,35,47,2016,4,1,4,0,1,F,2,1453,5,0,1,1,7,2,56,1,0,0,995,0,0,0,83501,9,9,2,4,5,3,2,2,1,1,1,2,0,0,4,2,1,2,9,0,11,2,15,4,1,1,4,J,68,0,0,0,0,0,0,0,0,0,0,260,145,0,0,0,1,1,25,-25,0,77105,998,-19,36,0,4,0,0,0,0,0,0,995,9.8,998,998,998,99.8,99.8,99.8,40.62842331,12,8
32244,22,92,1-22-2023-092-06,6,2,1GCHK29D36E2,17,467,1850,60,0,20,481,2006,34,5,31,0,1,L,1,2575,5,0,1,1,6,2,56,1,0,0,995,0,0,0,83501,1,2,2,4,5,1,2,2,1,1,0,3,0,0,4,2,1,2,1,1,1,4,62,4,1,2,4,J,69,0,0,0,0,0,0,0,0,0,0,145,260,0,0,0,1,1,14,-5,13,1387,998,174,3,0,4,0,0,0,0,0,0,995,9.8,998,998,998,99.8,99.8,99.8,40.62842331,12,8
32245,22,93,1-22-2023-093-09,9,1,5TELU42N75Z0,17,448,2223,60,0,49,472,2005,34,5,30,0,1,R,2,1791,5,0,1,1,12,2,56,1,0,0,995,0,0,0,83501,9,9,3,4,4,2,2,1,1,1,3,2,0,0,1,8,0,0,9,0,11,2,15,99,9,1,4,J,68,0,0,0,0,0,0,0,0,0,0,170,55,0,0,0,1,5,999,999,999,9999999,999,999,38,3,0,1,1,0,1,4,0,995,9.8,998,998,998,99.8,99.8,99.8,67.18407907,12,8
32245,22,93,1-22-2023-093-09,9,2,1M1AN4GY3PM0,17,490,20842,66,0,86,881,2023,66,8,68,0,1,F,9,,,,,,,2,56,1,0,0,995,0,0,0,83501,9,9,3,4,4,1,2,1,1,1,0,3,0,0,1,8,0,0,9,0,1,4,62,2,2,1,4,J,69,,,,,,,,,,,,,,,,,,,,,,,,,,,95,95,95,95,95,,,9.8,998,998,998,99.8,99.8,99.8,67.18407907,12,8
32246,29,86,1-29-2023-086-04,4,1,2T3DWRFV2LW0,17,448,2217,7,0,49,402,2020,14,3,14,0,1,F,2,1703,5,0,1,3,9,2,48,1,0,0,995,0,0,0,02745,9,9,0,4,2,1,2,1,1,1,0,0,0,0,1,1,0,0,9,1,1,2,13,1,1,4,1,C,11,0,0,0,0,0,0,0,0,0,0,100,100,0,0,0,1,12,999,999,999,9999999,999,999,999,7,0,0,0,0,0,0,0,995,9.8,998,998,998,99.8,99.8,99.8,390.5088025,2,8
32246,29,86,1-29-2023-086-04,4,2,JTJDARDZ7M22,17,515,3653,7,0,59,405,2021,14,3,14,0,2,B,9,1755,5,9999,9,0,998,,,,,,,,,,,,,,,,,,,,,,,,,,,,,,,,,,,,,,,,,,,,,,,,,,,,,,,,,,,,,,,,,,95,95,95,95,95,,,,,,,,,,390.5088025,2,8
32247,29,87,1-29-2023-087-09,9,1,2HGFA1F59AH5,17,474,1863,13,0,37,31,2010,4,1,3,0,1,F,3,1199,5,0,1,1,34,2,40,1,0,0,995,0,0,0,02888,9,9,0,4,2,1,2,2,1,2,0,0,0,0,1,2,0,0,9,0,1,4,62,99,1,1,3,G,51,0,0,0,0,0,0,0,0,0,0,220,60,0,0,0,1,3,49,-48,-9,141000,998,-43,51,0,1,99,99,0,0,8,0,995,0.0,999,999,999,1.8,0.0,1.8,660.4651836,2,8
32247,29,87,1-29-2023-087-09,9,2,5NPEB4AC4BH2,17,498,2459,13,0,55,33,2011,4,1,4,0,1,F,2,1517,5,9999,9,0,998,2,40,1,0,0,995,0,0,0,02871,9,9,0,4,2,1,2,2,1,4,0,0,0,0,1,2,0,0,3,1,1,2,10,99,1,2,3,G,50,0,0,0,0,0,0,0,0,0,0,60,220,0,0,0,1,3,39,-38,7,86555,998,26,37,0,4,99,99,0,0,99,0,995,9.8,998,998,998,99.8,99.8,99.8,660.4651836,2,8
32248,32,176,1-32-2023-176-02,2,1,3N1AB7AP0FL6,17,478,1907,13,0,35,43,2015,4,1,3,0,1,L,2,1293,5,0,1,5,42,2,999,1,0,0,995,0,0,0,75039,9,1,3,4,2,1,1,1,1,1,0,0,0,0,3,1,0,0,9,0,11,2,15,99,1,1,4,K,82,0,0,0,0,0,0,0,0,0,0,220,330,0,0,0,1,98,999,999,999,9999999,999,999,999,7,0,1,1,0,2,4,0,995,9.8,998,998,998,99.8,99.8,99.8,19.04332479,7,8
32248,32,176,1-32-2023-176-02,2,2,4T1G11AK8MU5,17,448,2469,13,0,49,40,2021,4,1,4,0,1,F,9,1520,5,9999,9,0,998,2,56,1,0,0,995,0,0,0,75001,9,1,3,1,4,3,1,1,1,1,3,1,0,0,3,1,0,0,9,0,1,4,72,99,1,1,4,K,83,0,0,0,0,0,0,0,0,0,0,330,220,0,0,0,1,0,999,999,999,9999999,999,999,999,9,0,9,97,0,4,5,0,995,9.8,998,998,998,99.8,99.8,99.8,19.04332479,7,8
32249,73,166,1-73-2023-166-09,9,1,5TEWM72N43Z2,17,448,2223,60,0,49,472,2003,34,5,31,0,1,F,9,1576,5,9999,9,0,998,2,80,1,8,0,995,0,7,0,04911,9,9,0,4,2,1,2,1,3,2,1,2,0,0,1,1,6,2,3,1,14,2,13,99,1,4,1,A,1,0,0,0,0,0,0,0,0,0,0,998,998,0,0,0,1,0,999,999,999,9999999,999,999,999,9,0,9,97,0,1,0,0,998,0.6,120,120,120,25.7,6.9,27.1,287.882389,3,8
32250,15,214,1-15-2023-214-04,4,1,1HGCR2F38FA0,17,474,1861,13,0,37,32,2015,4,1,4,0,1,L,9,1615,5,9999,9,0,998,5,64,1,8,9,998,8,7,9,11432,9,9,2,4,4,2,2,1,1,1,1,2,0,0,1,8,1,2,9,0,1,4,62,99,1,1,4,J,69,0,0,0,0,0,0,0,0,0,0,150,315,0,0,0,1,0,999,999,999,9999999,999,999,999,9,0,95,95,95,95,95,0,995,9.8,998,998,998,99.8,99.8,99.8,185.8881427,1,8
32250,15,214,1-15-2023-214-04,4,2,2HGFC1F30MH7,17,474,1863,13,0,37,31,2021,4,1,3,0,1,L,1,1312,5,9999,9,5,42,2,64,1,8,9,998,8,7,9,11803,9,9,2,4,4,2,2,1,1,1,1,2,0,0,1,8,1,2,9,0,11,2,15,99,1,1,4,J,68,0,0,0,0,0,0,0,0,0,0,315,150,0,0,0,1,12,999,999,999,9999999,999,999,999,6,0,0,0,0,0,0,0,995,9.8,998,998,998,99.8,99.8,99.8,185.8881427,1,8
32251,15,215,1-15-2023-215-03,3,1,1N4BL4CV1KC2,17,478,1904,13,0,35,47,2019,4,1,4,0,1,R,1,1545,5,0,1,1,25,2,48,1,8,0,995,0,7,0,11758,1,2,0,4,2,1,2,1,1,1,1,2,0,0,1,1,0,0,9,1,6,2,11,99,1,2,2,F,48,0,0,0,0,0,0,0,0,0,0,998,998,0,0,1,6,1,12,-2,-12,15318,998,120,12,0,1,0,0,0,0,4,0,998,0.7,120,120,120,16.0,10.0,18.9,50.50849878,1,8
32251,15,215,1-15-2023-215-03,3,2,50EA1TEA5PA0,17,10919,28593,13,0,98,398,2023,4,1,5,0,1,F,2,2375,8,9999,9,4,12,2,48,1,8,0,995,0,7,0,11735,1,2,0,4,2,1,2,1,1,1,1,2,0,0,1,1,0,0,1,0,1,4,60,1,1,1,2,F,48,0,0,0,0,0,0,0,0,0,0,998,998,0,0,0,2,10,999,999,999,9999999,999,999,999,7,0,1,1,0,1,4,0,998,0.7,120,120,120,19.0,10.0,21.5,50.50849878,1,8
32252,15,216,1-15-2023-216-03,3,1,WDDHF8HB9AA0,17,449,2081,13,0,42,48,2010,4,1,4,0,1,R,9,1830,5,9999,9,0,998,5,80,1,8,0,995,0,7,0,11001,9,9,1,2,3,2,2,2,3,1,3,3,0,0,2,1,0,0,9,1,15,2,11,99,1,2,2,F,46,0,0,0,0,0,0,0,0,0,0,285,280,0,0,0,1,0,999,999,999,9999999,999,999,999,9,0,95,95,95,95,95,0,995,9.8,998,998,998,99.8,99.8,99.8,50.50849878,1,8
32252,15,216,1-15-2023-216-03,3,2,KMTG34TA6NU0,17,5083,23521,13,0,55,46,2022,4,1,4,0,1,R,2,1775,5,9999,9,4,63,2,80,1,8,1,0,2,7,1,11236,7,2,1,2,3,1,2,1,3,1,1,3,0,0,2,1,0,0,1,0,14,4,60,1,1,1,2,F,45,0,0,0,0,0,0,0,0,0,0,998,998,0,0,0,2,8,999,999,999,9999999,999,999,999,7,0,1,1,0,1,4,0,998,0.4,999,999,999,3.8,1.4,3.9,50.50849878,1,8
32253,31,103,1-31-2023-103-04,4,1,5YFB4MDE1PP0,17,448,2208,13,0,49,32,2023,4,1,3,0,1,F,1,1315,5,9999,9,1,4,2,113,1,8,0,995,0,7,0,62918,9,9,0,2,2,1,2,1,1,1,1,3,2,3,5,1,0,0,9,0,1,6,87,4,1,1,1,C,13,0,0,0,0,0,0,0,0,0,0,998,998,0,0,0,1,10,999,999,999,9999999,999,4,14,2,0,0,0,0,0,0,0,998,9.8,998,998,998,99.8,99.8,99.8,259.2181109,6,8
32254,32,177,1-32-2023-177-03,3,1,3N1AB7AP9KL6,17,478,1907,13,0,35,43,2019,4,1,3,0,1,F,1,1315,5,9999,9,0,998,5,48,1,8,0,995,0,7,0,75204,9,9,4,4,5,1,2,1,1,1,0,3,0,0,3,1,0,0,9,0,1,3,56,99,1,1,6,M,93,0,0,0,0,0,0,0,0,0,0,240,300,0,0,0,1,3,11,-11,2,4852,998,35,9,0,4,95,95,95,95,95,0,995,9.8,998,998,998,99.8,99.8,99.8,442.0527856,7,8
32254,32,177,1-32-2023-177-03,3,2,JN1CV6AP1BM5,17,480,2337,13,0,58,37,2011,4,1,4,0,1,R,1,1602,5,0,1,1,26,2,48,1,0,0,995,0,0,0,75204,1,9,4,3,1,1,2,1,1,1,2,2,0,0,3,1,0,0,9,0,8,2,20,1,1,1,6,M,92,0,0,0,0,0,0,0,0,0,0,300,240,0,0,0,1,3,8,3,-8,12001,998,167,9,0,4,9,97,0,2,99,0,995,9.8,998,998,998,99.8,99.8,99.8,442.0527856,7,8
32256,28,104,1-28-2023-104-03,3,1,JF2GUADC5R82,17,523,13580,7,0,48,403,2024,14,3,14,0,1,R,1,1486,8,0,1,1,22,2,113,1,0,1,0,2,0,1,16925,1,2,0,2,2,2,2,1,2,1,3,2,1,3,1,1,0,0,1,1,14,2,12,98,2,4,1,A,2,0,0,0,0,0,0,0,0,0,0,998,998,0,0,0,1,10,999,999,999,9999999,999,-10,14,2,0,1,1,0,1,4,0,998,3.3,999,43,93,2.8,1.0,3.0,60.00667134,3,8
32258,23,93,1-23-2023-093-02,2,1,1FM5K8AB2NGB,17,460,1800,7,0,12,425,2022,15,3,15,5,1,F,1,2022,5,46,1,1,11,2,89,1,0,0,995,0,0,0,43015,1,9,3,4,2,1,2,1,1,1,1,2,0,0,2,1,0,0,1,0,1,4,62,99,1,1,4,J,69,0,0,0,0,0,0,0,0,0,0,170,305,0,0,0,1,1,18,-17,3,23722,998,106,14,0,4,0,0,0,0,5,0,995,9.8,998,998,998,99.8,99.8,99.8,52.33243703,5,8
32258,23,93,1-23-2023-093-02,2,2,1FM5K8AB4NGB,17,460,1800,7,0,12,425,2022,15,3,15,5,1,F,1,2022,5,46,1,1,11,2,89,1,0,0,995,0,0,0,43015,1,2,3,4,2,1,2,1,1,1,1,2,0,0,2,1,0,0,9,0,11,2,15,99,1,1,4,J,68,0,0,0,0,0,0,0,0,0,0,305,170,0,0,0,1,1,18,-15,-9,46818,998,-82,21,0,4,2,5,0,1,4,0,995,9.8,998,998,998,99.8,99.8,99.8,52.33243703,5,8
32259,23,94,1-23-2023-094-03,3,1,WA1L2AFP0GA1,17,582,3862,7,0,32,402,2016,14,3,14,0,1,F,9,1850,5,9999,9,0,998,2,40,1,0,0,995,0,0,0,43065,9,9,2,4,2,1,2,1,1,1,0,0,0,0,1,1,0,0,9,0,11,2,15,99,1,1,4,J,68,0,0,0,0,0,0,0,0,0,0,170,45,0,0,0,1,0,999,999,999,9999999,999,999,999,9,0,99,99,0,0,0,0,995,9.8,998,998,998,99.8,99.8,99.8,167.7699744,5,8
32259,23,94,1-23-2023-094-03,3,2,KMHE24L34KA0,17,498,2459,13,0,55,33,2019,4,1,4,0,1,F,9,1585,5,9999,9,0,998,2,40,1,0,0,995,0,0,0,43065,9,9,2,1,2,1,2,1,1,9,0,0,0,0,1,1,0,0,9,0,1,4,62,99,1,1,4,J,69,0,0,0,0,0,0,0,0,0,0,45,170,0,0,0,1,0,999,999,999,9999999,999,999,999,9,0,0,0,0,0,4,0,995,9.8,998,998,998,99.8,99.8,99.8,167.7699744,5,8
32260,23,95,1-23-2023-095-06,6,1,1C6RR7LGXFS7,17,496,13620,60,0,7,482,2015,34,5,30,0,1,F,3,2336,5,0,1,1,19,2,72,1,0,0,995,0,0,0,43081,9,9,2,4,2,1,2,1,1,1,1,2,0,0,2,1,0,0,1,0,11,2,15,99,1,1,4,J,68,0,0,0,0,0,0,0,0,0,0,70,275,0,0,0,1,3,53,-50,-18,334704,998,-80,54,0,4,9,97,0,1,5,0,995,9.8,998,998,998,99.8,99.8,99.8,364.9799061,5,8
32260,23,95,1-23-2023-095-06,6,2,2G1FB1E31C91,17,467,1829,3,0,20,9,2012,2,1,4,0,1,F,3,1700,5,9999,9,0,998,2,72,1,0,0,995,0,0,0,43015,1,9,2,4,2,1,2,1,1,1,1,2,0,0,2,1,0,0,1,0,1,4,62,99,1,1,4,J,69,0,0,0,0,0,0,0,0,0,0,275,70,0,0,0,1,3,74,-74,0,360884,998,0,72,0,4,0,0,0,0,5,0,995,9.8,998,998,998,99.8,99.8,99.8,364.9799061,5,8
32262,59,144,1-59-2023-144-03,3,1,1HGCV3F14LA0,17,474,1861,13,0,37,32,2020,4,1,4,0,1,R,2,1524,5,0,1,1,8,2,48,1,0,0,995,0,0,0,47804,1,2,2,1,4,4,1,1,1,1,1,2,0,0,1,1,1,2,1,0,11,4,63,9,1,1,4,J,68,0,0,0,0,0,0,0,0,0,0,90,0,0,0,0,1,5,999,999,999,9999999,999,999,999,7,0,1,1,0,1,5,0,995,0.0,999,999,999,9.8,1.8,9.9,57.10542696,6,8
32262,59,144,1-59-2023-144-03,3,2,1C6RD7GT4CS3,17,476,1938,60,0,7,482,2012,34,5,31,0,1,F,2,2404,5,9999,9,5,8,2,48,1,0,0,995,0,0,0,47803,9,9,2,2,4,1,2,1,1,4,0,3,0,0,1,1,1,2,1,0,1,2,17,99,1,1,4,J,69,0,0,0,0,0,0,0,0,0,0,0,90,1,0,0,1,5,999,999,999,9999999,999,999,999,7,0,0,0,0,0,0,0,995,9.8,998,998,998,99.8,99.8,99.8,57.10542696,6,8
32263,59,145,1-59-2023-145-05,5,1,3D7KS28D36G1,17,476,1938,60,0,7,482,2006,34,5,31,0,1,F,2,2719,5,0,1,1,4,2,64,1,0,0,995,0,0,0,47805,9,9,0,5,5,2,2,1,1,1,3,2,0,0,1,1,0,0,3,0,1,3,52,99,1,1,2,D,28,0,0,0,0,0,0,0,0,0,0,180,180,0,0,0,1,3,33,-33,0,167038,998,-26,38,0,4,1,1,0,1,4,0,995,9.8,998,998,998,99.8,99.8,99.8,49.55652444,6,8
32263,59,145,1-59-2023-145-05,5,2,WMZYT5C32J3E,17,456,1880,7,0,69,54,2018,14,3,14,0,1,B,3,1646,5,0,1,1,4,2,64,1,0,1,0,2,0,2,47807,1,9,0,5,5,2,2,1,1,1,3,2,0,0,1,1,0,0,9,0,2,3,53,1,1,1,2,D,29,0,0,0,0,0,0,0,0,0,0,180,180,0,0,0,1,3,55,55,0,163049,998,0,49,0,4,2,5,0,1,4,0,995,9.8,998,998,998,99.8,99.8,99.8,49.55652444,6,8
32263,59,145,1-59-2023-145-05,5,3,2HKRW2H80NH6,17,474,1865,7,0,37,402,2022,14,3,14,0,1,B,9,1580,5,9999,9,0,998,5,64,1,0,0,995,0,0,0,47807,9,9,0,5,5,2,2,1,1,1,3,2,0,0,1,1,0,0,9,0,5,3,53,99,1,1,6,M,98,0,0,0,0,0,0,0,0,0,0,180,180,0,0,0,2,0,999,999,999,9999999,999,999,999,9,0,95,95,95,95,95,0,995,9.8,998,998,998,99.8,99.8,99.8,49.55652444,6,8
32263,59,145,1-59-2023-145-05,5,4,3N1AB7AP4HY3,17,478,1907,13,0,35,43,2017,4,1,3,0,1,B,9,1300,5,9999,9,0,998,5,64,1,0,0,995,0,0,0,47802,9,9,0,5,5,2,2,1,1,1,3,2,0,0,1,1,0,0,9,0,5,3,53,99,1,1,6,M,98,0,0,0,0,0,0,0,0,0,0,180,180,0,0,0,3,0,999,999,999,9999999,999,999,999,9,0,95,95,95,95,95,0,995,9.8,998,998,998,99.8,99.8,99.8,49.55652444,6,8
32264,59,146,1-59-2023-146-06,6,1,1YVHP82AX95M,17,473,2078,13,0,41,50,2009,4,1,4,0,1,R,1,1489,5,0,1,1,4,2,64,1,0,0,995,0,0,0,47803,9,9,2,4,2,1,2,1,1,2,0,2,0,0,1,1,0,0,9,0,1,2,17,99,1,1,5,L,87,0,0,0,0,0,0,0,0,0,0,100,10,0,1,0,1,3,19,-3,-18,34140,998,40,23,0,4,0,0,0,0,0,0,995,9.8,998,998,998,99.8,99.8,99.8,191.5902205,6,8
32264,59,146,1-59-2023-146-06,6,2,3GNCJLSB7GL2,17,467,10988,7,0,20,406,2016,14,3,14,0,1,F,1,1382,5,0,1,1,4,2,64,1,0,0,995,0,0,0,47804,1,2,2,1,5,1,2,1,1,1,1,1,0,0,1,1,0,0,9,0,1,4,66,99,1,1,5,L,86,0,0,0,0,0,0,0,0,0,0,10,100,0,1,0,1,3,19,-19,3,11390,998,34,13,0,4,0,0,0,0,4,0,995,9.8,998,998,998,99.8,99.8,99.8,191.5902205,6,8
32265,77,114,1-77-2023-114-07,7,1,JF1SG63686H7,17,523,2234,7,0,48,401,2006,14,3,14,0,1,R,1,1425,5,0,1,2,12,5,56,1,0,0,995,0,0,0,22901,9,9,2,1,4,4,2,1,1,1,1,2,0,0,1,1,1,2,2,0,12,2,21,99,1,1,6,M,98,0,0,0,0,0,0,0,0,0,0,120,60,0,0,0,1,1,13,2,-12,18125,998,-166,11,0,1,95,95,95,95,95,0,995,9.8,998,998,998,99.8,99.8,99.8,1987.498995,9,8
32265,77,114,1-77-2023-114-07,7,2,1N4AL3AP6HC1,17,478,1904,13,0,35,47,2017,4,1,4,0,1,F,1,1453,5,0,1,1,12,2,56,1,0,0,995,0,0,0,22901,9,9,2,1,4,2,2,1,1,1,1,3,0,0,1,1,1,2,1,0,1,4,62,4,1,1,6,M,98,0,0,0,0,0,0,0,0,0,0,60,120,0,0,0,1,1,12,-11,4,12081,998,14,14,0,4,0,0,0,0,0,0,995,9.8,998,998,998,99.8,99.8,99.8,1987.498995,9,8
32266,77,115,1-77-2023-115-03,3,1,7FARS6H5XPE0,17,474,1865,7,0,37,402,2023,14,3,14,0,1,F,1,1649,5,181,1,1,9,2,113,1,0,0,995,0,0,0,87501,1,2,1,2,2,1,2,1,2,9,1,3,2,3,5,1,0,0,1,0,14,6,87,4,1,1,1,C,13,0,0,0,0,0,0,0,0,0,0,998,998,0,0,0,1,10,999,999,999,9999999,999,23,16,2,0,1,1,0,1,0,0,998,9.8,998,998,998,99.8,99.8,99.8,207.1365529,9,8