CASEID,PSU,CASENO,CASENUMBER,CATEGORY,VEHNO,VIN,VINLENGTH,VPICMAKE,VPICMODEL,VPICBODYCLASS,ICFINALBODY,MAKE,MODEL,MODELYR,BODYTYPE,BODYCAT,VEHCLASS,SPECUSE,TRANSTAT,DAMPLANE,DAMSEV,CURBWT,CURBSRC,CARGOWT,CARGOSRC,INSPTYPE,INSPLAG,TOWED,SPEEDLIMIT,DRPRESENT,PARALCOHOL,ALCTEST,ALCTESTRESULT,ALCTESTSRC,PARDRUG,DRUGTEST,ZIP,RACE,ETHNICITY,RELTOJUNCT,TRAFFLOW,RDLANES,INITLANE,SURFTYPE,SURFCOND,ALIGNMENT,PROFILE,LINERIGHT,LINELEFT,RUMBINIT,RUMBROAD,LIGHTCOND,WEATHER,TRAFDEV,TRAFFUNCT,DISTRACT,PREFHE,PREMOVE,CRITCAT,CRITEVENT,MANEUVER,PRESTAB,PRELOC,CRASHCAT,CRASHCONF,CRASHTYPE,ROLLTYPE,ROLLTURN,ROLLINTRPT,ROLLPREMAN,ROLLINITYP,ROLLINLOC,ROLLOBJ,ROLLTRIP,ROLLDIR,ROLLDIST,DVANGTHIS,DVANGOTH,TOWHITCH,TRAJDOC,TREEPOLE,DVEVENT,DVBASIS,DVTOTAL,DVLONG,DVLAT,DVENERGY,DVSPEED,DVMOMENT,DVBES,DVEST,DVCONF,VAIS,VISS,VINJSEV,VINJURED,VTREAT,INITOBJCLASS,HEADANGLECAT,SHLDRWIDTH,STRKLENGTH,STRKWIDTH,STRKHEIGHT,EDGEDISTX,EDGEDISTY,EDGEDISTZ,CASEWGT,PSUSTRAT,VERSION
32268,77,117,1-77-2023-117-06,6,1,2HKRM3H53EH5,17,474,1865,7,0,37,402,2014,14,3,14,0,1,F,2,1526,5,0,1,1,7,2,89,1,0,0,995,0,0,0,22903,9,9,0,3,2,2,2,1,1,4,3,2,0,0,3,1,0,0,3,0,1,3,51,3,1,1,2,D,24,0,0,0,0,0,0,0,0,0,0,255,255,0,0,0,1,3,37,-37,0,94643,998,-9,38,0,4,0,0,0,0,0,0,995,9.8,998,998,998,99.8,99.8,99.8,694.9486233,9,8
32268,77,117,1-77-2023-117-06,6,2,JM3KFBDM5J13,17,473,2369,7,0,41,403,2018,14,3,14,0,1,B,2,1659,5,9999,9,0,998,5,89,1,0,0,995,0,0,0,22901,9,9,0,3,2,2,2,1,1,4,3,2,0,0,3,1,0,0,1,0,1,3,53,1,1,1,2,D,25,0,0,0,0,0,0,0,0,0,0,255,255,0,0,0,1,3,37,37,0,79957,998,0,35,0,4,95,95,95,95,95,0,995,9.8,998,998,998,99.8,99.8,99.8,694.9486233,9,8
32270,18,98,1-18-2023-098-03,3,1,5GAEVAKW3LJ1,17,468,1841,7,0,18,421,2020,15,3,15,0,1,F,1,2093,5,0,1,1,8,2,113,1,0,0,995,0,0,0,54729,1,9,0,1,2,1,2,1,1,1,3,2,1,3,2,8,0,0,1,0,1,6,87,8,2,1,1,C,13,0,0,0,0,0,0,0,0,0,0,998,998,0,0,0,1,10,999,999,999,9999999,999,101,12,2,0,1,1,0,1,4,0,998,9.8,998,998,998,99.8,99.8,99.8,102.7208357,6,8
32271,18,99,1-18-2023-099-07,7,1,JM3KFBCM2J04,17,473,2369,7,0,41,403,2018,14,3,14,0,1,F,1,1659,5,0,1,1,8,2,113,1,0,0,995,0,0,0,54729,1,9,0,4,2,1,2,1,1,1,1,4,1,1,5,1,0,0,9,0,1,6,87,2,1,1,1,C,13,0,0,0,0,0,0,0,0,0,0,998,998,0,0,0,1,10,999,999,999,9999999,999,-52,12,2,0,0,0,0,0,0,0,998,9.8,998,998,998,99.8,99.8,99.8,1043.203145,6,8
32273,73,168,1-73-2023-168-07,7,1,JA4AZ3A34GZ0,17,481,2163,7,0,52,47,2016,6,1,3,0,1,L,1,1535,5,0,1,1,9,2,40,1,8,0,995,0,7,0,04976,9,9,2,4,2,1,2,1,1,1,0,0,0,0,1,8,2,2,3,0,11,2,15,2,1,1,4,K,82,0,0,0,0,0,0,0,0,0,0,85,175,0,0,0,1,3,4,-2,4,2032,998,60,5,0,4,0,0,0,0,0,0,995,9.8,998,998,998,99.8,99.8,99.8,165.4729909,3,8
32273,73,168,1-73-2023-168-07,7,2,5NPET46C99H4,17,498,2459,13,0,55,33,2009,4,1,3,0,1,F,1,1476,5,9999,9,0,998,5,40,1,8,0,995,0,7,0,04976,9,9,2,4,2,1,2,1,1,4,1,2,0,0,1,8,0,0,9,0,1,4,67,99,1,1,4,K,83,0,0,0,0,0,0,0,0,0,0,175,85,0,0,0,1,3,4,-4,-2,876,998,-102,3,0,4,95,95,95,95,95,0,995,9.8,998,998,998,99.8,99.8,99.8,165.4729909,3,8
32274,48,111,1-48-2023-111-09,9,1,2HGFG12869H5,17,474,1863,3,0,37,31,2009,2,1,3,0,1,T,2,1226,5,46,1,1,14,2,129,1,0,0,995,0,0,0,84058,1,9,0,2,2,1,1,1,1,9,1,3,2,3,1,1,0,0,9,1,1,6,90,7,4,4,1,B,8,1,5,2,1,1,4,61,1,1,13,997,997,0,0,0,1,6,999,999,999,9999999,999,999,999,7,0,9,97,0,1,0,3,997,9.8,998,998,998,99.8,99.8,99.8,332.3672543,12,8
32275,48,112,1-48-2023-112-08,8,1,1C3CCBAG6DN7,17,477,2053,13,0,6,18,2013,4,1,3,0,1,F,3,1544,5,0,1,1,10,2,72,1,1,1,198,1,0,0,84302,9,9,0,5,5,1,2,1,2,2,1,3,0,0,3,1,0,0,9,1,14,2,12,1,1,4,1,B,6,0,0,0,0,0,0,0,0,0,0,998,998,0,1,1,1,1,99,-99,0,610613,998,-1,99,0,1,9,97,0,1,8,0,998,1.4,69,69,120,24.1,7.0,25.1,90.36363016,12,8
32276,48,113,1-48-2023-113-06,6,1,1G1BF5SM2K71,17,467,1832,13,0,20,25,2019,4,1,3,0,1,F,1,1250,5,0,1,1,5,2,0,1,0,0,995,0,0,0,83263,9,9,3,4,3,2,2,1,1,1,2,2,0,0,5,1,0,0,2,0,11,2,15,2,1,1,4,K,82,0,0,0,0,0,0,0,0,0,0,260,10,0,1,0,1,1,13,-4,12,20815,998,173,13,0,1,0,0,0,0,0,0,995,9.8,998,998,998,99.8,99.8,99.8,155.245135,12,8
32276,48,113,1-48-2023-113-06,6,2,4T1BK1EBXEU0,17,448,2465,13,0,49,43,2014,4,1,4,0,1,R,1,1620,5,0,1,1,4,2,89,1,0,0,995,0,0,0,83201,9,9,3,5,5,1,2,1,1,1,1,3,0,0,5,1,0,0,1,0,1,4,72,3,1,1,4,K,83,0,0,0,0,0,0,0,0,0,0,10,260,0,1,0,1,1,10,-10,0,8192,998,88,10,0,4,0,0,0,0,0,0,995,9.8,998,998,998,99.8,99.8,99.8,155.245135,12,8
32277,48,114,1-48-2023-114-04,4,1,KM8J2CA45LU1,17,498,2058,7,0,55,402,2020,14,3,14,0,1,F,2,1634,5,0,1,1,8,2,97,1,0,0,995,0,0,0,83204,9,1,0,4,4,1,2,1,1,1,1,3,0,0,2,1,0,0,1,0,1,6,87,3,1,1,1,C,13,0,0,0,0,0,0,0,0,0,0,998,998,0,0,0,1,10,999,999,999,9999999,999,11,25,3,0,1,1,0,1,0,0,998,9.8,998,998,998,99.8,99.8,99.8,223.6818558,12,8
32279,59,143,1-59-2023-143-07,7,1,1FTPW14524KC,17,460,1801,60,0,12,481,2004,34,5,31,0,1,F,1,2495,5,0,1,5,6,2,48,1,0,0,995,0,0,0,47834,9,9,2,4,3,1,2,1,1,1,0,1,0,0,1,1,1,2,2,0,1,2,17,1,1,1,5,L,88,0,0,0,0,0,0,0,0,0,0,90,0,0,0,0,1,3,12,-11,-4,14451,998,-84,11,0,4,0,0,0,0,0,0,995,9.8,998,998,998,99.8,99.8,99.8,556.3010354,6,8
32279,59,143,1-59-2023-143-07,7,2,1HGCV1F33JA1,17,474,1861,13,0,37,32,2018,4,1,4,0,1,L,1,1532,5,0,1,1,8,2,48,1,0,0,995,0,0,0,47803,1,2,2,4,3,1,2,1,1,1,0,1,0,0,1,1,1,2,9,0,1,4,66,1,1,1,5,L,89,0,0,0,0,0,0,0,0,0,0,0,90,0,0,0,1,3,19,-6,18,36433,998,-87,20,0,4,0,0,0,0,0,0,995,0.0,120,20,20,0.0,0.0,0.0,556.3010354,6,8
32280,18,100,1-18-2023-100-04,4,1,5XXGT4L39LG4,17,499,2739,13,0,63,34,2020,4,1,4,0,1,F,1,1465,5,9999,9,4,47,5,48,1,0,0,995,0,0,0,54701,9,9,2,4,2,1,2,1,3,4,0,2,0,0,1,1,0,0,1,0,14,4,66,99,1,1,5,L,86,0,0,0,0,0,0,0,0,0,0,55,150,0,0,0,1,12,999,999,999,9999999,999,999,999,1,0,95,95,95,95,95,0,995,9.8,998,998,998,99.8,99.8,99.8,340.8099907,6,8
32280,18,100,1-18-2023-100-04,4,2,JA4ARUAUXPU0,17,481,13867,7,0,52,404,2023,14,3,14,0,1,R,9,1630,5,9999,9,0,998,2,48,1,0,0,995,0,0,0,54880,1,9,2,4,2,1,2,1,1,1,1,2,0,0,1,1,2,2,1,0,1,2,17,99,1,1,5,L,87,0,0,0,0,0,0,0,0,0,0,150,55,0,0,0,1,0,999,999,999,9999999,999,999,999,9,0,0,0,0,0,0,0,995,9.8,998,998,998,99.8,99.8,99.8,340.8099907,6,8
32281,54,91,1-54-2023-091-08,8,1,5TDZK3EHXCS0,17,448,2213,7,0,49,403,2012,14,3,14,0,1,L,1,1745,5,0,1,1,30,2,72,1,0,0,995,0,0,0,38827,1,9,2,4,2,1,2,1,2,1,1,2,0,0,2,1,2,2,9,0,11,2,15,99,1,1,4,K,82,0,0,0,0,0,0,0,0,0,0,340,70,0,1,0,1,5,999,999,999,9999999,999,999,17,2,0,1,1,0,3,4,0,995,9.8,998,998,998,99.8,99.8,99.8,255.6188638,9,8
32281,54,91,1-54-2023-091-08,8,2,4V4NC9EH6PN3,17,487,1967,66,0,51,881,2023,66,8,68,0,1,F,9,,,,,,,5,105,1,0,0,995,0,0,0,72635,9,9,2,1,3,1,2,1,3,1,1,3,2,2,2,1,0,0,9,0,14,4,67,2,2,1,4,K,83,,,,,,,,,,,,,,,,,,,,,,,,,,,95,95,95,95,95,,,9.8,998,998,998,99.8,99.8,99.8,255.6188638,9,8
32282,54,92,1-54-2023-092-05,5,1,1N4AL3AP1HC2,17,478,1904,13,0,35,47,2017,4,1,4,0,1,F,9,1453,5,9999,9,0,998,2,105,1,0,0,995,0,0,0,35565,1,2,2,1,2,1,2,1,1,1,1,3,2,3,1,1,0,0,9,0,1,3,52,1,1,1,2,D,28,0,0,0,0,0,0,0,0,0,0,310,320,0,0,0,1,0,999,999,999,9999999,999,999,999,9,0,1,1,0,1,4,0,995,9.8,998,998,998,99.8,99.8,99.8,129.7151114,9,8
32282,54,92,1-54-2023-092-05,5,2,5J6RE48758L0,17,474,1865,7,0,37,402,2008,14,3,14,0,1,B,9,1604,5,9999,9,0,998,2,105,1,0,0,995,0,0,0,35585,1,2,2,1,2,1,2,1,1,1,1,3,2,3,1,1,0,0,1,0,10,3,53,1,1,1,2,D,31,0,0,0,0,0,0,0,0,0,0,320,310,0,0,0,1,0,999,999,999,9999999,999,999,999,9,0,0,0,0,0,0,0,995,9.8,998,998,998,99.8,99.8,99.8,129.7151114,9,8
32283,54,93,1-54-2023-093-04,4,1,1N6ED0EA0LN7,17,478,1919,60,0,35,472,2020,34,5,30,0,1,F,9,2073,5,0,1,4,12,2,56,1,1,8,997,8,0,0,35653,9,9,0,4,2,1,2,2,3,1,1,2,0,0,1,98,0,0,9,1,14,2,13,99,1,4,1,A,1,0,0,0,0,0,0,0,0,0,0,998,998,0,1,0,2,11,999,999,999,9999999,999,999,999,9,0,0,0,0,0,0,0,998,0.1,98,45,-119,39.5,5.0,40.0,869.2413578,9,8
32284,12,111,1-12-2023-111-10,10,1,999999999999,99,99999,99999,999,0,99,399,9999,9,1,9,99,1,F,9,9999,9,9999,9,0,998,5,72,1,8,0,995,0,9,0,99999,9,9,3,4,2,1,2,1,1,1,0,2,0,0,3,1,0,0,9,0,1,3,52,99,1,1,2,D,28,0,0,0,0,0,0,0,0,0,0,100,70,0,0,0,1,0,999,999,999,9999999,999,999,999,9,0,95,95,95,95,95,0,995,9.8,998,998,998,99.8,99.8,99.8,254.5148612,9,8
32284,12,111,1-12-2023-111-10,10,2,1C4GJ25B63B2,17,477,15131,2,0,6,442,2003,20,4,20,0,1,B,1,1755,5,0,1,1,28,2,72,1,0,0,995,0,0,0,73401,9,9,3,4,2,1,2,1,1,1,0,2,0,0,3,1,0,0,1,0,11,2,15,99,1,1,2,D,29,0,0,0,0,0,0,0,0,0,0,70,100,0,0,0,1,5,999,999,999,9999999,999,999,10,2,0,0,0,0,0,0,0,995,9.8,998,998,998,99.8,99.8,99.8,254.5148612,9,8
32285,12,112,1-12-2023-112-07,7,1,JN1BV7AR1FM4,17,480,1901,13,0,58,41,2015,4,1,4,0,1,F,1,1718,5,0,1,1,22,2,121,1,0,0,995,0,0,0,73080,1,1,0,2,2,2,2,2,3,9,3,2,1,3,2,2,0,0,1,1,14,1,6,99,4,4,1,B,7,0,0,0,0,0,0,0,0,0,0,998,998,0,0,0,1,10,999,999,999,9999999,999,-36,14,2,0,0,0,0,0,0,0,998,1.5,120,999,999,30.6,17.8,36.0,254.5977106,9,8
32286,12,113,1-12-2023-113-07,7,1,1HGCV2F35JA0,17,474,1861,13,0,37,32,2018,4,1,4,0,1,F,1,1532,5,0,1,1,20,2,121,1,0,0,995,0,0,0,73080,9,9,0,2,2,2,1,2,3,1,3,2,1,3,1,8,0,0,1,1,14,1,6,99,2,4,1,B,7,0,0,0,0,0,0,0,0,0,0,998,998,0,0,0,1,98,999,999,999,9999999,999,999,999,6,0,0,0,0,0,0,0,998,1.4,120,5,80,51.8,8.4,52.8,254.5977106,9,8
32287,12,114,1-12-2023-114-07,7,1,2FMPK4J85GBC,17,460,1797,7,0,12,24,2016,6,1,4,0,1,R,9,1841,5,9999,9,0,998,2,121,1,0,0,995,0,0,0,64131,9,9,0,2,2,2,1,2,1,1,3,2,1,3,1,2,0,0,1,1,1,1,6,99,4,4,1,B,7,0,0,0,0,0,0,0,0,0,0,998,998,0,1,0,1,0,999,999,999,9999999,999,999,999,9,0,0,0,0,0,0,0,998,1.4,100,5,90,63.7,18.6,66.2,254.5977106,9,8
32288,66,88,1-66-2023-088-01,1,1,1D7HU16N33J6,17,476,1938,60,0,7,482,2003,34,5,31,0,1,R,2,2194,5,91,1,1,12,2,113,1,0,0,995,0,0,0,59870,9,9,0,2,2,1,2,1,1,1,1,3,2,3,1,1,0,0,9,1,1,2,13,4,4,4,1,A,2,1,4,2,6,1,4,61,1,1,35,997,997,0,1,0,1,6,999,999,999,9999999,999,999,999,7,0,3,22,2,2,1,3,997,2.7,999,999,999,6.5,0.8,6.5,103.5334329,6,8
32289,66,89,1-66-2023-089-08,8,1,1FTPW14V86KD,17,460,1801,60,0,12,481,2006,34,5,31,0,1,F,1,2558,5,50,1,1,12,2,89,1,0,1,0,1,7,0,65705,1,2,0,4,2,1,2,1,1,1,1,2,3,3,1,1,0,0,3,1,1,2,10,1,1,2,3,G,50,0,0,0,0,0,0,0,0,0,0,90,275,0,1,0,1,1,22,-22,4,77344,998,3,27,0,4,2,6,0,1,4,0,995,9.8,998,998,998,99.8,99.8,99.8,128.7448736,6,8
32289,66,89,1-66-2023-089-08,8,2,1FTCR10A3RUB,17,460,1803,60,0,12,471,1994,34,5,30,0,1,F,3,1343,5,0,1,1,12,2,89,1,0,1,0,2,7,9,63601,1,2,0,4,2,1,2,1,1,1,1,4,3,3,1,1,0,0,9,0,1,4,62,99,1,1,3,G,51,0,0,0,0,0,0,0,0,0,0,275,90,0,1,0,1,1,41,-41,7,68875,998,1,35,0,4,4,34,1,1,3,0,995,9.8,998,998,998,99.8,99.8,99.8,128.7448736,6,8
32290,66,90,1-66-2023-090-06,6,1,3GNCJLSB6JL4,17,467,10988,7,0,20,406,2018,14,3,14,0,1,F,2,1382,5,0,2,1,2,2,89,1,0,0,995,0,7,0,65707,1,2,0,4,2,1,2,1,1,1,1,2,0,0,2,1,0,0,1,0,1,6,87,2,1,1,1,C,13,0,0,0,0,0,0,0,0,0,0,998,998,0,1,0,1,10,999,999,999,9999999,999,-28,25,3,0,3,10,1,2,3,0,998,9.8,998,998,998,99.8,99.8,99.8,128.0272373,6,8
32291,33,77,1-33-2023-077-08,8,1,1FAFP42X62F1,17,460,1781,3,0,12,3,2002,2,1,2,0,1,T,2,1644,5,0,1,1,16,2,89,1,1,1,203,2,0,2,95965,1,2,0,4,2,1,2,1,1,1,0,2,0,0,1,1,0,0,9,1,1,2,12,99,4,4,1,B,7,1,8,2,6,1,4,61,1,1,36,997,997,0,0,0,2,6,999,999,999,9999999,999,999,999,7,0,2,8,0,1,3,3,997,3.0,120,10,999,13.7,2.2,13.9,42.4032536,12,8
32292,33,78,1-33-2023-078-08,8,1,3N1AB7AP3DL6,17,478,1907,13,0,35,43,2013,4,1,3,0,1,F,1,1283,5,0,1,1,11,2,89,1,1,1,158,2,0,0,95965,1,9,0,4,2,1,2,1,3,4,1,2,0,0,2,1,0,0,9,1,14,2,13,99,1,4,1,A,1,0,0,0,0,0,0,0,0,0,0,998,998,0,0,0,2,7,999,999,999,9999999,999,999,999,6,0,2,6,0,2,3,0,998,2.0,10,10,120,26.0,1.2,26.0,42.4032536,12,8
32293,33,79,1-33-2023-079-04,4,1,4S4WMAMDXK34,17,523,24836,7,0,48,421,2019,15,3,15,0,1,F,1,2073,5,0,2,1,10,2,105,1,0,0,995,0,0,0,95973,1,2,0,1,2,2,1,2,1,1,3,2,0,0,2,8,0,0,1,0,1,6,87,1,1,1,1,C,13,0,0,0,0,0,0,0,0,0,0,998,998,0,1,0,1,10,999,999,999,9999999,999,-28,17,2,0,1,1,0,2,0,0,998,9.8,998,998,998,99.8,99.8,99.8,144.9826977,12,8
32294,33,80,1-33-2023-080-01,1,1,1FTNW21F82EC,17,460,1805,60,0,12,481,2002,34,5,31,0,1,F,3,2728,5,0,1,1,15,2,89,1,0,0,995,0,0,0,95966,1,9,0,4,2,1,2,1,1,1,1,4,0,0,2,1,0,0,9,1,1,1,9,99,2,4,1,B,7,1,1,1,2,2,4,60,4,1,5,998,998,0,1,1,4,7,999,999,999,9999999,999,999,999,8,0,1,1,1,1,1,3,998,0.8,120,80,40,5.8,3.9,7.3,22.46340517,12,8
32295,10,161,1-10-2023-161-02,2,1,1HGCY2F59RA0,17,474,1861,13,0,37,32,2024,4,1,4,0,1,F,3,1582,5,0,1,1,9,2,105,1,0,1,0,2,0,2,45069,3,2,0,2,3,3,2,1,2,9,3,2,0,0,1,1,0,0,9,1,14,2,12,99,9,4,1,B,6,0,0,0,0,0,0,0,0,0,0,10,20,0,0,0,2,5,999,999,999,9999999,999,999,53,4,0,3,14,1,1,3,0,995,9.8,998,998,998,99.8,99.8,99.8,130.3098363,4,8
32295,10,161,1-10-2023-161-02,2,2,1GBM7H1J5SJ1,17,467,14036,74,66,20,881,1995,63,8,60,0,2,B,9,,,,,,,,,,,,,,,,,,,,,,,,,,,,,,,,,,,,,,,,,,,,,,,,,,,,,,,,,,,,,,,,,,,,,,,,95,95,95,95,95,,,,,,,,,,130.3098363,4,8
32296,10,162,1-10-2023-162-02,2,1,5N1DL0MM8KC5,17,480,1910,7,0,58,403,2019,14,3,14,0,1,F,3,2049,5,9999,9,4,48,3,56,1,0,0,995,0,0,2,45426,9,9,0,1,2,1,2,1,3,1,0,3,0,0,1,1,0,0,1,1,14,2,13,99,9,4,1,A,1,1,4,2,1,1,3,61,1,1,15,998,998,0,0,1,1,12,999,999,999,9999999,999,999,999,8,0,3,22,1,1,3,3,998,0.0,50,50,120,38.0,14.2,41.8,130.3098363,4,8
32298,17,163,1-17-2023-163-08,8,1,1FTFW1EF9CFB,17,460,1801,60,0,12,481,2012,34,5,31,0,1,F,3,2522,5,227,1,1,7,2,48,1,1,1,352,2,1,2,61244,1,9,0,4,2,1,2,1,1,1,0,4,0,0,3,1,0,0,9,1,1,2,10,1,1,2,3,G,50,0,0,0,0,0,0,0,0,0,0,190,10,0,1,0,1,1,41,-40,7,246036,998,42,46,0,2,3,10,1,1,3,0,995,9.8,998,998,998,99.8,99.8,99.8,65.13020502,4,8
32298,17,163,1-17-2023-163-08,8,2,3C4PDCBG1DT5,17,476,1939,7,0,7,27,2013,6,1,4,0,1,F,3,1735,5,0,1,1,7,2,48,1,0,1,15,2,0,2,61241,1,9,0,4,2,1,2,1,1,1,0,4,0,0,3,1,0,0,9,0,1,4,62,4,1,1,3,G,51,0,0,0,0,0,0,0,0,0,0,10,190,0,1,0,1,1,62,-61,11,242852,998,35,56,0,2,4,26,2,2,3,0,995,9.8,998,998,998,99.8,99.8,99.8,65.13020502,4,8
32299,17,164,1-17-2023-164-10,10,1,1FAHP2F81DG2,17,460,1782,13,0,12,17,2013,4,1,4,0,1,B,1,1822,5,0,1,1,27,2,48,1,9,0,995,0,9,0,99999,9,9,2,4,2,1,2,1,1,1,0,0,0,0,2,1,2,2,9,1,13,2,20,99,1,4,6,M,98,0,0,0,0,0,0,0,0,0,0,270,80,0,0,0,1,3,8,8,-1,6157,998,102,8,0,4,0,0,0,0,0,0,995,9.8,998,998,998,99.8,99.8,99.8,1575.057509,4,8
32299,17,164,1-17-2023-164-10,10,2,1GNKRGKD3EJ2,17,467,1853,7,0,20,423,2014,15,3,15,0,2,B,1,2107,5,9999,9,0,998,,,,,,,,,,,,,,,,,,,,,,,,,,,,,,,,,,,,,,,,,,,,,,,,,,,,,,,,,,,,,,,,,,95,95,95,95,95,,,,,,,,,,1575.057509,4,8
32300,17,165,1-17-2023-165-07,7,1,3FA6P0G7XHR1,17,460,1780,13,0,12,23,2017,4,1,4,0,1,L,1,1558,5,0,1,1,19,2,72,1,0,0,995,0,0,0,61201,2,9,1,2,3,3,1,1,1,1,3,2,1,3,4,1,0,0,9,0,1,6,88,99,1,1,1,C,13,0,0,0,0,0,0,0,0,0,0,998,998,0,0,0,1,10,999,999,999,9999999,999,-64,12,2,0,0,0,0,0,0,0,998,9.8,998,998,998,99.8,99.8,99.8,487.8938986,4,8
32304,30,146,1-30-2023-146-03,3,1,5NPEG4JA4LH0,17,498,2459,13,0,55,33,2020,4,1,4,0,1,R,1,1527,5,0,1,1,51,2,64,1,0,0,995,0,0,0,85323,9,9,2,1,3,3,2,1,1,1,1,0,0,0,1,1,0,0,9,0,11,2,15,99,1,1,4,J,68,0,0,0,0,0,0,0,0,0,0,200,90,0,0,0,1,3,7,-4,-5,4584,998,-61,8,0,4,9,97,0,1,99,0,995,9.8,998,998,998,99.8,99.8,99.8,58.24294042,10,8
32304,30,146,1-30-2023-146-03,3,2,2G1WB5E37E11,17,467,13634,13,0,20,2,2014,4,1,4,0,1,F,1,1754,5,9999,9,4,49,2,64,1,0,0,995,0,0,0,85323,9,9,2,4,7,2,2,1,1,1,1,3,0,0,1,1,0,0,9,0,1,4,62,99,1,1,4,J,69,0,0,0,0,0,0,0,0,0,0,90,200,0,0,0,1,3,6,-6,2,1914,998,74,5,0,4,9,97,0,1,99,0,995,9.8,998,998,998,99.8,99.8,99.8,58.24294042,10,8
32304,30,146,1-30-2023-146-03,3,3,1GNERJKW1PJ2,17,467,1853,7,0,20,423,2023,15,3,15,0,1,L,9,2132,5,9999,9,0,998,2,0,1,0,0,995,0,0,0,85323,9,9,2,4,3,2,1,1,1,1,0,0,0,0,1,1,2,2,9,0,5,4,66,99,1,1,6,M,98,0,0,0,0,0,0,0,0,0,0,0,115,0,0,0,3,0,999,999,999,9999999,999,999,999,9,0,99,99,0,0,99,0,995,9.8,998,998,998,99.8,99.8,99.8,58.24294042,10,8
32307,20,114,1-20-2023-114-01,1,1,1HGCR2F53EA2,17,474,1861,13,0,37,32,2014,4,1,4,0,1,F,3,1496,5,0,1,1,34,2,89,1,9,8,997,8,0,2,93930,9,1,0,4,2,1,2,1,1,1,1,4,0,0,2,1,0,0,9,1,1,2,10,99,1,2,3,G,50,0,0,0,0,0,0,0,0,0,0,280,120,0,1,0,1,1,71,-70,-12,356356,998,-72,68,0,4,9,97,1,1,1,0,995,9.8,998,998,998,99.8,99.8,99.8,26.85110982,11,8
32307,20,114,1-20-2023-114-01,1,2,JTMWFREV3GD0,17,448,2217,7,0,49,402,2016,14,3,14,0,1,F,3,1570,5,0,1,1,31,2,89,1,0,9,998,8,0,9,93927,9,1,0,4,2,1,2,1,2,1,1,4,0,0,2,1,0,0,9,0,14,4,62,4,1,1,3,G,51,1,4,2,2,5,4,31,6,1,13,120,280,0,0,0,1,1,63,-62,11,308800,998,-13,66,0,4,1,1,0,4,4,2,995,9.8,998,998,998,99.8,99.8,99.8,26.85110982,11,8
32308,20,115,1-20-2023-115-09,9,1,JTDJT9236751,17,448,2464,5,0,49,51,2007,3,1,1,0,1,F,1,1050,5,0,1,1,17,2,40,1,1,8,997,8,0,0,95012,9,1,0,4,2,1,2,1,2,1,0,2,0,0,2,1,0,0,9,1,14,2,12,99,1,4,1,B,6,0,0,0,0,0,0,0,0,0,0,998,998,0,0,0,1,10,999,999,999,9999999,999,-31,22,2,0,1,1,0,1,4,0,998,9.8,998,998,998,99.8,99.8,99.8,536.634265,11,8
32309,11,85,1-11-2023-085-08,8,1,2GTEK13T8512,17,472,1857,60,0,23,481,2005,34,5,31,0,1,T,9,2397,5,9999,9,0,998,2,97,1,0,0,995,0,0,0,23234,9,9,0,1,2,1,2,1,1,9,1,3,2,3,1,1,0,0,1,1,1,1,9,99,1,4,1,A,2,9,99,9,9,99,9,99,9,9,999,997,997,0,0,0,1,0,999,999,999,9999999,999,999,999,9,0,3,10,1,1,3,9,997,9.8,998,998,998,99.8,99.8,99.8,592.2337652,8,8
32311,11,87,1-11-2023-087-02,2,1,KMHL54JJ1PA0,17,498,2459,13,0,55,33,2023,4,1,4,0,1,F,1,1600,5,0,1,3,52,3,72,1,0,0,995,0,0,0,23112,1,2,0,1,4,2,2,1,3,9,3,3,0,0,1,1,0,0,1,1,14,1,8,1,1,4,1,A,2,0,0,0,0,0,0,0,0,0,0,998,998,0,0,0,1,12,999,999,999,9999999,999,999,999,6,0,0,0,0,0,3,0,998,0.9,999,999,999,0.0,0.0,0.0,83.61933847,8,8
32312,13,137,1-13-2023-137-06,6,1,3C6JR6DT2EG2,17,496,13620,60,0,7,482,2014,34,5,31,0,1,R,9,2215,5,9999,9,0,998,5,72,1,8,0,995,0,7,0,76110,9,9,3,4,2,1,2,2,1,4,0,0,0,0,3,1,0,0,9,0,1,2,17,99,1,1,5,L,87,0,0,0,0,0,0,0,0,0,0,125,35,0,0,0,1,0,999,999,999,9999999,999,999,999,9,0,95,95,95,95,95,0,995,9.8,998,998,998,99.8,99.8,99.8,1388.122786,7,8
32312,13,137,1-13-2023-137-06,6,2,5NPD84LF1HH1,17,498,2735,13,0,55,35,2017,4,1,3,0,1,F,2,1275,5,9999,9,4,97,2,72,1,8,0,995,0,7,0,76705,2,9,3,2,4,3,2,2,1,4,3,1,0,0,3,1,0,0,9,0,1,4,71,99,1,1,5,L,86,0,0,0,0,0,0,0,0,0,0,35,125,0,0,0,1,12,999,999,999,9999999,999,999,999,7,0,1,1,0,1,4,0,995,9.8,998,998,998,99.8,99.8,99.8,1388.122786,7,8