CASEID,PSU,CASENO,CASENUMBER,CATEGORY,VEHNO,VIN,VINLENGTH,VPICMAKE,VPICMODEL,VPICBODYCLASS,ICFINALBODY,MAKE,MODEL,MODELYR,BODYTYPE,BODYCAT,VEHCLASS,SPECUSE,TRANSTAT,DAMPLANE,DAMSEV,CURBWT,CURBSRC,CARGOWT,CARGOSRC,INSPTYPE,INSPLAG,TOWED,SPEEDLIMIT,DRPRESENT,PARALCOHOL,ALCTEST,ALCTESTRESULT,ALCTESTSRC,PARDRUG,DRUGTEST,ZIP,RACE,ETHNICITY,RELTOJUNCT,TRAFFLOW,RDLANES,INITLANE,SURFTYPE,SURFCOND,ALIGNMENT,PROFILE,LINERIGHT,LINELEFT,RUMBINIT,RUMBROAD,LIGHTCOND,WEATHER,TRAFDEV,TRAFFUNCT,DISTRACT,PREFHE,PREMOVE,CRITCAT,CRITEVENT,MANEUVER,PRESTAB,PRELOC,CRASHCAT,CRASHCONF,CRASHTYPE,ROLLTYPE,ROLLTURN,ROLLINTRPT,ROLLPREMAN,ROLLINITYP,ROLLINLOC,ROLLOBJ,ROLLTRIP,ROLLDIR,ROLLDIST,DVANGTHIS,DVANGOTH,TOWHITCH,TRAJDOC,TREEPOLE,DVEVENT,DVBASIS,DVTOTAL,DVLONG,DVLAT,DVENERGY,DVSPEED,DVMOMENT,DVBES,DVEST,DVCONF,VAIS,VISS,VINJSEV,VINJURED,VTREAT,INITOBJCLASS,HEADANGLECAT,SHLDRWIDTH,STRKLENGTH,STRKWIDTH,STRKHEIGHT,EDGEDISTX,EDGEDISTY,EDGEDISTZ,CASEWGT,PSUSTRAT,VERSION
32449,73,170,1-73-2023-170-06,6,1,1FBZX2ZM7FKA,17,460,3608,9,0,12,462,2015,21,4,21,0,1,F,9,1624,5,9999,9,0,998,2,72,1,9,1,0,2,9,3,04426,9,9,0,4,2,1,2,1,1,2,1,4,0,0,2,1,0,0,1,1,1,6,87,7,1,4,1,B,8,0,0,0,0,0,0,0,0,0,0,998,998,0,1,9,1,0,999,999,999,9999999,999,999,999,9,0,1,2,0,1,4,0,998,9.8,998,998,998,99.8,99.8,99.8,513.5526077,3,8
32450,73,171,1-73-2023-171-01,1,1,1FTPX14557FB,17,460,1801,60,0,12,481,2007,34,5,31,0,1,R,3,2478,5,9999,9,4,11,2,72,1,8,0,995,0,7,0,04912,9,9,0,4,2,1,2,1,1,1,0,0,0,0,1,1,0,0,1,1,1,1,9,99,3,4,1,A,2,1,2,1,2,1,4,61,1,2,5,996,996,0,1,1,6,7,999,999,999,9999999,999,999,999,8,0,9,97,1,1,1,3,996,0.0,25,47,32,8.9,5.1,10.4,30.71461613,3,8
32451,28,110,1-28-2023-110-03,3,1,1G1JF5SB7K41,17,467,1835,13,0,20,28,2019,4,1,1,0,1,L,1,1292,5,0,1,1,14,2,24,1,0,0,995,0,0,0,16936,9,9,2,1,2,1,2,1,1,1,0,2,0,0,1,1,2,2,1,1,11,2,15,1,9,4,1,B,6,0,0,0,0,0,0,0,0,0,0,998,998,0,0,1,1,98,999,999,999,9999999,999,999,999,6,0,9,97,0,1,0,0,998,9.9,13,13,99,99.9,99.9,99.9,60.6912903,3,8
32452,76,119,1-76-2023-119-06,6,1,1C4NJRFB4FD4,17,483,1947,7,0,2,407,2015,14,3,14,0,1,F,9,1511,8,9999,9,0,998,2,999,1,8,9,998,8,7,9,13865,9,9,0,4,2,1,5,8,3,4,0,0,0,0,1,1,0,0,9,1,14,1,6,99,2,4,1,A,2,0,0,0,0,0,0,0,0,0,0,998,998,0,0,0,1,0,999,999,999,9999999,999,999,999,9,0,1,1,0,1,4,0,998,0.0,999,999,999,99.9,99.9,99.9,53.47091597,3,8
32453,76,120,1-76-2023-120-08,8,1,1C6RR7GT1GS1,17,496,13620,60,0,7,482,2016,34,5,31,0,1,R,1,2305,5,0,1,1,18,2,48,1,8,9,998,8,9,9,12414,9,9,2,4,2,1,2,1,3,1,0,0,0,0,1,1,2,2,9,0,14,2,17,1,1,1,5,L,87,0,0,0,0,0,0,0,0,0,0,125,40,0,0,0,1,3,24,4,-24,84797,998,34,30,0,4,9,97,0,1,0,0,995,1.6,102,8,113,1.8,0.8,2.0,21.68884603,3,8
32453,76,120,1-76-2023-120-08,8,2,2FMGK5C87DBD,17,460,1802,7,0,12,25,2013,6,1,5,0,1,F,2,2027,5,9999,9,0,998,2,89,1,8,9,998,8,7,9,12172,9,9,2,4,2,1,2,1,1,1,1,2,1,0,1,1,0,0,9,0,1,4,66,99,1,1,5,L,86,0,0,0,0,0,0,0,0,0,0,40,125,0,0,0,1,3,28,-28,0,32053,998,0,20,0,4,1,1,0,1,4,0,995,9.8,998,998,998,99.8,99.8,99.8,21.68884603,3,8
32453,76,120,1-76-2023-120-08,8,3,58ABK1GG5JU1,17,515,2475,13,0,59,31,2018,4,1,4,0,1,F,1,1610,5,0,1,1,26,2,48,1,8,9,998,8,7,9,12414,9,9,2,4,2,1,2,1,1,2,0,0,0,0,1,1,2,2,9,0,5,3,54,1,1,1,6,M,98,0,0,0,0,0,0,0,0,0,0,325,235,0,0,0,2,3,20,-19,3,20564,998,44,17,0,4,0,0,0,0,0,0,995,9.8,998,998,998,99.8,99.8,99.8,21.68884603,3,8
32453,76,120,1-76-2023-120-08,8,4,1D4GP25E27B2,17,476,1942,9,0,7,442,2007,20,4,20,0,1,F,9,1779,5,9999,9,0,998,2,48,1,8,9,998,8,7,9,12463,9,9,2,4,2,1,2,1,1,1,0,0,0,0,1,1,2,2,9,0,5,3,50,99,1,1,6,M,98,0,0,0,0,0,0,0,0,0,0,305,325,0,0,0,4,0,999,999,999,9999999,999,999,999,9,0,0,0,0,0,0,0,995,9.8,998,998,998,99.8,99.8,99.8,21.68884603,3,8
32454,22,95,1-22-2023-095-10,10,1,JNKCA21D6VT5,17,480,8702,13,0,58,35,1997,4,1,3,0,1,F,1,1431,5,0,1,1,26,2,97,1,0,0,995,0,0,0,99111,9,9,0,4,2,1,2,1,1,1,1,4,3,3,5,8,0,0,9,0,1,3,52,99,1,1,2,D,28,0,0,0,0,0,0,0,0,0,0,335,330,0,0,0,1,3,19,-18,3,23898,998,-7,20,0,4,0,0,0,0,0,0,995,9.8,998,998,998,99.8,99.8,99.8,289.5856908,12,8
32454,22,95,1-22-2023-095-10,10,2,3FADP4BJ5CM1,17,460,3267,13,0,12,32,2012,4,1,1,0,1,B,1,1170,5,9999,9,0,998,5,97,1,0,0,995,0,0,0,99301,9,9,0,4,2,1,2,1,1,1,1,4,3,3,5,8,0,0,9,0,2,3,53,99,1,1,2,D,29,0,0,0,0,0,0,0,0,0,0,330,335,0,0,0,1,3,24,24,-4,25712,998,38,23,0,4,95,95,95,95,95,0,995,9.8,998,998,998,99.8,99.8,99.8,289.5856908,12,8
32455,22,96,1-22-2023-096-03,3,1,4T1EZ1FB7LU0,17,448,2465,13,0,49,43,2020,4,1,4,0,1,L,2,1654,5,0,2,1,15,2,40,1,0,0,995,0,0,0,83501,1,2,2,4,2,1,2,1,1,1,0,0,0,0,1,1,2,2,3,0,1,2,17,11,2,1,5,L,89,0,0,0,0,0,0,0,0,0,0,175,255,0,0,0,1,1,25,-12,21,14413,998,36,14,0,4,1,2,0,1,6,0,995,0.0,6,6,-120,4.0,3.8,5.5,40.62842331,12,8
32455,22,96,1-22-2023-096-03,3,2,KNDPMCAC9L76,17,499,2770,7,0,63,401,2020,14,3,14,0,1,F,1,1696,5,0,1,1,21,2,56,1,0,0,995,0,0,0,83501,9,9,2,4,2,1,2,1,1,1,0,3,0,0,1,1,0,0,9,0,1,4,66,1,1,1,5,L,88,0,0,0,0,0,0,0,0,0,0,255,175,0,0,0,1,1,24,-18,-15,85807,998,-91,29,0,4,1,1,0,1,3,0,995,9.8,998,998,998,99.8,99.8,99.8,40.62842331,12,8
32455,22,96,1-22-2023-096-03,3,3,3TMLU4EN6BM0,17,448,2223,60,0,49,472,2011,34,5,30,0,2,B,1,1837,5,9999,9,4,7,,,,,,,,,,,,,,,,,,,,,,,,,,,,,,,,,,,,,,,,,,,,,,,,,,,,,,,,,,,,,,,,,,95,95,95,95,95,,,,,,,,,,40.62842331,12,8
32456,22,97,1-22-2023-097-09,9,1,1N6ED1EKXNN6,17,478,1919,60,0,35,472,2022,34,5,30,0,1,R,2,2180,5,9999,9,0,998,5,40,1,0,0,995,0,0,0,83501,9,9,2,4,2,1,2,1,1,1,0,0,0,0,1,8,2,2,9,0,1,2,17,99,1,1,5,L,87,0,0,0,0,0,0,0,0,0,0,250,165,0,0,0,1,3,26,-13,-22,92133,998,-62,31,0,4,95,95,95,95,95,0,995,9.8,998,998,998,99.8,99.8,99.8,57.44990102,12,8
32456,22,97,1-22-2023-097-09,9,2,1GNFK13038J2,17,467,1852,7,0,20,421,2008,15,3,15,0,1,F,1,2506,5,0,1,1,14,2,40,1,0,9,998,8,0,0,83501,1,2,2,4,2,1,2,1,1,1,0,0,0,0,1,8,0,0,1,0,1,4,66,4,1,1,5,L,86,0,0,0,0,0,0,0,0,0,0,165,250,0,0,0,1,3,22,-19,11,30834,998,75,16,0,4,1,1,0,1,0,0,995,9.8,998,998,998,99.8,99.8,99.8,57.44990102,12,8
32457,22,98,1-22-2023-098-03,3,1,1GCGK23RXYF4,17,467,10978,60,0,20,481,2000,34,5,31,0,1,F,2,2605,8,9999,9,0,998,5,56,1,0,0,995,0,0,0,83501,9,9,2,4,4,2,2,1,1,1,3,2,0,0,1,8,0,0,9,0,1,3,50,99,1,1,2,D,20,0,0,0,0,0,0,0,0,0,0,300,300,0,0,0,1,3,27,-27,0,101002,998,0,32,0,4,95,95,95,95,95,0,995,9.8,998,998,998,99.8,99.8,99.8,40.62842331,12,8
32457,22,98,1-22-2023-098-03,3,2,3N1AB8DV7MY2,17,478,1907,13,0,35,43,2021,4,1,3,0,1,B,3,1385,5,0,1,1,11,2,56,1,0,0,995,0,0,0,83501,1,2,2,4,4,2,2,1,1,1,3,2,0,0,1,8,0,0,9,0,5,3,53,1,1,1,2,D,21,0,0,0,0,0,0,0,0,0,0,300,300,0,0,0,1,3,47,47,0,97042,998,-2,41,0,4,1,2,0,1,4,0,995,9.8,998,998,998,99.8,99.8,99.8,40.62842331,12,8
32458,27,121,1-27-2023-121-06,6,1,JTHBK1GG6E20,17,515,2475,13,0,59,31,2014,4,1,4,0,1,F,3,1610,5,0,1,1,9,2,64,1,9,0,995,0,9,0,01226,1,2,0,4,2,1,2,1,2,1,1,2,0,0,3,1,0,0,9,1,14,2,11,1,1,4,1,C,11,0,0,0,0,0,0,0,0,0,0,90,90,0,0,0,1,98,999,999,999,9999999,999,999,999,8,0,1,1,0,1,4,0,995,9.8,998,998,998,99.8,99.8,99.8,67.27769249,3,8
32458,27,121,1-27-2023-121-06,6,2,1G1ZD5ST0NF1,17,467,1834,13,0,20,37,2022,4,1,4,0,2,B,9,1418,8,9999,9,0,998,,,,,,,,,,,,,,,,,,,,,,,,,,,,,,,,,,,,,,,,,,,,,,,,,,,,,,,,,,,,,,,,,,95,95,95,95,95,,,,,,,,,,67.27769249,3,8
32459,27,122,1-27-2023-122-07,7,1,2GNFLFEK8H62,17,467,1847,7,0,20,404,2017,14,3,14,0,1,F,1,1782,5,0,1,1,8,2,64,1,0,0,995,0,0,9,06021,1,2,0,4,2,1,2,1,3,4,1,2,0,0,2,1,0,0,1,0,14,6,87,2,1,1,1,C,13,0,0,0,0,0,0,0,0,0,0,998,998,0,0,0,1,10,999,999,999,9999999,999,-29,12,2,0,0,0,0,0,0,0,998,9.8,998,998,998,99.8,99.8,99.8,319.5910668,3,8
32460,27,123,1-27-2023-123-03,3,1,2T3RWRFV6LW0,17,448,2217,7,0,49,402,2020,14,3,14,0,1,F,2,1703,5,9999,9,1,20,2,48,1,1,1,70,1,0,9,01257,1,2,0,4,2,1,2,1,1,1,0,2,0,0,2,1,0,0,3,1,1,6,87,8,1,4,1,A,3,0,0,0,0,0,0,0,0,0,0,998,998,0,1,1,8,1,35,-35,-6,89237,998,-34,35,0,4,1,1,0,2,4,0,998,0.0,20,20,27,20.9,2.8,20.9,20.05280512,3,8
32461,27,124,1-27-2023-124-04,4,1,3FA6P0LUXLR1,17,460,1780,13,0,12,23,2020,4,1,4,0,1,T,2,1664,5,0,2,1,32,2,24,1,1,8,997,8,0,9,05201,1,2,0,4,2,1,2,1,3,4,1,2,0,0,3,1,0,0,1,1,14,1,6,3,2,4,1,A,2,1,8,1,6,5,4,31,6,1,34,997,997,0,0,0,2,6,999,999,999,9999999,999,999,999,7,0,1,1,0,1,5,2,997,8.9,120,120,120,8.0,1.3,8.2,67.75147542,3,8
32462,26,129,1-26-2023-129-06,6,1,1N4AL3AP6DN4,17,478,1904,13,0,35,47,2013,4,1,4,0,1,F,2,1420,5,9999,9,0,998,2,105,1,0,0,995,0,0,0,95823,2,9,1,2,5,1,2,1,1,9,1,1,0,0,1,1,0,0,1,0,1,3,50,2,9,1,2,D,20,0,0,0,0,0,0,0,0,0,0,145,145,0,0,0,1,3,35,-35,0,73892,998,0,36,0,4,0,0,0,0,0,0,995,9.8,998,998,998,99.8,99.8,99.8,1602.067375,10,8
32462,26,129,1-26-2023-129-06,6,2,JTJYARBZ4G20,17,515,3653,7,0,59,405,2016,14,3,14,0,1,B,2,1755,5,0,1,1,21,2,105,1,0,0,995,0,0,0,95843,2,9,1,2,5,1,2,1,1,9,1,1,0,0,1,1,0,0,1,0,5,3,53,1,1,1,2,D,23,0,0,0,0,0,0,0,0,0,0,145,145,0,0,0,1,3,28,28,0,52163,998,0,27,0,4,99,99,0,0,0,0,995,9.8,998,998,998,99.8,99.8,99.8,1602.067375,10,8
32462,26,129,1-26-2023-129-06,6,3,1GNSCBKC7HR3,17,467,1852,7,0,20,421,2017,15,3,15,0,1,B,9,2408,5,9999,9,0,998,5,105,1,0,0,995,0,0,0,95823,9,9,1,2,5,1,2,1,1,9,1,1,0,0,1,1,0,0,1,0,5,3,53,1,1,1,6,M,98,0,0,0,0,0,0,0,0,0,0,145,135,0,0,0,2,0,999,999,999,9999999,999,999,999,9,0,95,95,95,95,95,0,995,9.8,998,998,998,99.8,99.8,99.8,1602.067375,10,8
32464,15,223,1-15-2023-223-06,6,1,2C3CDXHG0EH1,17,476,1895,13,0,7,24,2014,4,1,5,0,1,F,2,2018,5,9999,9,4,30,2,64,1,8,0,995,0,7,0,11771,9,9,0,1,3,1,2,1,1,1,1,3,0,0,3,1,0,0,9,0,1,3,52,99,1,1,2,D,28,0,0,0,0,0,0,0,0,0,0,350,350,0,0,0,1,12,999,999,999,9999999,999,999,999,7,0,2,6,0,1,4,0,995,9.8,998,998,998,99.8,99.8,99.8,182.9932987,1,8
32464,15,223,1-15-2023-223-06,6,2,2HKYF18565H5,17,474,1864,7,0,37,421,2005,15,3,15,0,1,B,9,2007,5,9999,9,0,998,2,64,1,8,0,995,0,7,0,11590,9,9,0,1,3,1,2,1,1,1,1,3,0,0,3,1,0,0,9,0,2,2,18,99,1,1,2,D,29,0,0,0,0,0,0,0,0,0,0,350,350,0,0,0,1,0,999,999,999,9999999,999,999,999,9,0,9,97,0,1,8,0,995,9.8,998,998,998,99.8,99.8,99.8,182.9932987,1,8
32465,15,224,1-15-2023-224-03,3,1,7SAYGDEE8NF4,17,441,27027,7,0,29,5,2022,14,3,14,0,1,F,1,2003,5,0,1,1,26,2,32,1,8,0,995,0,7,0,11021,1,2,2,4,2,1,2,1,3,1,0,2,0,0,1,1,2,2,9,1,14,2,13,1,1,4,1,A,1,0,0,0,0,0,0,0,0,0,0,998,998,0,0,1,4,11,999,999,999,9999999,999,999,999,6,0,0,0,0,0,4,0,998,0.0,999,999,999,0.0,0.0,0.0,84.11635964,1,8
32466,15,225,1-15-2023-225-03,3,1,JTNKHMBX9K10,17,448,17213,8,0,49,405,2019,14,3,14,0,1,F,3,1497,5,9999,9,4,99,2,89,1,8,1,207,2,7,1,11530,9,9,0,2,4,4,2,1,2,9,1,2,0,0,3,8,0,0,9,1,14,1,9,99,9,4,1,B,7,0,0,0,0,0,0,0,0,0,0,998,998,0,0,0,1,12,999,999,999,9999999,999,999,999,8,0,1,1,0,1,4,0,998,9.9,999,999,999,99.9,99.9,99.9,84.11635964,1,8
32467,15,226,1-15-2023-226-02,2,1,ZACCJBDTXFPC,17,483,6160,7,0,2,408,2015,14,3,14,0,1,R,1,1447,5,9999,9,4,58,2,80,1,8,0,995,0,7,0,11726,9,9,1,2,4,4,2,2,1,1,3,2,0,0,1,2,0,0,9,1,15,2,11,99,9,2,2,F,46,0,0,0,0,0,0,0,0,0,0,320,285,0,0,0,1,3,8,-6,-5,2485,998,-4,7,0,4,0,0,0,0,0,0,995,9.8,998,998,998,99.8,99.8,99.8,10.48566673,1,8
32467,15,226,1-15-2023-226-02,2,2,2FMPK4K94LBA,17,460,1797,7,0,12,424,2020,15,3,15,0,1,L,1,1575,5,0,1,1,65,2,80,1,8,0,995,0,7,0,11520,2,2,1,2,4,1,2,2,1,1,1,3,0,0,1,2,0,0,1,0,1,4,60,1,1,1,2,F,45,0,0,0,0,0,0,0,0,0,0,285,320,0,0,0,1,3,7,2,7,4667,998,32,8,0,4,1,2,0,1,4,0,995,9.8,998,998,998,99.8,99.8,99.8,10.48566673,1,8
32468,21,116,1-21-2023-116-01,1,1,5TEKU72N27Z3,17,448,2223,60,0,49,472,2007,34,5,30,0,1,T,2,1769,5,0,1,1,32,2,113,1,9,0,995,0,7,0,87111,1,2,0,1,2,2,1,1,2,2,3,2,1,3,1,1,0,0,9,1,14,2,12,99,1,4,1,B,6,1,6,2,6,1,3,61,1,1,70,997,997,0,0,0,1,6,999,999,999,9999999,999,999,999,7,0,9,97,1,1,1,3,997,9.8,998,998,998,99.8,99.8,99.8,172.7179144,11,8
32469,29,89,1-29-2023-089-06,6,1,1HGCR2F82FA0,17,474,1861,13,0,37,32,2015,4,1,4,0,1,F,1,1615,5,9999,9,4,18,2,56,1,8,0,995,0,7,0,02871,9,9,2,4,4,2,2,1,1,1,3,2,0,0,1,1,0,0,1,0,1,4,67,99,9,1,4,K,83,0,0,0,0,0,0,0,0,0,0,50,300,0,0,0,1,3,10,-9,-3,4789,998,-69,8,0,4,99,99,0,0,99,0,995,9.8,998,998,998,99.8,99.8,99.8,474.2492586,2,8
32469,29,89,1-29-2023-089-06,6,2,JM1BK32FX716,17,473,2074,13,0,41,51,2007,4,1,2,0,1,L,1,1249,5,0,1,1,24,2,56,1,8,0,995,0,7,0,02871,9,9,2,4,2,1,2,1,2,1,0,2,0,0,1,1,2,2,2,0,11,2,15,1,1,1,4,K,82,0,0,0,0,0,0,0,0,0,0,300,50,0,0,0,1,3,12,-8,10,11110,998,33,14,0,4,99,99,0,0,8,0,995,9.8,998,998,998,99.8,99.8,99.8,474.2492586,2,8
32470,29,90,1-29-2023-090-03,3,1,WBA5R1C50KFH,17,452,2777,13,0,34,34,2019,4,1,4,0,1,F,2,1585,5,0,1,1,11,2,24,1,8,1,0,2,7,0,02740,9,1,2,4,2,1,2,1,1,1,0,0,0,0,3,1,0,0,1,1,1,2,13,1,9,4,1,A,1,0,0,0,0,0,0,0,0,0,0,998,998,0,1,0,3,12,999,999,999,9999999,999,999,999,7,0,1,1,0,1,3,0,998,0.0,53,14,17,0.0,0.0,0.0,169.8436203,2,8
32472,26,131,1-26-2023-131-06,6,1,WBA8E1G55HNU,17,452,2172,13,0,34,34,2017,4,1,4,0,1,R,9,1565,5,9999,9,0,998,5,64,1,0,0,995,0,0,0,95757,9,9,2,1,4,2,2,1,1,1,3,1,0,0,1,1,1,2,9,1,1,2,11,99,9,2,2,F,44,0,0,0,0,0,0,0,0,0,0,85,80,0,0,0,1,0,999,999,999,9999999,999,999,999,9,0,95,95,95,95,95,0,995,9.8,998,998,998,99.8,99.8,99.8,1602.067375,10,8
32472,26,131,1-26-2023-131-06,6,2,2T1BURHE2JC0,17,448,2208,13,0,49,32,2018,4,1,3,0,1,L,1,1265,5,9999,9,4,180,2,64,1,0,0,995,0,0,0,95820,2,9,2,1,4,1,2,1,1,1,3,3,0,0,1,1,1,2,9,0,1,4,60,99,9,1,2,F,45,0,0,0,0,0,0,0,0,0,0,80,85,0,0,0,1,12,999,999,999,9999999,999,999,999,6,0,99,99,0,0,8,0,995,9.8,998,998,998,99.8,99.8,99.8,1602.067375,10,8
32473,23,97,1-23-2023-097-06,6,1,1HGCR2F83FA1,17,474,1861,13,0,37,32,2015,4,1,4,0,1,R,2,1615,5,0,1,4,58,3,72,1,0,0,995,0,0,0,43065,9,9,2,4,2,1,2,1,1,1,1,2,0,0,1,1,2,2,1,0,1,4,66,99,1,1,5,L,87,0,0,0,0,0,0,0,0,0,0,260,195,0,0,0,1,12,999,999,999,9999999,999,999,999,7,0,9,97,0,1,99,0,995,9.8,998,998,998,99.8,99.8,99.8,958.1472033,5,8
32473,23,97,1-23-2023-097-06,6,2,5XXGN4A75FG4,17,499,2739,13,0,63,34,2015,4,1,4,0,1,F,9,1468,5,9999,9,0,998,3,72,1,0,0,995,0,0,0,43035,9,9,2,4,2,1,2,1,2,1,1,2,0,0,1,1,2,2,1,0,14,2,17,99,1,1,5,L,86,0,0,0,0,0,0,0,0,0,0,195,260,0,0,0,1,0,999,999,999,9999999,999,999,999,9,0,0,0,0,0,0,0,995,9.8,998,998,998,99.8,99.8,99.8,958.1472033,5,8
32474,23,98,1-23-2023-098-02,2,1,1GT49RE75RF1,17,472,24909,60,0,23,880,2024,67,8,60,0,1,F,9,,,,,,,2,56,1,0,0,995,0,0,0,43074,9,9,2,4,2,1,2,1,1,1,1,2,0,0,1,1,0,0,9,0,1,4,66,99,1,1,5,L,88,,,,,,,,,,,,,,,,,,,,,,,,,,,95,95,95,95,95,,,9.8,998,998,998,99.8,99.8,99.8,52.33243703,5,8
32474,23,98,1-23-2023-098-02,2,2,1G1ZD5ST5MF0,17,467,1834,13,0,20,37,2021,4,1,4,0,1,L,9,1418,5,9999,9,0,998,2,72,1,0,1,0,2,0,1,43074,2,2,2,4,2,1,2,1,1,1,1,2,0,0,1,1,2,2,9,0,1,2,17,99,1,1,5,L,89,0,0,0,0,0,0,0,0,0,0,185,95,0,0,0,1,0,999,999,999,9999999,999,999,999,9,0,2,8,0,1,3,0,995,0.0,999,999,999,5.6,0.0,5.6,52.33243703,5,8
32475,23,99,1-23-2023-099-03,3,1,5UXTS3C51J0Y,17,452,1719,7,0,34,402,2018,14,3,14,0,1,L,9,1918,5,9999,9,0,998,2,56,1,0,0,995,0,0,0,43081,1,2,2,4,3,2,2,1,1,1,1,2,0,0,1,1,0,0,1,0,11,4,66,1,1,1,4,K,82,0,0,0,0,0,0,0,0,0,0,145,280,0,0,0,1,0,999,999,999,9999999,999,999,999,9,0,0,0,0,0,0,0,995,9.8,998,998,998,99.8,99.8,99.8,440.430635,5,8
32475,23,99,1-23-2023-099-03,3,2,3N1CP5CV9PL5,17,478,22791,5,0,35,56,2023,5,1,2,0,1,F,2,1221,5,0,1,4,59,2,72,1,0,0,995,0,0,0,43081,9,9,2,1,3,3,2,1,1,1,3,2,0,0,1,1,0,0,1,1,1,2,17,99,1,2,4,K,83,0,0,0,0,0,0,0,0,0,0,280,145,0,0,0,1,12,999,999,999,9999999,999,999,999,7,0,9,97,0,1,8,0,995,9.8,998,998,998,99.8,99.8,99.8,440.430635,5,8
32475,23,99,1-23-2023-099-03,3,3,2T1BURHE5FC4,17,448,2208,13,0,49,32,2015,4,1,3,0,1,B,9,1265,5,9999,9,0,998,5,72,1,0,0,995,0,0,0,43015,9,9,2,1,3,2,2,1,1,1,1,3,0,0,1,1,0,0,1,0,1,3,53,99,1,1,6,M,98,0,0,0,0,0,0,0,0,0,0,280,300,0,0,0,2,0,999,999,999,9999999,999,999,999,9,0,95,95,95,95,95,0,995,9.8,998,998,998,99.8,99.8,99.8,440.430635,5,8
32476,77,122,1-77-2023-122-05,5,1,JTDKN3DU5E03,17,448,2209,5,0,49,46,2014,5,1,3,0,1,R,1,1380,5,91,1,1,17,3,56,1,0,0,995,0,9,0,22963,9,9,2,1,4,4,2,1,1,1,1,2,0,0,2,1,0,0,1,1,12,2,21,8,1,2,6,M,98,0,0,0,0,0,0,0,0,0,0,295,220,0,0,0,1,1,14,2,-14,8486,998,28,12,0,4,9,97,0,1,99,0,995,9.8,998,998,998,99.8,99.8,99.8,76.33062011,9,8
32476,77,122,1-77-2023-122-05,5,2,4S4BRCLC8E32,17,523,2233,7,0,48,45,2014,6,1,3,0,1,F,1,1621,5,0,1,1,22,2,56,1,0,0,995,0,9,0,22936,9,9,2,1,5,2,2,1,1,1,3,3,0,0,2,1,0,0,1,0,1,4,62,3,1,1,6,M,98,0,0,0,0,0,0,0,0,0,0,220,295,0,0,0,1,1,13,-13,0,15251,998,-45,15,0,4,0,0,0,0,0,0,995,0.0,100,16,19,0.0,0.0,0.0,76.33062011,9,8
32476,77,122,1-77-2023-122-05,5,3,1B7GL23X4TS6,17,476,1941,60,0,7,472,1996,34,5,30,0,2,B,1,1599,5,9999,9,4,19,,,,,,,,,,,,,,,,,,,,,,,,,,,,,,,,,,,,,,,,,,,,,,,,,,,,,,,,,,,,,,,,,,95,95,95,95,95,,,,,,,,,,76.33062011,9,8
32477,77,123,1-77-2023-123-03,3,1,JTMZFREV1JD1,17,448,2217,7,0,49,402,2018,14,3,14,0,1,F,2,1555,5,0,1,1,10,2,72,1,0,1,0,2,9,1,30319,9,9,1,2,3,3,2,1,1,1,3,2,1,1,2,1,6,2,1,0,1,3,52,8,1,1,2,D,28,0,0,0,0,0,0,0,0,0,0,55,50,0,0,0,1,8,999,999,999,9999999,999,999,999,7,0,2,12,0,1,3,0,995,3.8,120,35,52,7.8,3.8,8.7,277.0939517,9,8
32477,77,123,1-77-2023-123-03,3,2,KMHRC8A37NU2,17,498,26441,15,0,55,406,2022,14,3,14,0,1,B,2,1201,5,0,1,1,10,2,72,1,0,0,995,0,0,0,22315,1,2,1,2,3,3,2,1,1,1,3,2,1,1,2,1,6,2,1,0,1,2,18,1,1,1,2,D,29,0,0,0,0,0,0,0,0,0,0,50,55,0,0,0,1,12,999,999,999,9999999,999,999,999,7,0,0,0,0,0,0,0,995,9.8,998,998,998,99.8,99.8,99.8,277.0939517,9,8
32478,77,124,1-77-2023-124-06,6,1,KNAGM4A71F56,17,499,2739,13,0,63,34,2015,4,1,4,0,1,L,2,1468,5,0,1,1,10,2,72,1,8,0,995,0,7,8,99999,9,9,2,4,3,2,2,1,1,1,1,2,0,0,2,1,2,2,9,1,11,2,13,99,1,4,1,A,4,0,0,0,0,0,0,0,0,0,0,998,998,0,0,1,2,12,999,999,999,9999999,999,999,999,7,0,99,99,0,0,99,0,998,0.2,120,120,65,1.7,3.6,4.1,929.6575497,9,8
32479,77,125,1-77-2023-125-06,6,1,4T1BK1EB4EU0,17,448,2465,13,0,49,43,2014,4,1,4,0,1,F,1,1620,5,0,1,1,14,2,89,1,0,0,995,0,0,0,22911,9,9,1,1,3,3,2,1,2,9,3,2,1,3,2,1,6,2,9,0,14,3,51,8,1,1,2,D,24,1,2,2,5,7,1,2,3,1,999,220,200,0,0,0,1,3,10,-10,0,11464,998,-43,13,0,4,99,99,0,0,99,1,995,9.8,998,998,998,99.8,99.8,99.8,929.6575497,9,8
32479,77,125,1-77-2023-125-06,6,2,JM3KE4CY9G08,17,473,2369,7,0,41,403,2016,14,3,14,0,1,B,1,1629,5,0,1,1,33,2,89,1,0,0,995,0,0,0,23112,9,9,1,1,3,3,2,1,2,9,3,2,1,3,2,1,6,2,1,0,14,3,53,1,1,1,2,D,25,0,0,0,0,0,0,0,0,0,0,200,220,0,0,0,1,3,9,9,3,7564,998,-148,7,0,4,0,0,0,0,6,0,995,9.8,998,998,998,99.8,99.8,99.8,929.6575497,9,8