CASEID,PSU,CASENO,CASENUMBER,CATEGORY,VEHNO,VIN,VINLENGTH,VPICMAKE,VPICMODEL,VPICBODYCLASS,ICFINALBODY,MAKE,MODEL,MODELYR,BODYTYPE,BODYCAT,VEHCLASS,SPECUSE,TRANSTAT,DAMPLANE,DAMSEV,CURBWT,CURBSRC,CARGOWT,CARGOSRC,INSPTYPE,INSPLAG,TOWED,SPEEDLIMIT,DRPRESENT,PARALCOHOL,ALCTEST,ALCTESTRESULT,ALCTESTSRC,PARDRUG,DRUGTEST,ZIP,RACE,ETHNICITY,RELTOJUNCT,TRAFFLOW,RDLANES,INITLANE,SURFTYPE,SURFCOND,ALIGNMENT,PROFILE,LINERIGHT,LINELEFT,RUMBINIT,RUMBROAD,LIGHTCOND,WEATHER,TRAFDEV,TRAFFUNCT,DISTRACT,PREFHE,PREMOVE,CRITCAT,CRITEVENT,MANEUVER,PRESTAB,PRELOC,CRASHCAT,CRASHCONF,CRASHTYPE,ROLLTYPE,ROLLTURN,ROLLINTRPT,ROLLPREMAN,ROLLINITYP,ROLLINLOC,ROLLOBJ,ROLLTRIP,ROLLDIR,ROLLDIST,DVANGTHIS,DVANGOTH,TOWHITCH,TRAJDOC,TREEPOLE,DVEVENT,DVBASIS,DVTOTAL,DVLONG,DVLAT,DVENERGY,DVSPEED,DVMOMENT,DVBES,DVEST,DVCONF,VAIS,VISS,VINJSEV,VINJURED,VTREAT,INITOBJCLASS,HEADANGLECAT,SHLDRWIDTH,STRKLENGTH,STRKWIDTH,STRKHEIGHT,EDGEDISTX,EDGEDISTY,EDGEDISTZ,CASEWGT,PSUSTRAT,VERSION
32479,77,125,1-77-2023-125-06,6,3,JA4AR3AU6HZ0,17,481,13867,7,0,52,47,2017,6,1,3,0,1,B,9,1595,5,9999,9,0,998,5,89,1,0,0,995,0,0,0,22901,9,9,1,1,3,3,2,1,2,9,3,2,1,3,2,1,6,2,1,0,14,3,53,1,1,1,6,M,98,0,0,0,0,0,0,0,0,0,0,200,200,0,0,0,3,0,999,999,999,9999999,999,999,999,9,0,95,95,95,95,95,0,995,9.8,998,998,998,99.8,99.8,99.8,929.6575497,9,8
32480,59,152,1-59-2023-152-09,9,1,5J6YH28674L0,17,474,1868,7,0,37,403,2004,14,3,14,0,1,F,2,1631,5,0,1,1,8,2,80,1,0,1,0,2,0,1,47431,1,9,0,4,2,1,2,2,2,1,1,2,0,0,2,2,6,2,9,1,14,1,9,99,9,4,1,B,7,1,1,1,2,1,4,61,1,2,999,998,998,0,1,5,1,10,999,999,999,9999999,999,64,25,3,0,2,5,0,1,3,3,998,0.0,999,999,999,99.9,99.9,99.9,275.2919744,6,8
32481,59,153,1-59-2023-153-04,4,1,KNDJ53AU9P72,17,499,2460,7,0,63,498,2023,14,3,14,0,1,F,3,1290,5,0,1,1,9,2,48,1,0,0,995,0,0,0,47834,1,2,2,4,2,1,2,1,1,1,1,2,0,0,2,8,0,0,2,0,11,2,15,1,1,1,4,J,68,0,0,0,0,0,0,0,0,0,0,30,270,0,1,0,1,3,44,-38,-22,150290,998,-107,41,0,4,1,1,0,1,5,0,995,9.8,998,998,998,99.8,99.8,99.8,131.4633487,6,8
32481,59,153,1-59-2023-153-04,4,2,999999999999,99,483,1943,8,0,2,403,2007,14,3,14,0,1,F,2,1792,5,0,1,1,29,2,48,1,0,0,995,0,0,0,47805,1,9,2,4,2,1,2,1,1,1,1,2,0,0,2,8,0,0,9,0,1,4,62,99,1,1,4,J,69,0,0,0,0,0,0,0,0,0,0,270,30,0,1,0,1,3,32,-28,16,106901,998,48,36,0,4,1,1,0,1,4,0,995,9.8,998,998,998,99.8,99.8,99.8,131.4633487,6,8
32482,59,154,1-59-2023-154-10,10,1,KM8JN12D66U3,17,498,2058,7,0,55,402,2006,14,3,14,0,1,R,2,1529,5,0,1,1,6,2,40,1,0,0,995,0,0,0,47885,9,9,2,4,2,1,2,1,1,1,0,0,0,0,2,1,2,2,9,0,1,2,17,99,1,1,5,L,87,0,0,0,0,0,0,0,0,0,0,0,270,0,1,0,1,12,999,999,999,9999999,999,999,999,7,0,0,0,0,0,0,0,995,9.8,998,998,998,99.8,99.8,99.8,1107.254799,6,8
32482,59,154,1-59-2023-154-10,10,2,1D4GP24R06B6,17,476,1942,9,0,7,442,2006,20,4,20,0,1,F,9,1742,5,9999,9,0,998,2,40,1,0,0,995,0,0,0,47805,9,9,2,4,2,1,2,1,1,1,1,2,0,0,2,1,0,0,9,0,1,4,66,99,1,1,5,L,86,0,0,0,0,0,0,0,0,0,0,270,0,0,1,0,1,0,999,999,999,9999999,999,999,999,9,0,0,0,0,0,0,0,995,9.8,998,998,998,99.8,99.8,99.8,1107.254799,6,8
32483,59,155,1-59-2023-155-08,8,1,1GNKVJED7CJ1,17,467,1853,7,0,20,24,2012,6,1,5,0,1,F,1,2234,5,0,1,1,6,2,48,1,0,0,995,0,0,0,47802,1,9,0,4,2,1,2,2,2,1,1,0,0,0,1,8,0,0,3,1,14,2,13,2,1,4,1,A,1,0,0,0,0,0,0,0,0,0,0,998,998,0,1,0,1,12,999,999,999,9999999,999,999,999,6,0,2,5,0,1,3,0,998,0.0,120,120,120,99.9,99.9,99.9,59.96694194,6,8
32484,54,98,1-54-2023-098-05,5,1,2T1BU4EE3AC4,17,448,2208,13,0,49,32,2010,4,1,2,0,1,L,2,1279,5,9999,9,0,998,2,105,1,0,0,995,0,0,0,35653,9,1,3,4,2,1,2,1,1,2,0,0,0,0,1,1,0,0,9,0,1,2,17,99,9,1,5,L,89,0,0,0,0,0,0,0,0,0,0,35,120,0,0,0,1,3,35,6,35,91221,998,-10,41,0,4,0,0,0,0,8,0,995,9.8,998,998,998,99.8,99.8,99.8,129.7151114,9,8
32484,54,98,1-54-2023-098-05,5,2,JTNKARJE7GJ5,17,448,11501,5,0,67,37,2016,5,1,2,0,1,F,2,1335,5,0,1,1,30,2,105,1,0,0,995,0,0,0,35564,1,9,3,1,2,1,2,1,3,2,1,3,2,3,1,1,0,0,9,1,14,4,71,99,1,2,5,L,88,1,4,2,2,1,4,1,1,1,999,120,35,0,1,0,1,3,35,-34,-6,39320,998,5,27,0,4,1,3,0,1,4,1,995,9.8,998,998,998,99.8,99.8,99.8,129.7151114,9,8
32485,54,99,1-54-2023-099-06,6,1,3TMKU4HN2EM0,17,448,2223,60,0,49,472,2014,34,5,30,0,1,F,2,1846,5,0,1,1,7,2,48,1,1,1,99,2,0,3,35653,1,9,0,4,2,1,2,1,2,1,0,0,0,0,1,1,0,0,9,1,14,2,12,99,9,4,1,B,6,0,0,0,0,0,0,0,0,0,0,998,998,0,0,0,1,1,38,-38,0,107338,998,0,38,0,4,1,1,0,1,4,0,998,0.0,999,120,999,46.7,29.2,53.1,170.5184581,9,8
32486,54,100,1-54-2023-100-07,7,1,2C4RDGBG5ER4,17,476,14832,2,0,7,442,2014,20,4,20,0,1,R,9,2050,5,9999,9,4,7,2,56,1,0,0,995,0,0,0,35581,9,1,3,4,2,1,2,1,3,1,1,2,0,0,1,8,0,0,9,0,6,4,61,7,1,1,4,J,73,0,0,0,0,0,0,0,0,0,0,325,300,0,0,0,1,12,999,999,999,9999999,999,999,999,9,0,0,0,0,0,0,0,995,0.2,53,20,30,4.6,1.8,5.0,526.5364836,9,8
32486,54,100,1-54-2023-100-07,7,2,1FADP3F29GL4,17,460,1779,13,0,12,37,2016,4,1,3,0,1,F,9,1340,5,9999,9,0,998,5,56,1,0,0,995,0,0,0,35654,9,9,3,4,2,1,2,1,3,1,1,2,0,0,1,8,0,0,9,0,11,2,15,99,1,1,4,J,72,0,0,0,0,0,0,0,0,0,0,300,325,0,0,0,1,0,999,999,999,9999999,999,999,999,9,0,95,95,95,95,95,0,995,9.8,998,998,998,99.8,99.8,99.8,526.5364836,9,8
32487,48,118,1-48-2023-118-09,9,1,4UZA4FF4XYCF,17,450,1978,111,0,82,881,2000,60,8,60,0,1,F,9,,,,,,,5,40,1,0,0,995,0,0,0,84321,9,9,2,4,2,1,2,1,1,1,0,0,0,0,1,1,2,2,9,0,1,2,17,99,1,1,5,L,86,,,,,,,,,,,,,,,,,,,,,,,,,,,95,95,95,95,95,,,9.8,998,998,998,99.8,99.8,99.8,366.375875,12,8
32487,48,118,1-48-2023-118-09,9,2,1GKDT13SX623,17,472,4507,7,0,23,401,2006,14,3,14,0,1,R,9,2060,5,50,1,1,3,2,72,1,0,0,995,0,0,0,84301,1,2,2,4,2,1,2,1,1,1,0,2,0,0,1,1,0,0,9,0,1,4,66,1,1,1,5,L,87,0,0,0,0,0,0,0,0,0,0,10,280,0,1,0,1,5,999,999,999,9999999,999,999,999,9,0,3,9,1,1,4,0,995,9.8,998,998,998,99.8,99.8,99.8,366.375875,12,8
32488,48,119,1-48-2023-119-09,9,1,3HGCG6655YG7,17,474,1861,13,0,37,32,2000,4,1,3,0,1,B,1,1310,5,9999,9,4,13,5,97,1,0,0,995,0,0,0,84321,9,9,0,4,2,1,2,5,1,4,1,4,1,1,4,8,0,0,9,1,1,1,5,99,3,4,1,A,2,0,0,0,0,0,0,0,0,0,0,998,998,0,0,0,2,98,999,999,999,9999999,999,999,999,6,0,95,95,95,95,95,0,998,1.8,999,999,999,0.6,0.2,0.7,366.375875,12,8
32488,48,119,1-48-2023-119-09,9,2,3TMLU4EN1DM1,17,448,2223,60,0,49,472,2013,34,5,30,0,1,F,1,1887,5,0,1,1,3,2,97,1,0,0,995,0,0,0,84321,1,2,0,4,2,1,2,5,1,4,1,4,1,1,4,8,0,0,1,1,1,2,10,3,2,2,6,M,98,0,0,0,0,0,0,0,0,0,0,260,80,0,0,0,3,1,21,-21,0,57591,998,-44,26,0,4,1,1,0,2,4,0,995,1.7,999,999,999,2.3,0.2,2.3,366.375875,12,8
32488,48,119,1-48-2023-119-09,9,3,2A8HR54P38R8,17,477,1936,2,0,6,441,2008,20,4,20,0,1,F,1,2044,5,0,1,1,4,2,97,1,0,0,995,0,0,0,85929,9,9,0,4,2,1,2,5,1,2,1,4,1,1,4,8,0,0,1,0,5,4,62,1,1,1,6,M,98,0,0,0,0,0,0,0,0,0,0,80,260,0,0,0,3,1,21,-21,0,18438,998,-49,14,0,4,0,0,0,0,0,0,995,0.6,999,999,999,2.7,0.6,2.8,366.375875,12,8
32490,18,106,1-18-2023-106-04,4,1,1GNEVGKW2KJ1,17,467,1853,7,0,20,423,2019,15,3,15,0,1,F,1,2132,5,0,1,1,8,2,80,1,0,0,995,0,0,0,54701,5,9,0,1,2,1,1,1,1,9,1,3,2,3,1,1,0,0,9,0,1,6,87,2,1,1,1,C,13,0,0,0,0,0,0,0,0,0,0,998,998,0,0,0,1,10,999,999,999,9999999,999,59,11,2,0,99,99,0,0,99,0,998,9.8,998,998,998,99.8,99.8,99.8,228.6130596,6,8
32491,18,107,1-18-2023-107-06,6,1,1FTYR2CM2JKA,17,460,3608,95,0,12,462,2018,21,4,21,0,1,T,2,2268,5,9999,9,1,22,2,113,1,0,0,995,0,0,0,55110,2,9,0,1,2,1,1,1,1,9,1,3,2,3,1,1,0,0,1,1,1,1,3,2,3,4,1,A,2,1,2,2,2,1,4,61,1,2,19,997,997,0,0,0,1,6,999,999,999,9999999,999,999,999,7,0,1,1,0,1,4,3,997,9.8,998,998,998,99.8,99.8,99.8,231.1762511,6,8
32492,18,108,1-18-2023-108-04,4,1,3N1AB7AP9KY2,17,478,1907,13,0,35,43,2019,4,1,3,0,1,F,1,1315,5,0,1,1,7,2,113,1,0,0,995,0,0,0,61021,1,9,0,2,2,1,1,1,2,9,3,2,1,3,5,1,0,0,9,0,14,6,87,98,1,1,1,C,13,0,0,0,0,0,0,0,0,0,0,998,998,0,0,0,1,10,999,999,999,9999999,999,-22,15,2,0,99,99,0,0,99,0,998,9.8,998,998,998,99.8,99.8,99.8,228.6130596,6,8
32493,17,170,1-17-2023-170-07,7,1,19XFB2F56EE0,17,474,1863,13,0,37,31,2014,4,1,3,0,1,F,1,1284,5,0,1,1,13,2,48,1,0,0,995,0,0,0,61201,1,1,2,4,2,1,2,1,1,1,0,4,0,0,1,1,0,0,1,1,1,2,13,99,1,4,1,C,11,0,0,0,0,0,0,0,0,0,0,90,80,0,0,0,1,3,15,-14,-5,8188,998,-19,12,0,4,0,0,0,0,0,0,995,9.8,998,998,998,99.8,99.8,99.8,305.0258178,4,8
32493,17,170,1-17-2023-170-07,7,2,1N4BA41E87C8,17,478,2302,13,0,35,39,2007,4,1,4,0,2,B,1,1641,5,9999,9,0,998,,,,,,,,,,,,,,,,,,,,,,,,,,,,,,,,,,,,,,,,,,,,,,,,,,,,,,,,,,,,,,,,,,95,95,95,95,95,,,,,,,,,,305.0258178,4,8
32494,17,171,1-17-2023-171-04,4,1,5N1AZ2DS0NC1,17,478,1914,7,0,35,422,2022,15,3,15,0,1,F,1,1787,5,0,1,3,22,2,89,1,0,0,995,0,7,0,61401,1,2,0,4,2,1,2,1,1,1,1,2,2,3,2,1,0,0,1,0,1,6,87,1,1,1,1,C,13,0,0,0,0,0,0,0,0,0,0,998,998,0,0,0,1,10,999,999,999,9999999,999,999,999,6,0,0,0,0,0,0,0,998,9.8,998,998,998,99.8,99.8,99.8,106.9495004,4,8
32495,66,95,1-66-2023-095-06,6,1,KM8J33A24GU1,17,498,2058,7,0,55,402,2016,14,3,14,0,1,F,3,1560,5,0,1,1,17,2,97,1,0,0,995,0,7,0,65769,1,2,2,4,2,1,2,1,1,1,1,2,3,3,1,1,0,0,2,0,1,3,52,1,1,1,2,D,28,0,0,0,0,0,0,0,0,0,0,255,255,0,1,0,1,1,44,-44,0,43368,998,0,25,0,4,3,10,1,2,4,0,995,9.8,998,998,998,99.8,99.8,99.8,167.3901348,6,8
32495,66,95,1-66-2023-095-06,6,2,1FADP3F2XEL1,17,460,1779,13,0,12,37,2014,4,1,3,0,1,B,3,1340,5,0,1,1,17,2,97,1,0,0,995,0,7,0,65769,9,1,2,4,2,1,2,1,1,1,1,2,3,3,1,1,0,0,1,0,2,3,53,1,1,1,2,D,29,0,0,0,0,0,0,0,0,0,0,255,255,0,1,0,1,1,46,46,0,216768,998,0,58,0,4,1,3,0,3,4,0,995,9.8,998,998,998,99.8,99.8,99.8,167.3901348,6,8
32496,66,96,1-66-2023-096-04,4,1,1N4AA6AV1KC3,17,478,2302,13,0,35,39,2019,4,1,4,0,1,F,2,1627,5,0,1,1,6,2,89,1,9,9,998,8,0,0,65661,1,1,0,4,2,1,2,1,2,1,1,2,0,0,2,1,6,2,1,1,14,1,6,4,2,4,1,B,6,1,6,2,2,2,4,60,4,2,39,998,998,0,0,1,3,1,31,-31,0,64298,998,-22,31,0,4,1,1,0,1,5,3,998,0.0,120,120,-114,51.3,5.0,52.0,185.4211654,6,8
32497,66,97,1-66-2023-097-05,5,1,3AKJHHDV2NSN,17,450,2501,66,0,82,881,2022,66,8,68,0,1,F,9,,,,,,,5,113,1,0,0,995,0,7,0,37853,9,9,1,3,1,1,2,1,3,4,1,2,0,0,1,1,2,2,9,0,11,2,15,1,1,1,4,K,82,,,,,,,,,,,,,,,,,,,,,,,,,,,95,95,95,95,95,,,9.8,998,998,998,99.8,99.8,99.8,106.3944278,6,8
32497,66,97,1-66-2023-097-05,5,2,1GCNKPEC9EZ3,17,467,1850,60,0,20,481,2014,34,5,31,0,1,R,1,2184,5,0,2,1,20,2,89,1,0,0,995,0,7,0,65712,1,2,1,4,2,1,2,1,1,1,1,2,0,0,1,1,0,0,1,0,1,4,67,3,1,1,4,K,83,0,0,0,0,0,0,0,0,0,0,40,275,0,1,0,1,5,999,999,999,9999999,999,999,11,2,0,1,2,0,2,4,0,995,1.6,120,60,-120,9.3,1.4,9.4,106.3944278,6,8
32498,12,119,1-12-2023-119-07,7,1,1G1ZD5ST3JF2,17,467,1834,13,0,20,37,2018,4,1,4,0,1,F,2,1400,5,0,1,1,23,2,105,1,0,0,995,0,0,0,73401,1,2,0,4,2,1,2,1,1,4,1,4,0,0,2,1,0,0,1,0,1,6,87,1,1,1,1,C,13,0,0,0,0,0,0,0,0,0,0,998,998,0,0,0,1,10,999,999,999,9999999,999,-31,31,3,0,0,0,0,0,0,0,998,9.8,998,998,998,99.8,99.8,99.8,743.8803261,9,8
32499,12,120,1-12-2023-120-03,3,1,1C4PJMDX4LD5,17,483,1945,7,0,2,404,2020,14,3,14,0,1,R,1,1839,5,0,1,1,23,2,121,1,0,0,995,0,0,0,77979,9,9,1,3,1,1,1,1,3,1,1,1,0,0,1,1,2,2,9,0,14,2,17,7,1,1,5,L,87,0,0,0,0,0,0,0,0,0,0,215,75,0,0,0,1,1,13,-11,-7,10595,998,145,8,0,1,9,97,0,1,0,0,995,9.8,998,998,998,99.8,99.8,99.8,239.3521142,9,8
32499,12,120,1-12-2023-120-03,3,2,1GNSKBKC2KR3,17,467,1852,7,0,20,421,2019,15,3,15,0,1,F,1,2515,5,0,1,3,21,2,105,1,0,0,995,0,0,0,73401,1,2,1,4,2,1,1,1,1,1,1,2,0,0,1,1,0,0,1,0,1,4,66,3,1,1,5,L,86,0,0,0,0,0,0,0,0,0,0,75,215,0,0,0,1,1,10,-10,2,25712,998,42,15,0,1,0,0,0,0,0,0,995,9.8,998,998,998,99.8,99.8,99.8,239.3521142,9,8
32500,12,121,1-12-2023-121-07,7,1,3D7UT2CL5BG5,17,476,1938,60,0,7,482,2011,34,5,31,0,1,F,1,2830,5,0,1,1,16,2,121,1,0,0,995,0,0,0,73448,9,9,0,2,2,2,1,1,1,9,3,2,1,3,2,1,0,0,1,0,1,3,52,99,1,1,2,D,28,0,0,0,0,0,0,0,0,0,0,160,150,1,0,0,1,5,999,999,999,9999999,999,999,999,2,0,0,0,0,0,0,0,995,9.8,998,998,998,99.8,99.8,99.8,743.8803261,9,8
32500,12,121,1-12-2023-121-07,7,2,4T1BF1FK4FU9,17,448,2469,13,0,49,40,2015,4,1,4,0,1,B,2,1467,5,0,1,1,25,2,121,1,0,0,995,0,0,0,73448,9,9,0,2,2,2,1,1,1,9,3,2,1,3,2,1,0,0,1,0,2,3,53,4,1,1,2,D,29,0,0,0,0,0,0,0,0,0,0,150,160,0,0,0,1,5,999,999,999,9999999,999,999,26,3,0,0,0,0,0,0,0,995,1.0,999,999,999,9.5,11.7,15.2,743.8803261,9,8
32501,12,122,1-12-2023-122-09,9,1,3GYFNAE36CS5,17,469,1844,7,0,19,20,2012,6,1,4,0,1,L,3,1907,5,0,1,1,5,2,56,1,0,1,0,2,0,0,73401,2,1,0,4,2,1,2,1,1,3,0,0,0,0,1,1,0,0,9,1,1,2,13,98,3,4,1,A,2,1,2,1,6,1,4,61,1,2,999,998,998,0,1,2,4,7,999,999,999,9999999,999,999,999,8,0,5,35,1,1,3,3,998,0.0,5,15,100,20.0,1.6,20.1,550.6910394,9,8
32502,19,125,1-19-2023-125-03,3,1,999999999999,99,99999,99999,999,0,99,399,9999,9,1,9,0,1,F,9,9999,9,9999,9,0,998,5,40,1,9,0,995,0,9,0,99999,9,9,2,4,2,1,2,1,1,1,0,0,0,0,3,1,2,2,9,0,1,2,17,99,1,1,5,L,86,0,0,0,0,0,0,0,0,0,0,230,320,0,0,0,1,0,999,999,999,9999999,999,999,999,9,0,95,95,95,95,95,0,995,9.8,998,998,998,99.8,99.8,99.8,295.2708207,9,8
32502,19,125,1-19-2023-125-03,3,2,3N1CN8DV9ML8,17,478,1894,13,0,35,50,2021,4,1,2,0,1,R,1,1194,5,0,1,1,3,2,40,1,0,0,995,0,0,0,35903,2,2,2,4,2,1,2,1,1,1,0,0,0,0,3,1,2,2,1,0,1,4,66,1,1,1,5,L,87,0,0,0,0,0,0,0,0,0,0,320,230,0,0,0,1,12,999,999,999,9999999,999,999,11,2,0,1,1,0,1,4,0,995,9.8,998,998,998,99.8,99.8,99.8,295.2708207,9,8
32503,33,85,1-33-2023-085-06,6,1,5TENL42N02Z0,17,448,2223,60,0,49,472,2002,34,5,30,0,1,F,2,1365,5,0,2,1,10,2,105,1,0,0,995,0,0,0,95973,1,2,1,2,3,1,2,2,2,9,1,1,0,1,1,8,0,0,1,1,14,2,10,4,4,2,2,F,47,0,0,0,0,0,0,0,0,0,0,200,310,0,0,0,1,1,27,-24,14,87850,998,120,30,0,1,1,1,0,1,0,0,995,9.8,998,998,998,99.8,99.8,99.8,27.77776823,12,8
32503,33,85,1-33-2023-085-06,6,2,1GKKVRKDXEJ3,17,472,1855,7,0,23,423,2014,15,3,15,0,1,R,1,2219,5,0,1,1,11,2,105,1,0,0,995,0,0,0,96021,1,2,1,2,3,3,2,2,1,9,3,2,1,1,1,8,0,0,1,0,1,4,61,2,1,1,2,F,45,0,0,0,0,0,0,0,0,0,0,310,200,0,1,0,1,1,18,-13,-11,16045,998,48,13,0,1,0,0,0,0,6,0,995,1.1,999,999,999,7.2,3.7,8.1,27.77776823,12,8
32504,33,86,1-33-2023-086-09,9,1,4T1BF18B1WU2,17,448,2465,13,0,49,43,1998,4,1,3,0,1,R,2,1560,5,0,1,1,10,2,64,1,1,1,211,2,0,0,95965,1,9,0,1,2,1,2,2,2,2,1,3,0,0,1,2,0,0,9,1,14,1,6,99,3,4,6,M,98,0,0,0,0,0,0,0,0,0,0,210,205,0,0,0,2,4,26,24,-9,20151,998,-99,15,0,4,1,1,0,1,4,0,995,1.7,120,120,10,0.0,0.0,0.0,38.30357098,12,8
32504,33,86,1-33-2023-086-09,9,2,JTEBU5JR3C50,17,448,2216,7,0,49,401,2012,14,3,14,0,1,L,1,2180,5,9999,9,4,55,2,64,1,0,0,995,0,0,0,95966,1,9,0,1,2,1,2,2,3,4,1,3,0,0,1,2,0,0,1,0,14,4,62,99,1,1,6,M,98,0,0,0,0,0,0,0,0,0,0,205,210,0,0,0,2,4,19,-18,6,81757,998,-87,26,0,4,1,1,0,1,6,0,995,9.8,998,998,998,99.8,99.8,99.8,38.30357098,12,8
32506,33,88,1-33-2023-088-07,7,1,1GYKNARS6HZ2,17,469,11442,7,0,19,401,2017,14,3,14,0,1,F,1,1814,5,0,1,1,8,2,89,1,0,0,995,0,0,0,95948,9,1,0,4,2,1,2,1,1,1,1,4,0,0,1,1,0,0,9,1,1,6,87,4,9,4,1,B,7,0,0,0,0,0,0,0,0,0,0,998,998,0,0,0,1,12,999,999,999,9999999,999,999,999,6,0,0,0,0,0,0,0,998,3.4,120,120,999,14.6,8.5,16.9,51.74094153,12,8
32508,10,166,1-10-2023-166-06,6,1,4T4BF1FK6ER3,17,448,2469,13,0,49,40,2014,4,1,3,0,1,F,1,1441,5,0,1,1,8,3,64,1,0,0,995,0,0,0,45459,1,2,0,4,4,1,2,1,1,9,1,3,0,0,1,1,0,0,1,1,1,2,13,1,1,4,1,A,1,0,0,0,0,0,0,0,0,0,0,998,998,0,0,0,1,8,999,999,999,9999999,999,999,999,6,0,0,0,0,0,4,0,998,3.9,999,999,999,6.4,1.7,6.9,480.3653309,4,8
32511,20,120,1-20-2023-120-02,2,1,KNDJ23AUXM77,17,499,2460,7,0,63,498,2021,14,3,14,0,1,L,1,1290,5,0,1,1,21,2,105,1,9,9,998,8,0,9,93927,9,9,0,2,2,98,2,1,3,9,2,3,2,3,2,1,0,0,9,0,14,3,54,1,1,1,6,M,98,2,98,8,8,98,8,32,8,8,998,320,130,0,0,0,1,3,20,-18,10,45702,998,-117,21,0,4,1,1,0,3,8,8,995,1.5,999,999,999,99.9,4.9,99.9,28.16135447,11,8
32511,20,120,1-20-2023-120-02,2,2,3N1AB7AP3KY2,17,478,1907,13,0,35,43,2019,4,1,3,0,1,F,1,1315,5,0,1,2,23,5,105,1,0,0,995,0,0,0,93960,9,9,0,2,2,2,2,1,2,9,3,2,1,3,2,1,0,0,9,0,14,3,54,8,1,1,6,M,98,0,0,0,0,0,0,0,0,0,0,130,320,0,0,0,1,3,23,-21,8,25284,998,11,22,0,4,95,95,95,95,95,0,995,1.6,999,999,999,99.9,4.3,99.9,28.16135447,11,8
32512,20,121,1-20-2023-121-07,7,1,1FADP3L98GL2,17,460,1779,5,0,12,37,2016,5,1,3,0,1,F,1,1475,5,0,1,1,19,2,89,1,0,0,995,0,0,0,93906,9,1,2,4,2,1,2,1,1,1,1,2,0,0,1,8,2,2,2,0,1,3,50,7,1,1,2,D,20,0,0,0,0,0,0,0,0,0,0,200,210,0,0,0,1,12,999,999,999,9999999,999,999,999,6,0,0,0,0,0,0,0,995,9.8,998,998,998,99.8,99.8,99.8,1284.632171,11,8
32512,20,121,1-20-2023-121-07,7,2,JN8AF5MR4CT1,17,478,1912,8,0,35,403,2012,14,3,14,0,1,B,1,1313,5,0,1,1,13,2,89,1,0,0,995,0,0,0,93905,1,1,2,4,2,1,2,1,1,1,1,2,0,0,1,8,2,2,2,0,5,3,53,1,1,1,2,D,23,0,0,0,0,0,0,0,0,0,0,210,200,0,0,0,1,12,999,999,999,9999999,999,999,999,6,0,0,0,0,0,4,0,995,9.8,998,998,998,99.8,99.8,99.8,1284.632171,11,8
32513,20,122,1-20-2023-122-06,6,1,1HGCV1F18JA0,17,474,1861,13,0,37,32,2018,4,1,4,0,1,F,2,1433,5,0,2,4,35,2,105,1,0,0,995,0,0,0,93906,9,1,0,2,2,2,2,1,2,9,3,2,1,3,4,1,0,0,3,1,14,2,12,1,1,4,1,B,6,0,0,0,0,0,0,0,0,0,0,998,998,0,0,0,1,12,999,999,999,9999999,999,999,999,7,0,2,4,0,1,3,0,998,2.8,999,999,999,0.0,0.0,0.0,401.129169,11,8
32514,11,92,1-11-2023-092-04,4,1,3FADP4EJ3FM1,17,460,3267,5,0,12,32,2015,5,1,1,0,1,R,1,1151,5,0,1,1,17,2,72,1,0,0,995,0,0,0,23224,9,9,2,1,2,2,2,1,1,9,1,1,0,0,1,1,1,2,3,0,1,2,17,99,1,1,4,K,83,0,0,0,0,0,0,0,0,0,0,260,170,0,0,0,1,1,14,-12,-7,7826,998,19,12,0,4,9,97,0,1,99,0,995,9.8,998,998,998,99.8,99.8,99.8,1401.020215,8,8
32514,11,92,1-11-2023-092-04,4,2,1GKKNULS1MZ1,17,472,1855,7,0,23,423,2021,15,3,15,0,1,F,1,1923,5,0,1,1,20,2,72,1,0,0,995,0,0,0,23113,1,2,2,1,2,2,2,1,1,9,1,2,0,0,1,1,1,2,1,0,11,4,66,1,1,1,4,K,82,0,0,0,0,0,0,0,0,0,0,170,260,0,0,0,1,1,8,-4,7,14753,998,162,9,0,4,1,1,0,1,0,0,995,9.8,998,998,998,99.8,99.8,99.8,1401.020215,8,8
32515,11,93,1-11-2023-093-02,2,1,1GCPDBEK0PZ1,17,467,1850,60,0,20,481,2023,34,5,31,0,1,T,2,2184,5,0,1,1,51,2,105,1,9,0,995,0,0,0,23234,9,9,0,2,2,2,2,1,1,9,3,2,1,3,2,1,0,0,1,1,1,2,12,99,1,4,1,B,6,2,98,8,8,98,8,32,8,8,998,997,997,0,0,0,2,6,999,999,999,9999999,999,999,999,7,0,9,97,0,1,99,8,997,9.8,998,998,998,99.8,99.8,99.8,83.61933847,8,8
32516,11,94,1-11-2023-094-07,7,1,5NPD74LF3JH2,17,498,2735,13,0,55,35,2018,4,1,3,0,1,L,9,1275,5,9999,9,0,998,2,56,1,0,0,995,0,0,0,23832,9,9,2,3,2,1,2,1,3,9,1,1,0,0,1,1,3,2,1,1,14,2,10,99,1,2,2,F,48,0,0,0,0,0,0,0,0,0,0,125,155,0,0,0,1,0,999,999,999,9999999,999,999,999,9,0,0,0,0,0,0,0,995,9.8,998,998,998,99.8,99.8,99.8,4107.831855,8,8