CASEID,PSU,CASENO,CASENUMBER,CATEGORY,VEHNO,VIN,VINLENGTH,VPICMAKE,VPICMODEL,VPICBODYCLASS,ICFINALBODY,MAKE,MODEL,MODELYR,BODYTYPE,BODYCAT,VEHCLASS,SPECUSE,TRANSTAT,DAMPLANE,DAMSEV,CURBWT,CURBSRC,CARGOWT,CARGOSRC,INSPTYPE,INSPLAG,TOWED,SPEEDLIMIT,DRPRESENT,PARALCOHOL,ALCTEST,ALCTESTRESULT,ALCTESTSRC,PARDRUG,DRUGTEST,ZIP,RACE,ETHNICITY,RELTOJUNCT,TRAFFLOW,RDLANES,INITLANE,SURFTYPE,SURFCOND,ALIGNMENT,PROFILE,LINERIGHT,LINELEFT,RUMBINIT,RUMBROAD,LIGHTCOND,WEATHER,TRAFDEV,TRAFFUNCT,DISTRACT,PREFHE,PREMOVE,CRITCAT,CRITEVENT,MANEUVER,PRESTAB,PRELOC,CRASHCAT,CRASHCONF,CRASHTYPE,ROLLTYPE,ROLLTURN,ROLLINTRPT,ROLLPREMAN,ROLLINITYP,ROLLINLOC,ROLLOBJ,ROLLTRIP,ROLLDIR,ROLLDIST,DVANGTHIS,DVANGOTH,TOWHITCH,TRAJDOC,TREEPOLE,DVEVENT,DVBASIS,DVTOTAL,DVLONG,DVLAT,DVENERGY,DVSPEED,DVMOMENT,DVBES,DVEST,DVCONF,VAIS,VISS,VINJSEV,VINJURED,VTREAT,INITOBJCLASS,HEADANGLECAT,SHLDRWIDTH,STRKLENGTH,STRKWIDTH,STRKHEIGHT,EDGEDISTX,EDGEDISTY,EDGEDISTZ,CASEWGT,PSUSTRAT,VERSION
32516,11,94,1-11-2023-094-07,7,2,54DC4W1D2MS2,17,542,3641,63,998,38,882,2021,61,8,60,0,1,9,9,,,,,,,5,56,1,0,0,995,0,0,0,23112,9,9,2,3,2,2,2,1,3,9,1,2,0,0,1,1,3,2,1,0,14,4,61,99,1,1,2,F,48,,,,,,,,,,,,,,,,,,,,,,,,,,,95,95,95,95,95,,,9.8,998,998,998,99.8,99.8,99.8,4107.831855,8,8
32517,24,114,1-24-2023-114-03,3,1,JM3KKCHD1R11,17,473,31832,7,0,41,498,2024,15,3,15,0,1,L,1,1777,5,0,1,1,15,2,40,1,0,0,995,0,0,0,08401,3,2,2,3,1,1,2,1,1,1,0,0,0,0,3,1,2,2,2,0,1,2,17,9,1,1,5,L,89,0,0,0,0,0,0,0,0,0,0,240,330,0,0,0,1,1,14,-3,14,13297,998,-17,13,0,1,0,0,0,0,4,0,995,9.9,73,5,44,4.3,0.8,5.0,322.0008115,1,8
32517,24,114,1-24-2023-114-03,3,2,4S3BE6350Y72,17,523,2232,13,0,48,34,2000,4,1,3,0,1,F,1,1501,5,0,1,1,14,2,40,1,0,0,995,0,0,0,19036,9,9,2,3,1,1,2,1,1,1,0,0,0,0,3,1,0,0,1,0,1,4,66,99,1,1,5,L,88,0,0,0,0,0,0,0,0,0,0,330,240,0,0,0,1,1,17,-17,-3,20475,998,-37,18,0,4,0,0,0,0,0,0,995,9.8,998,998,998,99.8,99.8,99.8,322.0008115,1,8
32518,24,115,1-24-2023-115-08,8,1,1FUJA6CK05LU,17,450,2482,66,0,82,881,2005,66,8,68,0,1,F,9,,,,,,,2,89,1,1,8,997,8,1,3,08234,9,9,2,1,2,1,2,1,1,1,1,3,1,0,1,1,0,0,9,0,1,4,62,2,1,1,4,J,69,,,,,,,,,,,,,,,,,,,,,,,,,,,95,95,95,95,95,,,1.2,999,999,999,1.4,1.2,1.8,278.0893379,1,8
32518,24,115,1-24-2023-115-08,8,2,19XFB2F59CE3,17,474,1863,13,0,37,31,2012,4,1,3,0,1,R,3,1267,5,0,1,1,27,2,89,1,0,1,0,2,0,2,08012,1,2,2,1,2,1,2,1,1,1,3,2,1,0,1,1,0,0,9,0,11,2,15,1,1,1,4,J,68,1,2,2,2,1,4,61,1,1,9,70,310,0,0,0,1,5,999,999,999,9999999,999,999,58,5,0,4,24,1,1,3,3,995,2.0,83,38,42,7.1,3.5,7.9,278.0893379,1,8
32519,24,116,1-24-2023-116-08,8,1,1FMCU93128KB,17,460,1798,7,0,12,402,2008,14,3,14,0,1,F,3,1540,5,0,1,1,16,2,80,1,0,0,995,0,0,0,08232,2,2,0,4,4,1,2,1,1,1,1,3,0,1,1,1,0,0,9,1,1,2,13,99,1,4,1,A,1,0,0,0,0,0,0,0,0,0,0,998,998,0,0,1,5,1,59,-59,0,304415,998,74,59,0,4,3,17,2,2,3,0,998,1.8,999,12,999,67.1,7.5,67.5,278.0893379,1,8
32520,14,91,1-14-2023-091-03,3,1,KNDPN3AC4L77,17,499,2770,7,0,63,401,2020,14,3,14,0,1,F,2,1631,5,0,1,1,22,2,64,1,8,0,995,0,7,0,78130,1,9,3,5,3,1,2,2,1,1,1,2,0,0,1,8,0,0,9,1,6,3,52,99,1,2,2,D,32,1,1,2,5,1,1,61,1,1,5,330,330,0,0,0,1,5,999,999,999,9999999,999,999,999,7,0,99,99,0,0,0,3,995,9.8,998,998,998,99.8,99.8,99.8,2209.701125,8,8
32520,14,91,1-14-2023-091-03,3,2,2NKHLJ9X1KM2,17,532,2722,11,0,85,881,2019,63,8,60,0,1,B,9,,,,,,,5,64,1,8,0,995,0,7,0,78133,9,9,3,5,3,1,2,2,1,1,1,2,0,0,1,8,0,0,9,0,10,2,16,99,1,1,2,D,32,,,,,,,,,,,,,,,,,,,,,,,,,,,95,95,95,95,95,,,9.8,998,998,998,99.8,99.8,99.8,2209.701125,8,8
32521,14,92,1-14-2023-092-02,2,1,1G1ZB5ST9GF3,17,467,1834,13,0,20,37,2016,4,1,4,0,1,B,3,1400,5,0,1,1,21,2,113,1,8,0,995,0,1,3,78220,2,2,1,2,3,2,2,1,1,9,3,3,0,3,2,1,0,0,9,0,5,3,53,1,1,1,2,D,21,0,0,0,0,0,0,0,0,0,0,240,230,0,0,0,1,1,59,58,-10,333625,998,26,75,0,1,0,0,0,0,8,0,995,9.8,998,998,998,99.8,99.8,99.8,164.4463854,8,8
32521,14,92,1-14-2023-092-02,2,2,1G1ZB5ST4PF1,17,467,1834,13,0,20,37,2023,4,1,4,0,1,F,3,1418,5,0,1,1,21,2,113,1,8,0,995,0,7,0,78741,2,9,1,2,3,2,2,1,1,9,3,3,0,3,2,1,0,0,9,0,1,3,50,99,1,1,2,D,20,0,0,0,0,0,0,0,0,0,0,230,240,0,0,0,1,1,59,-59,0,72114,998,-3,35,0,1,1,1,0,1,5,0,995,9.8,998,998,998,99.8,99.8,99.8,164.4463854,8,8
32522,13,144,1-13-2023-144-04,4,1,999999999999,99,99999,99999,999,0,99,999,9999,99,10,99,99,1,R,9,,,,,,,5,105,1,8,0,995,0,7,0,99999,9,9,1,2,4,2,1,1,1,9,3,3,0,0,3,1,0,0,9,1,15,2,11,99,1,2,2,F,46,,,,,,,,,,,,,,,,,,,,,,,,,,,95,95,95,95,95,,,9.8,998,998,998,99.8,99.8,99.8,856.2597344,7,8
32522,13,144,1-13-2023-144-04,4,2,1C6RR6ST3NS2,17,496,13620,60,0,7,482,2022,34,5,31,0,1,L,9,2277,5,9999,9,0,998,2,105,1,8,0,995,0,7,0,76021,1,1,1,2,4,1,1,1,1,9,1,3,0,0,3,1,0,0,9,0,1,4,60,99,1,1,2,F,45,0,0,0,0,0,0,0,0,0,0,85,85,0,0,0,1,0,999,999,999,9999999,999,999,999,9,0,0,0,0,0,0,0,995,9.8,998,998,998,99.8,99.8,99.8,856.2597344,7,8
32523,13,145,1-13-2023-145-05,5,1,JTHBK1EGXC25,17,515,2475,13,0,59,31,2012,4,1,4,0,1,F,1,1624,5,0,1,1,17,2,105,1,0,0,995,0,0,0,76008,1,2,0,2,4,4,2,1,1,9,3,2,0,0,3,1,0,0,9,0,1,3,51,2,2,1,2,D,24,0,0,0,0,0,0,0,0,0,0,270,270,0,1,0,1,1,24,-24,0,31330,998,-3,22,0,1,2,5,0,1,3,0,995,9.8,998,998,998,99.8,99.8,99.8,48.97305518,7,8
32523,13,145,1-13-2023-145-05,5,2,1C4PJMBS4GW1,17,483,1945,7,0,2,404,2016,14,3,14,0,1,B,1,1788,5,0,1,1,21,2,105,1,0,0,995,0,0,0,76487,1,2,0,2,4,4,2,1,1,9,3,2,0,0,3,1,0,0,9,0,3,3,53,1,1,1,2,D,25,0,0,0,0,0,0,0,0,0,0,270,270,0,1,0,1,1,22,22,0,41455,998,8,24,0,1,2,4,0,1,4,0,995,9.8,998,998,998,99.8,99.8,99.8,48.97305518,7,8
32524,13,146,1-13-2023-146-01,1,1,1N6AA06A94N5,17,478,1920,60,0,35,473,2004,34,5,31,0,1,F,2,2171,5,200,1,1,15,2,48,1,8,0,995,0,7,0,76104,2,9,0,4,2,1,2,1,1,1,0,0,0,0,3,8,0,0,9,1,1,1,9,99,4,4,1,B,7,0,0,0,0,0,0,0,0,0,0,998,998,0,1,2,2,10,999,999,999,9999999,999,-25,32,3,0,1,1,1,1,1,0,998,0.0,999,999,999,6.1,1.6,6.3,33.82765014,7,8
32525,30,155,1-30-2023-155-03,3,1,2HGFE2F28PH5,17,474,1863,13,0,37,31,2023,4,1,3,0,1,F,1,1313,5,9999,9,4,26,3,999,1,0,0,995,0,0,0,85259,9,9,2,1,3,3,1,1,1,1,1,0,0,0,1,1,1,2,1,0,11,2,15,99,1,1,4,J,68,0,0,0,0,0,0,0,0,0,0,30,250,0,0,0,1,3,7,-7,1,1528,998,-25,5,0,4,0,0,0,0,0,0,995,9.8,998,998,998,99.8,99.8,99.8,57.32178947,10,8
32525,30,155,1-30-2023-155-03,3,2,1G1ZC5STXLF0,17,467,1834,13,0,20,37,2020,4,1,4,0,1,L,1,1418,5,0,1,1,26,3,999,1,0,0,995,0,0,0,85283,9,9,2,1,3,3,1,1,1,1,1,0,0,0,1,1,1,2,1,0,1,4,62,2,1,1,4,J,69,0,0,0,0,0,0,0,0,0,0,250,30,0,0,0,1,3,7,-4,5,3779,998,8,8,0,4,9,97,0,1,8,0,995,9.8,998,998,998,99.8,99.8,99.8,57.32178947,10,8
32526,30,156,1-30-2023-156-06,6,1,1FTBF2A66FEC,17,460,1805,60,0,12,481,2015,34,5,31,0,1,R,9,2695,5,9999,9,0,998,5,72,1,0,0,995,0,0,0,85208,9,9,2,1,1,1,2,1,1,1,1,0,0,0,1,1,1,2,1,0,11,2,15,99,1,1,4,J,68,0,0,0,0,0,0,0,0,0,0,210,85,1,0,0,1,0,999,999,999,9999999,999,999,999,9,0,95,95,95,95,95,0,995,9.8,998,998,998,99.8,99.8,99.8,124.7022979,10,8
32526,30,156,1-30-2023-156-06,6,2,1FMCU9J95GUB,17,460,1798,7,0,12,402,2016,14,3,14,0,1,F,1,1713,5,0,1,1,29,2,72,1,0,0,995,0,0,0,85207,9,9,2,1,3,3,2,1,1,1,1,1,0,0,1,1,1,2,1,0,1,4,62,3,1,1,4,J,69,0,0,0,0,0,0,0,0,0,0,85,210,0,0,0,1,5,999,999,999,9999999,999,999,21,2,0,9,97,0,1,8,0,995,9.8,998,998,998,99.8,99.8,99.8,124.7022979,10,8
32527,30,157,1-30-2023-157-07,7,1,1N4AL3AP8HC1,17,478,1904,13,0,35,47,2017,4,1,4,0,1,F,9,1453,5,0,1,5,15,2,72,1,0,0,995,0,0,0,85303,1,1,0,1,3,3,2,1,1,1,3,0,0,0,1,1,0,0,1,0,1,3,50,4,1,1,2,D,20,0,0,0,0,0,0,0,0,0,0,135,135,0,0,0,1,12,999,999,999,9999999,999,999,999,9,0,0,0,0,0,0,0,995,9.8,998,998,998,99.8,99.8,99.8,839.8334377,10,8
32527,30,157,1-30-2023-157-07,7,2,3TMCZ5AN9KM2,17,448,2223,60,0,49,472,2019,34,5,30,0,1,B,9,1927,5,9999,9,0,998,5,72,1,0,0,995,0,0,0,85019,9,9,0,1,3,3,2,1,1,1,3,0,0,0,1,1,0,0,9,0,5,3,53,99,1,1,2,D,21,0,0,0,0,0,0,0,0,0,0,135,135,0,0,0,1,0,999,999,999,9999999,999,999,999,9,0,95,95,95,95,95,0,995,9.8,998,998,998,99.8,99.8,99.8,839.8334377,10,8
32527,30,157,1-30-2023-157-07,7,3,5N1BT3CA7PC6,17,478,1913,7,0,35,404,2023,14,3,14,0,1,B,9,1536,5,9999,9,0,998,5,72,1,0,0,995,0,0,0,85019,9,9,0,1,3,3,2,1,1,1,3,0,0,0,1,1,0,0,9,0,5,3,53,99,1,1,6,M,98,0,0,0,0,0,0,0,0,0,0,135,135,0,0,0,2,0,999,999,999,9999999,999,999,999,9,0,95,95,95,95,95,0,995,9.8,998,998,998,99.8,99.8,99.8,839.8334377,10,8
32528,16,128,1-16-2023-128-09,9,1,1N4AA5AP8AC8,17,478,2302,13,0,35,39,2010,4,1,4,0,1,F,2,1630,5,0,1,1,9,2,48,1,0,0,995,0,0,0,45223,2,9,0,4,3,1,2,2,2,1,1,2,0,0,1,2,0,0,1,1,14,2,10,99,1,3,3,G,50,0,0,0,0,0,0,0,0,0,0,140,350,0,0,0,1,3,34,-32,-12,58891,998,-16,30,0,4,0,0,0,0,8,0,995,9.8,998,998,998,99.8,99.8,99.8,1058.928838,5,8
32528,16,128,1-16-2023-128-09,9,2,4S4BRBCCXA33,17,523,2233,7,0,48,45,2010,6,1,3,0,1,F,2,1542,5,9999,9,0,998,2,48,1,0,0,995,0,0,0,45205,9,9,0,4,3,2,2,2,3,1,3,2,0,0,1,2,0,0,1,0,14,4,62,99,1,1,3,G,51,0,0,0,0,0,0,0,0,0,0,350,140,0,0,0,1,3,36,-36,6,108705,998,39,40,0,4,0,0,0,0,0,0,995,9.8,998,998,998,99.8,99.8,99.8,1058.928838,5,8
32529,16,129,1-16-2023-129-09,9,1,JM1BL1SF1A13,17,473,2074,13,0,41,51,2010,4,1,2,0,1,L,2,1354,5,0,1,1,7,2,56,1,8,0,995,0,7,0,45219,9,9,2,4,3,2,2,2,1,1,3,2,0,0,3,2,1,2,1,0,11,2,15,99,1,1,4,K,82,0,0,0,0,0,0,0,0,0,0,245,355,0,0,0,1,5,999,999,999,9999999,999,999,34,3,0,9,97,0,1,99,0,995,9.8,998,998,998,99.8,99.8,99.8,1058.928838,5,8
32529,16,129,1-16-2023-129-09,9,2,5KJJAXDV3JPJ,17,4512,9574,66,0,98,804,2018,66,8,67,0,1,F,9,,,,,,,5,56,1,8,0,995,0,7,0,41004,9,9,2,4,5,1,2,2,1,1,0,3,0,0,3,2,1,2,9,0,1,4,67,99,1,1,4,K,83,,,,,,,,,,,,,,,,,,,,,,,,,,,95,95,95,95,95,,,9.8,998,998,998,99.8,99.8,99.8,1058.928838,5,8
32530,16,130,1-16-2023-130-04,4,1,2C4RDGEG8KR5,17,476,14832,2,0,7,442,2019,20,4,20,0,1,F,1,2050,5,0,1,1,7,2,89,1,8,0,995,0,7,0,73170,9,9,0,2,4,1,2,2,1,1,1,3,2,3,3,8,0,0,1,0,1,3,52,3,1,1,2,D,28,0,0,0,0,0,0,0,0,0,0,45,55,0,0,0,1,1,9,-9,-2,11165,998,16,12,0,4,0,0,0,0,0,0,995,9.8,998,998,998,99.8,99.8,99.8,770.3820754,5,8
32530,16,130,1-16-2023-130-04,4,2,5NPD84LFXJH2,17,498,2735,13,0,55,35,2018,4,1,3,0,1,B,1,1275,5,0,1,1,7,2,89,1,8,0,995,0,7,0,45233,9,9,0,2,4,1,2,2,1,1,1,3,2,3,3,8,0,0,1,0,1,2,18,1,1,1,2,D,29,0,0,0,0,0,0,0,0,0,0,55,45,0,0,0,1,1,14,14,0,6912,998,55,11,0,4,0,0,0,0,0,0,995,9.8,998,998,998,99.8,99.8,99.8,770.3820754,5,8
32531,16,131,1-16-2023-131-04,4,1,5TDZA22C74S1,17,448,2468,2,0,49,442,2004,20,4,20,0,1,F,2,1980,5,0,1,1,31,2,56,1,0,0,995,0,0,0,45215,9,9,2,4,5,1,2,2,1,4,0,1,0,0,1,2,1,2,1,0,1,2,17,2,1,1,4,K,83,0,0,0,0,0,0,0,0,0,0,5,130,0,0,0,1,3,27,-27,-5,30864,998,7,20,0,4,0,0,0,0,0,0,995,9.8,998,998,998,99.8,99.8,99.8,770.3820753,5,8
32531,16,131,1-16-2023-131-04,4,2,3GCPYFED9MG1,17,467,1850,60,0,20,481,2021,34,5,31,0,1,R,2,2086,5,0,1,5,29,2,56,1,0,0,995,0,0,0,45215,9,9,2,4,5,3,2,2,3,4,1,2,0,0,1,2,1,2,1,0,11,4,62,1,1,1,4,K,82,0,0,0,0,0,0,0,0,0,0,130,5,0,0,0,1,3,26,-13,-23,94089,998,63,31,0,4,0,0,0,0,0,0,995,9.8,998,998,998,99.8,99.8,99.8,770.3820753,5,8
32532,76,121,1-76-2023-121-07,7,1,1C4PJMCSXEW1,17,483,1945,7,0,2,404,2014,14,3,14,0,1,F,1,1862,5,0,1,1,44,2,56,1,8,9,998,8,7,9,12414,9,9,2,4,2,1,2,1,1,1,0,2,0,0,2,1,2,2,9,0,1,2,17,7,1,1,5,L,86,0,0,0,0,0,0,0,0,0,0,240,310,0,0,0,1,1,23,-17,14,107027,998,149,26,0,1,0,0,0,0,0,0,995,9.8,998,998,998,99.8,99.8,99.8,37.50961735,3,8
32532,76,121,1-76-2023-121-07,7,2,5YFBU4EE8DP1,17,448,2208,13,0,49,32,2013,4,1,2,0,1,R,2,1260,5,0,1,1,16,2,89,1,8,9,998,8,7,9,12414,9,9,2,2,3,1,2,1,1,1,1,3,0,0,2,1,0,0,9,0,1,4,66,4,1,1,5,L,87,0,0,0,0,0,0,0,0,0,0,310,240,0,1,0,1,1,31,-11,-29,26261,998,-11,22,0,1,0,0,0,0,0,0,995,0.6,999,999,999,1.0,0.6,1.2,37.50961735,3,8
32535,25,111,1-25-2023-111-09,9,1,4S4BRBCC9C32,17,523,2233,7,0,48,45,2012,6,1,3,0,1,T,2,1542,5,0,1,1,6,2,56,1,0,1,0,2,0,0,04105,9,9,0,4,2,1,2,2,3,4,1,2,0,0,3,1,0,0,9,1,14,2,13,99,2,4,1,A,1,1,4,1,6,1,4,61,1,1,7,997,997,0,1,0,4,6,999,999,999,9999999,999,999,999,7,0,1,1,0,1,4,3,997,0.4,26,107,23,51.4,4.8,51.9,414.3504828,2,8
32536,25,112,1-25-2023-112-10,10,1,KNDPMCAC1L78,17,499,2770,7,0,63,401,2020,14,3,14,0,1,B,1,1696,5,9999,9,0,998,5,72,1,0,0,995,0,0,0,04073,9,9,2,1,2,2,2,1,1,2,1,2,0,0,3,1,1,2,1,0,5,3,53,99,1,1,2,D,22,0,0,0,0,0,0,0,0,0,0,280,290,0,0,0,1,3,9,9,3,5946,998,-85,8,0,4,95,95,95,95,95,0,995,9.8,998,998,998,99.8,99.8,99.8,1984.366001,2,8
32536,25,112,1-25-2023-112-10,10,2,5J6RE4H38AL0,17,474,1865,7,0,37,402,2010,14,3,14,0,1,F,1,1604,5,0,1,1,17,2,72,1,0,0,995,0,0,0,04002,9,9,2,1,2,2,2,1,1,2,1,2,0,0,3,1,1,2,1,0,11,3,50,99,1,1,2,D,20,0,0,0,0,0,0,0,0,0,0,290,280,0,0,0,1,3,10,-9,-2,9912,998,-79,11,0,4,0,0,0,0,0,0,995,9.8,998,998,998,99.8,99.8,99.8,1984.366001,2,8
32537,31,109,1-31-2023-109-09,9,1,1NXBR12EXXZ2,17,448,2208,13,0,49,32,1999,4,1,1,0,1,F,1,1095,5,9999,9,5,8,2,89,1,0,0,995,0,0,0,62869,9,9,0,4,2,1,2,2,1,2,1,2,0,0,2,2,0,0,9,0,1,3,50,99,1,1,2,D,20,0,0,0,0,0,0,0,0,0,0,40,40,0,0,0,1,12,999,999,999,9999999,999,999,999,6,0,9,97,0,1,5,0,995,9.8,998,998,998,99.8,99.8,99.8,646.415581,6,8
32537,31,109,1-31-2023-109-09,9,2,1GNKRJKD7DJ2,17,467,1853,7,0,20,423,2013,15,3,15,0,1,B,9,2107,5,9999,9,0,998,5,89,1,0,0,995,0,0,0,62954,9,9,0,4,2,1,2,2,1,2,1,2,0,0,2,2,0,0,9,0,5,3,53,1,1,1,2,D,21,0,0,0,0,0,0,0,0,0,0,40,40,0,0,0,1,0,999,999,999,9999999,999,999,999,9,0,95,95,95,95,95,0,995,9.8,998,998,998,99.8,99.8,99.8,646.415581,6,8
32538,31,110,1-31-2023-110-07,7,1,5GAKVCKD0HJ3,17,468,1841,7,0,18,421,2017,15,3,15,0,1,F,1,2233,5,0,1,1,4,2,89,1,0,0,995,0,0,0,62821,9,9,0,4,2,1,2,1,1,1,1,4,2,3,2,1,0,0,9,0,1,6,87,99,1,1,1,C,13,0,0,0,0,0,0,0,0,0,0,998,998,0,0,0,1,10,999,999,999,9999999,999,29,16,2,0,0,0,0,0,0,0,998,9.8,998,998,998,99.8,99.8,99.8,873.1862311,6,8
32539,31,111,1-31-2023-111-03,3,1,5LMCJ1C99KUL,17,464,3599,7,0,13,402,2019,14,3,14,0,1,F,2,1796,5,9999,9,1,6,2,56,1,1,2,996,1,7,0,62821,9,9,0,4,2,1,2,1,1,1,4,0,0,0,3,1,0,0,9,1,1,2,12,8,1,4,1,B,6,1,4,2,6,1,4,61,1,2,7,998,998,0,0,6,1,12,999,999,999,9999999,999,999,999,7,0,9,97,0,1,5,3,998,0.0,999,999,999,6.7,0.5,6.7,206.2441745,6,8
32540,32,187,1-32-2023-187-03,3,1,KNDMB2335660,17,499,2740,2,0,63,441,2006,20,4,20,0,1,F,9,2107,5,9999,9,0,998,5,56,1,0,0,995,0,0,0,75149,9,9,2,3,3,98,2,1,1,1,2,3,0,0,1,8,1,2,9,0,1,2,17,99,1,1,5,L,88,0,0,0,0,0,0,0,0,0,0,70,340,0,0,0,1,0,999,999,999,9999999,999,999,999,9,0,95,95,95,95,95,0,995,9.8,998,998,998,99.8,99.8,99.8,601.1467205,7,8
32540,32,187,1-32-2023-187-03,3,2,1GYKNCRSXMZ1,17,469,11442,7,0,19,401,2021,14,3,14,0,1,L,9,1814,5,9999,9,0,998,2,56,1,0,0,995,0,0,0,75141,2,2,2,4,5,2,2,1,1,2,3,1,0,0,1,8,1,2,9,0,1,4,66,99,1,1,5,L,89,0,0,0,0,0,0,0,0,0,0,340,70,0,0,0,1,0,999,999,999,9999999,999,999,999,9,0,1,2,0,1,4,0,995,9.8,998,998,998,99.8,99.8,99.8,601.1467205,7,8
32542,32,189,1-32-2023-189-01,1,1,1XP5DU9X4XD4,17,495,2046,66,0,87,881,1999,66,8,68,0,1,L,9,,,,,,,2,113,1,0,0,995,0,0,0,76106,9,9,1,2,3,2,1,1,2,2,3,3,0,0,1,8,0,0,9,1,14,2,12,99,9,4,1,B,6,,,,,,,,,,,,,,,,,,,,,,,,,,,95,95,95,95,95,,,2.6,999,999,999,7.5,2.6,7.8,87.10884359,7,8
32542,32,189,1-32-2023-189-01,1,2,1GKS1AKC4FR2,17,472,1859,7,0,23,421,2015,15,3,15,0,1,R,9,2511,5,9999,9,0,998,5,113,1,0,0,995,0,0,0,75041,9,9,1,2,3,2,1,1,1,1,3,3,0,0,1,8,0,0,9,1,1,2,11,8,1,2,6,M,98,0,0,0,0,0,0,0,0,0,0,285,270,0,0,0,3,0,999,999,999,9999999,999,999,999,9,0,95,95,95,95,95,0,995,9.8,998,998,998,99.8,99.8,99.8,87.10884359,7,8
32542,32,189,1-32-2023-189-01,1,3,5N1AL0MN6EC5,17,480,1910,8,0,58,403,2014,14,3,14,0,1,L,9,1960,5,9999,9,0,998,5,113,1,0,0,995,0,0,0,75081,9,9,1,2,3,1,1,1,1,4,1,3,0,0,1,8,0,0,9,0,1,4,60,99,1,1,6,M,98,0,0,0,0,0,0,0,0,0,0,270,285,0,0,0,3,0,999,999,999,9999999,999,999,999,9,0,95,95,95,95,95,0,995,9.8,998,998,998,99.8,99.8,99.8,87.10884359,7,8
32542,32,189,1-32-2023-189-01,1,4,1GCPTCEK2P12,17,467,4086,60,0,20,473,2023,34,5,30,0,1,F,9,2139,5,9999,9,0,998,5,113,1,0,0,995,0,0,0,75150,9,9,1,2,3,2,1,1,1,1,3,3,0,0,1,8,0,0,9,0,1,6,90,99,1,1,6,M,98,0,0,0,0,0,0,0,0,0,0,998,998,0,0,0,4,0,999,999,999,9999999,999,999,999,9,0,95,95,95,95,95,0,998,9.8,998,998,998,99.8,99.8,99.8,87.10884359,7,8
32542,32,189,1-32-2023-189-01,1,5,5FNRL5H65DB0,17,474,1869,2,0,37,441,2013,20,4,20,0,1,F,3,2047,5,0,1,1,21,2,113,1,0,0,995,0,0,0,75227,1,2,1,2,3,2,1,1,1,1,3,3,0,0,1,8,0,0,9,0,1,6,90,99,1,1,6,M,98,0,0,0,0,0,0,0,0,0,0,998,998,0,0,0,5,12,999,999,999,9999999,999,999,999,8,0,5,50,1,1,1,0,998,9.8,998,998,998,99.8,99.8,99.8,87.10884359,7,8
32542,32,189,1-32-2023-189-01,1,6,JTMW1RFV0LD0,17,448,2217,7,0,49,402,2020,14,3,14,0,1,F,3,1583,5,0,1,1,21,2,113,1,0,0,995,0,0,0,75189,1,9,1,2,3,3,1,1,1,1,3,2,0,0,1,8,0,0,9,0,1,6,90,99,1,1,6,M,98,0,0,0,0,0,0,0,0,0,0,998,998,0,0,0,6,5,999,999,999,9999999,999,999,67,5,0,4,34,1,1,3,0,998,1.3,999,999,999,99.9,99.9,99.9,87.10884359,7,8
32542,32,189,1-32-2023-189-01,1,7,JTMWFREV3JJ1,17,448,2217,7,0,49,402,2018,14,3,14,0,1,F,3,1555,5,0,1,1,21,2,113,1,0,0,995,0,0,0,75089,2,9,1,2,3,2,1,1,1,1,3,3,0,0,1,8,0,0,9,1,1,3,50,99,1,2,6,M,98,0,0,0,0,0,0,0,0,0,0,998,998,0,0,0,9,5,999,999,999,9999999,999,999,62,5,0,9,97,0,1,8,0,998,9.8,998,998,998,99.8,99.8,99.8,87.10884359,7,8
32543,32,190,1-32-2023-190-03,3,1,999999999999,99,99999,99999,999,0,99,399,9999,9,1,9,0,1,F,9,9999,9,9999,9,0,998,5,64,1,8,0,995,0,7,0,99999,9,9,2,2,4,2,1,1,1,9,3,3,0,0,1,1,1,2,9,0,1,2,17,99,1,1,4,J,69,0,0,0,0,0,0,0,0,0,0,275,20,0,0,0,1,0,999,999,999,9999999,999,999,999,9,0,95,95,95,95,95,0,995,9.8,998,998,998,99.8,99.8,99.8,601.1467206,7,8
32543,32,190,1-32-2023-190-03,3,2,3N1CN8DV2LL8,17,478,1894,13,0,35,50,2020,4,1,3,0,1,R,9,1385,5,9999,9,0,998,2,64,1,0,0,995,0,0,2,75231,2,2,2,3,5,4,1,1,3,9,1,1,0,0,1,1,1,2,9,0,11,4,63,99,1,1,4,J,68,0,0,0,0,0,0,0,0,0,0,20,275,0,0,0,1,0,999,999,999,9999999,999,999,999,9,0,1,1,0,3,3,0,995,9.8,998,998,998,99.8,99.8,99.8,601.1467206,7,8
32544,52,114,1-52-2023-114-03,3,1,1FADP3F29FL3,17,460,1779,13,0,12,37,2015,4,1,3,0,1,F,2,1340,5,0,1,1,20,2,56,1,0,0,995,0,0,0,59101,9,9,2,3,3,3,2,1,1,1,1,0,0,0,1,1,1,2,9,0,1,2,17,4,1,1,5,L,86,0,0,0,0,0,0,0,0,0,0,55,150,0,0,0,1,1,28,-28,5,76918,998,32,36,0,1,0,0,0,0,0,0,995,9.8,998,998,998,99.8,99.8,99.8,21.39746524,12,8