CASEID,PSU,CASENO,CASENUMBER,CATEGORY,VEHNO,VIN,VINLENGTH,VPICMAKE,VPICMODEL,VPICBODYCLASS,ICFINALBODY,MAKE,MODEL,MODELYR,BODYTYPE,BODYCAT,VEHCLASS,SPECUSE,TRANSTAT,DAMPLANE,DAMSEV,CURBWT,CURBSRC,CARGOWT,CARGOSRC,INSPTYPE,INSPLAG,TOWED,SPEEDLIMIT,DRPRESENT,PARALCOHOL,ALCTEST,ALCTESTRESULT,ALCTESTSRC,PARDRUG,DRUGTEST,ZIP,RACE,ETHNICITY,RELTOJUNCT,TRAFFLOW,RDLANES,INITLANE,SURFTYPE,SURFCOND,ALIGNMENT,PROFILE,LINERIGHT,LINELEFT,RUMBINIT,RUMBROAD,LIGHTCOND,WEATHER,TRAFDEV,TRAFFUNCT,DISTRACT,PREFHE,PREMOVE,CRITCAT,CRITEVENT,MANEUVER,PRESTAB,PRELOC,CRASHCAT,CRASHCONF,CRASHTYPE,ROLLTYPE,ROLLTURN,ROLLINTRPT,ROLLPREMAN,ROLLINITYP,ROLLINLOC,ROLLOBJ,ROLLTRIP,ROLLDIR,ROLLDIST,DVANGTHIS,DVANGOTH,TOWHITCH,TRAJDOC,TREEPOLE,DVEVENT,DVBASIS,DVTOTAL,DVLONG,DVLAT,DVENERGY,DVSPEED,DVMOMENT,DVBES,DVEST,DVCONF,VAIS,VISS,VINJSEV,VINJURED,VTREAT,INITOBJCLASS,HEADANGLECAT,SHLDRWIDTH,STRKLENGTH,STRKWIDTH,STRKHEIGHT,EDGEDISTX,EDGEDISTY,EDGEDISTZ,CASEWGT,PSUSTRAT,VERSION
32578,59,156,1-59-2023-156-04,4,1,KNDMG4C71B63,17,499,2740,2,0,63,441,2011,20,4,20,0,1,F,1,2087,5,9999,9,5,4,2,56,1,0,0,995,0,0,0,47805,1,9,3,5,3,1,2,2,1,1,0,2,0,0,5,8,0,0,9,0,1,3,52,2,1,1,2,D,28,0,0,0,0,0,0,0,0,0,0,260,270,0,1,0,1,3,8,-8,0,7173,998,30,9,0,4,0,0,0,0,0,0,995,9.8,998,998,998,99.8,99.8,99.8,53.70445205,6,8
32578,59,156,1-59-2023-156-04,4,2,5NPEH4J26MH0,17,498,2459,13,0,55,33,2021,4,1,4,0,1,B,1,1527,5,0,1,1,4,2,56,1,0,0,995,0,0,0,47803,9,9,3,5,3,1,2,2,1,1,0,2,0,0,5,8,0,0,9,0,2,3,53,99,1,1,2,D,29,0,0,0,0,0,0,0,0,0,0,270,260,0,1,0,1,3,12,11,-2,9465,998,80,11,0,4,0,0,0,0,0,0,995,9.8,998,998,998,99.8,99.8,99.8,53.70445205,6,8
32579,59,157,1-59-2023-157-09,9,1,5TEUU42N26Z1,17,448,2223,60,0,49,472,2006,34,5,31,0,1,R,3,1791,5,0,1,1,4,2,80,1,0,0,995,0,0,0,47803,1,2,0,4,2,99,2,2,1,1,1,2,0,0,2,2,0,0,9,1,6,1,6,99,3,4,1,A,2,0,0,0,0,0,0,0,0,0,0,998,998,0,1,9,4,10,999,999,999,9999999,999,999,999,8,0,1,1,0,1,4,0,998,0.0,42,26,120,24.0,2.0,25.0,112.4602772,6,8
32580,59,158,1-59-2023-158-04,4,1,3C4NJDCB7LT1,17,483,1946,7,0,2,1,2020,6,1,2,0,1,F,3,1648,5,0,1,1,4,2,48,1,0,0,995,0,0,0,47807,1,2,2,4,3,1,2,2,1,1,0,1,0,0,1,1,1,2,3,0,1,2,17,1,1,1,5,L,88,0,0,0,0,0,0,0,0,0,0,5,285,0,0,0,1,3,41,-39,-14,82628,998,-62,32,0,4,1,1,0,1,0,0,995,9.8,998,998,998,99.8,99.8,99.8,53.70445205,6,8
32580,59,158,1-59-2023-158-04,4,2,1FTBF4XG9NKA,17,460,3608,95,0,12,462,2022,21,4,21,0,1,L,3,1624,5,9999,9,0,998,5,48,1,0,0,995,0,0,0,47805,9,9,2,4,2,1,2,2,1,1,0,2,0,0,1,1,1,2,9,0,1,4,66,99,1,1,5,L,89,0,0,0,0,0,0,0,0,0,0,285,5,0,0,0,1,3,44,-8,43,183606,998,-31,53,0,4,95,95,95,95,95,0,995,9.8,998,998,998,99.8,99.8,99.8,53.70445205,6,8
32581,59,159,1-59-2023-159-04,4,1,KNAGG4A8XA54,17,499,2739,13,0,63,34,2010,4,1,4,0,1,F,1,1454,5,0,1,1,3,2,64,1,0,0,995,0,0,0,47805,1,9,2,1,3,2,2,1,1,1,1,2,0,0,1,8,1,2,9,0,1,4,62,1,1,1,4,J,69,0,0,0,0,0,0,0,0,0,0,90,200,0,0,0,1,3,10,-9,3,3499,998,34,7,0,4,2,4,0,2,4,0,995,9.8,998,998,998,99.8,99.8,99.8,53.70445205,6,8
32581,59,159,1-59-2023-159-04,4,2,5FNRL6H89KB0,17,474,1869,2,0,37,441,2019,20,4,20,0,1,R,1,2046,5,0,1,1,20,2,64,1,8,0,995,0,7,0,47834,1,2,2,1,3,3,2,1,1,1,1,2,0,0,1,8,1,2,9,0,11,2,15,2,1,1,4,J,68,0,0,0,0,0,0,0,0,0,0,200,90,0,0,0,1,3,7,-5,-6,7774,998,-55,9,0,4,1,1,0,1,0,0,995,9.8,998,998,998,99.8,99.8,99.8,53.70445205,6,8
32582,18,109,1-18-2023-109-03,3,1,4S4BRCJCXC32,17,523,2233,7,0,48,45,2012,6,1,3,0,1,B,9,1542,5,9999,9,0,998,2,80,1,0,0,995,0,0,0,54703,1,9,2,4,4,1,1,3,1,1,0,1,0,0,1,8,1,2,1,0,10,2,16,99,1,1,4,K,78,0,0,0,0,0,0,0,0,0,0,40,85,0,1,0,1,0,999,999,999,9999999,999,999,999,9,0,1,1,0,1,4,0,995,9.8,998,998,998,99.8,99.8,99.8,144.2226407,6,8
32582,18,109,1-18-2023-109-03,3,2,1XKZD49X6KJ2,17,532,2734,66,0,85,881,2019,66,8,68,0,1,F,9,,,,,,,5,80,1,0,0,995,0,0,0,54728,9,9,2,1,2,1,2,3,1,4,1,3,0,0,1,8,1,2,1,0,1,4,65,99,1,1,4,K,79,,,,,,,,,,,,,,,,,,,,,,,,,,,95,95,95,95,95,,,9.8,998,998,998,99.8,99.8,99.8,144.2226407,6,8
32582,18,109,1-18-2023-109-03,3,3,3GNAXVEX1LS5,17,467,1847,7,0,20,404,2020,14,3,14,0,1,L,1,1637,5,0,1,1,7,2,80,1,0,0,995,0,0,0,54729,1,2,2,1,1,1,1,3,1,1,0,2,0,0,1,8,1,2,1,0,2,4,62,1,1,1,6,M,98,0,0,0,0,0,0,0,0,0,0,265,40,0,1,0,2,3,19,-16,9,37793,998,-64,22,0,4,1,2,0,1,6,0,995,0.0,12,27,14,0.0,0.0,0.0,144.2226407,6,8
32583,18,110,1-18-2023-110-03,3,1,3GNAXXEV9NS1,17,467,1847,7,0,20,404,2022,14,3,14,0,1,F,1,1572,5,0,1,1,8,2,40,1,0,0,995,0,0,0,54720,1,9,0,4,2,1,2,5,2,1,0,0,0,0,1,4,0,0,1,1,14,1,6,2,3,2,3,G,50,0,0,0,0,0,0,0,0,0,0,45,210,0,1,0,1,3,15,-14,3,12860,998,15,14,0,4,1,1,0,1,4,0,995,9.8,998,998,998,99.8,99.8,99.8,144.2226407,6,8
32583,18,110,1-18-2023-110-03,3,2,5J6YH28757L0,17,474,1868,7,0,37,403,2007,14,3,14,0,1,F,1,1631,5,9999,9,4,9,2,40,1,0,0,995,0,0,0,54720,1,9,0,4,2,1,2,5,3,1,0,0,0,0,1,4,0,0,1,0,14,4,62,99,1,1,3,G,51,0,0,0,0,0,0,0,0,0,0,210,45,0,0,0,1,3,14,-14,0,14500,998,0,15,0,4,0,0,0,0,0,0,995,9.8,998,998,998,99.8,99.8,99.8,144.2226407,6,8
32584,18,111,1-18-2023-111-03,3,1,3GKFK16Z43G2,17,472,4579,7,0,23,431,2003,16,3,16,0,1,F,9,2323,5,9999,9,0,998,5,72,1,0,0,995,0,0,0,54703,9,9,2,4,2,1,2,3,1,1,1,2,0,0,1,8,2,2,1,0,2,1,5,2,2,1,5,L,86,0,0,0,0,0,0,0,0,0,0,20,100,0,0,0,1,0,999,999,999,9999999,999,999,999,9,0,95,95,95,95,95,0,995,9.8,998,998,998,99.8,99.8,99.8,144.2226407,6,8
32584,18,111,1-18-2023-111-03,3,2,1GNSKKE70ER1,17,467,1851,7,0,20,422,2014,15,3,15,0,1,L,1,2640,5,9999,9,0,998,5,72,1,0,0,995,0,0,0,54751,9,9,2,4,2,1,2,3,1,1,1,4,0,0,1,8,0,0,1,0,1,4,66,7,1,1,5,L,87,0,0,0,0,0,0,0,0,0,0,130,290,0,0,0,2,3,6,-1,6,4261,998,-217,4,0,4,95,95,95,95,95,0,995,9.8,998,998,998,99.8,99.8,99.8,144.2226407,6,8
32584,18,111,1-18-2023-111-03,3,3,JF1VA1B6XK98,17,523,2237,13,0,48,47,2019,4,1,3,0,1,L,1,1513,8,0,1,1,10,2,72,1,0,0,995,0,0,0,54703,9,9,2,4,2,1,2,3,1,1,1,4,0,0,1,8,0,0,1,0,1,4,62,99,1,1,6,M,98,0,0,0,0,0,0,0,0,0,0,290,130,0,0,0,2,3,10,-5,9,12841,998,45,14,0,4,1,1,0,1,4,0,995,9.8,998,998,998,99.8,99.8,99.8,144.2226407,6,8
32585,18,112,1-18-2023-112-02,2,1,3FTTW8F9XNRB,17,460,28967,60,0,12,498,2022,34,5,30,0,1,B,2,1692,5,0,1,1,20,2,89,1,0,0,995,0,0,0,54739,1,2,0,4,2,1,2,1,1,1,1,4,1,0,1,1,0,0,1,0,5,3,53,1,1,1,2,D,21,0,0,0,0,0,0,0,0,0,0,180,185,0,0,0,1,1,38,37,7,101671,998,-32,37,0,4,1,2,0,2,4,0,995,9.8,998,998,998,99.8,99.8,99.8,45.26016083,6,8
32585,18,112,1-18-2023-112-02,2,2,5TDJZRFH7KS5,17,448,2213,7,0,49,403,2019,14,3,14,0,1,F,2,2030,5,0,1,1,34,2,89,1,0,0,995,0,0,0,54703,3,9,0,4,2,1,2,1,1,1,1,4,1,0,1,1,0,0,9,0,1,3,50,99,1,1,2,D,20,0,0,0,0,0,0,0,0,0,0,185,180,0,0,0,1,1,34,-34,0,106388,998,40,35,0,4,1,1,0,1,4,0,995,9.8,998,998,998,99.8,99.8,99.8,45.26016083,6,8
32586,54,101,1-54-2023-101-06,6,1,5NPD74LF9HH1,17,498,2735,13,0,55,35,2017,4,1,3,0,1,F,2,1275,5,0,1,1,25,2,64,1,0,0,995,0,0,1,35565,9,1,0,4,2,1,2,2,1,2,1,2,0,0,2,2,0,0,3,1,1,2,13,1,9,4,1,A,2,0,0,0,0,0,0,0,0,0,0,998,998,0,1,0,1,11,999,999,999,9999999,999,999,999,7,0,2,8,0,2,4,0,998,0.7,999,999,999,32.7,14.8,36.8,233.8849197,9,8
32587,54,102,1-54-2023-102-02,2,1,5TELU42N68Z5,17,448,2223,60,0,49,472,2008,34,5,31,0,1,F,9,1837,5,9999,9,0,998,2,56,1,0,0,995,0,0,0,35653,9,1,0,4,2,1,2,2,2,4,1,2,0,0,2,2,0,0,9,1,14,2,10,99,1,2,3,G,50,0,0,0,0,0,0,0,0,0,0,70,270,1,1,0,1,0,999,999,999,9999999,999,999,999,9,0,0,0,0,0,0,0,995,9.8,998,998,998,99.8,99.8,99.8,132.1015698,9,8
32587,54,102,1-54-2023-102-02,2,2,5NMS14AJ5PH6,17,498,2057,7,0,55,401,2023,14,3,14,0,1,F,2,1655,8,0,1,1,33,2,56,1,0,0,995,0,0,0,35654,1,9,0,4,2,1,2,2,3,2,1,2,0,0,2,2,0,0,9,0,14,4,62,4,1,1,3,G,51,0,0,0,0,0,0,0,0,0,0,270,70,0,0,0,1,12,999,999,999,9999999,999,999,999,7,0,1,1,0,1,3,0,995,9.8,998,998,998,99.8,99.8,99.8,132.1015698,9,8
32588,54,103,1-54-2023-103-09,9,1,4TAVL52N4XZ4,17,448,2223,60,0,49,472,1999,34,5,30,0,1,F,3,1252,5,0,1,1,9,2,56,1,0,0,995,0,0,0,35653,9,1,0,4,2,1,2,1,2,1,1,2,0,0,2,1,0,0,9,1,14,2,12,99,2,4,1,B,6,0,0,0,0,0,0,0,0,0,0,998,998,0,1,1,1,1,70,-70,0,252972,998,-7,70,0,4,2,4,0,1,4,0,998,0.1,48,48,120,60.4,14.3,62.0,534.6434239,9,8
32589,54,104,1-54-2023-104-03,3,1,JTMZFREV8JJ7,17,448,2217,7,0,49,402,2018,14,3,14,0,1,L,2,1555,5,0,1,5,31,2,72,1,0,0,995,0,0,0,35654,1,2,2,4,2,1,2,1,1,2,1,2,0,0,1,1,1,1,1,0,1,2,17,1,1,1,5,L,89,0,0,0,0,0,0,0,0,0,0,140,225,0,0,0,1,3,36,-6,36,122647,998,94,36,0,4,1,2,0,1,4,0,995,9.8,998,998,998,99.8,99.8,99.8,129.9078908,9,8
32589,54,104,1-54-2023-104-03,3,2,1FTFW1E50PKD,17,460,1801,60,0,12,481,2023,34,5,31,0,1,F,2,2134,5,0,1,1,11,3,72,1,0,0,995,0,0,0,35661,1,2,2,1,4,3,2,1,2,2,3,1,0,0,1,1,1,1,1,0,14,4,66,3,1,1,5,L,88,0,0,0,0,0,0,0,0,0,0,225,140,0,0,0,1,3,26,-25,-9,66562,998,-69,26,0,4,1,2,0,1,4,0,995,9.8,998,998,998,99.8,99.8,99.8,129.9078908,9,8
32589,54,104,1-54-2023-104-03,3,3,MAJ3S2GE0MC4,17,460,17774,7,0,12,403,2021,14,3,14,0,1,L,9,1370,5,9999,9,0,998,5,72,1,0,0,995,0,0,0,35565,9,9,2,1,4,3,2,1,1,1,3,1,0,0,1,1,1,1,9,0,5,4,66,99,1,1,6,M,98,0,0,0,0,0,0,0,0,0,0,55,195,0,0,0,3,0,999,999,999,9999999,999,999,999,9,0,95,95,95,95,95,0,995,9.8,998,998,998,99.8,99.8,99.8,129.9078908,9,8
32590,48,120,1-48-2023-120-01,1,1,KNAFX4A66F52,17,499,2462,13,0,63,38,2015,4,1,3,0,1,F,9,1272,5,0,1,3,31,2,89,1,0,0,995,0,0,0,84302,9,9,0,4,2,1,2,1,1,1,1,2,0,0,2,1,0,0,9,0,1,6,87,99,1,1,1,C,13,0,0,0,0,0,0,0,0,0,0,998,998,0,0,0,1,10,999,999,999,9999999,999,999,999,9,0,0,0,0,0,0,0,998,9.8,998,998,998,99.8,99.8,99.8,103.8660263,12,8
32590,48,120,1-48-2023-120-01,1,2,1FAHP28145G1,17,460,2347,13,0,12,21,2005,4,1,4,0,1,F,1,1730,8,0,1,1,30,2,89,1,0,0,995,0,0,0,84337,1,2,0,4,2,1,2,1,1,1,1,2,0,0,2,1,0,0,9,0,1,6,87,99,1,1,6,M,98,0,0,0,0,0,0,0,0,0,0,998,998,0,0,0,2,10,999,999,999,9999999,999,999,999,6,0,6,75,1,1,1,0,998,9.8,998,998,998,99.8,99.8,99.8,103.8660263,12,8
32591,13,147,1-13-2023-147-05,5,1,JF1ZNAA14F87,17,448,2315,3,0,67,35,2015,2,1,2,0,1,R,2,1251,5,0,1,1,47,2,64,1,8,1,236,2,7,0,76014,1,1,1,3,1,1,2,1,3,3,1,2,0,0,1,8,6,2,9,1,14,2,13,98,9,4,1,A,1,1,5,2,2,1,4,61,1,2,999,997,997,0,0,0,2,6,999,999,999,9999999,999,999,999,7,0,2,9,0,2,3,3,997,9.8,998,998,998,99.8,99.8,99.8,129.716751,7,8
32592,13,148,1-13-2023-148-03,3,1,5N1DR3BA9NC2,17,478,1911,7,0,35,401,2022,14,3,14,0,1,F,2,2031,5,9999,9,4,51,2,97,1,8,0,995,0,7,0,76086,1,2,1,2,3,3,1,1,1,9,3,2,0,0,1,1,0,0,9,0,1,3,51,99,1,1,2,D,24,0,0,0,0,0,0,0,0,0,0,240,240,0,0,0,1,5,999,999,999,9999999,999,999,999,7,0,0,0,0,0,4,0,995,9.8,998,998,998,99.8,99.8,99.8,618.342259,7,8
32592,13,148,1-13-2023-148-03,3,2,1FT8W3DT2PEC,17,460,1806,60,0,12,880,2023,67,8,60,0,1,B,9,,,,,,,5,97,1,8,0,995,0,7,0,76088,9,9,1,2,3,3,1,1,1,9,3,2,0,0,1,1,0,0,9,0,1,3,53,99,1,1,2,D,25,,,,,,,,,,,,,,,,,,,,,,,,,,,95,95,95,95,95,,,9.8,998,998,998,99.8,99.8,99.8,618.342259,7,8
32593,13,149,1-13-2023-149-06,6,1,5TFJU4GN7BX0,17,448,2223,60,0,49,472,2011,34,5,31,0,1,F,1,1837,5,0,1,1,24,2,72,1,8,0,995,0,7,0,76248,1,2,2,1,3,1,2,2,1,1,0,3,0,0,2,2,0,0,9,0,1,3,52,1,1,1,2,D,28,0,0,0,0,0,0,0,0,0,0,255,265,0,0,0,1,1,23,-23,0,49758,998,45,25,0,4,0,0,0,0,0,0,995,9.8,998,998,998,99.8,99.8,99.8,1345.190046,7,8
32593,13,149,1-13-2023-149-06,6,2,5N1DR2MN9JC6,17,478,1911,8,0,35,401,2018,14,3,14,0,1,B,1,2005,5,0,1,1,12,2,72,1,8,0,995,0,7,0,76092,1,2,2,1,3,1,2,2,1,1,0,3,0,0,2,2,0,0,9,0,10,3,53,1,1,1,2,D,31,0,0,0,0,0,0,0,0,0,0,265,255,0,0,0,1,1,20,20,-3,33032,998,63,18,0,4,1,1,0,1,4,0,995,9.8,998,998,998,99.8,99.8,99.8,1345.190046,7,8
32594,17,172,1-17-2023-172-06,6,1,JM3ER2A52B03,17,473,2076,7,0,41,53,2011,5,1,3,0,1,F,3,1588,5,0,1,1,19,2,48,1,0,0,995,0,0,0,46342,9,9,0,1,2,1,2,2,2,1,0,3,0,0,3,2,0,0,9,1,14,2,12,99,2,2,3,G,50,0,0,0,0,0,0,0,0,0,0,220,70,0,1,0,1,1,62,-61,-11,298142,998,-32,65,0,1,99,99,0,0,8,0,995,9.8,998,998,998,99.8,99.8,99.8,158.737574,4,8
32594,17,172,1-17-2023-172-06,6,2,1C4RJFBG8HC8,17,483,1949,7,0,2,422,2017,15,3,15,0,1,F,3,2211,5,0,1,1,17,2,48,1,0,1,0,2,0,1,61443,1,2,0,1,2,1,2,2,3,1,0,3,0,0,3,2,0,0,1,0,14,4,62,98,1,1,3,G,51,0,0,0,0,0,0,0,0,0,0,70,220,0,1,0,1,1,45,-43,15,172773,998,41,42,0,1,1,2,0,2,4,0,995,9.8,998,998,998,99.8,99.8,99.8,158.737574,4,8
32595,17,173,1-17-2023-173-07,7,1,1N4AL3AP3EC1,17,478,1904,13,0,35,47,2014,4,1,4,0,1,F,1,1451,5,0,1,1,6,2,89,1,0,0,995,0,0,0,66606,1,9,0,4,2,1,2,1,1,1,1,4,0,0,2,1,0,0,9,0,1,6,87,99,1,1,1,C,13,0,0,0,0,0,0,0,0,0,0,998,998,0,0,0,1,10,999,999,999,9999999,999,999,999,6,0,0,0,0,0,0,0,998,9.8,998,998,998,99.8,99.8,99.8,747.9662716,4,8
32596,33,90,1-33-2023-090-02,2,1,2C3CDXL90LH2,17,476,1895,13,0,7,24,2020,4,1,5,0,1,B,3,2075,5,0,1,1,15,2,72,1,1,1,74,2,0,0,95917,1,2,0,4,2,1,2,1,1,1,1,2,0,0,2,1,0,0,9,1,3,1,6,3,3,4,1,A,2,0,0,0,0,0,0,0,0,0,0,998,998,0,1,1,1,1,58,57,-10,291613,998,9,58,0,1,2,5,0,2,4,0,998,1.1,50,55,102,38.4,10.1,40.7,36.67815195,12,8
32597,66,98,1-66-2023-098-07,7,1,2C4RDGCG6HR5,17,476,14832,2,0,7,442,2017,20,4,20,0,1,F,1,2050,5,0,1,1,8,2,113,1,0,0,995,0,7,0,60655,9,9,0,2,2,2,2,1,1,1,3,2,1,3,1,1,0,0,1,1,1,4,61,7,1,4,1,B,8,0,0,0,0,0,0,0,0,0,0,998,998,0,0,0,1,10,999,999,999,9999999,999,999,999,6,0,0,0,0,0,0,0,998,1.3,999,999,999,19.7,7.8,20.9,126.3903999,6,8
32598,66,99,1-66-2023-099-07,7,1,2T3RFREV1FW2,17,448,2217,7,0,49,402,2015,14,3,14,0,1,R,1,1615,5,48,2,4,18,2,113,1,0,0,995,0,0,0,47130,1,2,0,2,2,1,2,2,1,1,1,3,2,3,1,2,0,0,1,1,1,1,9,2,2,4,1,A,2,0,0,0,0,0,0,0,0,0,0,998,998,0,0,0,1,12,999,999,999,9999999,999,999,999,6,0,0,0,0,0,0,0,998,2.5,999,999,999,99.9,0.0,99.9,126.3903999,6,8
32600,66,101,1-66-2023-101-09,9,1,1FAFP40492F1,17,460,1781,3,0,12,3,2002,2,1,2,0,1,T,1,1531,5,0,1,1,58,2,80,1,1,8,997,8,0,0,65708,9,9,2,4,2,1,2,1,2,1,0,0,0,0,1,1,0,0,9,1,10,2,12,99,2,4,1,B,7,1,2,2,2,2,4,44,4,1,6,997,997,0,0,0,2,6,999,999,999,9999999,999,999,999,6,0,9,97,0,1,99,3,997,0.0,999,999,999,99.9,99.9,99.9,136.4050365,6,8
32601,12,123,1-12-2023-123-03,3,1,1GC2KVCG7DZ1,17,467,1850,60,0,20,481,2013,34,5,31,0,1,R,1,2824,5,9999,9,0,998,5,56,1,0,0,995,0,0,0,73401,9,9,2,4,3,2,2,1,1,1,1,2,0,0,1,1,1,2,9,0,11,2,15,99,1,1,4,J,68,0,0,0,0,0,0,0,0,0,0,320,170,0,0,0,1,3,15,-11,-10,47934,998,87,19,0,4,95,95,95,95,95,0,995,9.8,998,998,998,99.8,99.8,99.8,242.7779939,9,8
32601,12,123,1-12-2023-123-03,3,2,1C4PJMLX4KD1,17,483,1945,7,0,2,404,2019,14,3,14,0,1,F,1,1839,5,0,1,1,5,2,56,1,0,0,995,0,0,0,73401,1,1,2,4,4,2,2,1,1,1,1,2,0,0,1,1,1,2,1,0,1,4,62,3,1,1,4,J,69,0,0,0,0,0,0,0,0,0,0,170,320,0,0,0,1,3,21,-21,-4,16042,998,-24,14,0,4,1,1,0,2,4,0,995,9.8,998,998,998,99.8,99.8,99.8,242.7779939,9,8
32602,12,124,1-12-2023-124-06,6,1,1C4PJMCS8EW2,17,483,1945,7,0,2,404,2014,14,3,14,0,1,L,1,1862,5,0,1,1,6,2,56,1,0,0,995,0,0,0,73401,9,9,2,4,2,1,2,1,1,1,0,0,0,0,2,1,2,2,2,0,1,2,17,1,1,1,5,L,89,0,0,0,0,0,0,0,0,0,0,185,255,0,0,0,1,1,17,-6,16,33228,998,118,16,0,1,9,97,0,1,0,0,995,9.8,998,998,998,99.8,99.8,99.8,814.5266022,9,8
32602,12,124,1-12-2023-124-06,6,2,3GCPKTE74CG1,17,467,1850,60,0,20,481,2012,34,5,31,0,1,F,1,2397,5,0,1,1,5,2,89,1,0,0,995,0,0,0,73447,9,9,2,4,2,1,2,1,1,1,1,2,0,0,2,1,0,0,1,0,1,4,66,3,1,1,5,L,88,0,0,0,0,0,0,0,0,0,0,255,185,0,0,0,1,1,13,-10,-8,27433,998,-103,14,0,1,9,97,0,1,0,0,995,9.8,998,998,998,99.8,99.8,99.8,814.5266022,9,8
32603,12,125,1-12-2023-125-04,4,1,2GC4YME79R11,17,467,24906,60,0,20,880,2024,67,8,60,0,1,F,9,,,,,,,2,40,1,0,0,995,0,0,0,73401,9,9,1,1,3,3,1,2,1,1,2,0,0,0,2,1,0,0,9,0,11,2,15,99,1,1,4,K,82,,,,,,,,,,,,,,,,,,,,,,,,,,,95,95,95,95,95,,,9.8,998,998,998,99.8,99.8,99.8,910.115256,9,8
32603,12,125,1-12-2023-125-04,4,2,3TMAZ5CN5KM1,17,448,2223,60,0,49,472,2019,34,5,31,0,1,L,2,1775,5,0,1,1,2,2,89,1,0,0,995,0,0,0,73401,1,2,1,1,2,2,1,2,1,2,3,2,0,0,2,1,0,0,1,0,1,4,66,4,1,1,4,K,83,1,1,2,5,4,4,48,4,2,5,100,195,0,1,0,1,5,999,999,999,9999999,999,999,999,7,0,0,0,0,0,0,3,995,3.1,120,8,25,7.8,1.0,8.0,910.115256,9,8
32604,30,158,1-30-2023-158-02,2,1,19XFC2F89KE0,17,474,1863,13,0,37,31,2019,4,1,3,0,1,F,2,1312,5,0,2,4,41,2,105,1,0,1,0,2,0,2,85053,1,2,0,2,4,2,2,1,1,1,3,3,0,0,3,1,0,0,3,1,1,2,12,2,1,4,1,B,6,0,0,0,0,0,0,0,0,0,0,998,998,0,0,0,1,12,999,999,999,9999999,999,999,999,7,0,3,22,1,2,3,0,998,3.3,999,999,999,0.0,0.0,0.0,40.84128012,10,8
32605,30,159,1-30-2023-159-03,3,1,1C4HJXFN3LW1,17,483,1943,7,0,2,403,2020,14,3,14,0,1,F,1,1915,5,9999,9,0,998,5,105,1,0,0,995,0,0,0,85041,9,9,0,2,6,2,2,1,1,1,3,3,0,0,1,1,0,0,1,0,1,3,52,99,1,1,2,D,28,0,0,0,0,0,0,0,0,0,0,270,270,0,0,0,1,3,14,-14,-2,12770,998,-34,13,0,4,95,95,95,95,95,0,995,9.8,998,998,998,99.8,99.8,99.8,181.8355295,10,8
32605,30,159,1-30-2023-159-03,3,2,2C3CCAAG4LH1,17,477,1878,13,0,6,51,2020,4,1,5,0,1,F,2,1797,5,0,1,1,16,2,105,1,0,0,995,0,0,0,85296,9,9,0,2,6,2,2,1,1,1,3,3,0,0,1,1,0,0,1,0,2,3,53,1,1,1,2,D,29,0,0,0,0,0,0,0,0,0,0,270,270,0,0,0,2,98,999,999,999,9999999,999,999,999,7,0,9,97,0,1,99,0,995,9.8,998,998,998,99.8,99.8,99.8,181.8355295,10,8
32605,30,159,1-30-2023-159-03,3,3,2FMPK4K9XFBC,17,460,1797,7,0,12,24,2015,6,1,4,0,1,B,9,1841,5,9999,9,0,998,5,105,1,0,0,995,0,0,0,85226,9,9,0,2,6,2,2,1,1,1,3,3,0,0,1,1,0,0,1,0,5,3,53,1,1,1,6,M,98,0,0,0,0,0,0,0,0,0,0,270,270,0,0,0,2,0,999,999,999,9999999,999,999,999,9,0,95,95,95,95,95,0,995,9.8,998,998,998,99.8,99.8,99.8,181.8355295,10,8
32605,30,159,1-30-2023-159-03,3,4,1C4RJFDJ4EC3,17,483,1949,7,0,2,422,2014,15,3,15,0,1,B,9,2336,5,9999,9,0,998,5,105,1,0,0,995,0,0,0,85042,9,9,0,2,6,2,2,1,1,1,3,3,0,0,1,1,0,0,1,0,5,3,53,1,1,1,6,M,98,0,0,0,0,0,0,0,0,0,0,270,270,0,0,0,3,0,999,999,999,9999999,999,999,999,9,0,95,95,95,95,95,0,995,9.8,998,998,998,99.8,99.8,99.8,181.8355295,10,8
32606,30,160,1-30-2023-160-06,6,1,999999999999,99,99999,99999,60,0,99,499,9999,39,5,39,0,1,F,9,9999,9,9999,9,0,998,5,105,1,8,0,995,0,7,0,99999,9,9,1,2,6,2,2,1,1,1,3,3,0,0,1,8,0,0,9,1,1,3,51,99,1,9,2,D,24,0,0,0,0,0,0,0,0,0,0,80,90,0,0,0,1,0,999,999,999,9999999,999,999,999,9,0,95,95,95,95,95,0,995,9.8,998,998,998,99.8,99.8,99.8,395.5792131,10,8
32606,30,160,1-30-2023-160-06,6,2,3N1CE2CP5FL4,17,478,1898,5,0,35,50,2015,5,1,2,0,1,B,1,1096,5,0,1,1,17,2,105,1,0,0,995,0,0,0,85009,9,9,1,1,6,2,2,1,1,1,3,3,0,0,1,8,0,0,1,0,1,3,53,11,1,1,2,D,25,0,0,0,0,0,0,0,0,0,0,90,80,0,0,0,1,5,999,999,999,9999999,999,999,10,2,0,0,0,0,0,0,0,995,9.8,998,998,998,99.8,99.8,99.8,395.5792131,10,8