CASEID,PSU,CASENO,CASENUMBER,CATEGORY,VEHNO,VIN,VINLENGTH,VPICMAKE,VPICMODEL,VPICBODYCLASS,ICFINALBODY,MAKE,MODEL,MODELYR,BODYTYPE,BODYCAT,VEHCLASS,SPECUSE,TRANSTAT,DAMPLANE,DAMSEV,CURBWT,CURBSRC,CARGOWT,CARGOSRC,INSPTYPE,INSPLAG,TOWED,SPEEDLIMIT,DRPRESENT,PARALCOHOL,ALCTEST,ALCTESTRESULT,ALCTESTSRC,PARDRUG,DRUGTEST,ZIP,RACE,ETHNICITY,RELTOJUNCT,TRAFFLOW,RDLANES,INITLANE,SURFTYPE,SURFCOND,ALIGNMENT,PROFILE,LINERIGHT,LINELEFT,RUMBINIT,RUMBROAD,LIGHTCOND,WEATHER,TRAFDEV,TRAFFUNCT,DISTRACT,PREFHE,PREMOVE,CRITCAT,CRITEVENT,MANEUVER,PRESTAB,PRELOC,CRASHCAT,CRASHCONF,CRASHTYPE,ROLLTYPE,ROLLTURN,ROLLINTRPT,ROLLPREMAN,ROLLINITYP,ROLLINLOC,ROLLOBJ,ROLLTRIP,ROLLDIR,ROLLDIST,DVANGTHIS,DVANGOTH,TOWHITCH,TRAJDOC,TREEPOLE,DVEVENT,DVBASIS,DVTOTAL,DVLONG,DVLAT,DVENERGY,DVSPEED,DVMOMENT,DVBES,DVEST,DVCONF,VAIS,VISS,VINJSEV,VINJURED,VTREAT,INITOBJCLASS,HEADANGLECAT,SHLDRWIDTH,STRKLENGTH,STRKWIDTH,STRKHEIGHT,EDGEDISTX,EDGEDISTY,EDGEDISTZ,CASEWGT,PSUSTRAT,VERSION
32757,27,134,1-27-2023-134-07,7,2,5NMZTDLB7JH0,17,498,16694,7,0,55,401,2018,14,3,14,0,1,B,1,1640,5,0,1,1,5,2,56,1,0,0,995,0,0,0,01226,9,9,2,4,3,1,2,1,3,2,1,1,0,0,5,1,1,2,1,0,2,3,53,1,1,1,2,D,29,0,0,0,0,0,0,0,0,0,0,25,20,0,0,0,1,5,999,999,999,9999999,999,999,13,2,0,0,0,0,0,0,0,995,9.8,998,998,998,99.8,99.8,99.8,178.7965051,3,8
32758,27,135,1-27-2023-135-03,3,1,1GNFG15M1111,17,467,1848,9,0,20,461,2001,21,4,21,0,1,F,1,2321,5,9999,9,4,23,3,64,1,8,9,998,8,7,9,01201,9,9,2,1,3,2,2,1,1,2,1,1,0,0,1,1,1,2,2,0,1,3,52,99,1,1,2,D,28,0,0,0,0,0,0,0,0,0,0,250,250,0,0,0,1,3,16,-16,0,28436,998,0,17,0,4,9,97,0,1,0,0,995,9.8,998,998,998,99.8,99.8,99.8,16.7680829,3,8
32758,27,135,1-27-2023-135-03,3,2,KM8K1CAA2MU7,17,498,22249,7,0,55,404,2021,14,3,14,0,1,B,1,1399,5,0,1,1,6,2,64,1,8,9,998,8,7,9,01201,1,2,2,1,3,2,2,1,1,2,1,1,0,0,1,1,1,2,1,0,2,3,53,1,1,1,2,D,29,0,0,0,0,0,0,0,0,0,0,250,250,0,0,0,1,3,24,24,0,29481,998,0,22,0,4,2,4,0,2,4,0,995,9.8,998,998,998,99.8,99.8,99.8,16.7680829,3,8
32759,27,136,1-27-2023-136-03,3,1,5TDBK3EHXDS2,17,448,2213,7,0,49,403,2013,14,3,14,0,1,F,1,1896,5,0,1,3,11,3,40,1,0,0,995,0,0,0,01201,2,2,2,1,1,1,2,1,1,1,1,2,0,0,5,1,6,2,3,0,1,3,52,4,1,1,2,D,28,0,0,0,0,0,0,0,0,0,0,205,205,0,0,0,1,1,13,-13,0,18552,998,19,15,0,4,0,0,0,0,4,0,995,9.8,998,998,998,99.8,99.8,99.8,16.7680829,3,8
32759,27,136,1-27-2023-136-03,3,2,1HGCV1F31LA1,17,474,1861,13,0,37,32,2020,4,1,4,0,1,B,1,1462,5,0,1,1,9,2,40,1,0,0,995,0,0,0,01201,1,2,2,1,1,1,2,1,1,1,1,2,0,0,5,1,6,2,1,0,1,3,53,1,1,1,2,D,29,0,0,0,0,0,0,0,0,0,0,205,205,0,0,0,1,1,16,16,0,11133,998,13,13,0,4,1,3,0,1,4,0,995,9.8,998,998,998,99.8,99.8,99.8,16.7680829,3,8
32759,27,136,1-27-2023-136-03,3,3,1HGCP2F35AA0,17,474,1861,13,0,37,32,2010,4,1,4,0,1,B,9,1468,5,9999,9,0,998,5,40,1,0,0,995,0,0,0,01201,9,9,2,1,1,1,2,1,1,1,1,2,0,0,5,1,3,2,1,0,5,3,53,1,1,1,6,M,98,0,0,0,0,0,0,0,0,0,0,205,205,0,0,0,2,0,999,999,999,9999999,999,999,999,9,0,95,95,95,95,95,0,995,9.8,998,998,998,99.8,99.8,99.8,16.7680829,3,8
32760,22,102,1-22-2023-102-10,10,1,1GKEK13T31J1,17,472,1859,7,0,23,421,2001,15,3,15,0,1,T,2,2318,5,0,1,1,22,2,80,1,9,0,995,0,0,0,99171,9,9,0,4,2,1,2,5,2,4,1,2,0,0,1,8,0,0,9,1,14,1,6,3,4,4,1,A,2,1,6,2,2,1,4,61,1,1,21,997,997,0,0,0,1,6,999,999,999,9999999,999,999,999,7,0,0,0,0,0,0,3,997,9.8,998,998,998,99.8,99.8,99.8,2261.583183,12,8
32761,22,103,1-22-2023-103-03,3,1,5N1AT3BB2MC8,17,478,1913,7,0,35,404,2021,14,3,14,0,1,R,1,1608,5,0,1,1,27,2,40,1,0,0,995,0,0,0,83501,9,9,3,4,2,1,2,2,1,1,0,2,0,0,5,2,0,0,9,1,11,1,6,3,4,4,1,A,1,0,0,0,0,0,0,0,0,0,0,998,998,0,0,0,1,12,999,999,999,9999999,999,999,999,6,0,9,97,0,3,99,0,998,0.0,120,15,20,0.0,0.0,0.0,84.09420507,12,8
32762,22,104,1-22-2023-104-02,2,1,3C6UR5CJ2MG6,17,496,13621,60,0,7,482,2021,34,5,31,0,1,F,2,3022,5,0,1,1,21,2,105,1,0,0,995,0,7,0,83536,1,9,0,4,2,1,2,1,2,1,1,2,0,0,1,8,0,0,1,1,14,2,10,98,2,2,3,G,52,1,3,2,2,1,2,61,1,2,13,340,150,0,0,0,1,12,999,999,999,9999999,999,999,999,3,0,1,1,0,2,4,3,995,9.8,998,998,998,99.8,99.8,99.8,37.6104002,12,8
32762,22,104,1-22-2023-104-02,2,2,3GNAXUEGXPS2,17,467,1847,7,0,20,404,2023,14,3,14,0,1,R,3,1572,5,0,1,1,26,2,105,1,0,0,995,0,7,0,83539,1,2,0,4,2,1,2,1,3,1,1,2,0,0,1,8,0,0,1,1,14,4,62,3,9,2,3,G,52,0,0,0,0,0,0,0,0,0,0,150,340,0,0,0,1,12,999,999,999,9999999,999,999,999,8,0,1,1,0,1,4,0,995,9.8,998,998,998,99.8,99.8,99.8,37.6104002,12,8
32763,22,105,1-22-2023-105-09,9,1,1G2FS23T2ML2,17,536,8986,5,0,22,9,1991,3,1,2,0,1,R,1,1459,5,0,1,1,18,2,72,1,0,0,995,0,0,0,83501,1,9,0,4,2,1,2,1,2,4,1,2,0,0,2,8,0,0,9,1,14,1,8,5,1,4,1,A,1,1,4,2,4,1,4,61,1,1,13,997,997,0,0,0,1,6,999,999,999,9999999,999,999,999,6,0,1,1,0,2,4,3,997,9.8,998,998,998,99.8,99.8,99.8,448.6676455,12,8
32767,15,236,1-15-2023-236-04,4,1,2FMDK49C48BA,17,460,1797,7,0,12,24,2008,6,1,4,0,1,F,1,1945,5,9999,9,0,998,5,48,1,8,9,998,8,7,9,11550,9,9,2,4,2,1,2,1,1,1,0,2,0,0,3,1,1,2,9,0,1,4,66,99,9,1,5,L,88,0,0,0,0,0,0,0,0,0,0,75,0,0,0,0,1,3,3,-2,-2,949,998,-134,3,0,4,95,95,95,95,95,0,995,9.8,998,998,998,99.8,99.8,99.8,340.433694,1,8
32767,15,236,1-15-2023-236-04,4,2,4JGFD6BB4MA3,17,449,5886,7,0,42,423,2021,15,3,15,0,1,L,1,2373,5,0,1,1,42,2,48,1,8,9,998,8,7,9,11563,9,9,2,5,4,2,2,1,1,1,1,2,0,0,3,1,1,2,9,0,1,2,17,99,9,1,5,L,89,0,0,0,0,0,0,0,0,0,0,0,75,0,0,0,1,3,2,-1,2,1541,998,-243,2,0,4,99,99,0,0,0,0,995,0.2,120,15,12,0.0,0.0,0.0,340.433694,1,8
32768,26,139,1-26-2023-139-08,8,1,1GKFC13037R3,17,472,1859,7,0,23,421,2007,15,3,15,0,1,T,2,2388,5,9999,9,1,12,2,89,1,1,8,997,8,0,0,95624,9,1,0,1,2,1,2,1,1,1,1,3,0,0,2,8,0,0,9,1,1,2,13,99,1,4,1,A,1,1,8,2,6,1,4,61,1,2,76,997,997,0,0,0,3,6,999,999,999,9999999,999,999,999,7,0,9,97,0,1,8,3,997,4.3,999,999,999,25.4,4.3,25.6,1022.145066,10,8
32769,18,117,1-18-2023-117-04,4,1,3MZBPBBM2MM2,17,473,2074,13,0,41,51,2021,4,1,3,0,1,F,9,1479,5,9999,9,0,998,3,48,1,0,0,995,0,0,0,54703,1,9,2,4,2,1,2,1,1,1,0,2,0,0,3,8,2,2,2,0,10,2,16,99,1,1,4,K,78,0,0,0,0,0,0,0,0,0,0,75,145,0,0,0,1,0,999,999,999,9999999,999,999,999,9,0,0,0,0,0,0,0,995,9.8,998,998,998,99.8,99.8,99.8,280.0653338,6,8
32769,18,117,1-18-2023-117-04,4,2,3C6MRVJG4NE1,17,496,13629,95,0,7,463,2022,21,4,21,0,1,R,9,2328,5,9999,9,0,998,5,48,1,0,0,995,0,0,0,54701,9,9,2,5,3,1,2,1,1,1,0,2,0,0,3,8,0,0,1,0,1,4,65,99,1,1,4,K,79,0,0,0,0,0,0,0,0,0,0,145,75,0,0,0,1,0,999,999,999,9999999,999,999,999,9,0,95,95,95,95,95,0,995,9.8,998,998,998,99.8,99.8,99.8,280.0653338,6,8
32770,29,94,1-29-2023-094-09,9,1,1G1ZK57768F2,17,467,1834,13,0,20,37,2008,4,1,4,0,1,F,1,1569,5,0,1,1,38,2,56,1,0,0,995,0,0,0,02871,9,9,2,4,4,2,2,1,1,9,3,2,0,0,1,1,0,0,1,0,11,2,15,1,1,1,4,J,68,0,0,0,0,0,0,0,0,0,0,345,195,0,0,0,1,3,22,-21,-7,31171,998,-19,22,0,4,0,0,0,0,0,0,995,9.8,998,998,998,99.8,99.8,99.8,520.8814741,2,8
32770,29,94,1-29-2023-094-09,9,2,4T1BE46K97U0,17,448,2469,13,0,49,40,2007,4,1,4,0,1,F,1,1500,5,0,1,1,23,2,56,1,0,0,995,0,0,0,02871,9,9,2,4,4,1,2,1,1,9,1,3,0,0,1,1,0,0,1,0,1,4,62,1,1,1,4,J,69,0,0,0,0,0,0,0,0,0,0,195,345,0,0,0,1,3,23,-22,4,31431,998,-13,23,0,4,9,97,0,1,8,0,995,9.8,998,998,998,99.8,99.8,99.8,520.8814741,2,8
32771,29,95,1-29-2023-095-04,4,1,1G1ZD5ST6NF1,17,467,1834,13,0,20,37,2022,4,1,4,0,1,L,9,1418,5,9999,9,0,998,2,48,1,0,0,995,0,0,0,02746,9,9,2,4,2,1,2,1,1,1,0,0,0,0,3,1,2,2,1,0,1,2,17,1,1,1,5,L,89,0,0,0,0,0,0,0,0,0,0,105,190,0,0,0,1,0,999,999,999,9999999,999,999,999,9,0,0,0,0,0,0,0,995,9.8,998,998,998,99.8,99.8,99.8,307.9780824,2,8
32771,29,95,1-29-2023-095-04,4,2,19XFB2F84CE3,17,474,1863,13,0,37,31,2012,4,1,3,0,1,F,9,1311,5,9999,9,0,998,5,48,1,0,0,995,0,0,0,02720,9,9,2,4,2,1,2,1,1,1,0,0,0,0,3,1,2,2,1,0,1,4,66,99,1,1,5,L,88,0,0,0,0,0,0,0,0,0,0,190,105,0,0,0,1,0,999,999,999,9999999,999,999,999,9,0,95,95,95,95,95,0,995,9.8,998,998,998,99.8,99.8,99.8,307.9780824,2,8
32772,15,237,1-15-2023-237-08,8,1,1GC1KWE8XFF1,17,467,1850,60,0,20,481,2015,34,5,30,0,1,F,1,2991,5,9999,9,0,998,5,48,1,8,0,995,0,7,0,11758,9,9,3,4,2,1,2,1,1,1,0,0,0,0,5,1,0,0,9,0,11,2,15,99,1,1,4,K,82,0,0,0,0,0,0,0,0,0,0,210,340,0,0,0,1,3,8,-8,1,8244,998,49,8,0,4,95,95,95,95,95,0,995,9.8,998,998,998,99.8,99.8,99.8,89.21813794,1,8
32772,15,237,1-15-2023-237-08,8,2,4T1BG22K21U0,17,448,2469,13,0,49,40,2001,4,1,3,0,1,R,1,1410,5,0,1,1,23,2,48,1,8,0,995,0,7,0,11756,9,9,3,5,2,1,2,1,1,1,4,4,0,0,5,1,0,0,9,0,1,4,67,99,1,1,4,K,83,0,0,0,0,0,0,0,0,0,0,340,210,0,0,0,1,3,14,-11,-9,19497,998,107,14,0,4,1,1,0,2,99,0,995,9.8,998,998,998,99.8,99.8,99.8,89.21813794,1,8
32773,28,119,1-28-2023-119-07,7,1,1FTFW1ET1EKE,17,460,1801,60,0,12,481,2014,34,5,31,0,1,F,3,2574,5,0,1,1,25,2,999,1,1,8,997,8,0,0,17032,9,9,0,4,2,1,2,1,2,2,1,2,0,0,1,1,0,0,9,1,14,2,12,99,1,4,1,B,6,0,0,0,0,0,0,0,0,0,0,998,998,0,0,0,1,12,999,999,999,9999999,999,999,999,8,0,0,0,0,0,0,0,998,0.6,120,42,70,1.6,0.4,1.7,278.9686822,3,8
32774,20,130,1-20-2023-130-05,5,1,2GNALAEK4F11,17,467,1847,7,0,20,404,2015,14,3,14,0,1,R,2,1706,5,9999,9,0,998,2,89,1,1,1,307,2,0,1,95076,9,1,0,4,2,1,2,1,1,1,0,2,0,0,2,1,0,0,9,1,12,2,21,1,1,2,6,M,98,1,6,1,4,7,1,2,2,2,20,350,260,0,0,0,1,3,37,6,-36,93721,998,1,37,0,4,3,11,1,1,3,1,995,0.0,12,12,120,6.7,3.4,7.2,32.11062699,11,8
32774,20,130,1-20-2023-130-05,5,2,5TFHY5F13AX1,17,448,2467,60,0,49,482,2010,34,5,31,0,1,F,1,2513,5,363,8,1,53,7,89,1,0,0,995,0,0,0,95019,1,1,0,4,2,1,2,1,1,1,0,2,0,0,2,1,0,0,1,0,1,4,62,2,1,1,6,M,98,0,0,0,0,0,0,0,0,0,0,260,350,0,0,0,1,3,22,-22,-4,56869,998,-46,22,0,4,2,5,0,1,4,0,995,9.8,998,998,998,99.8,99.8,99.8,32.11062699,11,8
32775,66,107,1-66-2023-107-07,7,1,1NPFLU0X7WN4,17,495,2040,11,0,87,884,1998,63,8,60,0,1,L,9,,,,,,,5,64,1,0,0,995,0,7,0,65633,9,9,2,4,2,1,2,2,1,4,0,0,0,0,1,5,2,2,9,0,1,2,17,99,1,1,5,L,89,,,,,,,,,,,,,,,,,,,,,,,,,,,95,95,95,95,95,,,9.8,998,998,998,99.8,99.8,99.8,162.5122632,6,8
32775,66,107,1-66-2023-107-07,7,2,1GNALAEK7EZ1,17,467,1847,7,0,20,404,2014,14,3,14,0,1,F,2,1706,5,0,1,1,34,2,97,1,0,0,995,0,0,0,65605,9,9,2,5,3,1,2,2,1,1,1,1,2,3,1,5,0,0,1,0,1,4,66,2,1,1,5,L,88,0,0,0,0,0,0,0,0,0,0,270,180,0,1,0,1,5,999,999,999,9999999,999,999,34,3,0,0,0,0,0,0,0,995,9.8,998,998,998,99.8,99.8,99.8,162.5122632,6,8
32776,73,178,1-73-2023-178-06,6,1,5N1AT2MV0JC7,17,478,1913,8,0,35,51,2018,6,1,3,0,1,F,1,1610,5,0,1,1,22,2,89,1,0,0,995,0,7,0,04925,9,9,0,4,2,1,2,3,1,2,1,2,0,0,2,9,0,0,1,0,1,6,87,98,9,1,1,C,13,0,0,0,0,0,0,0,0,0,0,998,998,0,0,0,1,10,999,999,999,9999999,999,71,13,2,0,0,0,0,0,0,0,998,9.8,998,998,998,99.8,99.8,99.8,56.31883888,3,8
32777,21,125,1-21-2023-125-02,2,1,JTDKN3DU6F19,17,448,2209,5,0,49,46,2015,5,1,3,0,1,R,1,1435,5,0,1,1,19,2,113,1,0,0,995,0,0,0,85258,1,9,0,2,4,2,2,1,3,4,3,3,0,3,1,1,0,0,9,1,14,1,1,3,2,2,2,F,48,0,0,0,0,0,0,0,0,0,0,135,130,0,0,0,1,5,999,999,999,9999999,999,999,999,1,0,0,0,0,0,0,0,995,9.8,998,998,998,99.8,99.8,99.8,27.44967266,11,8
32777,21,125,1-21-2023-125-02,2,2,1N6AF0LY8LN8,17,478,1922,95,0,35,461,2020,21,4,21,0,1,F,3,2826,5,9999,9,1,24,2,113,1,0,0,995,0,0,0,90220,9,1,0,2,4,1,2,1,3,4,1,3,2,3,1,1,0,0,9,0,14,4,60,99,1,1,2,F,48,0,0,0,0,0,0,0,0,0,0,998,998,1,0,9,4,5,999,999,999,9999999,999,999,999,4,0,1,1,0,2,8,0,998,3.0,999,999,999,3.0,4.0,4.8,27.44967266,11,8
32778,30,166,1-30-2023-166-03,3,1,KNDCB3LC4J51,17,499,15705,7,0,63,403,2018,14,3,14,0,1,R,2,1436,5,9999,9,4,16,2,56,1,0,0,995,0,0,0,85086,9,9,2,4,2,1,2,1,1,1,0,0,0,0,1,1,2,2,1,0,1,2,17,99,1,1,5,L,87,0,0,0,0,0,0,0,0,0,0,0,270,0,0,0,1,98,999,999,999,9999999,999,999,999,7,0,0,0,0,0,0,0,995,9.8,998,998,998,99.8,99.8,99.8,77.50178064,10,8
32778,30,166,1-30-2023-166-03,3,2,5YJYGAEE2MF1,17,441,27027,7,0,29,5,2021,14,3,14,0,1,F,2,2003,5,9999,9,4,16,2,56,1,0,0,995,0,0,0,85017,9,9,2,1,4,1,2,1,1,1,1,3,0,0,1,1,0,0,1,0,1,4,66,99,1,1,5,L,86,0,0,0,0,0,0,0,0,0,0,270,0,0,0,0,1,98,999,999,999,9999999,999,999,999,7,0,0,0,0,0,0,0,995,9.8,998,998,998,99.8,99.8,99.8,77.50178064,10,8
32779,30,167,1-30-2023-167-09,9,1,WBA3B1G56ENS,17,452,2172,13,0,34,34,2014,4,1,4,0,1,F,9,1495,5,9999,9,0,998,5,40,1,0,0,995,0,0,0,85044,9,9,2,4,3,1,2,1,1,1,1,1,0,0,1,1,1,2,2,0,10,2,16,99,1,1,4,K,78,0,0,0,0,0,0,0,0,0,0,205,270,0,0,0,1,0,999,999,999,9999999,999,999,999,9,0,95,95,95,95,95,0,995,9.8,998,998,998,99.8,99.8,99.8,767.9810671,10,8
32779,30,167,1-30-2023-167-09,9,2,4T1BF3EK6BU6,17,448,2469,13,0,49,40,2011,4,1,4,0,1,L,2,1500,5,0,1,1,14,2,56,1,0,1,0,2,0,0,85283,9,9,2,4,5,1,2,1,1,1,1,3,0,0,1,1,1,2,9,0,1,4,65,99,1,1,4,K,79,0,0,0,0,0,0,0,0,0,0,998,998,0,1,1,2,1,25,0,25,37800,998,15,25,0,1,1,2,0,1,4,0,998,9.9,120,120,999,7.5,2.6,7.6,767.9810671,10,8
32780,11,102,1-11-2023-102-02,2,1,1FAHP3F24CL3,17,460,1779,13,0,12,37,2012,4,1,3,0,1,F,2,1340,5,0,3,4,26,2,97,1,0,0,995,0,0,0,23059,2,2,0,2,3,3,2,1,3,9,3,2,0,0,1,1,0,0,1,0,14,3,52,99,1,1,2,D,28,0,0,0,0,0,0,0,0,0,0,355,350,0,0,0,1,12,999,999,999,9999999,999,999,999,7,0,0,0,0,0,4,0,995,9.8,998,998,998,99.8,99.8,99.8,83.61933847,8,8
32780,11,102,1-11-2023-102-02,2,2,3GTU9CET8MG3,17,472,1857,60,0,23,481,2021,34,5,31,0,1,F,1,2193,5,0,1,1,12,2,97,1,0,0,995,0,0,0,33611,1,2,0,2,3,3,2,1,3,9,3,2,0,0,1,1,0,0,1,0,2,3,53,99,1,1,2,D,29,0,0,0,0,0,0,0,0,0,0,0,355,0,0,0,2,3,16,-16,-3,22943,998,-6,16,0,4,0,0,0,0,0,0,995,9.8,998,998,998,99.8,99.8,99.8,83.61933847,8,8
32780,11,102,1-11-2023-102-02,2,3,3GCUKREC8JG5,17,467,1850,60,0,20,481,2018,34,5,31,0,1,B,1,2394,5,9999,9,0,998,5,97,1,0,0,995,0,0,0,32246,9,9,0,2,3,3,2,1,3,9,3,2,0,0,1,1,0,0,9,0,14,3,53,99,1,1,6,M,98,0,0,0,0,0,0,0,0,0,0,355,0,0,0,0,2,3,15,14,5,26114,998,-81,15,0,4,95,95,95,95,95,0,995,9.8,998,998,998,99.8,99.8,99.8,83.61933847,8,8
32780,11,102,1-11-2023-102-02,2,4,1FMCU9H64LUA,17,460,1798,7,0,12,402,2020,14,3,14,0,1,F,9,1571,5,9999,9,0,998,5,97,1,0,0,995,0,0,0,23834,9,9,0,2,3,3,2,1,3,9,3,2,0,0,1,1,0,0,9,0,14,3,56,99,1,1,6,M,98,0,0,0,0,0,0,0,0,0,0,355,355,0,0,0,3,0,999,999,999,9999999,999,999,999,9,0,95,95,95,95,95,0,995,9.8,998,998,998,99.8,99.8,99.8,83.61933847,8,8
32781,11,103,1-11-2023-103-07,7,1,4JGDF2EE3GA6,17,449,2130,7,0,42,421,2016,15,3,15,0,1,R,1,2445,5,0,1,3,38,2,72,1,0,0,995,0,0,0,23112,9,9,2,1,4,4,2,1,1,9,1,2,0,0,2,1,1,2,3,0,12,2,21,99,1,1,6,M,98,0,0,0,0,0,0,0,0,0,0,10,330,0,0,0,1,12,999,999,999,9999999,999,999,999,6,0,0,0,0,0,0,0,995,9.8,998,998,998,99.8,99.8,99.8,14660.65736,8,8
32781,11,103,1-11-2023-103-07,7,2,4S3GTAM62H37,17,523,2235,5,0,48,38,2017,5,1,3,0,1,F,9,1382,5,9999,9,0,998,5,72,1,0,0,995,0,0,0,23112,9,9,2,1,7,7,2,1,1,9,1,2,0,0,2,1,1,2,1,0,11,3,55,99,1,1,6,M,98,0,0,0,0,0,0,0,0,0,0,330,10,0,0,0,1,0,999,999,999,9999999,999,999,999,9,0,95,95,95,95,95,0,995,9.8,998,998,998,99.8,99.8,99.8,14660.65736,8,8
32782,11,104,1-11-2023-104-02,2,1,KM8J33A4XKU0,17,498,2058,7,0,55,402,2019,14,3,14,0,1,F,3,1560,5,0,1,1,41,2,56,1,0,1,0,2,0,0,23831,2,9,0,4,2,1,2,1,3,1,2,0,0,0,1,1,0,0,3,1,14,2,13,99,1,4,1,A,1,0,0,0,0,0,0,0,0,0,0,998,998,0,0,1,1,1,46,-46,0,135195,998,0,46,0,1,3,10,1,1,3,0,998,1.5,63,66,54,31.4,5.8,32.0,83.61933847,8,8
32783,24,121,1-24-2023-121-03,3,1,4A4AR3AU4DE0,17,481,13867,7,0,52,47,2013,6,1,3,0,1,R,1,1465,8,0,1,1,13,2,80,1,0,0,995,0,0,0,08069,9,9,2,4,4,2,2,1,1,1,3,2,1,0,3,1,0,0,1,1,1,3,52,3,1,2,2,F,48,0,0,0,0,0,0,0,0,0,0,140,60,0,1,0,1,1,18,-16,-9,28869,998,21,22,0,4,0,0,0,0,0,0,995,0.0,999,999,999,1.0,0.6,1.2,253.7681586,1,8
32783,24,121,1-24-2023-121-03,3,2,3N1CN8DV1ML8,17,478,1894,13,0,35,50,2021,4,1,2,0,1,L,1,1194,5,0,1,1,22,2,80,1,0,0,995,0,0,0,08205,1,1,2,4,4,2,2,1,1,1,2,3,1,0,3,1,0,0,1,0,11,3,53,1,1,1,2,F,48,0,0,0,0,0,0,0,0,0,0,60,140,0,0,0,1,1,22,-7,20,14951,998,16,17,0,4,1,1,0,1,4,0,995,9.8,998,998,998,99.8,99.8,99.8,253.7681586,1,8
32784,24,122,1-24-2023-122-04,4,1,WBXPA93486WG,17,452,1719,7,0,34,402,2006,14,3,14,0,1,F,9,2130,5,9999,9,0,998,5,8,1,0,0,995,0,0,0,08225,9,9,2,4,2,1,2,1,1,1,0,0,0,0,3,1,2,2,2,0,10,2,16,1,1,1,4,K,78,0,0,0,0,0,0,0,0,0,0,70,140,0,0,0,1,0,999,999,999,9999999,999,999,999,9,0,95,95,95,95,95,0,995,9.8,998,998,998,99.8,99.8,99.8,950.1827603,1,8
32784,24,122,1-24-2023-122-04,4,2,3N1AB7AP5KY2,17,478,1907,13,0,35,43,2019,4,1,3,0,1,R,9,1315,5,9999,9,0,998,2,8,1,0,0,995,0,0,0,08234,9,9,2,4,2,1,2,1,1,1,0,0,0,0,3,1,0,0,1,0,1,4,65,99,1,1,4,K,79,0,0,0,0,0,0,0,0,0,0,140,70,0,0,0,1,0,999,999,999,9999999,999,999,999,9,0,0,0,0,0,0,0,995,9.8,998,998,998,99.8,99.8,99.8,950.1827603,1,8
32786,16,139,1-16-2023-139-09,9,1,1GNDT13S0423,17,467,4548,7,0,20,403,2004,14,3,14,0,1,F,1,2092,5,9999,9,0,998,5,56,1,1,8,997,8,1,3,45237,9,9,2,4,5,3,2,1,1,4,3,2,0,0,3,1,1,2,1,0,1,2,17,99,1,1,4,K,83,0,0,0,0,0,0,0,0,0,0,50,245,0,0,0,1,3,9,-7,6,9258,998,143,8,0,4,95,95,95,95,95,0,995,9.8,998,998,998,99.8,99.8,99.8,398.2597521,5,8
32786,16,139,1-16-2023-139-09,9,2,JS3TY92V0541,17,509,3143,7,0,53,405,2005,14,3,14,0,1,L,1,1680,5,0,1,1,8,2,56,1,8,0,995,0,7,0,41011,2,9,2,4,4,2,2,1,1,1,3,2,0,0,3,1,1,2,1,0,11,4,66,99,1,1,4,K,82,0,0,0,0,0,0,0,0,0,0,245,50,0,0,0,1,3,11,-5,9,17064,998,-108,12,0,4,0,0,0,0,8,0,995,9.8,998,998,998,99.8,99.8,99.8,398.2597521,5,8
32787,16,140,1-16-2023-140-04,4,1,1G1ZC5ST6MF0,17,467,1834,13,0,20,37,2021,4,1,4,0,1,R,1,1418,5,0,1,1,10,2,56,1,0,0,995,0,0,0,45069,9,9,3,4,4,1,2,1,1,1,1,2,0,0,3,8,0,0,1,0,11,2,15,99,1,1,4,J,68,0,0,0,0,0,0,0,0,0,0,310,190,0,0,0,1,3,7,-5,-5,4054,998,-4,8,0,4,0,0,0,0,0,0,995,9.8,998,998,998,99.8,99.8,99.8,289.7382367,5,8
32787,16,140,1-16-2023-140-04,4,2,3FAHP0JG3AR1,17,460,1780,13,0,12,23,2010,4,1,3,0,1,F,1,1563,5,0,1,1,51,2,56,1,0,0,995,0,0,0,45002,9,9,3,4,4,2,2,1,1,1,1,1,0,0,3,8,0,0,1,0,1,4,62,7,1,1,4,J,69,0,0,0,0,0,0,0,0,0,0,190,310,0,0,0,1,3,6,-6,2,1639,998,37,5,0,4,0,0,0,0,0,0,995,9.8,998,998,998,99.8,99.8,99.8,289.7382367,5,8
32788,16,141,1-16-2023-141-04,4,1,1FMSK8DH0LGA,17,460,1800,7,0,12,425,2020,15,3,15,0,1,L,1,2022,5,0,1,1,23,2,56,1,0,0,995,0,0,0,47012,9,9,2,4,2,1,2,1,1,1,1,2,0,0,1,1,0,0,1,0,11,4,67,2,1,1,4,K,84,0,0,0,0,0,0,0,0,0,0,35,170,0,0,0,1,3,11,-7,8,14624,998,-16,13,0,4,0,0,0,0,0,0,995,9.8,998,998,998,99.8,99.8,99.8,289.7382367,5,8
32788,16,141,1-16-2023-141-04,4,2,1YVHZ8BHXB5M,17,473,2078,13,0,41,50,2011,4,1,4,0,1,F,1,1486,5,9999,9,0,998,5,40,1,0,0,995,0,0,0,45030,9,9,2,4,2,1,2,1,1,1,1,2,0,0,1,1,2,2,1,0,11,2,15,99,1,1,4,K,84,0,0,0,0,0,0,0,0,0,0,170,35,0,0,0,1,3,16,-16,0,9046,998,0,13,0,4,95,95,95,95,95,0,995,9.8,998,998,998,99.8,99.8,99.8,289.7382367,5,8