CASEID,PSU,CASENO,CASENUMBER,CATEGORY,VEHNO,VIN,VINLENGTH,VPICMAKE,VPICMODEL,VPICBODYCLASS,ICFINALBODY,MAKE,MODEL,MODELYR,BODYTYPE,BODYCAT,VEHCLASS,SPECUSE,TRANSTAT,DAMPLANE,DAMSEV,CURBWT,CURBSRC,CARGOWT,CARGOSRC,INSPTYPE,INSPLAG,TOWED,SPEEDLIMIT,DRPRESENT,PARALCOHOL,ALCTEST,ALCTESTRESULT,ALCTESTSRC,PARDRUG,DRUGTEST,ZIP,RACE,ETHNICITY,RELTOJUNCT,TRAFFLOW,RDLANES,INITLANE,SURFTYPE,SURFCOND,ALIGNMENT,PROFILE,LINERIGHT,LINELEFT,RUMBINIT,RUMBROAD,LIGHTCOND,WEATHER,TRAFDEV,TRAFFUNCT,DISTRACT,PREFHE,PREMOVE,CRITCAT,CRITEVENT,MANEUVER,PRESTAB,PRELOC,CRASHCAT,CRASHCONF,CRASHTYPE,ROLLTYPE,ROLLTURN,ROLLINTRPT,ROLLPREMAN,ROLLINITYP,ROLLINLOC,ROLLOBJ,ROLLTRIP,ROLLDIR,ROLLDIST,DVANGTHIS,DVANGOTH,TOWHITCH,TRAJDOC,TREEPOLE,DVEVENT,DVBASIS,DVTOTAL,DVLONG,DVLAT,DVENERGY,DVSPEED,DVMOMENT,DVBES,DVEST,DVCONF,VAIS,VISS,VINJSEV,VINJURED,VTREAT,INITOBJCLASS,HEADANGLECAT,SHLDRWIDTH,STRKLENGTH,STRKWIDTH,STRKHEIGHT,EDGEDISTX,EDGEDISTY,EDGEDISTZ,CASEWGT,PSUSTRAT,VERSION
32790,24,123,1-24-2023-123-03,3,1,JA4ATVAA9PZ0,17,481,17617,7,0,52,403,2023,14,3,14,0,1,F,2,1575,5,0,1,1,21,2,72,1,0,0,995,0,0,0,08234,9,1,0,4,2,1,2,2,1,1,1,2,0,0,2,2,0,0,9,1,1,1,5,99,2,4,1,A,2,1,1,2,2,6,4,52,3,2,6,998,998,0,0,4,1,98,999,999,999,9999999,999,999,999,7,0,1,2,0,1,4,3,998,0.7,30,30,80,29.3,2.1,29.3,253.7681586,1,8
32791,28,120,1-28-2023-120-09,9,1,1G6KD54Y84U2,17,469,8844,13,0,19,3,2004,4,1,5,0,1,F,2,1804,5,0,1,1,10,2,72,1,0,1,0,2,0,0,16920,1,9,0,4,2,1,2,2,2,1,0,0,0,0,2,2,0,0,9,1,14,2,13,2,2,4,1,A,2,0,0,0,0,0,0,0,0,0,0,998,998,0,0,2,1,10,999,999,999,9999999,999,74,28,3,0,2,4,0,1,6,0,998,0.0,999,999,999,20.6,5.7,21.3,47.6282045,3,8
32792,28,121,1-28-2023-121-07,7,1,1G1PE5SB8G71,17,467,34069,13,0,20,25,2016,4,1,3,0,1,F,1,1399,5,0,1,1,5,2,89,1,0,0,995,0,0,0,16915,9,9,0,4,2,1,2,1,1,1,1,4,1,0,2,1,0,0,1,0,1,6,87,99,1,1,1,C,13,0,0,0,0,0,0,0,0,0,0,998,998,0,0,0,1,12,999,999,999,9999999,999,999,999,6,0,0,0,0,0,0,0,998,9.8,998,998,998,99.8,99.8,99.8,44.13141895,3,8
32793,28,122,1-28-2023-122-09,9,1,1D7HU18N67J5,17,476,1938,60,0,7,482,2007,34,5,31,0,1,L,1,2402,5,0,1,1,9,2,56,1,0,0,995,0,0,0,16901,1,9,0,4,2,1,2,2,2,1,1,2,0,0,2,2,0,0,1,1,14,2,10,99,1,2,3,I,64,0,0,0,0,0,0,0,0,0,0,155,345,0,0,0,1,5,999,999,999,9999999,999,999,9,1,0,1,3,0,1,4,0,995,9.8,998,998,998,99.8,99.8,99.8,65.29400588,3,8
32793,28,122,1-28-2023-122-09,9,2,3HSDPAPT6LN6,17,526,20849,66,0,84,881,2020,66,8,68,0,1,L,9,,,,,,,5,56,1,0,0,995,0,0,0,16843,9,9,0,4,2,1,2,2,3,1,1,2,0,0,2,2,0,0,1,0,14,4,62,99,1,1,3,I,65,,,,,,,,,,,,,,,,,,,,,,,,,,,95,95,95,95,95,,,9.8,998,998,998,99.8,99.8,99.8,65.29400588,3,8
32796,25,121,1-25-2023-121-04,4,1,3TMCZ5AN2KM2,17,448,2223,60,0,49,472,2019,34,5,31,0,1,F,9,1975,5,0,1,1,25,2,56,1,1,0,995,0,0,0,04039,9,9,0,4,2,1,2,1,1,1,0,2,0,0,2,1,0,0,9,1,1,2,12,4,1,4,1,B,6,0,0,0,0,0,0,0,0,0,0,998,998,0,0,2,1,12,999,999,999,9999999,999,999,999,9,0,0,0,0,0,0,0,998,0.0,22,22,999,10.2,3.6,11.0,426.6253033,2,8
32797,25,122,1-25-2023-122-04,4,1,JTMBF4DV5A50,17,448,2217,7,0,49,402,2010,14,3,14,0,1,R,1,1579,5,0,1,5,3,2,64,1,0,0,995,0,0,0,04103,1,2,2,1,2,2,2,2,2,2,1,2,0,0,3,1,1,2,1,0,11,2,15,1,1,1,4,J,68,0,0,0,0,0,0,0,0,0,0,115,15,0,0,0,1,3,20,-7,-18,37785,998,49,23,0,4,0,0,0,0,0,0,995,9.8,998,998,998,99.8,99.8,99.8,426.6253035,2,8
32797,25,122,1-25-2023-122-04,4,2,3GNAXUEV7NL1,17,467,1847,7,0,20,404,2022,14,3,14,0,1,F,1,1572,5,0,1,1,5,2,64,1,0,0,995,0,0,0,04084,1,2,2,4,4,2,2,2,1,1,1,1,0,0,3,1,1,2,1,0,1,4,62,1,1,1,4,J,69,0,0,0,0,0,0,0,0,0,0,15,115,0,0,0,1,3,20,-19,3,23590,998,87,16,0,1,0,0,0,0,0,0,995,9.8,998,998,998,99.8,99.8,99.8,426.6253035,2,8
32798,32,200,1-32-2023-200-03,3,1,1GCEK19017Z5,17,467,1850,60,0,20,481,2007,34,5,31,0,1,F,2,1980,5,0,1,1,11,2,105,1,0,0,995,0,0,0,75189,1,9,0,2,4,1,1,2,1,9,3,3,0,0,1,2,0,0,9,0,1,3,50,3,1,1,2,D,20,0,0,0,0,0,0,0,0,0,0,175,175,0,0,0,1,1,33,-33,0,24746,998,52,17,0,4,0,0,0,0,4,0,995,9.8,998,998,998,99.8,99.8,99.8,331.1498445,7,8
32798,32,200,1-32-2023-200-03,3,2,1G1ZB5ST9LF1,17,467,1834,13,0,20,37,2020,4,1,4,0,1,B,3,1418,5,0,1,1,13,2,105,1,0,0,995,0,0,0,71108,2,2,0,2,4,1,1,2,1,9,3,3,0,0,1,2,0,0,1,0,7,3,53,1,1,1,2,D,21,0,0,0,0,0,0,0,0,0,0,175,175,0,0,0,1,1,47,47,0,209698,998,49,57,0,4,0,0,0,0,4,0,995,9.8,998,998,998,99.8,99.8,99.8,331.1498445,7,8
32799,32,201,1-32-2023-201-06,6,1,5NPE34AF3JH6,17,498,2459,13,0,55,33,2018,4,1,3,0,1,T,1,1640,5,0,1,1,20,2,64,1,0,0,995,0,0,0,75154,2,9,0,4,2,1,1,1,1,4,1,2,0,0,2,1,0,0,9,1,1,2,13,99,1,4,1,A,1,1,4,2,1,1,2,63,1,1,999,997,997,0,0,0,2,6,999,999,999,9999999,999,999,999,6,0,99,99,0,0,8,3,997,0.0,65,30,45,14.0,3.2,14.5,720.4092364,7,8
32800,32,202,1-32-2023-202-06,6,1,1GBZGHCP2P11,17,467,1848,95,0,20,461,2023,21,4,21,0,1,F,1,2906,5,9999,9,0,998,5,48,1,0,0,995,0,0,0,75254,9,9,2,4,4,1,1,1,1,1,0,3,0,0,1,1,2,2,3,0,1,2,17,99,1,1,4,K,83,0,0,0,0,0,0,0,0,0,0,170,55,0,0,0,1,3,5,-5,0,2286,998,0,5,0,4,95,95,95,95,95,0,995,9.8,998,998,998,99.8,99.8,99.8,720.4092363,7,8
32800,32,202,1-32-2023-202-06,6,2,5J8TB3H39EL0,17,475,1871,7,0,54,402,2014,14,3,14,0,1,L,1,1756,5,0,1,1,9,2,48,1,0,0,995,0,0,0,75019,3,2,2,4,3,2,1,1,1,1,1,2,0,0,1,1,2,2,1,0,11,4,66,4,1,1,4,K,82,0,0,0,0,0,0,0,0,0,0,55,170,0,0,0,1,3,8,-4,7,5069,998,37,8,0,4,0,0,0,0,4,0,995,9.8,998,998,998,99.8,99.8,99.8,720.4092363,7,8
32802,13,151,1-13-2023-151-03,3,1,1N4AL2AP7AN4,17,478,1904,13,0,35,47,2010,4,1,3,0,1,L,1,1404,5,9999,9,0,998,2,113,1,8,0,995,0,7,0,76135,2,9,0,2,4,4,2,1,1,9,1,3,0,0,3,1,0,0,9,1,15,2,10,99,9,2,2,F,47,0,0,0,0,0,0,0,0,0,0,75,80,0,0,0,1,3,11,-5,9,5433,998,34,10,0,4,99,99,0,0,99,0,995,2.1,999,999,999,3.4,2.1,4.2,3105.504494,7,8
32802,13,151,1-13-2023-151-03,3,2,2T3W1RFV0LC0,17,448,2217,7,0,49,402,2020,14,3,14,0,1,R,1,1583,5,0,1,1,23,2,113,1,8,0,995,0,7,0,76058,1,2,0,2,4,2,2,1,1,9,3,3,0,0,3,1,0,0,1,0,1,4,61,7,2,1,2,F,45,1,4,2,5,1,1,61,1,2,999,80,75,0,0,0,1,3,9,5,-8,7951,998,45,10,0,4,1,1,0,1,0,3,995,9.8,998,998,998,99.8,99.8,99.8,3105.504494,7,8
32803,14,97,1-14-2023-097-03,3,1,KM8K1CAA2KU3,17,498,22249,7,0,55,404,2019,14,3,14,0,1,R,3,1399,5,9999,9,4,27,2,48,1,8,1,0,2,7,0,78133,9,1,0,5,3,1,2,2,3,1,1,2,0,0,1,1,0,0,3,1,14,2,13,99,1,4,1,A,1,1,1,1,1,1,4,63,1,1,11,998,998,0,1,1,3,12,999,999,999,9999999,999,999,999,8,0,0,0,0,0,4,3,998,2.1,10,10,120,42.7,4.1,43.4,1562.602855,8,8
32804,14,98,1-14-2023-098-02,2,1,3MW5R1J08N8C,17,452,2777,13,0,34,34,2022,4,1,4,0,1,T,3,1585,5,9999,9,4,18,2,48,1,8,1,239,2,7,1,78132,1,2,0,4,2,1,2,1,3,2,0,0,0,0,2,1,0,0,9,1,14,2,13,3,4,4,1,A,2,1,14,2,6,2,4,60,4,1,66,997,997,0,1,0,2,6,999,999,999,9999999,999,999,999,8,0,3,17,1,1,3,3,997,0.0,120,100,13,34.3,2.3,34.7,164.4463854,8,8
32805,31,121,1-31-2023-121-04,4,1,KMHLN4AG9NU2,17,498,2735,13,0,55,35,2022,4,1,3,0,1,F,2,1236,5,9999,9,1,60,2,89,1,8,0,995,0,7,0,62979,9,9,0,4,2,1,2,2,1,1,1,4,0,0,2,2,0,0,9,1,1,1,6,99,2,4,1,A,2,0,0,0,0,0,0,0,0,0,0,998,998,0,0,0,1,1,27,-27,0,38100,998,0,27,0,4,0,0,0,0,0,0,998,1.0,27,52,999,68.3,1.8,68.6,643.2169002,6,8
32806,31,122,1-31-2023-122-08,8,1,WBANU53598C1,17,452,1715,13,0,34,35,2008,4,1,4,0,1,F,1,1540,5,0,1,1,64,2,89,1,0,0,995,0,0,0,42038,9,9,2,4,2,1,2,1,1,1,1,4,0,0,3,1,2,2,9,1,1,2,13,99,1,4,1,A,1,0,0,0,0,0,0,0,0,0,0,998,998,0,0,0,1,1,21,-21,0,26230,998,0,20,0,4,2,5,0,1,6,0,998,0.0,7,7,109,16.5,3.6,17.0,249.1998599,6,8
32807,31,123,1-31-2023-123-08,8,1,1C4NJCBA8DD1,17,483,1946,7,0,2,1,2013,6,1,2,0,1,F,3,1398,5,9999,9,1,16,2,89,1,0,1,97,2,0,0,62817,1,9,0,4,2,1,2,1,1,1,1,4,0,0,1,1,0,0,9,1,1,2,10,99,1,2,3,G,50,0,0,0,0,0,0,0,0,0,0,210,45,0,0,0,1,5,999,999,999,9999999,999,999,999,8,0,3,10,1,1,3,0,995,9.8,998,998,998,99.8,99.8,99.8,249.1998599,6,8
32807,31,123,1-31-2023-123-08,8,2,4V4NC9EH9NN3,17,487,1967,66,0,51,881,2022,66,8,68,0,1,F,9,,,,,,,2,89,1,0,0,995,0,0,0,62947,9,9,0,4,2,1,2,1,1,1,1,4,0,0,1,1,0,0,9,0,1,4,62,2,1,1,3,G,51,,,,,,,,,,,,,,,,,,,,,,,,,,,95,95,95,95,95,,,9.8,998,998,998,99.8,99.8,99.8,249.1998599,6,8
32808,52,120,1-52-2023-120-04,4,1,1N4AL3AP2HC2,17,478,1904,13,0,35,47,2017,4,1,4,0,1,F,1,1453,5,0,1,1,25,2,56,1,0,0,995,0,0,0,59106,9,9,2,1,6,2,2,1,1,1,1,1,0,0,1,8,1,2,9,0,1,2,17,4,1,1,5,L,90,0,0,0,0,0,0,0,0,0,0,270,15,0,0,0,1,1,14,-12,7,13427,998,45,14,0,4,0,0,0,0,0,0,995,0.0,15,12,15,0.0,0.0,0.0,279.2231744,12,8
32808,52,120,1-52-2023-120-04,4,2,3GNCJPSB0LL1,17,467,10988,7,0,20,406,2020,14,3,14,0,1,F,1,1476,5,0,1,1,25,2,56,1,0,0,995,0,0,0,59102,9,9,2,4,3,1,2,1,1,1,0,1,0,0,1,8,1,2,9,0,1,4,66,2,1,1,5,L,90,0,0,0,0,0,0,0,0,0,0,15,270,0,0,0,1,1,14,-10,-9,15713,998,-90,13,0,4,0,0,0,0,0,0,995,9.8,998,998,998,99.8,99.8,99.8,279.2231744,12,8
32809,52,121,1-52-2023-121-09,9,1,1GNDV23188D1,17,467,4588,9,0,20,444,2008,20,4,20,0,1,F,1,1939,5,0,1,1,21,2,56,1,0,0,995,0,0,0,59101,9,9,2,1,4,4,2,1,3,1,1,0,0,0,1,1,1,2,9,0,11,2,15,1,1,1,4,J,68,0,0,0,0,0,0,0,0,0,0,225,95,0,0,0,1,1,5,-4,-2,40914,998,-91,20,0,4,99,99,0,0,0,0,995,9.8,998,998,998,99.8,99.8,99.8,552.9724335,12,8
32809,52,121,1-52-2023-121-09,9,2,2GTEK19R9W15,17,472,1857,60,0,23,481,1998,34,5,31,0,1,L,3,9999,9,46,1,1,21,2,56,1,0,0,995,0,0,0,59101,9,9,2,1,4,2,2,1,2,1,1,1,0,0,1,1,1,2,9,0,14,4,62,99,1,1,4,J,69,0,0,0,0,0,0,0,0,0,0,95,225,0,0,0,1,1,68,-59,34,11164,998,-178,32,0,4,0,0,0,0,0,0,995,9.8,998,998,998,99.8,99.8,99.8,552.9724335,12,8
32810,77,132,1-77-2023-132-06,6,1,2T2BK1BA0FC2,17,515,2214,7,0,59,403,2015,14,3,14,0,1,F,1,1970,5,0,1,1,4,2,89,1,0,0,995,0,0,0,22901,9,9,2,2,5,5,2,1,1,1,1,2,0,0,1,1,1,2,1,0,1,3,50,4,1,1,2,D,20,0,0,0,0,0,0,0,0,0,0,245,240,0,0,0,1,3,12,-12,0,14555,998,-40,13,0,4,99,99,0,0,99,0,995,9.8,998,998,998,99.8,99.8,99.8,1220.489182,9,8
32810,77,132,1-77-2023-132-06,6,2,5XYKWDA77EG5,17,499,2769,7,0,63,402,2014,14,3,14,0,1,B,1,1837,5,9999,9,0,998,5,89,1,0,0,995,0,0,0,22901,9,9,2,2,5,5,2,1,1,1,1,2,0,0,1,1,1,2,1,0,5,3,53,1,1,1,2,D,21,0,0,0,0,0,0,0,0,0,0,240,245,0,0,0,1,3,14,14,0,12543,998,0,13,0,4,95,95,95,95,95,0,995,9.8,998,998,998,99.8,99.8,99.8,1220.489182,9,8
32811,77,133,1-77-2023-133-03,3,1,1FMCU0G64MUA,17,460,1798,7,0,12,402,2021,14,3,14,0,1,F,2,1496,5,68,2,4,31,2,97,1,0,0,995,0,0,0,24501,2,2,2,2,3,2,2,2,2,1,3,3,1,3,2,2,0,0,3,1,14,1,6,99,4,4,1,B,7,0,0,0,0,0,0,0,0,0,0,998,998,0,0,0,1,12,999,999,999,9999999,999,999,999,7,0,0,0,0,0,0,0,998,0.9,120,120,45,17.9,5.7,18.6,363.7792974,9,8
32812,77,134,1-77-2023-134-03,3,1,1XKYDP9X1KJ3,17,532,2733,66,0,85,881,2019,66,8,68,0,1,R,9,,,,,,,2,89,1,0,0,995,0,0,0,24450,9,9,1,2,3,3,2,1,1,1,1,2,0,2,1,1,3,2,1,0,11,2,15,1,1,1,4,J,68,,,,,,,,,,,,,,,,,,,,,,,,,,,95,95,95,95,95,,,9.8,998,998,998,99.8,99.8,99.8,363.7792974,9,8
32812,77,134,1-77-2023-134-03,3,2,4S4BSAJC0K32,17,523,2233,7,0,48,45,2019,6,1,3,0,1,F,3,1614,5,0,1,1,15,2,89,1,0,1,0,2,0,1,22974,9,9,1,2,2,1,2,1,1,1,1,3,2,3,1,1,6,2,1,0,1,4,62,3,1,1,4,J,69,0,0,0,0,0,0,0,0,0,0,250,340,0,0,0,1,5,999,999,999,9999999,999,999,64,5,0,1,2,0,1,3,0,995,9.8,998,998,998,99.8,99.8,99.8,363.7792974,9,8
32813,10,171,1-10-2023-171-07,7,1,WDBTK65J85F1,17,449,2822,1,0,42,47,2005,1,1,3,0,1,F,9,1710,5,9999,9,0,998,5,56,1,0,0,995,0,0,0,45402,9,9,2,4,4,3,2,1,1,1,1,2,0,0,1,8,1,2,9,0,11,2,15,99,1,1,4,J,68,0,0,0,0,0,0,0,0,0,0,235,85,0,0,0,1,0,999,999,999,9999999,999,999,999,9,0,95,95,95,95,95,0,995,9.8,998,998,998,99.8,99.8,99.8,2937.575238,4,8
32813,10,171,1-10-2023-171-07,7,2,3GYFNEE32ES5,17,469,1844,7,0,19,20,2014,6,1,4,0,1,F,9,2015,5,9999,9,0,998,2,56,1,0,0,995,0,0,0,45417,9,9,2,4,5,2,2,1,1,1,1,1,0,0,1,8,1,2,9,0,1,4,62,99,1,1,4,J,69,0,0,0,0,0,0,0,0,0,0,85,235,0,0,0,1,0,999,999,999,9999999,999,999,999,9,0,0,0,0,0,0,0,995,9.8,998,998,998,99.8,99.8,99.8,2937.575238,4,8
32814,10,172,1-10-2023-172-06,6,1,3HCDZTZR9KL1,17,526,20852,66,0,84,881,2019,66,8,68,0,1,F,9,,,,,,,5,89,1,0,0,995,0,0,0,45140,9,9,2,4,3,1,2,2,1,1,1,1,2,3,1,9,1,2,1,0,1,3,51,2,1,1,2,D,24,,,,,,,,,,,,,,,,,,,,,,,,,,,95,95,95,95,95,,,9.8,998,998,998,99.8,99.8,99.8,572.3830554,4,8
32814,10,172,1-10-2023-172-06,6,2,1G1PC5SBXE73,17,467,1832,13,0,20,25,2014,4,1,3,0,1,B,2,1407,5,9999,9,1,46,2,89,1,0,0,995,0,0,0,45331,9,9,2,4,3,1,2,2,1,1,1,1,2,3,1,9,1,2,1,0,1,3,53,1,1,1,2,D,25,0,0,0,0,0,0,0,0,0,0,180,180,0,0,0,1,5,999,999,999,9999999,999,999,31,3,0,9,97,0,1,8,0,995,9.8,998,998,998,99.8,99.8,99.8,572.3830554,4,8
32815,59,164,1-59-2023-164-05,5,1,3G7DB03EX3S6,17,536,8884,7,0,22,401,2003,14,3,14,0,1,F,3,1858,5,0,1,1,7,2,48,1,0,1,0,2,0,2,47802,1,9,0,4,2,1,2,1,1,1,1,2,0,0,3,8,0,0,3,1,1,2,10,99,1,2,3,G,50,0,0,0,0,0,0,0,0,0,0,20,230,0,1,0,1,1,69,-68,-12,605884,998,-49,85,0,1,2,5,0,1,3,0,995,9.8,998,998,998,99.8,99.8,99.8,49.55652444,6,8
32815,59,164,1-59-2023-164-05,5,2,2C4RDGBG1HR8,17,476,14832,2,0,7,442,2017,20,4,20,0,1,F,3,2050,5,0,1,1,7,2,48,1,0,1,0,2,0,1,47802,1,2,0,4,2,1,2,1,1,1,1,2,0,0,3,8,0,0,1,0,1,4,62,4,1,1,3,G,51,0,0,0,0,0,0,0,0,0,0,230,20,0,1,0,1,1,51,-48,18,74891,998,37,26,0,1,4,29,3,6,3,0,995,9.8,998,998,998,99.8,99.8,99.8,49.55652444,6,8
32816,59,165,1-59-2023-165-07,7,1,1G1FB3DXXG01,17,467,1829,1,0,20,9,2016,1,1,4,0,1,F,1,1645,5,0,1,1,5,2,64,1,0,0,995,0,0,0,45247,9,9,2,4,3,1,2,1,1,1,0,1,0,0,5,8,1,2,9,0,10,3,50,99,1,1,2,D,20,0,0,0,0,0,0,0,0,0,0,30,30,0,0,0,1,12,999,999,999,9999999,999,999,999,6,0,0,0,0,0,0,0,995,9.8,998,998,998,99.8,99.8,99.8,528.2732241,6,8
32816,59,165,1-59-2023-165-07,7,2,3FA6P0G78GR2,17,460,1780,13,0,12,23,2016,4,1,4,0,1,B,9,1558,5,9999,9,0,998,5,64,1,0,0,995,0,0,0,47866,9,9,2,4,3,1,2,1,1,1,0,1,0,0,5,8,1,2,9,0,5,3,53,99,1,1,2,D,23,0,0,0,0,0,0,0,0,0,0,30,30,0,0,0,1,0,999,999,999,9999999,999,999,999,9,0,95,95,95,95,95,0,995,9.8,998,998,998,99.8,99.8,99.8,528.2732241,6,8
32817,59,166,1-59-2023-166-08,8,1,1LNHM81V87Y6,17,464,1791,13,0,13,1,2007,4,1,5,0,1,L,9,2004,5,9999,9,0,998,2,56,1,0,0,995,0,0,0,47803,9,9,3,3,1,1,2,1,1,1,0,0,0,0,1,1,0,0,9,0,10,2,16,1,1,1,4,K,78,0,0,0,0,0,0,0,0,0,0,195,250,0,0,0,1,0,999,999,999,9999999,999,999,999,9,0,0,0,0,0,0,0,995,9.8,998,998,998,99.8,99.8,99.8,59.96694194,6,8
32817,59,166,1-59-2023-166-08,8,2,KM8JU3AC5DU7,17,498,2058,7,0,55,402,2013,14,3,14,0,1,F,1,1505,5,0,1,5,3,2,56,1,0,0,995,0,0,0,47834,1,9,3,4,4,1,2,1,1,1,1,3,0,0,1,1,0,0,9,0,1,4,70,99,1,1,4,K,79,0,0,0,0,0,0,0,0,0,0,250,195,0,0,0,1,12,999,999,999,9999999,999,999,999,6,0,2,5,0,3,4,0,995,9.8,998,998,998,99.8,99.8,99.8,59.96694194,6,8
32818,59,167,1-59-2023-167-04,4,1,1FTEX1EB9MFD,17,460,1801,60,0,12,481,2021,34,5,31,0,1,F,2,2086,5,0,1,1,5,2,48,1,1,1,220,2,0,0,47885,1,2,0,9,9,98,5,1,9,9,0,0,0,0,3,1,0,0,9,1,11,2,15,1,1,7,6,M,99,0,0,0,0,0,0,0,0,0,0,120,270,0,0,0,1,3,30,-29,5,41013,998,87,19,0,4,1,1,0,1,4,0,995,9.8,998,998,998,99.8,99.8,99.8,186.7560484,6,8
32818,59,167,1-59-2023-167-04,4,2,1FT7W2BT2EEB,17,460,1805,60,0,12,481,2014,34,5,31,0,1,R,1,3121,5,0,1,1,5,2,48,1,0,0,995,0,0,0,47834,9,9,0,5,3,1,2,1,1,1,0,2,0,0,3,1,0,0,9,0,1,4,78,2,1,1,6,M,99,0,0,0,0,0,0,0,0,0,0,270,120,0,0,0,1,3,20,-19,-7,109569,998,40,29,0,4,0,0,0,0,0,0,995,9.8,998,998,998,99.8,99.8,99.8,186.7560484,6,8
32819,16,143,1-16-2023-143-06,6,1,WA1LFAFP7EA0,17,582,3862,7,0,32,402,2014,14,3,14,0,1,R,1,1850,5,0,1,1,18,2,40,1,8,0,995,0,7,0,45237,2,9,2,4,4,2,2,1,1,1,3,2,0,0,1,1,0,0,1,0,11,2,15,99,1,1,4,J,68,0,0,0,0,0,0,0,0,0,0,335,235,0,0,0,1,3,7,-5,-4,7425,998,76,9,0,4,0,0,0,0,4,0,995,9.8,998,998,998,99.8,99.8,99.8,121.4723954,5,8
32819,16,143,1-16-2023-143-06,6,2,JNKCA31A6YT1,17,480,8702,13,0,58,35,2000,4,1,3,0,1,F,1,1516,5,0,1,4,18,2,40,1,8,0,995,0,7,0,45237,2,9,2,4,4,1,2,1,1,1,0,3,0,0,1,1,0,0,1,0,1,4,62,4,1,1,4,J,69,0,0,0,0,0,0,0,0,0,0,235,335,0,0,0,1,3,8,-6,5,4593,998,134,6,0,4,1,1,0,1,4,0,995,9.8,998,998,998,99.8,99.8,99.8,121.4723954,5,8
32820,54,107,1-54-2023-107-10,10,1,3N1AB7AP7DL7,17,478,1907,13,0,35,43,2013,4,1,3,0,1,F,1,1283,5,0,1,1,19,2,105,1,0,0,995,0,0,0,35585,1,2,0,1,2,2,2,1,1,1,3,2,1,3,2,1,0,0,1,0,1,6,90,3,1,1,1,C,12,0,0,0,0,0,0,0,0,0,0,998,998,0,0,0,1,12,999,999,999,9999999,999,999,999,6,0,0,0,0,0,0,0,998,9.8,998,998,998,99.8,99.8,99.8,129.1926222,9,8
32821,54,108,1-54-2023-108-08,8,1,JN8AZ08T06W4,17,478,1914,7,0,35,49,2006,6,1,4,0,1,F,9,1760,5,9999,9,0,998,2,105,1,0,0,995,0,0,0,35581,1,9,0,1,2,1,2,1,1,1,1,3,2,3,1,1,0,0,9,0,1,6,90,1,1,1,1,C,12,0,0,0,0,0,0,0,0,0,0,998,998,0,1,0,1,0,999,999,999,9999999,999,999,999,9,0,2,5,0,1,4,0,998,9.8,998,998,998,99.8,99.8,99.8,156.9645701,9,8
32822,54,109,1-54-2023-109-08,8,1,5LMCJ1A96FUJ,17,464,3599,7,0,13,402,2015,14,3,14,0,1,F,9,1798,5,0,2,4,5,2,105,1,0,0,995,0,0,0,38821,2,2,0,1,2,1,2,1,1,1,1,3,2,3,1,1,0,0,1,0,1,3,52,3,1,1,2,D,28,0,0,0,0,0,0,0,0,0,0,30,40,0,0,0,1,12,999,999,999,9999999,999,999,999,9,0,1,2,0,2,6,0,995,9.8,998,998,998,99.8,99.8,99.8,156.9645701,9,8
32822,54,109,1-54-2023-109-08,8,2,1FTEW1E57KFD,17,460,1801,60,0,12,481,2019,34,5,31,0,1,B,9,2130,5,9999,9,0,998,5,105,1,0,0,995,0,0,0,35653,9,9,0,1,2,1,2,1,1,1,1,3,2,3,1,1,0,0,9,0,1,2,18,99,1,1,2,D,29,0,0,0,0,0,0,0,0,0,0,40,30,0,0,0,1,0,999,999,999,9999999,999,999,999,9,0,95,95,95,95,95,0,995,9.8,998,998,998,99.8,99.8,99.8,156.9645701,9,8
32824,18,119,1-18-2023-119-07,7,1,5YFBURHE8EP0,17,448,2208,13,0,49,32,2014,4,1,3,0,1,R,1,1290,5,0,1,1,7,2,89,1,0,0,995,0,0,0,54738,1,9,2,1,2,1,1,1,1,1,1,3,0,0,1,8,0,0,1,0,1,4,67,99,1,1,4,K,84,0,0,0,0,0,0,0,0,0,0,150,60,0,0,0,1,1,19,-17,-10,32800,998,86,21,0,1,0,0,0,0,0,0,995,9.8,998,998,998,99.8,99.8,99.8,648.7989612,6,8
32824,18,119,1-18-2023-119-07,7,2,1G4HP52K3441,17,468,8842,13,0,18,2,2004,4,1,4,0,1,F,1,1618,5,0,1,1,6,2,89,1,0,0,995,0,0,0,54725,1,9,2,4,2,1,1,1,1,1,0,0,0,0,1,8,2,2,1,0,11,2,15,1,1,1,4,K,84,0,0,0,0,0,0,0,0,0,0,60,150,0,0,0,1,1,15,-8,13,32089,998,183,14,0,1,0,0,0,0,0,0,995,9.8,998,998,998,99.8,99.8,99.8,648.7989612,6,8
32826,73,179,1-73-2023-179-03,3,1,5TFHY5F15LX8,17,448,2467,60,0,49,482,2020,34,5,31,0,1,L,1,2555,5,0,1,1,25,2,72,1,0,0,995,0,0,0,04330,9,9,0,4,2,1,2,5,1,4,1,2,0,0,3,10,0,0,1,1,1,1,5,3,3,4,1,A,2,0,0,0,0,0,0,0,0,0,0,998,998,0,0,7,2,10,999,999,999,9999999,999,-116,13,2,0,1,2,0,1,4,0,998,0.4,120,120,999,14.4,4.7,15.0,31.6102783,3,8