CASEID,PSU,CASENO,CASENUMBER,CATEGORY,VEHNO,VIN,VINLENGTH,VPICMAKE,VPICMODEL,VPICBODYCLASS,ICFINALBODY,MAKE,MODEL,MODELYR,BODYTYPE,BODYCAT,VEHCLASS,SPECUSE,TRANSTAT,DAMPLANE,DAMSEV,CURBWT,CURBSRC,CARGOWT,CARGOSRC,INSPTYPE,INSPLAG,TOWED,SPEEDLIMIT,DRPRESENT,PARALCOHOL,ALCTEST,ALCTESTRESULT,ALCTESTSRC,PARDRUG,DRUGTEST,ZIP,RACE,ETHNICITY,RELTOJUNCT,TRAFFLOW,RDLANES,INITLANE,SURFTYPE,SURFCOND,ALIGNMENT,PROFILE,LINERIGHT,LINELEFT,RUMBINIT,RUMBROAD,LIGHTCOND,WEATHER,TRAFDEV,TRAFFUNCT,DISTRACT,PREFHE,PREMOVE,CRITCAT,CRITEVENT,MANEUVER,PRESTAB,PRELOC,CRASHCAT,CRASHCONF,CRASHTYPE,ROLLTYPE,ROLLTURN,ROLLINTRPT,ROLLPREMAN,ROLLINITYP,ROLLINLOC,ROLLOBJ,ROLLTRIP,ROLLDIR,ROLLDIST,DVANGTHIS,DVANGOTH,TOWHITCH,TRAJDOC,TREEPOLE,DVEVENT,DVBASIS,DVTOTAL,DVLONG,DVLAT,DVENERGY,DVSPEED,DVMOMENT,DVBES,DVEST,DVCONF,VAIS,VISS,VINJSEV,VINJURED,VTREAT,INITOBJCLASS,HEADANGLECAT,SHLDRWIDTH,STRKLENGTH,STRKWIDTH,STRKHEIGHT,EDGEDISTX,EDGEDISTY,EDGEDISTZ,CASEWGT,PSUSTRAT,VERSION
2300023,77,135,1-77-2023-135-08,8,1,5TDJK3EH4AS0,17,448,2213,7,0,49,403,2010,14,3,14,0,1,R,1,1896,5,0,1,1,9,2,64,1,0,0,995,0,0,0,22963,9,9,2,1,3,2,2,2,1,1,1,2,0,0,3,2,1,2,1,0,11,2,15,1,1,1,4,J,68,0,0,0,0,0,0,0,0,0,0,350,230,0,0,0,1,1,22,-17,-14,5001,998,73,7,0,4,0,0,0,0,0,0,995,0.0,24,30,45,2.4,0.5,2.3,193.8075236,9,8
2300023,77,135,1-77-2023-135-08,8,2,WBAEH13557CR,17,452,1732,3,0,34,36,2007,2,1,3,0,1,F,1,1730,5,0,1,1,8,2,64,1,0,0,995,0,0,0,22903,9,9,2,1,3,2,2,2,1,1,1,1,0,0,3,2,1,2,1,0,1,4,62,99,1,1,4,J,69,0,0,0,0,0,0,0,0,0,0,230,350,0,0,0,1,1,24,-23,8,91522,998,74,32,0,4,2,5,0,1,4,0,995,9.8,998,998,998,99.8,99.8,99.8,193.8075236,9,8
2300024,77,136,1-77-2023-136-08,8,1,JF1SG67657H7,17,523,2234,7,0,48,401,2007,14,3,14,0,1,F,2,1425,5,0,1,1,7,2,56,1,0,0,995,0,0,0,22903,9,9,0,4,2,1,2,2,1,2,0,2,0,0,1,2,0,0,1,1,1,2,13,99,2,4,1,A,1,1,1,2,2,6,4,42,3,2,3,998,998,0,0,3,2,10,999,999,999,9999999,999,26,28,3,0,3,10,1,1,3,3,998,0.0,30,18,40,4.2,0.5,4.2,193.8075236,9,8
2300026,25,124,1-25-2023-124-04,4,1,5XXG64J23NG1,17,499,27527,13,0,63,398,2022,4,1,4,0,1,F,9,1567,5,0,1,1,8,2,72,1,0,0,995,0,0,0,04038,1,2,0,4,3,1,2,2,1,1,1,0,0,0,2,8,0,0,1,0,1,6,87,1,1,1,1,C,13,0,0,0,0,0,0,0,0,0,0,998,998,0,0,0,1,10,999,999,999,9999999,999,999,999,9,0,0,0,0,0,0,0,998,9.8,998,998,998,99.8,99.8,99.8,585.5309293,2,8
2300027,25,125,1-25-2023-125-08,8,1,4S3BH6750476,17,523,2232,15,0,48,34,2004,6,1,3,0,1,F,2,1556,5,0,1,1,7,2,56,1,0,1,0,2,0,1,04106,9,9,0,4,2,1,2,2,2,2,1,2,0,0,2,5,0,0,1,1,14,1,6,99,2,4,1,A,2,0,0,0,0,0,0,0,0,0,0,998,998,0,1,1,1,1,33,-33,0,83521,998,-54,32,0,1,3,10,1,3,3,0,998,0.3,28,28,120,3.8,2.8,4.7,144.7443317,2,8
2300028,25,126,1-25-2023-126-04,4,1,7SAYGAEE6PF8,17,441,27027,7,0,29,5,2023,14,3,14,0,1,F,1,2003,5,0,1,1,13,2,56,1,1,1,250,1,0,0,04105,9,9,2,4,2,1,2,2,1,1,1,2,0,0,2,2,2,2,9,1,10,2,12,99,2,4,1,B,6,0,0,0,0,0,0,0,0,0,0,998,998,0,1,7,1,10,999,999,999,9999999,999,-32,18,2,0,0,0,0,0,0,0,998,0.6,8,4,999,2.1,1.7,2.8,585.5309294,2,8
2300029,32,205,1-32-2023-205-02,2,1,1N6AA1ED1NN1,17,478,1920,60,0,35,481,2022,34,5,30,0,1,F,2,2580,5,0,1,1,44,2,48,1,0,1,0,2,0,2,76018,2,9,0,4,2,1,1,2,3,4,0,0,0,0,2,1,0,0,9,1,14,2,13,99,1,4,1,A,1,0,0,0,0,0,0,0,0,0,0,998,998,0,0,2,1,11,999,999,999,9999999,999,999,999,7,0,2,5,0,1,3,0,998,0.0,999,999,999,99.9,99.9,99.9,23.52369,7,8
2300030,32,206,1-32-2023-206-09,9,1,1FMZU67E52UD,17,460,1804,60,0,12,473,2002,34,5,31,0,1,F,1,1867,5,0,1,5,26,2,56,1,0,0,995,0,0,0,75208,2,9,2,1,4,4,1,1,1,1,1,0,0,0,1,1,0,0,9,0,11,2,15,1,1,1,4,J,68,0,0,0,0,0,0,0,0,0,0,280,180,0,0,0,1,12,999,999,999,9999999,999,999,999,6,0,99,99,0,0,8,0,995,9.8,998,998,998,99.8,99.8,99.8,3525.591,7,8
2300030,32,206,1-32-2023-206-09,9,2,3FAHP0JA0CR3,17,460,1780,13,0,12,23,2012,4,1,3,0,1,L,2,1490,5,0,1,5,26,2,56,1,0,0,995,0,0,0,75210,9,1,2,1,4,1,1,1,1,1,0,3,0,0,1,1,0,0,9,0,1,4,62,99,1,1,4,J,69,0,0,0,0,0,0,0,0,0,0,180,280,0,0,0,1,12,999,999,999,9999999,999,999,999,7,0,0,0,0,0,0,0,995,9.8,998,998,998,99.8,99.8,99.8,3525.591,7,8
2300031,32,207,1-32-2023-207-03,3,1,5YJ3E1EA4KF3,17,441,17834,13,0,29,5,2019,4,1,4,0,1,R,9,1672,5,9999,9,0,998,2,48,1,0,0,995,0,0,0,37922,1,9,2,4,2,1,1,2,1,1,0,0,0,0,3,1,2,2,9,0,1,2,17,99,1,1,5,L,87,0,0,0,0,0,0,0,0,0,0,265,180,0,0,0,1,0,999,999,999,9999999,999,999,999,9,0,0,0,0,0,0,0,995,9.8,998,998,998,99.8,99.8,99.8,546.0555237,7,8
2300031,32,207,1-32-2023-207-03,3,2,JA4J4TA83NZ0,17,481,2163,7,0,52,404,2022,14,3,14,0,1,F,1,1630,5,0,1,1,34,2,48,1,0,0,995,0,0,0,75206,1,9,2,4,2,1,1,2,1,1,1,4,0,0,3,1,0,0,9,0,1,4,66,2,1,1,5,L,86,0,0,0,0,0,0,0,0,0,0,180,265,0,0,0,1,12,999,999,999,9999999,999,999,999,2,0,1,1,0,1,4,0,995,9.8,998,998,998,99.8,99.8,99.8,546.0555237,7,8
2300033,13,152,1-13-2023-152-06,6,1,5YFBURHE0FP3,17,448,2208,13,0,49,32,2015,4,1,3,0,1,L,2,1265,5,0,1,1,34,2,72,1,9,0,995,0,9,0,76107,9,9,2,3,2,1,2,1,1,1,1,3,0,0,1,1,2,2,9,0,1,2,17,99,1,1,5,L,89,0,0,0,0,0,0,0,0,0,0,150,250,0,0,0,1,1,33,-16,28,22234,998,59,20,0,4,99,99,0,0,99,0,995,9.8,998,998,998,99.8,99.8,99.8,1727.362627,7,8
2300033,13,152,1-13-2023-152-06,6,2,5TFAZ5CN4HX0,17,448,2223,60,0,49,472,2017,34,5,31,0,1,F,1,1857,8,0,1,1,40,2,72,1,8,0,995,0,7,0,76112,1,1,2,4,2,1,2,1,1,1,1,2,0,0,1,1,0,0,9,0,1,4,66,99,1,1,5,L,88,0,0,0,0,0,0,0,0,0,0,250,150,0,0,0,1,1,21,-20,-7,81180,998,-75,30,0,4,9,97,0,1,99,0,995,2.0,120,120,65,2.0,3.0,3.5,1727.362627,7,8
2300034,13,153,1-13-2023-153-02,2,1,999999999999,99,99999,99999,999,0,99,399,9999,9,1,9,99,1,9,9,9999,9,9999,9,0,998,5,113,1,8,0,995,0,7,0,99999,9,9,1,2,5,2,1,2,1,9,3,3,0,0,1,8,0,0,9,0,1,4,60,99,1,1,2,F,45,0,0,0,0,0,0,0,0,0,0,195,195,0,0,0,1,0,999,999,999,9999999,999,999,999,9,0,95,95,95,95,95,0,995,9.8,998,998,998,99.8,99.8,99.8,35.72368082,7,8
2300034,13,153,1-13-2023-153-02,2,2,3N1CN7AP5KL8,17,478,1894,13,0,35,50,2019,4,1,2,0,1,F,1,1114,5,0,1,1,25,2,113,1,8,0,995,0,7,0,76106,2,9,1,2,5,3,1,2,1,9,3,3,0,0,1,8,0,0,9,1,15,2,11,8,1,2,2,F,46,0,0,0,0,0,0,0,0,0,0,998,998,0,0,0,2,1,16,-15,6,13717,998,18,16,0,4,1,1,0,1,4,0,998,2.0,999,999,999,0.0,0.0,0.0,35.72368082,7,8
2300035,13,154,1-13-2023-154-06,6,1,5TFRM5F16EX0,17,448,2467,60,0,49,482,2014,34,5,31,0,1,F,1,2310,5,0,1,1,20,2,64,1,9,0,995,0,9,0,99999,9,9,0,1,2,2,2,2,1,1,3,0,0,0,3,8,0,0,9,0,1,3,51,99,1,1,2,D,24,0,0,0,0,0,0,0,0,0,0,95,95,0,0,0,1,5,999,999,999,9999999,999,999,23,2,0,99,99,0,0,99,0,995,9.8,998,998,998,99.8,99.8,99.8,1727.362627,7,8
2300035,13,154,1-13-2023-154-06,6,2,3AKGHLDV6KSK,17,450,2501,66,0,82,881,2019,66,8,68,0,1,B,9,,,,,,,5,64,1,8,0,995,0,7,0,38197,9,9,0,1,2,2,2,2,1,1,3,0,0,0,3,8,0,0,9,0,1,3,53,99,1,1,2,D,25,,,,,,,,,,,,,,,,,,,,,,,,,,,95,95,95,95,95,,,9.8,998,998,998,99.8,99.8,99.8,1727.362627,7,8
2300036,52,122,1-52-2023-122-04,4,1,2T3F1RFV9RC3,17,448,2217,7,0,49,402,2024,14,3,14,0,1,9,9,1583,5,0,2,6,32,2,56,1,0,0,995,0,0,0,59101,3,2,2,1,4,4,2,1,1,1,1,0,0,0,3,1,1,2,2,0,11,2,15,10,1,1,4,J,68,0,0,0,0,0,0,0,0,0,0,110,0,0,0,0,1,12,999,999,999,9999999,999,999,999,9,0,0,0,0,0,0,0,995,9.8,998,998,998,99.8,99.8,99.8,184.7604654,12,8
2300036,52,122,1-52-2023-122-04,4,2,1GTGG25U8711,17,472,1856,95,0,23,461,2007,21,4,21,0,1,F,9,2367,5,9999,9,0,998,5,56,1,0,0,995,0,0,0,59105,9,9,2,1,4,2,2,1,1,1,1,1,0,0,3,1,1,2,9,0,1,4,62,99,1,1,4,J,69,0,0,0,0,0,0,0,0,0,0,0,110,0,0,0,1,0,999,999,999,9999999,999,999,999,9,0,95,95,95,95,95,0,995,9.8,998,998,998,99.8,99.8,99.8,184.7604654,12,8
2300036,52,122,1-52-2023-122-04,4,3,JTEBU5JRXB50,17,448,2216,7,0,49,401,2011,14,3,14,0,1,9,9,2121,5,9999,9,0,998,5,56,1,0,0,995,0,0,0,59105,9,9,2,4,4,2,2,1,1,1,1,1,0,0,3,1,1,2,9,0,5,4,66,1,1,1,6,M,98,0,0,0,0,0,0,0,0,0,0,260,50,0,1,0,2,0,999,999,999,9999999,999,999,999,9,0,95,95,95,95,95,0,995,9.8,998,998,998,99.8,99.8,99.8,184.7604654,12,8
2300037,52,123,1-52-2023-123-09,9,1,1FTER4FH0KLA,17,460,1803,60,0,12,471,2019,34,5,31,0,1,F,1,2014,5,9999,9,0,998,5,56,1,0,0,995,0,0,0,59102,9,9,2,4,6,3,2,2,1,1,1,1,0,0,1,2,1,2,9,0,1,2,17,7,9,1,5,L,88,0,0,0,0,0,0,0,0,0,0,165,90,0,0,0,1,3,14,-11,-9,14876,998,-148,10,0,4,95,95,95,95,95,0,995,9.8,998,998,998,99.8,99.8,99.8,365.8988705,12,8
2300037,52,123,1-52-2023-123-09,9,2,WDBTJ72H08F2,17,449,2822,3,0,42,47,2008,2,1,3,0,1,L,1,1626,5,0,1,1,26,2,56,1,0,0,995,0,0,0,59066,1,9,2,4,4,1,2,2,1,1,0,1,0,0,1,2,1,2,9,0,1,4,66,99,9,1,5,L,89,0,0,0,0,0,0,0,0,0,0,90,165,0,0,0,1,3,17,-9,15,35180,998,-30,23,0,4,1,2,0,1,4,0,995,9.8,998,998,998,99.8,99.8,99.8,365.8988705,12,8
2300038,10,173,1-10-2023-173-05,5,1,2G1105S35H91,17,467,1833,13,0,20,2,2017,4,1,4,0,1,T,2,1717,5,9999,9,4,42,2,97,1,0,1,19,2,0,1,45402,2,2,0,2,3,3,2,1,1,9,3,2,0,0,1,8,0,0,1,1,15,2,11,99,1,2,2,F,46,1,4,9,2,1,3,61,1,2,7,997,997,0,0,0,7,6,999,999,999,9999999,999,999,999,7,0,4,26,1,1,3,3,997,2.0,999,999,999,99.9,99.9,99.9,45.93347141,4,8
2300038,10,173,1-10-2023-173-05,5,2,4V4NC9EG9HN9,17,487,1967,66,0,51,881,2017,66,8,68,0,1,F,9,,,,,,,2,97,1,0,0,995,0,0,0,40213,9,9,0,2,3,2,2,1,1,9,1,1,0,0,1,8,0,0,1,0,1,4,60,99,1,1,2,F,45,,,,,,,,,,,,,,,,,,,,,,,,,,,95,95,95,95,95,,,9.8,998,998,998,99.8,99.8,99.8,45.93347141,4,8
2300038,10,173,1-10-2023-173-05,5,3,4T1B61HKXJU0,17,448,2469,13,0,49,40,2018,4,1,4,0,1,T,2,1520,5,0,1,1,11,2,97,1,0,1,0,2,0,1,45430,2,2,0,2,3,3,2,1,1,9,1,3,0,0,1,8,0,0,1,0,1,4,60,99,1,1,6,M,98,1,4,2,2,1,3,61,1,1,999,997,997,0,0,0,9,6,999,999,999,9999999,999,999,999,7,0,1,2,0,1,4,3,997,2.0,999,999,999,99.9,99.9,99.9,45.93347141,4,8
2300039,10,174,1-10-2023-174-04,4,1,3N1CN8DV8ML9,17,478,1894,13,0,35,50,2021,4,1,2,0,1,U,1,1194,5,0,1,1,7,2,89,1,0,0,995,0,0,0,45320,9,9,0,4,2,1,2,1,1,1,1,4,0,0,2,1,0,0,3,1,1,2,13,1,1,4,1,A,1,0,0,0,0,0,0,0,0,0,0,998,998,0,0,0,1,12,999,999,999,9999999,999,999,999,6,0,0,0,0,0,0,0,998,0.0,999,32,7,11.1,1.9,11.3,975.2663831,4,8
2300040,48,127,1-48-2023-127-04,4,1,W1NYC6BJ6LX3,17,449,2131,7,0,42,402,2020,14,3,14,0,1,F,1,2570,5,9999,9,4,9,2,129,1,8,0,995,0,7,0,97201,9,9,0,1,2,1,2,1,1,9,2,3,2,3,1,8,0,0,9,0,1,6,90,1,1,1,1,C,15,0,0,0,0,0,0,0,0,0,0,998,998,0,0,0,1,12,999,999,999,9999999,999,999,999,6,0,99,99,0,0,99,0,998,9.8,998,998,998,99.8,99.8,99.8,104.3794548,12,8
2300041,48,128,1-48-2023-128-09,9,1,JN1CA31D51T8,17,478,2302,13,0,35,39,2001,4,1,3,0,1,T,2,1451,5,0,1,1,8,3,121,1,0,0,995,0,0,0,84337,9,9,0,2,2,2,2,1,2,1,3,2,1,3,1,1,0,0,9,1,14,2,12,1,1,4,1,B,6,1,4,2,2,6,4,47,2,1,30,997,997,0,0,0,3,6,999,999,999,9999999,999,999,999,7,0,9,97,0,1,0,3,997,9.9,999,999,999,99.9,99.9,99.9,92.28369939,12,8
2300042,48,129,1-48-2023-129-03,3,1,1GYKNGRS6MZ2,17,469,11442,7,0,19,401,2021,14,3,14,0,1,T,2,1940,5,0,1,1,6,2,129,1,0,0,995,0,0,1,88220,1,2,0,2,2,2,1,1,2,4,3,2,1,3,2,1,0,0,3,1,14,2,12,2,1,4,1,B,6,2,98,8,8,98,8,32,8,8,998,997,997,0,0,0,3,6,999,999,999,9999999,999,999,999,7,0,3,14,1,1,3,8,997,1.3,999,999,999,99.9,99.9,99.9,74.78725036,12,8
2300044,18,124,1-18-2023-124-04,4,1,5FNYF7H56MB0,17,474,5959,7,0,37,422,2021,15,3,15,0,1,F,1,1890,5,9999,9,0,998,5,48,1,0,0,995,0,0,0,54729,9,9,2,1,2,1,2,1,1,1,0,3,0,0,3,8,1,2,9,0,1,3,50,99,1,1,2,D,20,0,0,0,0,0,0,0,0,0,0,95,95,0,0,0,1,3,18,-18,0,22167,998,0,17,0,4,95,95,95,95,95,0,995,9.8,998,998,998,99.8,99.8,99.8,91.23639498,6,8
2300044,18,124,1-18-2023-124-04,4,2,1GNEVGKW7LJ1,17,467,1853,7,0,20,423,2020,15,3,15,0,1,B,1,2132,5,0,1,1,7,2,48,1,0,0,995,0,0,0,54615,1,2,2,1,2,1,2,1,1,1,0,3,0,0,3,8,1,2,1,0,5,3,53,1,1,1,2,D,23,0,0,0,0,0,0,0,0,0,0,95,95,0,0,0,1,3,14,14,0,19102,998,21,14,0,4,0,0,0,0,0,0,995,9.8,998,998,998,99.8,99.8,99.8,91.23639498,6,8
2300045,18,125,1-18-2023-125-07,7,1,KNDCB3LC6H51,17,499,15705,7,0,63,403,2017,14,3,14,0,1,R,1,1436,5,0,1,1,6,2,48,1,0,0,995,0,0,0,54701,2,9,2,4,2,1,2,1,1,1,0,0,0,0,2,1,2,2,1,0,1,4,66,10,1,1,5,L,87,0,0,0,0,0,0,0,0,0,0,280,165,0,0,0,1,3,14,-9,-11,17980,998,-63,16,0,4,0,0,0,0,0,0,995,9.8,998,998,998,99.8,99.8,99.8,279.2702584,6,8
2300045,18,125,1-18-2023-125-07,7,2,4S4BRCKC9C32,17,523,2233,7,0,48,45,2012,6,1,3,0,1,F,1,1542,5,9999,9,0,998,2,48,1,0,0,995,0,0,0,54701,1,9,2,4,2,1,2,1,1,1,0,2,0,0,2,1,2,2,9,0,1,2,17,99,1,1,5,L,86,0,0,0,0,0,0,0,0,0,0,165,280,0,0,0,1,3,13,-13,5,11122,998,77,12,0,4,0,0,0,0,0,0,995,9.8,998,998,998,99.8,99.8,99.8,279.2702584,6,8
2300046,18,126,1-18-2023-126-09,9,1,1G1PK5S97B72,17,467,1832,13,0,20,25,2011,4,1,3,0,1,R,2,1407,5,0,1,1,18,2,56,1,0,0,995,0,0,0,54701,9,1,2,1,3,3,2,2,3,1,1,0,0,0,3,2,1,2,9,0,11,2,15,1,1,1,4,J,68,0,0,0,0,0,0,0,0,0,0,105,355,0,0,0,1,4,28,-21,-18,13306,998,-34,15,0,4,9,97,0,1,99,0,995,9.8,998,998,998,99.8,99.8,99.8,206.7424335,6,8
2300046,18,126,1-18-2023-126-09,9,2,5TDDK3EH0AS0,17,448,2213,7,0,49,403,2010,14,3,14,0,1,F,1,1960,5,0,1,4,11,2,56,1,0,0,995,0,0,0,54729,9,9,2,1,2,1,2,2,2,1,0,3,0,0,3,2,1,2,9,0,14,4,62,99,1,1,4,J,69,0,0,0,0,0,0,0,0,0,0,355,105,0,0,0,1,4,19,-16,9,66519,998,50,26,0,4,1,2,0,1,4,0,995,0.0,18,18,0,2.1,0.1,2.1,206.7424335,6,8
2300050,30,173,1-30-2023-173-02,2,1,5J6RW1H58KA0,17,474,1865,7,0,37,402,2019,14,3,14,0,1,F,1,1502,5,0,1,1,18,2,40,1,0,0,995,0,0,0,85204,9,9,0,4,2,1,2,1,3,1,0,0,0,0,1,1,0,0,3,1,14,2,11,3,1,4,1,C,11,0,0,0,0,0,0,0,0,0,0,100,90,0,0,0,1,5,999,999,999,9999999,999,999,14,2,0,9,97,0,1,8,0,995,9.8,998,998,998,99.8,99.8,99.8,16.33651205,10,8
2300050,30,173,1-30-2023-173-02,2,2,4V4NC9EH3FN1,17,487,1967,66,0,51,881,2015,66,8,68,0,2,D,9,,,,,,,,,,,,,,,,,,,,,,,,,,,,,,,,,,,,,,,,,,,,,,,,,,,,,,,,,,,,,,,,,,,,,,,,95,95,95,95,95,,,,,,,,,,16.33651205,10,8
2300051,66,109,1-66-2023-109-03,3,1,3KPF24AD1ME3,17,499,2462,13,0,63,38,2021,4,1,3,0,1,U,1,1256,5,0,1,1,19,2,56,1,0,0,995,0,7,0,65605,2,2,3,4,2,1,2,1,1,1,1,2,0,0,1,1,0,0,3,1,1,2,13,1,1,4,1,A,1,1,4,2,2,1,4,61,1,2,21,998,998,0,0,0,1,7,999,999,999,9999999,999,999,999,6,0,1,1,0,1,0,3,998,0.0,112,84,-35,1.8,0.9,2.0,119.9438265,6,8
2300053,66,111,1-66-2023-111-10,10,1,19XFB2F81CE0,17,474,1863,13,0,37,31,2012,4,1,3,0,1,T,1,1311,5,0,1,1,17,2,113,1,0,0,995,0,0,0,65810,9,9,0,2,2,2,2,1,2,1,3,2,1,3,1,1,0,0,3,1,14,2,12,99,2,4,1,B,6,1,2,1,2,1,4,61,1,2,999,997,997,0,0,0,1,6,999,999,999,9999999,999,999,999,6,0,0,0,0,0,0,3,997,2.7,999,999,999,99.9,6.0,99.9,224.6508373,6,8
2300054,66,112,1-66-2023-112-04,4,1,5NMS24AJ3PH6,17,498,2057,7,0,55,401,2023,14,3,14,0,1,F,1,1850,8,0,1,1,25,2,80,1,0,0,995,0,7,0,64836,1,1,0,4,2,1,4,1,3,2,0,0,0,0,2,1,0,0,3,1,14,2,13,2,1,4,1,A,1,0,0,0,0,0,0,0,0,0,0,998,998,0,1,0,1,8,999,999,999,9999999,999,999,999,6,0,0,0,0,0,0,0,998,0.0,120,10,100,10.0,0.0,10.0,114.3320496,6,8
2300055,16,147,1-16-2023-147-03,3,1,5XYRLDLC8PG1,17,499,2769,7,0,63,402,2023,14,3,14,0,1,F,2,1735,5,0,1,1,8,2,105,1,8,0,995,0,7,0,44116,3,2,0,2,4,2,2,1,1,1,3,3,0,3,1,8,0,0,3,1,1,2,13,98,4,4,1,A,1,0,0,0,0,0,0,0,0,0,0,998,998,0,1,0,1,1,34,-33,-6,89598,998,-36,34,0,4,1,1,0,2,6,0,998,5.0,999,999,999,98.9,5.7,98.9,156.2668642,5,8
2300056,54,110,1-54-2023-110-08,8,1,1GKDS13S1621,17,472,4507,7,0,23,401,2006,14,3,14,0,1,F,3,2007,5,0,1,1,30,2,72,1,1,1,194,2,0,1,35585,1,2,0,4,2,1,2,1,3,1,1,2,0,0,2,8,0,0,9,1,14,2,10,99,1,2,3,G,50,0,0,0,0,0,0,0,0,0,0,275,105,0,0,0,1,1,41,-40,7,234431,998,-7,53,0,4,5,38,1,1,3,0,995,9.8,998,998,998,99.8,99.8,99.8,156.9645701,9,8
2300056,54,110,1-54-2023-110-08,8,2,1J4GW48S9YC2,17,483,1949,7,0,2,404,2000,14,3,14,0,1,F,3,1794,5,0,1,1,15,2,72,1,0,0,995,0,0,0,35633,1,9,0,4,2,1,2,1,2,1,1,2,0,0,2,8,0,0,9,0,14,4,62,99,1,1,3,G,51,0,0,0,0,0,0,0,0,0,0,105,275,0,0,0,1,1,47,-44,16,74700,998,40,31,0,4,2,5,0,1,3,0,995,9.8,998,998,998,99.8,99.8,99.8,156.9645701,9,8
2300057,54,111,1-54-2023-111-09,9,1,1M1AN4GY6PM0,17,490,20842,66,0,86,881,2023,66,8,68,0,1,F,9,,,,,,,2,64,1,0,0,995,0,0,0,91730,9,9,2,4,2,1,2,1,1,1,1,2,0,0,1,1,2,2,9,0,1,2,17,99,1,1,5,L,86,,,,,,,,,,,,,,,,,,,,,,,,,,,95,95,95,95,95,,,9.8,998,998,998,99.8,99.8,99.8,332.9973361,9,8
2300057,54,111,1-54-2023-111-09,9,2,1HGCR2F84DA2,17,474,1861,13,0,37,32,2013,4,1,4,0,1,R,9,1615,5,9999,9,4,26,2,72,1,0,0,995,0,0,0,35672,1,2,2,4,2,1,2,1,1,1,1,0,0,0,1,1,0,0,9,0,1,4,66,99,1,1,5,L,87,0,0,0,0,0,0,0,0,0,0,90,0,0,0,0,1,5,999,999,999,9999999,999,999,999,9,0,1,1,0,1,4,0,995,9.8,998,998,998,99.8,99.8,99.8,332.9973361,9,8
2300058,54,112,1-54-2023-112-09,9,1,5TDZA3EH7DS0,17,448,2213,7,0,49,403,2013,14,3,14,0,1,F,9,1745,5,9999,9,0,998,2,56,1,0,0,995,0,0,0,35653,9,1,0,4,2,1,2,1,3,1,0,2,0,0,1,1,0,0,3,1,14,1,6,3,3,4,1,A,2,1,1,9,6,5,4,31,6,1,999,996,996,0,1,0,1,0,999,999,999,9999999,999,999,999,9,0,1,2,0,1,6,2,996,0.0,999,999,999,99.9,99.9,99.9,332.9973361,9,8
2300059,54,113,1-54-2023-113-04,4,1,KL8CB6SA0MC7,17,467,1836,5,0,20,29,2021,5,1,1,0,1,F,9,1019,5,9999,9,0,998,2,105,1,0,0,995,0,0,0,35646,1,9,0,1,2,1,2,2,1,2,1,3,2,3,2,2,0,0,9,0,1,6,87,99,1,1,1,C,13,0,0,0,0,0,0,0,0,0,0,998,998,0,0,0,1,0,999,999,999,9999999,999,999,999,9,0,0,0,0,0,0,0,998,9.8,998,998,998,99.8,99.8,99.8,152.2285726,9,8
2300060,32,209,1-32-2023-209-06,6,1,JN1AZ4FH3HM9,17,478,1906,1,0,35,48,2017,1,1,2,0,1,F,1,1584,5,0,1,1,27,2,48,1,0,0,995,0,0,0,75240,9,1,2,4,4,2,2,2,1,1,3,2,0,0,3,2,1,2,9,0,11,2,15,2,1,1,4,J,68,0,0,0,0,0,0,0,0,0,0,140,340,0,0,0,1,3,24,-24,4,46804,998,33,26,0,4,99,99,0,0,5,0,995,9.8,998,998,998,99.8,99.8,99.8,1187.931836,7,8
2300060,32,209,1-32-2023-209-06,6,2,1G1FW6S01P41,17,467,13672,5,0,20,40,2023,5,1,2,0,1,F,2,1628,5,9999,9,0,998,5,48,1,0,0,995,0,0,0,76011,9,9,2,1,4,2,1,2,1,1,1,2,0,0,3,2,1,2,9,0,1,4,62,99,1,1,4,J,69,0,0,0,0,0,0,0,0,0,0,340,140,0,0,0,1,3,25,-22,13,47930,998,73,24,0,4,95,95,95,95,95,0,995,9.8,998,998,998,99.8,99.8,99.8,1187.931836,7,8
2300061,19,128,1-19-2023-128-09,9,1,JN8AZ1MU1EW4,17,478,1914,8,0,35,49,2014,6,1,4,0,1,R,1,1891,5,9999,9,0,998,5,72,1,0,0,995,0,0,0,35906,9,9,2,4,5,2,2,1,1,1,3,1,0,0,1,1,0,0,2,1,10,2,16,99,1,2,4,J,70,0,0,0,0,0,0,0,0,0,0,320,290,0,1,0,1,3,4,-2,-3,1319,998,66,4,0,4,95,95,95,95,95,0,995,9.8,998,998,998,99.8,99.8,99.8,918.7354825,9,8