CASEID,PSU,CASENO,CASENUMBER,CATEGORY,VEHNO,VIN,VINLENGTH,VPICMAKE,VPICMODEL,VPICBODYCLASS,ICFINALBODY,MAKE,MODEL,MODELYR,BODYTYPE,BODYCAT,VEHCLASS,SPECUSE,TRANSTAT,DAMPLANE,DAMSEV,CURBWT,CURBSRC,CARGOWT,CARGOSRC,INSPTYPE,INSPLAG,TOWED,SPEEDLIMIT,DRPRESENT,PARALCOHOL,ALCTEST,ALCTESTRESULT,ALCTESTSRC,PARDRUG,DRUGTEST,ZIP,RACE,ETHNICITY,RELTOJUNCT,TRAFFLOW,RDLANES,INITLANE,SURFTYPE,SURFCOND,ALIGNMENT,PROFILE,LINERIGHT,LINELEFT,RUMBINIT,RUMBROAD,LIGHTCOND,WEATHER,TRAFDEV,TRAFFUNCT,DISTRACT,PREFHE,PREMOVE,CRITCAT,CRITEVENT,MANEUVER,PRESTAB,PRELOC,CRASHCAT,CRASHCONF,CRASHTYPE,ROLLTYPE,ROLLTURN,ROLLINTRPT,ROLLPREMAN,ROLLINITYP,ROLLINLOC,ROLLOBJ,ROLLTRIP,ROLLDIR,ROLLDIST,DVANGTHIS,DVANGOTH,TOWHITCH,TRAJDOC,TREEPOLE,DVEVENT,DVBASIS,DVTOTAL,DVLONG,DVLAT,DVENERGY,DVSPEED,DVMOMENT,DVBES,DVEST,DVCONF,VAIS,VISS,VINJSEV,VINJURED,VTREAT,INITOBJCLASS,HEADANGLECAT,SHLDRWIDTH,STRKLENGTH,STRKWIDTH,STRKHEIGHT,EDGEDISTX,EDGEDISTY,EDGEDISTZ,CASEWGT,PSUSTRAT,VERSION
2300096,20,133,1-20-2023-133-03,3,1,1C6SRFFT6LN1,17,496,13620,60,0,7,482,2020,34,5,31,0,1,F,2,2327,5,9999,9,4,45,2,89,1,1,1,185,2,0,1,93930,1,9,2,4,2,1,2,2,1,1,1,2,0,0,2,2,2,2,9,0,1,2,14,99,1,4,1,C,14,2,98,8,8,98,8,32,8,8,998,996,996,0,1,0,2,7,999,999,999,9999999,999,999,999,7,0,2,5,0,1,3,8,996,9.1,4,3,120,7.3,1.5,7.6,797.8694292,11,8
2300097,21,134,1-21-2023-134-01,1,1,1HGCM726X7A0,17,474,1861,3,0,37,32,2007,2,1,3,0,1,F,3,1405,5,0,1,1,44,2,105,1,9,0,995,0,9,0,91748,1,9,0,1,1,1,2,1,1,4,1,2,3,3,2,1,0,0,9,1,1,2,12,99,1,2,1,B,6,0,0,0,0,0,0,0,0,0,0,330,160,0,0,0,2,5,999,999,999,9999999,999,999,96,5,0,9,97,1,1,1,0,995,0.0,999,999,999,99.9,99.9,99.9,42.02620095,11,8
2300097,21,134,1-21-2023-134-01,1,2,3HSCUAPR0BN2,17,526,2552,66,0,84,881,2011,66,8,68,0,1,L,9,,,,,,,2,105,1,0,0,995,0,0,0,93654,9,9,0,1,2,1,2,1,1,2,1,2,2,3,2,1,0,0,9,0,1,4,62,99,1,1,6,M,98,,,,,,,,,,,,,,,,,,,,,,,,,,,95,95,95,95,95,,,9.8,998,998,998,99.8,99.8,99.8,42.02620095,11,8
2300098,26,147,1-26-2023-147-05,5,1,5YJSA1E29GF1,17,441,1685,5,0,29,5,2016,5,1,5,0,1,F,9,2005,5,9999,9,0,998,2,56,1,0,1,0,1,9,9,95758,9,9,2,4,2,1,2,1,1,1,0,0,0,0,3,1,2,2,2,0,11,2,15,99,9,1,4,K,82,0,0,0,0,0,0,0,0,0,0,150,270,0,0,0,1,0,999,999,999,9999999,999,999,999,9,0,0,0,0,0,0,0,995,9.8,998,998,998,99.8,99.8,99.8,117.7587233,10,8
2300098,26,147,1-26-2023-147-05,5,2,2T3WFREV0JW4,17,448,2217,7,0,49,402,2018,14,3,14,0,1,T,1,1555,5,9999,9,4,60,2,56,1,0,0,995,0,0,0,95834,2,9,2,4,2,1,2,1,1,1,0,2,0,0,3,1,0,0,1,0,1,4,67,99,9,1,4,K,83,1,4,2,5,7,1,1,2,2,14,997,997,0,0,0,2,6,999,999,999,9999999,999,999,999,6,0,1,1,0,1,8,1,997,9.8,998,998,998,99.8,99.8,99.8,117.7587233,10,8
2300099,29,96,1-29-2023-096-01,1,1,3N1CB61E77L6,17,478,1907,13,0,35,43,2007,4,1,3,0,1,F,3,1353,5,0,1,1,14,2,56,1,9,0,995,0,9,0,02740,1,2,0,4,2,1,2,1,1,4,0,2,0,0,3,1,0,0,9,1,1,2,13,99,1,4,1,C,11,0,0,0,0,0,0,0,0,0,0,185,185,0,0,0,1,5,999,999,999,9999999,999,999,82,5,0,9,97,1,1,1,0,995,9.8,998,998,998,99.8,99.8,99.8,34.60707965,2,8
2300099,29,96,1-29-2023-096-01,1,2,4V4NC9EH7PN3,17,487,1967,66,0,51,881,2023,66,8,68,0,2,B,9,,,,,,,,,,,,,,,,,,,,,,,,,,,,,,,,,,,,,,,,,,,,,,,,,,,,,,,,,,,,,,,,,,,,,,,,95,95,95,95,95,,,,,,,,,,34.60707965,2,8
2300100,29,97,1-29-2023-097-03,3,1,5TDJZRBH2MS0,17,448,2213,7,0,49,403,2021,14,3,14,0,1,F,2,1950,5,9999,9,4,63,2,80,1,0,0,995,0,0,0,02748,9,9,2,1,4,3,2,1,1,1,1,1,0,0,1,1,1,2,1,0,1,4,62,2,1,1,4,J,69,0,0,0,0,0,0,0,0,0,0,175,290,0,0,0,1,12,999,999,999,9999999,999,999,999,7,0,1,1,0,1,4,0,995,9.8,998,998,998,99.8,99.8,99.8,254.7798075,2,8
2300100,29,97,1-29-2023-097-03,3,2,KM8JN72D28U8,17,498,2058,7,0,55,402,2008,14,3,14,0,1,R,9,1528,5,9999,9,4,124,2,80,1,0,0,995,0,9,9,02743,9,9,2,1,4,4,2,1,1,1,1,2,0,0,1,1,1,2,1,0,11,2,15,1,1,1,4,J,68,0,0,0,0,0,0,0,0,0,0,290,175,0,0,0,1,12,999,999,999,9999999,999,999,999,9,0,0,0,0,0,0,0,995,9.8,998,998,998,99.8,99.8,99.8,254.7798075,2,8
2300101,76,142,1-76-2023-142-07,7,1,5XXGT4L32JG2,17,499,2739,13,0,63,34,2018,4,1,4,0,1,F,1,1525,8,0,2,1,57,2,89,1,8,9,998,8,7,9,12077,1,2,0,4,2,1,2,1,2,1,1,2,1,0,2,1,0,0,1,0,14,6,87,3,1,1,1,C,13,0,0,0,0,0,0,0,0,0,0,998,998,0,0,0,1,10,999,999,999,9999999,999,2,22,2,0,1,1,0,1,0,0,998,9.8,998,998,998,99.8,99.8,99.8,43.41176744,3,8
2300102,76,143,1-76-2023-143-07,7,1,4S3BNAN65J30,17,523,2232,13,0,48,34,2018,4,1,3,0,1,F,1,1543,5,0,1,1,26,2,89,1,8,9,998,8,7,9,10025,1,2,0,2,2,2,2,98,1,1,3,2,0,0,1,8,0,0,1,0,1,4,60,4,1,1,2,F,48,0,0,0,0,0,0,0,0,0,0,100,75,0,0,0,1,12,999,999,999,9999999,999,999,999,6,0,9,97,0,1,0,0,995,9.9,999,999,999,0.0,0.0,0.0,43.41176744,3,8
2300102,76,143,1-76-2023-143-07,7,2,999999999999,99,99999,99999,999,0,99,499,9999,39,5,39,99,1,B,9,9999,9,9999,9,0,998,5,89,1,9,9,998,8,9,9,99999,9,9,0,2,2,1,1,98,1,1,2,3,0,0,1,8,0,0,9,1,1,1,5,99,9,9,2,F,48,0,0,0,0,0,0,0,0,0,0,75,100,0,0,0,1,0,999,999,999,9999999,999,999,999,9,0,95,95,95,95,95,0,995,9.8,998,998,998,99.8,99.8,99.8,43.41176744,3,8
2300103,76,144,1-76-2023-144-09,9,1,1GCHK24UX3E3,17,467,1850,60,0,20,481,2003,34,5,31,0,1,R,2,2459,5,9999,9,0,998,2,89,1,8,9,998,8,7,9,13820,9,9,2,4,2,1,2,1,2,3,1,2,0,0,2,1,0,0,9,0,11,2,15,99,1,1,4,J,68,0,0,0,0,0,0,0,0,0,0,150,30,0,0,0,1,3,27,-18,-21,251757,998,214,31,0,4,0,0,0,0,0,0,995,9.8,998,998,998,99.8,99.8,99.8,30.68883546,3,8
2300103,76,144,1-76-2023-144-09,9,2,JA3AJ86E64U0,17,481,2164,13,0,52,46,2004,4,1,2,0,1,F,3,1290,5,0,1,1,20,2,89,1,8,9,998,8,7,9,13849,9,9,2,4,2,1,2,1,1,3,1,2,0,0,2,1,0,0,9,0,1,4,62,99,1,1,4,J,69,0,0,0,0,0,0,0,0,0,0,30,150,0,1,0,1,3,51,-50,9,96063,998,52,40,0,4,99,99,0,0,0,0,995,9.8,998,998,998,99.8,99.8,99.8,30.68883546,3,8
2300105,30,174,1-30-2023-174-04,4,1,4T1B11HK8KU1,17,448,2469,13,0,49,40,2019,4,1,4,0,1,L,2,1520,5,0,1,1,33,2,40,1,0,0,995,0,0,0,85019,9,9,2,4,2,1,2,1,1,1,0,0,0,0,3,1,2,2,9,0,11,2,15,3,1,1,4,K,82,0,0,0,0,0,0,0,0,0,0,70,170,0,0,0,1,12,999,999,999,9999999,999,999,999,7,0,0,0,0,0,0,0,995,9.8,998,998,998,99.8,99.8,99.8,658.7879508,10,8
2300105,30,174,1-30-2023-174-04,4,2,5XYPGDA37GG0,17,499,2769,7,0,63,402,2016,14,3,14,0,1,F,9,1742,5,9999,9,0,998,5,64,1,0,0,995,0,0,0,85225,9,9,2,5,6,1,2,1,1,1,0,3,0,0,3,1,0,0,1,1,1,4,67,7,1,2,4,K,83,0,0,0,0,0,0,0,0,0,0,170,70,0,0,0,1,0,999,999,999,9999999,999,999,999,9,0,95,95,95,95,95,0,995,9.8,998,998,998,99.8,99.8,99.8,658.7879508,10,8
2300106,66,113,1-66-2023-113-09,9,1,JS3TX92VX441,17,509,3143,7,0,53,405,2004,14,3,14,0,1,F,3,1725,5,0,1,1,25,2,89,1,0,0,995,0,7,0,64759,1,2,0,4,2,1,2,1,1,1,1,2,0,0,1,8,0,0,9,1,1,2,13,1,1,4,1,A,1,0,0,0,0,0,0,0,0,0,0,998,998,0,0,7,1,8,999,999,999,9999999,999,999,999,8,0,3,10,1,1,3,0,998,0.1,999,999,999,32.3,5.4,32.8,136.4050365,6,8
2300107,15,249,1-15-2023-249-04,4,1,4S3GTAA67K37,17,523,2235,5,0,48,38,2019,5,1,3,0,1,F,1,1376,5,0,1,5,11,2,64,1,0,0,995,0,0,0,11003,2,2,2,1,3,3,2,1,1,1,1,2,0,0,3,1,1,2,9,0,11,2,15,99,1,1,4,J,68,0,0,0,0,0,0,0,0,0,0,160,15,0,0,0,1,12,999,999,999,9999999,999,999,999,6,0,0,0,0,0,0,0,995,9.8,998,998,998,99.8,99.8,99.8,89.11039179,1,8
2300107,15,249,1-15-2023-249-04,4,2,WBA2H9C39HV6,17,452,13825,3,0,34,48,2017,2,1,3,0,1,L,9,1669,5,9999,9,0,998,5,64,1,8,9,998,8,7,9,11003,9,9,2,1,5,3,2,1,1,1,1,2,0,0,3,1,1,2,9,0,1,4,62,99,1,1,4,J,69,0,0,0,0,0,0,0,0,0,0,15,160,0,0,0,1,0,999,999,999,9999999,999,999,999,9,0,95,95,95,95,95,0,995,9.8,998,998,998,99.8,99.8,99.8,89.11039179,1,8
2300108,15,250,1-15-2023-250-04,4,1,1FM5K8GT3EGA,17,460,1800,7,0,12,401,2014,14,3,14,0,1,F,9,2146,5,9999,9,0,998,5,32,1,9,9,998,8,9,9,11434,9,9,2,4,2,1,2,2,1,1,2,1,0,0,1,2,2,2,9,0,1,2,17,99,9,1,4,K,79,0,0,0,0,0,0,0,0,0,0,60,0,0,0,0,1,0,999,999,999,9999999,999,999,999,9,0,95,95,95,95,95,0,995,9.8,998,998,998,99.8,99.8,99.8,89.11039179,1,8
2300108,15,250,1-15-2023-250-04,4,2,7JRBR0FM6KG0,17,485,1959,13,0,51,47,2019,4,1,4,0,1,L,9,1662,5,9999,9,0,998,2,32,1,9,9,998,8,9,9,11577,9,9,2,4,2,1,2,2,1,1,0,2,0,0,1,2,2,2,9,0,10,4,66,99,9,1,4,K,78,0,0,0,0,0,0,0,0,0,0,0,60,0,0,0,1,0,999,999,999,9999999,999,999,999,9,0,0,0,0,0,0,0,995,9.8,998,998,998,99.8,99.8,99.8,89.11039179,1,8
2300109,73,188,1-73-2023-188-06,6,1,JA4AZ3A38HZ0,17,481,2163,7,0,52,47,2017,6,1,3,0,1,T,1,1535,5,0,1,1,59,2,72,1,8,0,995,0,7,0,04443,9,9,0,4,2,1,2,1,1,4,0,2,0,0,2,1,0,0,1,1,1,1,5,98,9,4,1,A,2,1,3,2,6,1,4,61,1,2,12,997,997,0,0,0,1,6,999,999,999,9999999,999,999,999,6,0,99,99,0,0,8,3,997,9.8,998,998,998,99.8,99.8,99.8,93.29415866,3,8
2300111,30,176,1-30-2023-176-04,4,1,JF2SJAWC6HH5,17,523,2234,7,0,48,401,2017,14,3,14,0,1,F,2,1498,5,0,1,1,17,2,64,1,0,0,995,0,0,0,85206,9,9,2,1,5,2,1,1,1,1,3,3,0,0,1,8,1,2,9,1,1,3,50,99,1,2,2,D,20,0,0,0,0,0,0,0,0,0,0,185,180,0,0,0,1,12,999,999,999,9999999,999,999,999,7,0,0,0,0,0,0,0,995,9.8,998,998,998,99.8,99.8,99.8,658.7879508,10,8
2300111,30,176,1-30-2023-176-04,4,2,1FT7W2BT9KEG,17,460,1805,60,0,12,481,2019,34,5,31,0,1,B,9,2938,5,9999,9,0,998,2,64,1,0,0,995,0,0,0,85205,9,9,2,1,5,2,1,1,1,1,3,3,0,0,1,8,1,2,9,0,5,3,53,1,1,1,2,D,21,0,0,0,0,0,0,0,0,0,0,180,185,0,0,0,1,0,999,999,999,9999999,999,999,999,9,0,0,0,0,0,0,0,995,9.8,998,998,998,99.8,99.8,99.8,658.7879508,10,8
2300112,77,139,1-77-2023-139-04,4,1,3N1CP5CU5KL4,17,478,22791,5,0,35,56,2019,5,1,2,0,1,F,1,1200,5,0,1,1,8,2,89,1,0,0,995,0,0,0,22851,9,9,0,4,3,1,2,2,2,4,1,2,1,1,4,5,6,2,1,1,14,1,6,3,3,4,1,A,2,0,0,0,0,0,0,0,0,0,0,998,998,0,0,0,1,1,12,-12,2,10474,998,79,12,0,4,0,0,0,0,0,0,998,3.0,120,52,74,9.5,2.8,9.8,858.6395858,9,8
2300113,77,140,1-77-2023-140-08,8,1,1GKKVTED2CJ3,17,472,1855,7,0,23,8,2012,6,1,5,0,1,R,1,2234,5,0,1,1,42,2,40,1,0,0,995,0,0,0,24521,9,9,0,4,2,1,2,1,1,1,0,2,0,0,1,1,0,0,1,1,1,2,13,1,1,4,1,A,1,0,0,0,0,0,0,0,0,0,0,998,998,0,0,1,1,1,16,-16,-3,25895,998,62,16,0,4,1,1,0,1,4,0,998,0.0,16,16,88,4.5,0.1,4.5,193.6672862,9,8
2300114,77,141,1-77-2023-141-06,6,1,2HKRM4H54FH6,17,474,1865,7,0,37,402,2015,14,3,14,0,1,F,1,1586,5,0,1,1,44,2,40,1,0,0,995,0,0,0,22902,1,2,3,1,3,1,2,1,1,1,1,3,0,0,1,1,3,2,3,0,16,3,52,3,1,1,2,D,28,0,0,0,0,0,0,0,0,0,0,65,75,0,0,0,1,3,15,-15,-3,15596,998,18,15,0,4,0,0,0,0,4,0,995,9.8,998,998,998,99.8,99.8,99.8,630.2114996,9,8
2300114,77,141,1-77-2023-141-06,6,2,WBXJG9C02L5P,17,452,2300,7,0,34,403,2020,14,3,14,0,1,B,1,1660,5,9999,9,0,998,5,40,1,0,0,995,0,0,0,22903,9,9,3,1,2,1,2,1,1,1,3,3,0,0,1,1,0,0,1,0,2,3,53,99,1,1,2,D,29,0,0,0,0,0,0,0,0,0,0,75,65,0,0,0,1,3,15,15,0,13176,998,0,14,0,4,95,95,95,95,95,0,995,9.8,998,998,998,99.8,99.8,99.8,630.2114996,9,8
2300114,77,141,1-77-2023-141-06,6,3,5TDDKRFH8FS0,17,448,2213,7,0,49,403,2015,14,3,14,0,1,B,9,1995,5,9999,9,0,998,5,40,1,0,0,995,0,0,0,22903,9,9,3,1,2,1,2,1,1,1,3,3,0,0,1,1,0,0,1,0,5,3,53,99,1,1,6,M,98,0,0,0,0,0,0,0,0,0,0,75,75,0,0,0,2,0,999,999,999,9999999,999,999,999,9,0,95,95,95,95,95,0,995,9.8,998,998,998,99.8,99.8,99.8,630.2114996,9,8
2300115,10,175,1-10-2023-175-01,1,1,1FM5K8AR5JGB,17,460,1800,7,0,12,401,2018,14,3,14,5,1,F,3,2173,5,9999,9,1,24,2,89,1,8,1,0,1,7,1,45320,1,2,0,4,2,1,2,2,3,1,1,2,0,0,2,8,0,0,9,1,14,2,10,3,1,2,3,G,50,0,0,0,0,0,0,0,0,0,0,170,10,0,0,0,1,3,67,-66,-12,498675,998,-34,74,0,4,2,5,1,1,1,0,995,9.8,998,998,998,99.8,99.8,99.8,28.38549085,4,8
2300115,10,175,1-10-2023-175-01,1,2,1FADP3K26HL2,17,460,1779,5,0,12,37,2017,5,1,3,0,1,F,3,1327,5,9999,9,4,25,2,89,1,0,1,0,1,0,2,45064,1,2,0,4,2,1,2,2,2,1,1,2,0,0,2,8,0,0,9,0,14,4,62,8,1,1,3,G,51,1,1,2,2,1,3,61,1,1,7,10,170,0,0,0,1,3,106,-105,18,568564,998,34,99,0,4,9,97,1,1,1,3,995,9.8,998,998,998,99.8,99.8,99.8,28.38549085,4,8
2300116,59,172,1-59-2023-172-07,7,1,3VWD17AJ2EM2,17,482,3137,13,0,30,40,2014,4,1,3,0,1,L,1,1393,5,0,1,3,11,2,56,1,0,0,995,0,0,0,47805,9,9,2,4,2,1,2,1,1,4,0,0,0,0,1,1,2,2,2,0,11,2,15,99,1,1,4,K,82,0,0,0,0,0,0,0,0,0,0,260,5,0,0,0,1,98,999,999,999,9999999,999,999,999,6,0,0,0,0,0,0,0,995,9.8,998,998,998,99.8,99.8,99.8,73.25549363,6,8
2300116,59,172,1-59-2023-172-07,7,2,1GNKVGKD6DJ1,17,467,1853,7,0,20,423,2013,15,3,15,0,1,F,9,2197,5,9999,9,0,998,5,89,1,8,0,995,0,7,0,47849,9,9,2,4,2,1,2,1,1,4,1,2,0,0,1,1,0,0,1,0,1,4,67,99,1,1,4,K,83,0,0,0,0,0,0,0,0,0,0,5,260,0,0,0,1,0,999,999,999,9999999,999,999,999,9,0,95,95,95,95,95,0,995,9.8,998,998,998,99.8,99.8,99.8,73.25549363,6,8
2300117,59,173,1-59-2023-173-04,4,1,4T1BB46K18U0,17,448,2469,13,0,49,40,2008,4,1,4,0,1,L,2,1669,5,0,1,1,12,2,48,1,0,0,995,0,0,0,47438,9,9,2,4,2,1,2,1,1,1,0,0,0,0,5,1,2,2,1,0,1,2,17,99,1,1,5,L,89,0,0,0,0,0,0,0,0,0,0,90,180,0,0,0,1,12,999,999,999,9999999,999,999,999,7,0,0,0,0,0,0,0,995,9.8,998,998,998,99.8,99.8,99.8,49.34840348,6,8
2300117,59,173,1-59-2023-173-04,4,2,7FARS4H79PE0,17,474,1865,7,0,37,402,2023,14,3,14,0,1,F,2,1649,5,0,1,1,12,2,48,1,0,0,995,0,0,0,47805,1,2,2,4,2,1,2,1,1,1,1,2,0,0,5,1,0,0,1,0,1,4,66,1,1,1,5,L,88,0,0,0,0,0,0,0,0,0,0,180,90,0,0,0,1,12,999,999,999,9999999,999,999,999,7,0,0,0,0,0,0,0,995,9.8,998,998,998,99.8,99.8,99.8,49.34840348,6,8
2300118,59,174,1-59-2023-174-09,9,1,1FTNF21L94ED,17,460,1805,60,0,12,481,2004,34,5,31,0,1,F,9,2657,5,9999,9,0,998,3,48,1,1,2,996,1,0,0,47858,1,9,2,2,5,1,2,2,1,1,0,3,0,0,3,2,1,2,9,0,1,3,51,99,9,1,2,D,24,0,0,0,0,0,0,0,0,0,0,15,15,0,0,0,1,0,999,999,999,9999999,999,999,999,9,0,0,0,0,0,0,0,995,9.8,998,998,998,99.8,99.8,99.8,61.48716462,6,8
2300118,59,174,1-59-2023-174-09,9,2,1FMCU0C70CKB,17,460,1798,7,0,12,402,2012,14,3,14,0,1,B,2,1495,5,0,1,1,13,2,48,1,0,0,995,0,0,0,47805,9,9,2,2,5,1,2,2,1,1,0,3,0,0,3,2,1,2,9,0,1,3,53,99,1,1,2,D,25,0,0,0,0,0,0,0,0,0,0,15,15,0,0,0,1,5,999,999,999,9999999,999,999,35,3,0,9,97,0,2,0,0,995,9.8,998,998,998,99.8,99.8,99.8,61.48716462,6,8
2300119,13,155,1-13-2023-155-06,6,1,JA4AD2A35EZ0,17,481,2163,7,0,52,47,2014,6,1,3,0,1,R,1,1620,5,0,1,1,28,2,105,1,8,0,995,0,7,0,76148,2,9,1,2,4,4,1,1,1,9,3,2,1,1,1,8,0,0,9,1,6,2,11,99,9,2,2,F,48,0,0,0,0,0,0,0,0,0,0,100,95,0,0,0,1,3,11,-11,-2,12425,998,91,12,0,4,99,99,0,0,99,0,995,4.0,999,999,999,5.9,3.8,7.0,2052.77746,7,8
2300119,13,155,1-13-2023-155-06,6,2,2GCEK19M8T11,17,467,10978,60,0,20,481,1996,34,5,31,0,1,L,1,2122,5,9999,9,0,998,5,105,1,8,0,995,0,7,0,76137,9,9,1,2,4,4,1,1,1,9,3,2,1,1,1,8,0,0,9,0,1,4,60,99,1,1,2,F,48,0,0,0,0,0,0,0,0,0,0,95,100,0,0,0,1,3,9,8,3,6684,998,87,8,0,4,95,95,95,95,95,0,995,9.8,998,998,998,99.8,99.8,99.8,2052.77746,7,8
2300120,13,156,1-13-2023-156-05,5,1,1N4AA6AP8GC3,17,478,2302,13,0,35,39,2016,4,1,4,0,1,F,2,1617,5,0,1,1,16,2,72,1,0,0,995,0,0,0,76002,3,9,2,1,3,3,2,1,1,1,1,0,0,0,1,1,1,2,9,0,11,2,15,2,1,1,4,J,68,0,0,0,0,0,0,0,0,0,0,120,350,0,0,0,1,12,999,999,999,9999999,999,999,999,7,0,9,97,0,1,4,0,995,9.8,998,998,998,99.8,99.8,99.8,197.9494448,7,8
2300120,13,156,1-13-2023-156-05,5,2,JTDBL40E39J0,17,448,2208,13,0,49,32,2009,4,1,2,0,1,L,2,1279,5,9999,9,5,40,2,72,1,0,0,995,0,7,0,76001,1,9,2,1,3,2,2,1,1,1,3,1,0,0,1,1,1,2,9,0,1,4,62,99,1,1,4,J,69,0,0,0,0,0,0,0,0,0,0,350,120,0,0,0,1,8,999,999,999,9999999,999,999,999,7,0,99,99,0,0,5,0,995,9.8,998,998,998,99.8,99.8,99.8,197.9494448,7,8
2300121,54,114,1-54-2023-114-07,7,1,1N4AL3AP2FN3,17,478,1904,13,0,35,47,2015,4,1,4,0,1,R,9,1416,5,9999,9,0,998,2,40,1,0,0,995,0,0,0,35653,9,1,2,4,2,1,2,1,1,2,0,0,0,0,2,1,2,2,9,0,1,2,17,99,1,1,4,K,83,0,0,0,0,0,0,0,0,0,0,0,245,0,0,0,1,0,999,999,999,9999999,999,999,999,9,0,0,0,0,0,0,0,995,9.8,998,998,998,99.8,99.8,99.8,158.5909577,9,8
2300121,54,114,1-54-2023-114-07,7,2,1D4RD4GG1BC6,17,476,3508,7,0,7,422,2011,15,3,15,0,1,F,9,2194,5,0,2,0,998,2,40,1,0,0,995,0,0,0,35653,9,1,2,4,2,1,2,1,1,2,0,0,0,0,2,1,2,2,1,0,11,4,66,3,1,1,4,K,82,0,0,0,0,0,0,0,0,0,0,245,0,0,0,0,1,0,999,999,999,9999999,999,999,999,9,0,0,0,0,0,0,0,995,9.8,998,998,998,99.8,99.8,99.8,158.5909577,9,8
2300122,66,114,1-66-2023-114-06,6,1,1C3CCCAB6FN5,17,477,2053,13,0,6,18,2015,4,1,3,0,1,F,1,1575,5,0,1,1,17,2,105,1,0,0,995,0,0,0,65802,9,9,0,4,2,1,2,2,1,1,1,4,0,0,2,2,0,0,9,1,1,2,10,1,1,2,3,G,50,0,0,0,0,0,0,0,0,0,0,275,105,0,0,0,1,8,999,999,999,9999999,999,999,999,6,0,0,0,0,0,0,0,995,9.8,998,998,998,99.8,99.8,99.8,152.1060858,6,8
2300122,66,114,1-66-2023-114-06,6,2,1FTEW1E51JKC,17,460,1801,60,0,12,481,2018,34,5,31,0,1,F,3,2130,5,9999,1,1,18,2,105,1,0,0,995,0,0,0,65756,9,9,0,4,2,1,2,2,1,1,1,4,0,0,2,2,0,0,1,0,1,4,62,4,1,1,3,G,51,0,0,0,0,0,0,0,0,0,0,105,275,0,0,0,1,12,999,999,999,9999999,999,999,999,8,0,1,2,0,2,4,0,995,9.8,998,998,998,99.8,99.8,99.8,152.1060858,6,8
2300122,66,114,1-66-2023-114-06,6,3,1C4BJWFG0FL5,17,483,1943,7,0,2,403,2015,14,3,14,0,1,F,1,2051,5,0,1,1,17,2,105,1,0,0,995,0,0,0,64836,9,9,0,4,2,1,2,2,1,1,1,4,0,0,2,2,0,0,1,0,1,4,62,4,1,1,6,M,98,0,0,0,0,0,0,0,0,0,0,270,280,0,0,0,2,1,15,-14,3,14245,998,77,11,0,4,0,0,0,0,0,0,995,9.8,998,998,998,99.8,99.8,99.8,152.1060858,6,8
2300123,66,115,1-66-2023-115-03,3,1,3VVSX7B2XRM0,17,482,28652,7,0,30,498,2024,14,3,14,0,1,F,1,1440,8,0,1,1,30,2,113,1,1,9,998,8,7,9,44690,1,9,0,2,2,2,2,1,2,1,3,2,1,3,2,1,0,0,9,1,6,2,11,98,9,2,2,F,46,0,0,0,0,0,0,0,0,0,0,998,998,0,0,0,2,10,999,999,999,9999999,999,-8,14,2,0,9,97,0,1,99,0,998,1.7,999,999,999,99.9,7.6,99.9,106.5525486,6,8
2300123,66,115,1-66-2023-115-03,3,2,1XPBD49X7RD6,17,495,2787,66,0,87,881,2024,66,8,68,0,1,L,9,,,,,,,5,113,1,0,0,995,0,0,0,00001,9,9,0,2,2,1,2,1,2,1,1,3,2,3,2,1,0,0,9,0,14,4,60,99,1,1,2,F,45,,,,,,,,,,,,,,,,,,,,,,,,,,,95,95,95,95,95,,,9.8,998,998,998,99.8,99.8,99.8,106.5525486,6,8
2300124,66,116,1-66-2023-116-01,1,1,3FAHP0HA4AR2,17,460,1780,13,0,12,23,2010,4,1,3,0,1,F,3,1490,5,0,1,1,17,2,56,1,0,1,0,2,7,9,62239,1,2,2,4,2,1,2,2,2,4,1,2,0,0,2,2,6,2,3,1,14,2,12,98,1,4,1,B,6,0,0,0,0,0,0,0,0,0,0,998,998,0,1,0,1,1,59,-59,0,224537,998,8,59,0,1,3,14,2,2,1,0,998,0.0,119,80,100,18.0,15.5,24.2,103.5334329,6,8
2300125,30,177,1-30-2023-177-02,2,1,1N4BL4BV6NN3,17,478,1904,13,0,35,47,2022,4,1,4,0,1,F,3,1558,5,0,1,1,90,2,64,1,0,9,998,8,0,9,85053,9,9,2,1,3,1,2,1,1,1,1,2,0,0,3,1,1,2,9,0,11,2,15,2,1,1,4,J,68,0,0,0,0,0,0,0,0,0,0,230,100,0,0,0,1,3,42,-32,-27,180162,998,-133,40,0,4,9,97,0,1,8,0,995,9.8,998,998,998,99.8,99.8,99.8,64.74750489,10,8
2300125,30,177,1-30-2023-177-02,2,2,3N1AB7AP8EY2,17,478,1907,13,0,35,43,2014,4,1,3,0,1,F,3,1293,5,0,1,1,90,2,64,1,0,9,998,8,0,9,85303,9,9,2,1,3,1,2,1,1,1,3,1,0,0,3,1,1,2,9,0,1,4,62,4,1,1,4,J,69,0,0,0,0,0,0,0,0,0,0,100,230,0,0,0,1,3,46,-45,8,180914,998,75,49,0,4,9,97,0,2,8,0,995,9.8,998,998,998,99.8,99.8,99.8,64.74750489,10,8