CASEID,PSU,CASENO,CASENUMBER,CATEGORY,VEHNO,VIN,VINLENGTH,VPICMAKE,VPICMODEL,VPICBODYCLASS,ICFINALBODY,MAKE,MODEL,MODELYR,BODYTYPE,BODYCAT,VEHCLASS,SPECUSE,TRANSTAT,DAMPLANE,DAMSEV,CURBWT,CURBSRC,CARGOWT,CARGOSRC,INSPTYPE,INSPLAG,TOWED,SPEEDLIMIT,DRPRESENT,PARALCOHOL,ALCTEST,ALCTESTRESULT,ALCTESTSRC,PARDRUG,DRUGTEST,ZIP,RACE,ETHNICITY,RELTOJUNCT,TRAFFLOW,RDLANES,INITLANE,SURFTYPE,SURFCOND,ALIGNMENT,PROFILE,LINERIGHT,LINELEFT,RUMBINIT,RUMBROAD,LIGHTCOND,WEATHER,TRAFDEV,TRAFFUNCT,DISTRACT,PREFHE,PREMOVE,CRITCAT,CRITEVENT,MANEUVER,PRESTAB,PRELOC,CRASHCAT,CRASHCONF,CRASHTYPE,ROLLTYPE,ROLLTURN,ROLLINTRPT,ROLLPREMAN,ROLLINITYP,ROLLINLOC,ROLLOBJ,ROLLTRIP,ROLLDIR,ROLLDIST,DVANGTHIS,DVANGOTH,TOWHITCH,TRAJDOC,TREEPOLE,DVEVENT,DVBASIS,DVTOTAL,DVLONG,DVLAT,DVENERGY,DVSPEED,DVMOMENT,DVBES,DVEST,DVCONF,VAIS,VISS,VINJSEV,VINJURED,VTREAT,INITOBJCLASS,HEADANGLECAT,SHLDRWIDTH,STRKLENGTH,STRKWIDTH,STRKHEIGHT,EDGEDISTX,EDGEDISTY,EDGEDISTZ,CASEWGT,PSUSTRAT,VERSION
2300127,73,189,1-73-2023-189-03,3,1,1C6SRFFT9MN6,17,496,13620,60,0,7,482,2021,34,5,31,0,1,T,1,2308,5,0,1,4,44,2,80,1,0,0,995,0,0,0,04976,9,9,0,4,2,1,2,3,1,1,1,4,0,0,1,4,0,0,1,1,1,1,6,99,3,4,1,A,2,1,2,2,6,1,3,61,1,2,10,997,997,0,0,0,1,6,999,999,999,9999999,999,999,999,6,0,9,97,0,1,8,3,997,9.8,998,998,998,99.8,99.8,99.8,31.6102783,3,8
2300128,73,190,1-73-2023-190-06,6,1,2T1BURHE2EC0,17,448,2208,13,0,49,32,2014,4,1,3,0,1,R,1,1290,5,0,1,1,41,2,72,1,0,0,995,0,0,0,04479,9,9,0,4,2,1,2,5,2,5,0,0,0,0,2,3,0,0,1,1,14,1,5,99,3,4,1,B,7,0,0,0,0,0,0,0,0,0,0,998,998,0,0,2,1,10,999,999,999,9999999,999,153,13,2,0,99,99,0,0,0,0,998,0.0,30,30,120,28.2,3.2,28.5,56.7769512,3,8
2300129,73,191,1-73-2023-191-07,7,1,5TDKZ3DC2HS8,17,448,2468,2,0,49,442,2017,20,4,20,0,1,F,9,2010,5,9999,9,0,998,2,40,1,8,0,995,0,7,0,04426,9,9,0,4,2,1,2,3,3,1,0,0,0,0,1,1,0,0,9,1,14,1,6,99,9,4,1,A,2,0,0,0,0,0,0,0,0,0,0,999,999,0,0,0,1,0,999,999,999,9999999,999,999,999,9,0,0,0,0,0,0,0,999,9.8,998,998,998,99.8,99.8,99.8,201.0197217,3,8
2300130,12,134,1-12-2023-134-07,7,1,1GCEK19K3RE2,17,467,10978,60,0,20,481,1994,34,5,31,0,1,F,2,1825,5,0,2,4,24,2,72,1,0,0,995,0,0,0,73401,1,2,2,4,2,1,2,1,1,1,0,0,0,0,4,1,2,2,2,0,1,2,17,2,1,1,5,L,88,0,0,0,0,0,0,0,0,0,0,300,220,0,0,0,1,4,25,-25,-4,55933,998,-44,26,0,4,1,1,0,1,0,0,995,9.8,998,998,998,99.8,99.8,99.8,745.7236552,9,8
2300130,12,134,1-12-2023-134-07,7,2,4T4BF1FK0GR5,17,448,2469,13,0,49,40,2016,4,1,4,0,1,L,2,1467,5,0,1,1,22,2,72,1,0,0,995,0,0,0,73401,9,9,2,4,2,1,2,1,1,1,0,0,0,0,4,1,2,2,9,0,1,4,66,8,1,1,5,L,89,0,0,0,0,0,0,0,0,0,0,220,300,0,0,0,1,4,32,0,32,106024,998,-135,31,0,4,0,0,0,0,0,0,995,9.8,998,998,998,99.8,99.8,99.8,745.7236552,9,8
2300131,12,135,1-12-2023-135-04,4,1,3GNEC16T21G2,17,467,1851,7,0,20,431,2001,16,3,16,0,1,F,1,2301,5,9999,9,0,998,5,56,1,0,0,995,0,0,0,73401,9,9,2,4,5,2,2,2,1,1,1,1,0,0,1,1,1,2,9,0,1,2,17,99,1,1,5,L,88,0,0,0,0,0,0,0,0,0,0,260,180,0,0,0,1,3,4,-4,1,1637,998,87,4,0,4,95,95,95,95,95,0,995,9.8,998,998,998,99.8,99.8,99.8,309.6974529,9,8
2300131,12,135,1-12-2023-135-04,4,2,WBAJA9C53KB3,17,452,20813,13,0,34,35,2019,4,1,5,0,1,L,1,2064,5,0,1,1,18,2,56,1,0,0,995,0,0,0,73401,3,2,2,4,4,2,2,2,1,1,1,1,0,0,1,1,1,2,1,0,1,4,66,99,1,1,5,L,89,0,0,0,0,0,0,0,0,0,0,180,260,0,0,0,1,3,8,-3,7,10247,998,111,9,0,4,1,3,0,1,6,0,995,9.8,998,998,998,99.8,99.8,99.8,309.6974529,9,8
2300131,12,135,1-12-2023-135-04,4,3,2C3CCAAG3GH2,17,477,1878,13,0,6,51,2016,4,1,5,0,1,L,1,1797,5,0,1,1,18,2,56,1,0,0,995,0,0,0,73458,1,2,2,4,5,1,2,2,1,1,0,3,0,0,1,1,1,2,1,0,5,4,62,1,1,1,6,M,98,0,0,0,0,0,0,0,0,0,0,100,220,0,0,0,3,3,5,-1,5,3767,998,140,5,0,4,1,1,0,2,4,0,995,0.0,999,999,999,0.0,0.0,0.0,309.6974529,9,8
2300132,12,136,1-12-2023-136-04,4,1,1N4BL4BV2LC1,17,478,1904,13,0,35,47,2020,4,1,4,0,1,F,2,1545,5,0,1,1,28,2,40,1,1,8,997,8,0,0,73401,2,2,0,4,2,1,2,1,2,1,1,2,0,0,2,1,0,0,3,0,14,3,50,98,1,1,2,D,20,0,0,0,0,0,0,0,0,0,0,95,95,0,1,0,1,1,32,-32,0,97537,998,0,39,0,1,1,1,0,1,4,0,995,1.9,22,15,17,0.0,0.0,0.0,309.6974529,9,8
2300132,12,136,1-12-2023-136-04,4,2,1GCEC19M4WE2,17,467,10978,60,0,20,481,1998,34,5,31,0,1,B,1,1995,5,0,1,1,13,2,40,1,0,0,995,0,0,0,73401,5,2,0,4,2,1,2,1,2,1,1,2,0,0,2,1,0,0,1,0,5,3,53,1,1,1,2,D,21,0,0,0,0,0,0,0,0,0,0,95,95,0,1,0,1,1,24,24,0,14586,998,-14,13,0,1,1,2,0,2,4,0,995,1.9,20,20,80,3.6,9.4,10.2,309.6974529,9,8
2300133,30,179,1-30-2023-179-04,4,1,5XXG34J21NG1,17,499,27527,13,0,63,398,2022,4,1,4,0,1,F,9,1567,5,9999,9,0,998,2,64,1,0,0,995,0,0,0,85308,9,9,2,1,3,2,2,1,1,1,3,1,0,0,1,8,0,0,1,1,1,4,61,7,1,4,1,B,8,0,0,0,0,0,0,0,0,0,0,998,998,0,0,0,1,0,999,999,999,9999999,999,999,999,9,0,0,0,0,0,0,0,998,0.0,90,20,16,0.0,0.0,0.0,5251.578672,10,8
2300134,33,94,1-33-2023-094-09,9,1,1N4BL4CV7PN3,17,478,1904,13,0,35,47,2023,4,1,4,0,1,F,1,1558,5,9999,9,0,998,5,64,1,0,0,995,0,0,0,95966,9,9,2,1,3,3,2,1,3,1,1,0,0,0,1,8,0,0,1,0,11,2,15,99,1,1,4,J,68,0,0,0,0,0,0,0,0,0,0,125,0,0,0,0,1,3,9,-7,-5,2488,998,-133,5,0,4,95,95,95,95,95,0,995,9.8,998,998,998,99.8,99.8,99.8,216.9713757,12,8
2300134,33,94,1-33-2023-094-09,9,2,JHMCB7563MC0,17,474,1861,13,0,37,32,1991,4,1,3,0,1,L,1,1253,5,100,2,1,14,2,64,1,0,0,995,0,0,0,95968,1,2,2,1,2,1,2,1,1,1,3,3,0,0,1,8,0,0,1,0,1,4,62,1,1,1,4,J,69,0,0,0,0,0,0,0,0,0,0,0,125,0,1,0,1,3,9,-8,3,11740,998,-85,12,0,4,0,0,0,0,0,0,995,0.0,999,999,999,2.8,0.2,2.8,216.9713757,12,8
2300135,33,95,1-33-2023-095-05,5,1,3GCUKREC9EG4,17,467,1850,60,0,20,481,2014,34,5,31,0,1,F,2,2378,5,120,1,1,16,2,72,1,1,1,250,2,1,2,95966,1,9,2,4,4,3,2,1,1,9,1,2,0,0,3,8,1,2,2,0,11,2,15,1,1,1,4,J,68,0,0,0,0,0,0,0,0,0,0,240,90,0,0,0,1,1,29,-29,-5,130133,998,-56,34,0,1,2,5,0,1,3,0,995,9.8,998,998,998,99.8,99.8,99.8,23.0841485,12,8
2300135,33,95,1-33-2023-095-05,5,2,1GNGK26N3SJ3,17,467,1851,7,0,20,431,1995,16,3,16,0,1,F,2,2599,5,0,1,1,15,2,72,1,0,0,995,0,0,0,95965,1,9,2,4,3,1,2,1,1,9,1,1,0,0,3,8,1,2,1,0,1,4,62,1,1,1,4,J,69,0,0,0,0,0,0,0,0,0,0,90,240,0,0,0,1,1,27,-25,9,53249,998,46,21,0,1,1,1,0,2,99,0,995,9.8,998,998,998,99.8,99.8,99.8,23.0841485,12,8
2300138,18,130,1-18-2023-130-10,10,1,4S4BP68C1643,17,523,2233,7,0,48,45,2006,6,1,3,0,1,T,2,1585,5,0,1,1,19,2,113,1,0,0,995,0,0,0,60120,4,9,1,1,2,1,2,5,1,9,3,2,1,0,2,8,0,0,1,1,1,1,6,99,3,4,1,A,2,1,4,1,2,1,4,61,1,2,29,997,997,0,0,0,1,6,999,999,999,9999999,999,999,999,7,0,0,0,0,0,4,3,997,1.9,999,999,999,39.8,29.6,49.5,562.4796915,6,8
2300139,18,131,1-18-2023-131-04,4,1,KMHL34J22NA2,17,498,2459,13,0,55,33,2022,4,1,4,0,1,F,1,1527,5,0,1,1,11,2,89,1,0,0,995,0,0,0,54870,1,9,0,2,2,1,1,1,2,1,1,3,0,0,4,1,0,0,9,0,14,6,87,99,1,1,1,C,13,0,0,0,0,0,0,0,0,0,0,998,998,0,0,0,1,10,999,999,999,9999999,999,7,15,2,0,0,0,0,0,0,0,998,9.8,998,998,998,99.8,99.8,99.8,66.78269887,6,8
2300140,23,108,1-23-2023-108-06,6,1,19XFC1F75GE0,17,474,1863,13,0,37,31,2016,4,1,3,0,1,F,2,1244,5,0,1,4,55,2,113,1,0,0,995,0,0,0,43081,9,9,0,2,3,3,2,1,1,1,3,2,1,3,2,8,0,0,1,1,1,2,12,99,2,4,1,B,6,0,0,0,0,0,0,0,0,0,0,998,998,0,0,0,1,12,999,999,999,9999999,999,999,999,7,0,99,99,0,0,0,0,998,4.3,999,999,999,9.6,1.7,10.0,66.8952613,5,8
2300142,17,187,1-17-2023-187-06,6,1,3FADP4EJ8HM1,17,460,3267,5,0,12,32,2017,5,1,1,0,1,F,1,1151,5,0,1,1,54,2,89,1,0,0,995,0,0,0,61254,1,2,0,4,2,1,2,2,1,1,1,4,0,0,1,2,0,0,3,1,1,2,13,3,9,4,1,A,1,0,0,0,0,0,0,0,0,0,0,998,998,0,1,0,4,1,21,-21,-4,22480,998,-32,21,0,4,1,1,0,1,4,0,998,2.0,999,999,999,2.2,1.6,2.7,70.13711503,4,8
2300143,17,188,1-17-2023-188-09,9,1,3CZRE48579G7,17,474,1865,7,0,37,402,2009,14,3,14,0,1,F,1,1604,5,0,1,4,12,2,48,1,0,1,0,2,0,0,61265,1,9,2,4,2,1,1,1,1,1,0,4,0,0,3,1,0,0,9,1,1,2,13,99,2,4,1,C,11,0,0,0,0,0,0,0,0,0,0,355,355,0,0,0,1,98,999,999,999,9999999,999,999,999,6,0,0,0,0,0,4,0,995,9.8,998,998,998,99.8,99.8,99.8,223.5195858,4,8
2300143,17,188,1-17-2023-188-09,9,2,1FMCU0D77CK8,17,460,1798,7,0,12,402,2012,14,3,14,0,2,B,9,1495,5,9999,9,0,998,,,,,,,,,,,,,,,,,,,,,,,,,,,,,,,,,,,,,,,,,,,,,,,,,,,,,,,,,,,,,,,,,,95,95,95,95,95,,,,,,,,,,223.5195858,4,8
2300144,17,189,1-17-2023-189-03,3,1,3GCUKSEC7FG3,17,467,1850,60,0,20,481,2015,34,5,30,0,1,F,1,2394,5,0,1,1,46,2,64,1,0,0,995,0,0,0,61284,1,9,2,4,2,1,2,1,3,1,1,4,0,0,2,1,0,0,9,1,6,4,61,99,1,2,4,J,73,0,0,0,0,0,0,0,0,0,0,185,155,0,0,0,1,98,999,999,999,9999999,999,999,999,6,0,0,0,0,0,0,0,995,9.9,120,92,14,5.5,1.9,5.6,57.62015134,4,8
2300144,17,189,1-17-2023-189-03,3,2,4S4WMACD3L34,17,523,24836,7,0,48,421,2020,15,3,15,0,1,L,1,2073,5,0,1,3,29,2,64,1,0,0,995,0,0,0,61284,1,9,2,4,2,1,2,1,3,1,1,4,0,0,2,1,0,0,9,0,11,2,15,99,1,1,4,J,72,0,0,0,0,0,0,0,0,0,0,155,185,0,0,0,1,98,999,999,999,9999999,999,999,999,6,0,9,97,0,1,8,0,995,9.8,998,998,998,99.8,99.8,99.8,57.62015134,4,8
2300145,18,128,1-18-2023-128-04,4,1,1GNEVHKW6LJ1,17,467,1853,7,0,20,423,2020,15,3,15,0,1,L,1,2132,5,0,1,1,10,2,24,1,0,0,995,0,0,0,54720,1,9,2,3,1,1,1,5,2,1,0,2,0,0,3,2,3,2,1,1,14,1,6,99,3,4,1,B,7,0,0,0,0,0,0,0,0,0,0,998,998,0,0,0,1,12,999,999,999,9999999,999,999,999,6,0,0,0,0,0,0,0,998,0.0,120,12,14,4.1,1.4,4.7,66.78269889,6,8
2300146,18,129,1-18-2023-129-10,10,1,2FMDK3KC6BBA,17,460,1797,7,0,12,24,2011,6,1,4,0,1,L,9,1852,5,9999,9,0,998,2,89,1,0,0,995,0,0,0,54729,1,9,2,3,1,1,1,5,2,1,0,2,0,0,3,2,3,2,1,1,10,1,6,2,3,4,1,B,7,0,0,0,0,0,0,0,0,0,0,998,998,0,0,0,1,0,999,999,999,9999999,999,999,999,9,0,0,0,0,0,0,0,998,0.0,999,999,999,4.7,2.6,5.3,562.4796915,6,8
2300147,20,134,1-20-2023-134-04,4,1,1C4NJDBB7GD5,17,483,1946,7,0,2,1,2016,6,1,2,0,1,F,1,1405,5,0,2,4,68,2,64,1,0,0,995,0,0,0,95076,1,1,2,4,5,1,2,2,1,1,1,3,0,0,1,8,1,2,9,0,1,2,17,2,1,1,5,L,86,0,0,0,0,0,0,0,0,0,0,998,998,0,0,0,2,12,999,999,999,9999999,999,999,999,2,0,1,1,0,1,5,0,998,0.0,120,39,120,8.3,0.0,8.3,351.6665631,11,8
2300147,20,134,1-20-2023-134-04,4,2,1HGCV1F36MA0,17,474,1861,13,0,37,32,2021,4,1,4,0,1,R,1,1462,5,0,2,1,34,2,40,1,0,0,995,0,7,0,93905,1,1,2,1,2,1,2,2,3,1,3,1,0,0,1,8,1,2,1,0,14,4,66,7,1,1,5,L,87,0,0,0,0,0,0,0,0,0,0,55,330,0,1,0,1,3,12,-2,-11,20445,998,148,13,0,1,1,1,0,2,6,0,995,0.0,23,23,75,2.1,1.0,2.3,351.6665631,11,8
2300147,20,134,1-20-2023-134-04,4,3,4T1BK1EBXDU0,17,448,2465,13,0,49,43,2013,4,1,4,0,1,F,1,1620,5,9999,9,2,43,5,40,1,0,0,995,0,7,0,93908,9,9,2,4,3,2,2,2,2,1,1,2,0,0,1,8,1,2,1,0,3,4,62,99,1,1,6,M,98,0,0,0,0,0,0,0,0,0,0,245,155,0,0,0,3,8,999,999,999,9999999,999,999,999,6,0,95,95,95,95,95,0,995,9.8,998,998,998,99.8,99.8,99.8,351.6665631,11,8
2300148,20,135,1-20-2023-135-10,10,1,WBAEU33453PM,17,452,2765,13,0,34,34,2003,4,1,3,0,1,F,2,1470,5,0,1,1,25,2,56,1,1,8,997,8,7,9,95076,9,1,0,5,3,1,2,1,3,1,0,2,0,0,3,1,0,0,9,1,14,2,13,99,1,4,1,A,1,0,0,0,0,0,0,0,0,0,0,320,330,0,0,0,1,12,999,999,999,9999999,999,999,999,7,0,0,0,0,0,8,0,995,9.8,998,998,998,99.8,99.8,99.8,3282.605563,11,8
2300148,20,135,1-20-2023-135-10,10,2,WDDGF5HB7DA7,17,449,2085,13,0,42,42,2013,4,1,3,0,2,B,9,1610,5,9999,9,0,998,,,,,,,,,,,,,,,,,,,,,,,,,,,,,,,,,,,,,,,,,,,,,,,,,,,,,,,,,,,,,,,,,,95,95,95,95,95,,,,,,,,,,3282.605563,11,8
2300149,11,108,1-11-2023-108-02,2,1,1FTEF15N9FNA,17,460,1801,60,0,12,481,1985,34,5,31,0,1,F,9,9999,9,9999,9,0,998,2,40,1,1,0,995,0,9,0,23237,9,9,2,4,2,1,2,1,3,1,0,0,0,0,1,1,2,2,3,0,14,2,17,99,1,1,5,L,88,0,0,0,0,0,0,0,0,0,0,70,330,0,0,0,1,0,999,999,999,9999999,999,999,999,9,0,9,97,0,1,99,0,995,9.8,998,998,998,99.8,99.8,99.8,83.61933847,8,8
2300149,11,108,1-11-2023-108-02,2,2,5XXGU4L10LG4,17,499,2739,13,0,63,34,2020,4,1,4,0,1,L,2,1465,5,0,1,4,39,2,40,1,0,0,995,0,0,0,23832,1,1,2,4,2,1,2,1,1,1,0,0,0,0,1,1,0,0,1,0,1,4,66,99,1,1,5,L,89,0,0,0,0,0,0,0,0,0,0,330,70,0,0,0,1,12,999,999,999,9999999,999,999,999,7,0,2,5,0,2,4,0,995,9.8,998,998,998,99.8,99.8,99.8,83.61933847,8,8
2300150,11,109,1-11-2023-109-01,1,1,2G1115S34G91,17,467,1833,13,0,20,2,2016,4,1,4,0,1,F,3,1661,5,0,1,4,12,2,48,1,0,1,0,2,1,2,23113,1,9,0,4,2,1,2,2,1,2,1,2,0,0,2,2,0,0,1,1,1,1,6,2,2,4,1,A,1,0,0,0,0,0,0,0,0,0,0,998,998,0,0,1,1,98,999,999,999,9999999,999,999,999,8,0,2,9,1,4,1,0,998,0.0,46,46,120,3.0,8.0,5.0,220.0881348,8,8
2300151,24,128,1-24-2023-128-03,3,1,5YJSA1E2XJF2,17,441,1685,5,0,29,5,2018,5,1,5,0,1,F,1,2254,5,9999,9,1,44,2,40,1,0,0,995,0,0,0,08234,1,1,2,4,2,1,2,1,1,1,1,2,0,0,3,1,0,0,9,0,1,4,65,1,1,1,4,K,77,0,0,0,0,0,0,0,0,0,0,100,170,0,0,0,1,3,16,-14,8,29995,998,108,15,0,1,1,2,0,1,4,0,995,0.0,999,999,999,0.0,1.4,1.4,111.4563967,1,8
2300151,24,128,1-24-2023-128-03,3,2,2T3RWRFV8PW1,17,448,2217,7,0,49,402,2023,14,3,14,0,1,R,1,1703,5,0,1,1,30,2,40,1,0,0,995,0,0,0,08234,9,1,2,4,2,1,2,1,1,1,1,2,0,0,3,1,2,2,9,0,11,2,15,1,1,1,4,K,76,0,0,0,0,0,0,0,0,0,0,170,100,0,0,0,1,3,21,-4,-20,48694,998,-104,21,0,4,0,0,0,0,4,0,995,9.8,998,998,998,99.8,99.8,99.8,111.4563967,1,8
2300153,24,130,1-24-2023-130-05,5,1,SAJWJ0FF9F8U,17,442,2285,13,0,39,37,2015,4,1,5,0,1,F,1,1880,5,0,1,1,19,2,89,1,0,0,995,0,0,0,08094,2,2,0,1,2,1,2,1,1,1,1,3,0,0,3,1,0,0,9,1,1,2,13,1,1,4,1,A,1,0,0,0,0,0,0,0,0,0,0,998,998,0,0,7,1,10,999,999,999,9999999,999,53,12,2,0,0,0,0,0,4,0,998,4.0,999,999,999,0.5,0.2,0.5,67.94873816,1,8
2300154,14,101,1-14-2023-101-09,9,1,WBABK8327TET,17,452,5237,1,0,34,34,1996,1,1,3,0,1,F,2,1415,5,0,1,1,32,2,48,1,8,0,995,0,7,0,99999,9,9,0,4,2,1,2,1,3,1,0,0,0,0,3,1,0,0,9,1,14,2,13,99,1,4,1,A,1,0,0,0,0,0,0,0,0,0,0,90,999,0,1,0,3,5,999,999,999,9999999,999,999,999,7,0,99,99,0,0,99,0,995,0.0,120,13,21,0.0,0.0,0.0,10544.3506,8,8
2300154,14,101,1-14-2023-101-09,9,2,1FDXE4FN7NDC,17,460,1819,62,108,12,870,2022,61,8,60,0,1,B,9,,,,,,,5,48,0,7,7,887,6,8,8,99998,8,8,0,4,2,1,2,1,3,1,0,0,0,0,3,1,0,0,0,8,0,4,64,0,0,0,6,M,98,,,,,,,,,,,,,,,,,,,,,,,,,,,95,95,95,95,95,,,9.8,998,998,998,99.8,99.8,99.8,10544.3506,8,8
2300155,16,148,1-16-2023-148-10,10,1,1N4AL21E89N4,17,478,1904,13,0,35,47,2009,4,1,4,0,1,F,9,1429,5,9999,9,0,998,2,40,1,8,0,995,0,7,0,45214,9,9,0,4,2,1,2,2,1,1,0,0,0,0,3,8,0,0,9,1,1,2,12,99,1,4,1,B,6,0,0,0,0,0,0,0,0,0,0,998,998,0,0,1,1,0,999,999,999,9999999,999,999,999,9,0,99,99,0,0,99,0,998,0.0,25,25,68,5.0,1.0,5.2,15751.21744,5,8
2300156,16,149,1-16-2023-149-02,2,1,1G1BE5SM0J72,17,467,1832,13,0,20,25,2018,4,1,3,0,1,F,3,1250,5,0,1,1,47,2,89,1,0,9,998,8,0,9,45211,2,2,0,2,3,1,2,1,2,1,1,3,2,3,3,1,0,0,3,1,14,3,52,1,1,2,2,D,28,0,0,0,0,0,0,0,0,0,0,240,230,0,0,0,1,1,66,-66,0,54733,998,0,33,0,4,0,0,0,0,8,0,995,4.0,999,999,999,0.0,0.0,0.0,15.68987138,5,8
2300156,16,149,1-16-2023-149-02,2,2,3N1CP5BV1ML5,17,478,22791,5,0,35,56,2021,5,1,2,0,1,B,3,1221,5,0,1,1,39,2,89,1,0,1,185,2,0,9,45211,2,2,0,2,3,1,2,1,2,1,1,3,2,3,3,1,0,0,9,1,2,3,53,1,1,2,2,D,29,0,0,0,0,0,0,0,0,0,0,230,240,0,0,0,1,1,68,67,12,408889,998,-28,88,0,4,5,27,1,1,3,0,995,4.0,999,999,999,0.0,0.0,0.0,15.68987138,5,8
2300157,16,150,1-16-2023-150-02,2,1,3N1AB8CV1LY2,17,478,1907,13,0,35,43,2020,4,1,3,0,1,R,2,1385,5,60,1,1,13,2,89,1,8,1,0,2,7,1,45252,2,2,0,1,2,2,2,2,1,1,1,3,2,3,1,8,0,0,3,1,1,2,12,99,4,4,3,I,64,0,0,0,0,0,0,0,0,0,0,65,315,0,1,0,1,1,35,-12,-33,148673,998,125,37,0,4,3,10,1,1,3,0,995,1.0,999,115,30,48.7,34.4,58.8,15.68987138,5,8
2300157,16,150,1-16-2023-150-02,2,2,1FMZU75WX4UA,17,460,1800,7,0,12,401,2004,14,3,14,0,1,F,2,1984,5,0,1,1,13,2,89,1,8,0,995,0,7,0,45030,9,9,0,1,2,1,2,2,1,1,1,3,2,3,1,8,0,0,1,0,1,4,62,2,1,1,3,I,65,0,0,0,0,0,0,0,0,0,0,315,65,0,0,0,1,1,25,-25,0,32431,998,-1,20,0,4,0,0,0,0,0,0,995,9.8,998,998,998,99.8,99.8,99.8,15.68987138,5,8
2300158,31,125,1-31-2023-125-07,7,1,1G1BC5SMXJ71,17,467,1832,13,0,20,25,2018,4,1,3,0,1,F,1,1250,5,9999,9,1,13,2,113,1,0,0,995,0,0,0,81004,9,9,0,1,2,2,2,2,1,1,1,3,2,3,2,2,0,0,9,0,1,6,87,1,1,9,1,C,13,0,0,0,0,0,0,0,0,0,0,998,998,0,0,0,1,12,999,999,999,9999999,999,999,999,6,0,0,0,0,0,0,0,998,9.8,998,998,998,99.8,99.8,99.8,233.4858143,6,8
2300159,25,127,1-25-2023-127-03,3,1,3FMCR9G65PRD,17,460,27411,7,0,12,498,2023,19,3,19,0,1,F,9,1568,5,9999,9,0,998,2,97,1,1,1,220,1,0,0,04011,1,2,0,2,2,1,2,1,1,1,3,2,0,0,2,1,0,0,1,1,1,2,12,7,9,4,1,B,8,0,0,0,0,0,0,0,0,0,0,998,998,0,0,0,1,0,999,999,999,9999999,999,999,999,9,0,1,1,0,1,0,0,998,1.0,999,999,999,6.7,18.8,20.0,33.75128135,2,8
2300160,25,128,1-25-2023-128-03,3,1,4S3GTAA63K37,17,523,2235,5,0,48,38,2019,5,1,3,0,1,L,2,1382,5,0,1,1,14,2,72,1,0,0,995,0,0,0,04072,9,9,2,4,2,1,2,1,1,1,1,2,0,0,1,8,2,2,9,0,11,2,15,99,1,1,4,K,82,0,0,0,0,0,0,0,0,0,0,255,35,0,0,0,1,1,35,-27,23,16438,998,-11,17,0,1,9,97,0,1,99,0,995,9.8,998,998,998,99.8,99.8,99.8,55.28835232,2,8
2300160,25,128,1-25-2023-128-03,3,2,7FARW2H5XJE0,17,474,1865,7,0,37,402,2018,14,3,14,0,1,F,2,1580,5,0,1,1,13,2,72,1,0,1,0,2,0,0,04055,9,9,2,4,2,1,2,1,1,1,1,2,0,0,1,8,0,0,1,0,1,4,67,3,1,1,4,K,83,0,0,0,0,0,0,0,0,0,0,35,255,0,0,0,1,1,29,-29,0,112517,998,-20,40,0,1,2,5,0,3,4,0,995,9.8,998,998,998,99.8,99.8,99.8,55.28835232,2,8
2300161,28,127,1-28-2023-127-04,4,1,YV4L12UA6P29,17,485,23714,7,0,51,403,2023,14,3,14,0,1,F,9,1688,5,0,2,4,38,2,113,1,0,0,995,0,0,0,22066,1,2,0,2,3,2,2,1,1,9,3,3,0,3,1,1,0,0,1,0,1,6,87,1,1,1,1,C,13,0,0,0,0,0,0,0,0,0,0,998,998,0,0,0,1,12,999,999,999,9999999,999,999,999,9,0,1,1,0,1,0,0,998,1.3,999,999,999,99.9,99.9,99.9,38.14523869,3,8
2300162,28,128,1-28-2023-128-03,3,1,MAJ6S3FL9MC4,17,460,17774,7,0,12,403,2021,14,3,14,0,1,F,1,1497,5,0,1,1,11,2,89,1,0,0,995,0,0,0,16915,9,9,0,4,2,1,2,1,1,1,1,2,0,0,2,1,0,0,1,0,1,6,87,2,1,1,1,C,13,0,0,0,0,0,0,0,0,0,0,998,998,0,0,0,1,12,999,999,999,9999999,999,999,999,6,0,1,1,0,1,4,0,998,9.8,998,998,998,99.8,99.8,99.8,43.93720625,3,8
2300163,28,129,1-28-2023-129-03,3,1,KNMAT2MV0KP5,17,478,1913,7,0,35,404,2019,14,3,14,0,1,T,1,1610,5,0,1,1,10,2,72,1,0,1,0,2,0,1,16923,1,9,0,4,2,1,2,1,2,9,1,2,0,0,2,1,0,0,3,1,14,2,12,98,2,4,1,B,7,1,3,2,2,5,4,31,6,1,18,997,997,0,0,0,2,6,999,999,999,9999999,999,999,999,6,0,2,4,0,1,3,2,997,9.9,999,999,999,99.9,99.9,99.9,43.93720625,3,8
2300164,32,210,1-32-2023-210-05,5,1,3C6RR6KT1GG1,17,496,13620,60,0,7,482,2016,34,5,30,0,1,F,1,2245,5,113,1,1,34,2,64,1,0,1,0,2,0,0,76542,1,9,1,3,1,1,1,1,3,9,1,2,0,0,1,8,0,0,9,1,14,2,13,99,1,4,1,A,1,0,0,0,0,0,0,0,0,0,0,998,998,0,0,0,1,1,14,-14,0,23630,998,85,14,0,1,2,5,0,2,3,0,998,2.5,999,999,999,23.0,2.5,23.8,197.7343791,7,8