CASEID,PSU,CASENO,CASENUMBER,CATEGORY,VEHNO,VIN,VINLENGTH,VPICMAKE,VPICMODEL,VPICBODYCLASS,ICFINALBODY,MAKE,MODEL,MODELYR,BODYTYPE,BODYCAT,VEHCLASS,SPECUSE,TRANSTAT,DAMPLANE,DAMSEV,CURBWT,CURBSRC,CARGOWT,CARGOSRC,INSPTYPE,INSPLAG,TOWED,SPEEDLIMIT,DRPRESENT,PARALCOHOL,ALCTEST,ALCTESTRESULT,ALCTESTSRC,PARDRUG,DRUGTEST,ZIP,RACE,ETHNICITY,RELTOJUNCT,TRAFFLOW,RDLANES,INITLANE,SURFTYPE,SURFCOND,ALIGNMENT,PROFILE,LINERIGHT,LINELEFT,RUMBINIT,RUMBROAD,LIGHTCOND,WEATHER,TRAFDEV,TRAFFUNCT,DISTRACT,PREFHE,PREMOVE,CRITCAT,CRITEVENT,MANEUVER,PRESTAB,PRELOC,CRASHCAT,CRASHCONF,CRASHTYPE,ROLLTYPE,ROLLTURN,ROLLINTRPT,ROLLPREMAN,ROLLINITYP,ROLLINLOC,ROLLOBJ,ROLLTRIP,ROLLDIR,ROLLDIST,DVANGTHIS,DVANGOTH,TOWHITCH,TRAJDOC,TREEPOLE,DVEVENT,DVBASIS,DVTOTAL,DVLONG,DVLAT,DVENERGY,DVSPEED,DVMOMENT,DVBES,DVEST,DVCONF,VAIS,VISS,VINJSEV,VINJURED,VTREAT,INITOBJCLASS,HEADANGLECAT,SHLDRWIDTH,STRKLENGTH,STRKWIDTH,STRKHEIGHT,EDGEDISTX,EDGEDISTY,EDGEDISTZ,CASEWGT,PSUSTRAT,VERSION
2300201,33,96,1-33-2023-096-03,3,1,2LMDU88C17BJ,17,464,1813,7,0,13,14,2007,6,1,4,0,1,R,1,2004,5,0,1,1,18,2,72,1,0,0,995,0,0,0,95966,1,9,2,4,2,1,2,1,1,1,1,2,0,0,1,1,0,0,1,0,11,2,15,1,1,1,4,J,68,0,0,0,0,0,0,0,0,0,0,100,350,0,1,0,1,1,24,-4,-24,54234,998,52,24,0,1,1,1,0,1,4,0,995,9.8,998,998,998,99.8,99.8,99.8,76.03015611,12,8
2300201,33,96,1-33-2023-096-03,3,2,1GCPYBEK3NZ1,17,467,29076,60,0,20,481,2022,34,5,31,0,1,F,1,2184,5,0,1,1,18,2,72,1,0,0,995,0,0,0,95966,1,9,2,4,2,1,2,1,1,1,1,2,0,0,1,1,0,0,1,0,1,4,62,2,1,1,4,J,69,0,0,0,0,0,0,0,0,0,0,350,100,0,1,0,1,1,22,-22,-4,43130,998,-20,22,0,1,9,97,0,1,99,0,995,9.8,998,998,998,99.8,99.8,99.8,76.03015611,12,8
2300202,17,190,1-17-2023-190-10,10,1,2C8GP64L01R1,17,477,1936,2,0,6,441,2001,20,4,20,0,1,U,1,1941,5,0,1,1,40,2,48,1,1,1,181,1,0,0,52806,9,9,1,3,1,1,2,1,3,9,1,2,3,3,2,1,0,0,9,1,14,2,13,99,9,4,1,A,1,0,0,0,0,0,0,0,0,0,0,998,998,0,0,0,2,98,999,999,999,9999999,999,999,999,6,0,0,0,0,0,0,0,998,1.8,999,999,999,99.9,99.9,99.9,95.15877216,4,8
2300205,20,137,1-20-2023-137-09,9,1,1FAFP56U96A2,17,460,1782,13,0,12,17,2006,4,1,3,0,1,F,1,1513,5,0,1,1,17,7,56,1,0,0,995,0,0,0,93907,1,2,0,4,2,1,2,1,1,1,0,2,0,0,1,8,0,0,9,1,1,2,13,2,2,4,1,A,1,0,0,0,0,0,0,0,0,0,0,998,998,0,1,1,1,12,999,999,999,9999999,999,999,999,2,0,1,1,0,1,4,0,998,0.0,30,30,80,40.1,1.7,40.1,67.83529524,11,8
2300206,20,136,1-20-2023-136-06,6,1,JHLRD78916C0,17,474,1865,7,0,37,402,2006,14,3,14,0,1,F,9,1530,5,9999,9,0,998,5,40,1,0,0,995,0,0,0,93955,9,9,2,4,2,1,2,2,1,1,0,4,0,0,3,2,2,2,9,0,1,2,17,99,1,1,5,L,88,0,0,0,0,0,0,0,0,0,0,260,170,0,0,0,1,0,999,999,999,9999999,999,999,999,9,0,95,95,95,95,95,0,995,9.8,998,998,998,99.8,99.8,99.8,29.96320244,11,8
2300206,20,136,1-20-2023-136-06,6,2,1HGCV1F30JA1,17,474,1861,13,0,37,32,2018,4,1,4,0,1,L,1,1433,5,0,2,1,23,2,40,1,0,0,995,0,0,0,93955,9,1,2,4,2,1,2,2,1,1,0,4,0,0,3,2,2,2,2,0,1,4,66,4,1,1,5,L,89,0,0,0,0,0,0,0,0,0,0,170,260,0,0,0,1,12,999,999,999,9999999,999,999,999,6,0,1,2,0,1,6,0,995,9.8,998,998,998,99.8,99.8,99.8,29.96320244,11,8
2300207,11,110,1-11-2023-110-03,3,1,3GYFNAEYXBS5,17,469,1844,7,0,19,20,2011,6,1,4,0,1,R,1,1907,5,0,1,1,23,2,72,1,0,1,0,2,0,0,23831,2,9,1,1,3,3,2,1,1,1,1,2,0,0,2,1,1,2,1,0,11,2,15,99,1,1,4,J,68,1,3,2,5,7,1,2,2,2,15,330,220,0,0,0,1,1,21,-7,-19,18131,998,29,15,0,4,1,1,0,1,4,1,995,9.8,998,998,998,99.8,99.8,99.8,251.0560307,8,8
2300207,11,110,1-11-2023-110-03,3,2,1C4RJFCG5KC8,17,483,1949,7,0,2,422,2019,15,3,15,0,1,F,1,2261,5,0,1,1,23,2,72,1,0,0,995,0,0,0,23831,9,9,1,1,2,2,2,1,1,9,1,2,0,0,2,1,1,2,1,0,1,4,62,2,1,1,4,J,69,0,0,0,0,0,0,0,0,0,0,220,330,0,0,0,1,1,17,-17,0,42750,998,10,21,0,4,99,99,0,0,99,0,995,9.8,998,998,998,99.8,99.8,99.8,251.0560307,8,8
2300209,24,132,1-24-2023-132-06,6,1,2HGFA1F69AH5,17,474,1863,13,0,37,31,2010,4,1,3,0,1,F,1,1199,5,9999,9,0,998,2,80,1,0,0,995,0,0,0,08232,2,2,2,4,3,2,2,1,1,1,1,2,0,0,3,1,1,2,9,0,11,2,15,1,1,1,4,J,68,0,0,0,0,0,0,0,0,0,0,20,180,0,0,0,1,3,20,-13,15,29183,998,149,16,0,4,0,0,0,0,0,0,995,9.8,998,998,998,99.8,99.8,99.8,307.4545953,1,8
2300209,24,132,1-24-2023-132-06,6,2,2T1BURHE6FC4,17,448,2208,13,0,49,32,2015,4,1,3,0,1,F,1,1265,5,0,1,1,38,2,80,1,0,0,995,0,0,0,08232,1,1,2,4,3,1,2,1,1,1,1,2,0,0,3,1,1,2,9,0,1,2,17,99,1,9,4,J,69,0,0,0,0,0,0,0,0,0,0,180,20,0,0,0,1,3,19,-16,9,36150,998,65,24,0,4,99,99,0,0,0,0,995,9.8,998,998,998,99.8,99.8,99.8,307.4545953,1,8
2300211,16,151,1-16-2023-151-01,1,1,3MYDLBYV9JY3,17,448,24949,13,0,49,51,2018,4,1,2,0,1,F,3,1095,5,0,1,1,23,2,40,1,1,1,324,3,1,2,45240,2,9,2,5,3,1,2,1,1,1,1,2,0,0,3,8,0,0,9,1,1,1,9,99,1,4,1,B,6,0,0,0,0,0,0,0,0,0,0,998,998,0,1,1,3,1,72,-70,-12,234349,998,-9,71,0,1,6,75,1,1,1,0,998,2.7,119,15,14,0.0,0.0,0.0,15.19610288,5,8
2300213,28,130,1-28-2023-130-07,7,1,1GNKVHKD8GJ2,17,467,1853,7,0,20,423,2016,15,3,15,0,1,L,1,2197,5,0,1,1,21,2,72,1,0,0,995,0,0,0,16936,9,9,0,4,2,1,2,2,1,1,0,2,0,0,2,2,0,0,9,1,1,2,10,1,1,2,3,I,64,0,0,0,0,0,0,0,0,0,0,220,35,0,0,0,1,11,999,999,999,9999999,999,999,999,6,0,0,0,0,0,0,0,995,9.8,998,998,998,99.8,99.8,99.8,44.13141895,3,8
2300213,28,130,1-28-2023-130-07,7,2,1J4FF68SXXL5,17,483,1945,7,0,2,404,1999,14,3,14,0,1,L,1,1503,5,0,1,1,26,2,72,1,0,0,995,0,0,0,14838,9,9,0,4,2,1,2,2,1,1,0,2,0,0,2,2,0,0,1,0,1,4,62,99,1,1,3,I,65,0,0,0,0,0,0,0,0,0,0,35,220,0,0,0,2,12,999,999,999,9999999,999,999,999,6,0,0,0,0,0,0,0,995,9.8,998,998,998,99.8,99.8,99.8,44.13141895,3,8
2300214,28,131,1-28-2023-131-04,4,1,KNDEUCAA3R74,17,499,26900,7,0,63,498,2024,14,3,14,0,1,F,1,1445,5,0,1,1,27,2,72,1,1,8,997,8,0,0,15834,9,9,0,4,2,1,2,1,3,1,1,2,0,0,3,1,0,0,9,1,14,2,13,98,2,4,1,A,2,0,0,0,0,0,0,0,0,0,0,998,998,0,0,2,1,10,999,999,999,9999999,999,-30,13,2,0,0,0,0,0,0,0,998,7.9,15,40,120,32.7,0.8,32.6,38.14523869,3,8
2300215,14,102,1-14-2023-102-03,3,1,3KPF24AD9ME3,17,499,2462,13,0,63,38,2021,4,1,3,0,1,F,9,1256,5,9999,9,0,998,5,48,1,8,0,995,0,7,0,78133,9,9,2,4,2,1,1,1,1,1,0,0,0,0,3,1,2,2,9,1,10,2,16,99,1,3,4,K,80,0,0,0,0,0,0,0,0,0,0,170,50,0,0,0,1,0,999,999,999,9999999,999,999,999,9,0,95,95,95,95,95,0,995,9.8,998,998,998,99.8,99.8,99.8,537.3883745,8,8
2300215,14,102,1-14-2023-102-03,3,2,3C4NJCBB1KT6,17,483,1946,7,0,2,1,2019,6,1,2,0,1,F,1,1444,5,0,1,1,46,2,48,1,8,0,995,0,7,0,78216,1,9,2,4,2,1,1,1,1,2,0,0,0,0,3,1,0,0,9,0,1,4,67,4,1,1,4,K,81,0,0,0,0,0,0,0,0,0,0,50,170,0,0,0,1,12,999,999,999,9999999,999,999,999,6,0,9,97,0,1,6,0,995,9.8,998,998,998,99.8,99.8,99.8,537.3883745,8,8
2300216,25,129,1-25-2023-129-10,10,1,2CNFLNEWXA63,17,467,1847,7,0,20,404,2010,14,3,14,0,1,F,1,1713,5,0,1,5,28,2,56,1,0,0,995,0,0,0,04020,9,9,2,4,2,1,2,2,3,2,1,2,0,0,2,2,2,2,1,0,14,2,17,99,1,1,5,L,86,0,0,0,0,0,0,0,0,0,0,310,35,0,0,0,1,12,999,999,999,9999999,999,999,999,6,0,0,0,0,0,0,0,995,9.8,998,998,998,99.8,99.8,99.8,39.50353083,2,8
2300216,25,129,1-25-2023-129-10,10,2,1C4RJFAG2LC2,17,483,1949,7,0,2,422,2020,15,3,15,0,1,R,9,1839,5,9999,9,0,998,5,56,1,0,0,995,0,0,0,04084,9,9,2,4,2,1,2,2,1,1,1,2,0,0,2,2,2,2,1,0,1,4,66,99,1,1,5,L,87,0,0,0,0,0,0,0,0,0,0,35,310,0,0,0,1,0,999,999,999,9999999,999,999,999,9,0,95,95,95,95,95,0,995,9.8,998,998,998,99.8,99.8,99.8,39.50353083,2,8
2300217,25,130,1-25-2023-130-06,6,1,2T3RFREV6JW8,17,448,2217,7,0,49,402,2018,14,3,14,0,1,L,1,1610,5,0,1,1,39,2,56,1,0,0,995,0,0,0,04101,9,9,0,3,2,1,2,1,1,1,1,3,0,0,3,1,0,0,3,1,1,2,11,1,1,4,1,C,11,1,1,2,5,7,1,2,3,2,3,997,997,0,0,0,2,6,999,999,999,9999999,999,999,999,6,0,1,1,0,1,5,1,997,9.8,998,998,998,99.8,99.8,99.8,25.43913257,2,8
2300217,25,130,1-25-2023-130-06,6,2,3TMMU4FN9FM0,17,448,2223,60,0,49,472,2015,34,5,31,0,2,B,9,1914,5,9999,9,0,998,,,,,,,,,,,,,,,,,,,,,,,,,,,,,,,,,,,,,,,,,,,,,,,,,,,,,,,,,,,,,,,,,,95,95,95,95,95,,,,,,,,,,25.43913257,2,8
2300219,32,214,1-32-2023-214-03,3,1,KNDJF7245975,17,499,2770,7,0,63,401,2009,14,3,14,0,1,F,2,1520,5,0,1,5,19,2,56,1,0,8,997,8,0,0,75214,1,9,0,1,3,1,1,1,1,1,0,3,0,0,3,1,0,0,9,0,1,3,51,99,1,1,2,D,24,0,0,0,0,0,0,0,0,0,0,260,260,0,0,0,1,12,999,999,999,9999999,999,999,999,7,0,9,97,0,1,8,0,995,9.8,998,998,998,99.8,99.8,99.8,190.1662005,7,8
2300219,32,214,1-32-2023-214-03,3,2,1GKS2EEF9DR3,17,472,1859,7,0,23,422,2013,15,3,15,0,1,B,9,2575,5,9999,9,0,998,5,56,1,0,0,995,0,0,0,75220,9,9,0,1,3,1,1,1,1,1,0,3,0,0,3,1,0,0,9,0,1,3,53,99,1,1,2,D,25,0,0,0,0,0,0,0,0,0,0,260,260,0,0,0,1,0,999,999,999,9999999,999,999,999,9,0,95,95,95,95,95,0,995,9.8,998,998,998,99.8,99.8,99.8,190.1662005,7,8
2300219,32,214,1-32-2023-214-03,3,3,3KPF24AD9PE5,17,499,2462,13,0,63,38,2023,4,1,3,0,1,B,2,1256,5,0,1,5,21,2,56,1,0,0,995,0,0,0,75234,2,9,0,2,3,1,1,1,1,1,0,3,0,0,3,1,0,0,9,0,1,3,53,99,1,1,6,M,98,0,0,0,0,0,0,0,0,0,0,260,260,0,0,0,2,12,999,999,999,9999999,999,999,999,7,0,9,97,0,1,8,0,995,9.8,998,998,998,99.8,99.8,99.8,190.1662005,7,8
2300224,24,133,1-24-2023-133-07,7,1,2C3CCAAG7GH1,17,477,1878,13,0,6,51,2016,4,1,5,99,1,R,1,9999,9,9999,9,5,23,3,40,1,0,0,995,0,0,0,08401,9,9,0,4,4,2,2,1,1,1,3,2,0,0,3,1,0,0,9,1,15,2,11,99,1,2,2,F,46,0,0,0,0,0,0,0,0,0,0,110,100,0,0,0,1,12,999,999,999,9999999,999,999,999,6,0,0,0,0,0,0,0,995,9.8,998,998,998,99.8,99.8,99.8,944.6545422,1,8
2300224,24,133,1-24-2023-133-07,7,2,2D4RN5DGXBR6,17,476,14832,2,0,7,442,2011,20,4,20,0,1,L,9,1960,5,9999,9,0,998,5,40,1,0,0,995,0,0,0,08401,9,9,0,4,4,1,2,1,1,1,0,3,0,0,3,1,0,0,9,0,1,4,60,99,1,1,2,F,45,0,0,0,0,0,0,0,0,0,0,100,110,0,0,0,1,0,999,999,999,9999999,999,999,999,9,0,95,95,95,95,95,0,995,9.8,998,998,998,99.8,99.8,99.8,944.6545422,1,8
2300225,52,127,1-52-2023-127-04,4,1,3C4PDCAB3LT1,17,476,1939,7,0,7,404,2020,14,3,14,0,1,L,1,1735,5,0,1,1,33,2,40,1,0,0,995,0,0,0,59101,9,9,3,3,1,1,2,1,1,4,0,0,0,0,1,1,5,2,9,0,11,2,15,1,1,1,4,K,82,0,0,0,0,0,0,0,0,0,0,50,190,0,0,0,1,3,12,-11,4,21440,998,-137,13,0,4,0,0,0,0,0,0,995,9.8,998,998,998,99.8,99.8,99.8,353.2277699,12,8
2300225,52,127,1-52-2023-127-04,4,2,WUAW2AFC4EN9,17,582,8685,5,0,32,58,2014,5,1,5,0,1,F,1,1995,5,0,2,1,39,2,40,1,0,0,995,0,0,0,59101,1,2,3,4,2,1,2,1,1,1,0,2,0,0,1,1,0,0,1,0,1,4,72,4,1,1,4,K,83,0,0,0,0,0,0,0,0,0,0,190,50,0,0,0,1,3,10,-10,-3,13207,998,-133,9,0,4,0,0,0,0,0,0,995,9.8,998,998,998,99.8,99.8,99.8,353.2277699,12,8
2300225,52,127,1-52-2023-127-04,4,3,2GKFLUEK9H63,17,472,1858,7,0,23,402,2017,14,3,14,0,2,L,9,1823,5,9999,9,0,998,,,,,,,,,,,,,,,,,,,,,,,,,,,,,,,,,,,,,,,,,,,,,,,,,,,,,,,,,,,,,,,,,,95,95,95,95,95,,,,,,,,,,353.2277699,12,8
2300225,52,127,1-52-2023-127-04,4,4,JF2SHABCXDG4,17,523,2234,7,0,48,401,2013,14,3,14,0,2,L,9,1500,5,9999,9,0,998,,,,,,,,,,,,,,,,,,,,,,,,,,,,,,,,,,,,,,,,,,,,,,,,,,,,,,,,,,,,,,,,,,95,95,95,95,95,,,,,,,,,,353.2277699,12,8
2300226,16,153,1-16-2023-153-06,6,1,JTMRFREV4EJ0,17,448,2217,7,0,49,402,2014,14,3,14,0,1,F,1,1615,5,0,1,1,16,2,56,1,8,0,995,0,7,0,45251,9,9,0,4,2,1,2,1,2,4,1,2,0,0,3,1,6,2,1,1,14,1,6,4,3,4,1,B,7,0,0,0,0,0,0,0,0,0,0,998,998,0,0,0,1,98,999,999,999,9999999,999,999,999,6,0,9,97,0,1,0,0,998,1.0,999,85,999,10.4,1.0,10.6,20.64895484,5,8
2300227,66,117,1-66-2023-117-10,10,1,19XFB2F55DE0,17,474,1863,13,0,37,31,2013,4,1,3,0,1,F,1,1236,5,0,1,1,22,3,97,1,1,9,998,8,9,9,65804,9,9,3,4,2,1,2,1,1,4,1,4,2,3,1,1,0,0,9,1,1,2,12,1,1,4,1,B,6,0,0,0,0,0,0,0,0,0,0,998,998,0,0,0,1,12,999,999,999,9999999,999,999,999,6,0,0,0,0,0,0,0,998,0.8,65,29,-119,10.9,12.1,16.3,112.3254186,6,8
2300230,32,215,1-32-2023-215-02,2,1,5TDKK4CC5AS3,17,448,2468,2,0,49,442,2010,20,4,20,0,1,B,3,1880,5,0,1,1,35,2,105,0,7,7,887,6,8,8,99998,8,8,0,2,4,1,1,1,1,4,1,3,0,0,3,1,0,0,0,8,0,3,53,0,0,0,2,D,23,0,0,0,0,0,0,0,0,0,0,70,70,0,0,0,1,1,44,43,8,176151,998,-14,49,0,1,0,0,0,0,0,0,995,9.8,998,998,998,99.8,99.8,99.8,9.671567469,7,8
2300230,32,215,1-32-2023-215-02,2,2,3N1AB7APXKY2,17,478,1907,13,0,35,43,2019,4,1,3,0,1,F,3,1315,5,0,1,1,34,2,105,1,0,1,210,2,0,0,75043,9,1,0,2,4,1,1,1,1,4,1,3,0,0,3,1,0,0,9,0,1,3,50,1,1,1,2,D,20,0,0,0,0,0,0,0,0,0,0,70,70,0,0,0,1,1,60,-59,-10,151927,998,-4,53,0,1,4,34,1,1,3,0,995,9.8,998,998,998,99.8,99.8,99.8,9.671567469,7,8
2300231,11,112,1-11-2023-112-10,10,1,1M2AX09C1FM0,17,490,2030,11,0,86,881,2015,63,8,60,0,1,F,9,,,,,,,5,89,1,0,0,995,0,0,0,23237,9,9,0,1,2,1,2,2,1,9,1,3,2,3,1,2,0,0,1,1,1,3,52,99,1,2,2,D,28,,,,,,,,,,,,,,,,,,,,,,,,,,,95,95,95,95,95,,,9.8,998,998,998,99.8,99.8,99.8,9614.905303,8,8
2300231,11,112,1-11-2023-112-10,10,2,JM1CW2BL8C01,17,473,2075,15,0,41,52,2012,6,1,3,0,1,B,1,1569,5,0,1,1,75,2,89,1,0,0,995,0,0,0,23236,9,9,0,1,2,1,2,2,1,9,1,3,2,3,1,2,0,0,1,1,1,3,53,9,1,2,2,D,29,0,0,0,0,0,0,0,0,0,0,95,100,0,0,0,1,5,999,999,999,9999999,999,999,23,2,0,0,0,0,0,0,0,995,9.8,998,998,998,99.8,99.8,99.8,9614.905303,8,8
2300232,26,152,1-26-2023-152-06,6,1,JTDKBRFU4H30,17,448,2209,5,0,49,46,2017,6,1,3,0,1,F,9,1390,5,9999,9,0,998,2,105,1,0,0,995,0,0,0,95661,1,9,1,2,5,2,2,2,1,9,3,3,0,0,3,2,0,0,9,1,1,1,9,99,9,4,1,B,7,0,0,0,0,0,0,0,0,0,0,998,998,0,0,0,99,0,999,999,999,9999999,999,999,999,9,0,1,1,0,1,8,0,998,5.0,999,999,999,99.9,5.0,99.9,639.4636465,10,8
2300233,26,153,1-26-2023-153-10,10,1,19UUA8F20AA0,17,475,1873,13,0,54,35,2010,4,1,4,0,1,F,9,1682,5,9999,9,0,998,2,56,1,9,0,995,0,9,0,99999,2,9,0,4,2,1,2,1,2,1,1,2,0,0,1,1,0,0,9,1,14,2,12,99,9,4,1,B,6,0,0,0,0,0,0,0,0,0,0,998,998,0,1,1,4,0,999,999,999,9999999,999,999,999,9,0,99,99,0,0,99,0,998,4.0,48,120,15,0.0,0.0,0.0,7484.330126,10,8
2300234,21,137,1-21-2023-137-02,2,1,JTDKARFPXL31,17,448,21950,13,0,49,46,2020,5,1,3,0,1,L,2,1526,5,0,1,1,75,2,72,1,0,1,0,2,0,1,92704,9,1,0,4,2,1,2,1,1,1,0,2,0,0,1,1,0,0,9,0,12,2,21,1,1,1,6,M,98,0,0,0,0,0,0,0,0,0,0,350,80,0,0,0,1,3,36,0,36,107478,998,-10,39,0,4,2,6,0,1,3,0,995,9.8,998,998,998,99.8,99.8,99.8,38.30264348,11,8
2300234,21,137,1-21-2023-137-02,2,2,1B7KF2367YJ1,17,476,1938,60,0,7,482,2000,34,5,31,0,1,F,2,2434,5,9999,9,4,74,2,56,1,0,0,995,0,0,0,92407,9,1,0,4,2,1,2,1,1,1,0,2,0,0,1,1,0,0,9,0,1,4,64,99,1,1,6,M,98,0,0,0,0,0,0,0,0,0,0,80,350,0,0,0,1,3,26,-26,0,45446,998,0,22,0,4,1,1,0,1,4,0,995,9.8,998,998,998,99.8,99.8,99.8,38.30264348,11,8
2300235,21,138,1-21-2023-138-02,2,1,3N1AB8DV3MY3,17,478,1907,13,0,35,43,2021,4,1,3,0,1,F,9,1385,5,9999,9,0,998,5,80,1,0,0,995,0,0,0,92407,9,9,2,4,6,3,2,1,1,1,1,1,0,0,1,1,1,2,9,0,11,2,15,2,1,1,4,K,82,0,0,0,0,0,0,0,0,0,0,90,230,0,0,0,1,0,999,999,999,9999999,999,999,999,9,0,95,95,95,95,95,0,995,9.8,998,998,998,99.8,99.8,99.8,38.30264348,11,8
2300235,21,138,1-21-2023-138-02,2,2,1GYFZER45MF0,17,469,24948,7,0,19,422,2021,15,3,15,0,1,F,2,1660,5,0,1,1,51,2,80,1,0,1,0,2,0,1,92407,9,1,2,1,4,2,2,1,1,1,3,1,0,0,1,1,1,2,9,0,1,4,67,2,1,1,4,K,83,0,0,0,0,0,0,0,0,0,0,230,90,0,0,0,1,12,999,999,999,9999999,999,999,999,7,0,2,4,0,1,4,0,995,9.8,998,998,998,99.8,99.8,99.8,38.30264348,11,8
2300238,29,98,1-29-2023-098-07,7,1,KNMAT2MV5HP5,17,478,1913,8,0,35,51,2017,6,1,3,0,1,F,2,1610,5,0,1,5,67,3,64,1,0,0,995,0,0,0,02860,9,9,0,4,2,1,2,1,1,1,1,2,0,0,3,1,4,2,1,0,1,6,87,99,1,1,1,C,13,0,0,0,0,0,0,0,0,0,0,998,998,0,0,0,1,12,999,999,999,9999999,999,999,999,7,0,0,0,0,0,0,0,998,9.8,998,998,998,99.8,99.8,99.8,1504.938904,2,8
2300239,76,153,1-76-2023-153-08,8,1,KMHDU46D68U2,17,498,2735,13,0,55,35,2008,4,1,3,0,1,F,2,1313,5,0,1,4,79,2,89,1,8,0,995,0,7,0,13856,9,9,0,4,2,1,2,2,3,4,1,2,1,0,1,2,0,0,9,1,14,1,6,99,4,4,1,B,7,1,1,2,2,2,4,69,4,2,2,997,997,0,0,0,1,12,999,999,999,9999999,999,999,999,7,0,1,2,0,1,4,3,997,9.8,998,998,998,99.8,99.8,99.8,20.78900521,3,8
2300240,76,154,1-76-2023-154-06,6,1,JN8AF5MV5FT5,17,478,1912,8,0,35,403,2015,14,3,14,0,1,F,9,1451,5,0,1,6,66,2,89,1,8,0,995,0,7,0,12051,1,2,0,4,2,1,2,1,1,1,1,2,0,0,1,1,0,0,3,1,1,2,13,99,1,4,1,A,1,0,0,0,0,0,0,0,0,0,0,998,998,0,1,1,1,12,999,999,999,9999999,999,999,999,9,0,1,3,0,1,4,0,998,0.3,30,30,51,13.8,2.6,14.1,36.95696761,3,8
2300241,76,155,1-76-2023-155-04,4,1,1GCUYDED7KZ1,17,467,1850,60,0,20,481,2019,34,5,31,0,1,F,3,2184,5,9999,9,4,142,2,48,1,8,9,998,8,7,9,12413,9,9,0,4,2,1,2,1,1,1,1,2,0,0,3,8,0,0,9,1,1,2,11,99,1,2,1,C,12,0,0,0,0,0,0,0,0,0,0,998,998,0,0,0,1,12,999,999,999,9999999,999,999,999,8,0,0,0,0,0,0,0,998,9.8,998,998,998,99.8,99.8,99.8,39.7523088,3,8
2300242,76,156,1-76-2023-156-04,4,1,3TMCZ5ANXPM6,17,448,2223,60,0,49,472,2023,34,5,30,0,1,F,1,2007,5,0,1,1,111,2,89,1,8,9,998,8,7,9,11801,1,2,0,4,2,1,2,1,2,2,1,2,0,0,1,1,0,0,1,1,14,2,12,99,1,4,1,B,6,0,0,0,0,0,0,0,0,0,0,998,998,0,0,0,1,11,999,999,999,9999999,999,999,999,6,0,0,0,0,0,2,0,998,1.5,999,999,999,13.4,4.6,14.2,39.7523088,3,8
2300243,18,134,1-18-2023-134-09,9,1,2GCEC19T3313,17,467,1850,60,0,20,481,2003,34,5,31,0,1,T,9,1980,5,9999,9,0,998,2,105,1,0,0,995,0,0,0,54703,1,9,1,3,1,1,1,5,1,9,1,1,0,0,1,10,0,0,9,1,1,1,6,99,9,4,1,A,2,1,99,9,2,99,4,99,9,9,999,997,997,0,0,0,1,0,999,999,999,9999999,999,999,999,9,0,99,99,0,0,99,9,997,9.8,998,998,998,99.8,99.8,99.8,274.040209,6,8
2300244,22,117,1-22-2023-117-09,9,1,1N4AL2EPXCC1,17,478,1904,3,0,35,47,2012,2,1,3,0,1,F,2,1404,5,9999,9,4,108,2,89,1,8,9,998,8,7,9,83536,9,9,0,4,2,1,2,1,2,1,0,4,0,0,2,1,0,0,9,1,14,2,12,99,1,4,1,B,6,1,4,2,2,2,4,44,4,1,26,998,998,0,0,0,1,11,999,999,999,9999999,999,999,999,7,0,0,0,0,0,0,3,998,2.2,120,120,120,5.4,16.2,17.1,38.94420251,12,8
2300245,22,118,1-22-2023-118-07,7,1,1G11C5SA2GU1,17,467,34272,13,0,20,37,2016,4,1,4,0,1,F,1,1400,5,9999,9,0,998,5,999,1,0,0,995,0,0,0,83843,9,9,3,5,5,2,2,1,1,1,3,2,0,0,1,1,0,0,2,0,11,2,15,99,1,1,4,K,82,0,0,0,0,0,0,0,0,0,0,115,225,0,0,0,1,3,14,-13,5,8185,998,73,11,0,4,95,95,95,95,95,0,995,9.8,998,998,998,99.8,99.8,99.8,61.46663156,12,8
2300245,22,118,1-22-2023-118-07,7,2,1GKKNXLS2JZ2,17,472,1855,7,0,23,423,2018,15,3,15,0,1,R,1,1998,5,0,1,1,37,2,56,1,0,0,995,0,0,0,83872,1,2,3,5,5,2,2,1,1,1,3,2,0,0,1,1,0,0,1,0,1,4,72,3,9,1,4,K,83,0,0,0,0,0,0,0,0,0,0,225,115,0,0,0,1,3,9,-6,-7,13288,998,-40,12,0,4,1,2,0,2,6,0,995,9.8,998,998,998,99.8,99.8,99.8,61.46663156,12,8
2300246,15,257,1-15-2023-257-03,3,1,JTDKAMFP1M31,17,448,21950,5,0,49,46,2021,5,1,3,0,1,F,3,1526,5,9999,9,4,70,2,64,1,8,1,0,2,7,0,11354,3,2,0,4,4,2,2,1,2,1,2,3,0,0,3,1,0,0,3,1,14,2,12,1,1,4,1,B,6,1,2,2,2,1,4,61,1,2,8,998,998,0,0,9,1,12,999,999,999,9999999,999,999,999,8,0,1,1,0,1,4,3,998,0.5,999,999,999,99.9,99.9,99.9,95.58312842,1,8