CASEID,PSU,CASENO,CASENUMBER,CATEGORY,VEHNO,VIN,VINLENGTH,VPICMAKE,VPICMODEL,VPICBODYCLASS,ICFINALBODY,MAKE,MODEL,MODELYR,BODYTYPE,BODYCAT,VEHCLASS,SPECUSE,TRANSTAT,DAMPLANE,DAMSEV,CURBWT,CURBSRC,CARGOWT,CARGOSRC,INSPTYPE,INSPLAG,TOWED,SPEEDLIMIT,DRPRESENT,PARALCOHOL,ALCTEST,ALCTESTRESULT,ALCTESTSRC,PARDRUG,DRUGTEST,ZIP,RACE,ETHNICITY,RELTOJUNCT,TRAFFLOW,RDLANES,INITLANE,SURFTYPE,SURFCOND,ALIGNMENT,PROFILE,LINERIGHT,LINELEFT,RUMBINIT,RUMBROAD,LIGHTCOND,WEATHER,TRAFDEV,TRAFFUNCT,DISTRACT,PREFHE,PREMOVE,CRITCAT,CRITEVENT,MANEUVER,PRESTAB,PRELOC,CRASHCAT,CRASHCONF,CRASHTYPE,ROLLTYPE,ROLLTURN,ROLLINTRPT,ROLLPREMAN,ROLLINITYP,ROLLINLOC,ROLLOBJ,ROLLTRIP,ROLLDIR,ROLLDIST,DVANGTHIS,DVANGOTH,TOWHITCH,TRAJDOC,TREEPOLE,DVEVENT,DVBASIS,DVTOTAL,DVLONG,DVLAT,DVENERGY,DVSPEED,DVMOMENT,DVBES,DVEST,DVCONF,VAIS,VISS,VINJSEV,VINJURED,VTREAT,INITOBJCLASS,HEADANGLECAT,SHLDRWIDTH,STRKLENGTH,STRKWIDTH,STRKHEIGHT,EDGEDISTX,EDGEDISTY,EDGEDISTZ,CASEWGT,PSUSTRAT,VERSION
2300247,15,258,1-15-2023-258-03,3,1,2HGFG3B8XDH5,17,474,1863,3,0,37,31,2013,2,1,2,0,1,F,1,1278,5,9999,9,0,998,5,89,1,8,9,998,8,7,9,11747,9,9,0,2,3,2,2,1,1,1,3,3,0,0,1,99,0,0,9,0,1,3,52,99,1,1,2,D,28,0,0,0,0,0,0,0,0,0,0,90,95,0,0,0,1,3,18,-18,0,11459,998,0,15,0,4,95,95,95,95,95,0,995,9.8,998,998,998,99.8,99.8,99.8,95.58312842,1,8
2300247,15,258,1-15-2023-258-03,3,2,3KPF24AD4KE0,17,499,2462,13,0,63,38,2019,4,1,3,0,1,B,1,1253,5,0,1,1,76,2,89,1,8,9,998,8,7,9,11793,1,2,0,2,3,2,2,1,1,1,3,3,0,0,1,99,0,0,1,0,1,2,18,1,1,1,2,D,29,0,0,0,0,0,0,0,0,0,0,95,90,0,0,0,1,3,17,17,-3,21074,998,46,19,0,4,0,0,0,0,5,0,995,9.8,998,998,998,99.8,99.8,99.8,95.58312842,1,8
2300248,30,182,1-30-2023-182-04,4,1,1N4AL2AP6AN4,17,478,1904,13,0,35,47,2010,4,1,4,0,1,F,2,1437,5,0,2,4,33,2,64,1,0,0,995,0,0,0,85257,9,1,2,1,4,4,2,1,1,1,1,0,0,0,1,1,1,2,1,0,11,2,15,2,1,1,4,J,68,0,0,0,0,0,0,0,0,0,0,45,280,0,0,0,1,12,999,999,999,9999999,999,999,999,7,0,1,2,0,1,4,0,995,9.8,998,998,998,99.8,99.8,99.8,1446.701856,10,8
2300248,30,182,1-30-2023-182-04,4,2,1C6RR7GT1KS6,17,496,13620,60,0,7,482,2019,34,5,30,0,1,9,9,2308,5,9999,9,0,998,2,64,1,0,0,995,0,0,0,85210,9,9,2,1,4,3,2,1,1,1,3,1,0,0,1,1,1,2,9,0,1,4,62,8,1,1,4,J,69,0,0,0,0,0,0,0,0,0,0,280,45,0,1,0,1,0,999,999,999,9999999,999,999,999,9,0,0,0,0,0,0,0,995,9.7,32,32,999,4.1,2.2,4.6,1446.701856,10,8
2300249,77,144,1-77-2023-144-09,9,1,3FAHP0HA9AR1,17,460,1780,13,0,12,23,2010,4,1,3,0,1,F,1,1490,5,9999,9,0,998,2,40,1,1,2,996,1,9,0,22932,9,9,3,4,2,1,2,1,1,4,0,2,0,0,3,1,0,0,1,1,10,2,16,99,1,2,4,K,80,0,0,0,0,0,0,0,0,0,0,20,185,0,0,0,1,3,9,-9,0,1813,998,0,5,0,4,0,0,0,0,0,0,995,9.8,998,998,998,99.8,99.8,99.8,460.7982836,9,8
2300249,77,144,1-77-2023-144-09,9,2,1GNDT13W1SK1,17,467,11502,7,0,20,401,1995,14,3,14,0,1,R,1,1745,5,0,1,1,35,2,40,1,0,0,995,0,0,0,22903,9,9,3,4,2,1,2,1,1,1,0,2,0,0,3,1,0,0,1,1,1,4,72,7,1,2,4,K,81,0,0,0,0,0,0,0,0,0,0,185,20,0,0,0,1,3,8,-7,-3,8255,998,59,10,0,4,99,99,0,0,99,0,995,9.8,998,998,998,99.8,99.8,99.8,460.7982836,9,8
2300251,18,135,1-18-2023-135-10,10,1,1GCGK13U33F1,17,467,1850,60,0,20,481,2003,34,5,31,0,1,B,9,2639,5,64,2,1,25,2,113,1,0,0,995,0,0,0,55473,1,2,1,3,1,1,1,4,2,9,1,2,0,0,3,10,0,0,1,1,14,1,6,2,3,4,1,A,2,0,0,0,0,0,0,0,0,0,0,998,998,0,0,0,1,12,999,999,999,9999999,999,999,999,9,0,0,0,0,0,0,0,998,1.6,999,999,999,17.4,2.8,17.9,128.1888227,6,8
2300252,13,159,1-13-2023-159-05,5,1,KMHCU4AE7EU7,17,498,2773,13,0,55,36,2014,4,1,2,0,1,F,3,1180,5,0,1,1,67,2,64,1,1,0,995,0,7,0,76133,2,9,2,1,3,2,1,1,2,1,1,1,0,0,3,8,1,2,9,0,14,2,17,99,1,1,5,L,88,0,0,0,0,0,0,0,0,0,0,330,250,0,0,0,1,5,999,999,999,9999999,999,999,40,4,0,1,1,0,1,0,0,995,9.8,998,998,998,99.8,99.8,99.8,39.63980132,7,8
2300252,13,159,1-13-2023-159-05,5,2,4UZABRDT1DCB,17,450,1989,71,73,82,981,2013,50,7,50,2,1,L,9,,,,,,,2,64,1,8,0,995,0,7,0,76132,9,9,2,1,4,2,1,1,1,1,1,3,0,0,3,8,1,2,9,0,1,4,66,99,1,1,5,L,89,,,,,,,,,,,,,,,,,,,,,,,,,,,95,95,95,95,95,,,9.8,998,998,998,99.8,99.8,99.8,39.63980132,7,8
2300254,33,97,1-33-2023-097-01,1,1,1HGCV1F36LA0,17,474,1861,13,0,37,32,2020,4,1,4,0,1,F,3,1462,5,0,1,1,24,2,56,1,1,1,80,2,0,1,95948,9,1,0,4,2,1,2,2,1,1,1,4,0,0,2,1,0,0,9,0,1,6,90,99,1,1,1,C,15,1,1,2,5,2,1,88,4,2,22,998,998,0,0,0,1,98,999,999,999,9999999,999,999,999,8,0,4,21,1,1,1,4,998,9.8,998,998,998,99.8,99.8,99.8,22.82296023,12,8
2300254,33,97,1-33-2023-097-01,1,2,1N4AL3AP5EC1,17,478,1904,13,0,35,47,2014,4,1,4,0,1,R,9,1451,5,9999,9,0,998,5,56,1,0,0,995,0,0,0,95993,9,9,0,4,2,1,2,2,1,1,1,4,0,0,2,1,0,0,1,0,3,6,90,1,1,1,6,M,98,0,0,0,0,0,0,0,0,0,0,998,998,0,0,0,5,0,999,999,999,9999999,999,999,999,9,0,95,95,95,95,95,0,998,9.8,998,998,998,99.8,99.8,99.8,22.82296023,12,8
2300255,17,191,1-17-2023-191-04,4,1,1FTBR3X89LKA,17,460,3608,95,0,12,462,2020,21,4,21,0,1,F,9,2418,5,9999,9,0,998,2,113,1,0,0,995,0,0,0,43125,2,2,0,1,2,1,2,1,1,9,1,3,2,3,2,1,0,0,1,0,1,6,87,2,1,1,1,C,13,0,0,0,0,0,0,0,0,0,0,998,998,0,0,0,1,0,999,999,999,9999999,999,999,999,9,0,0,0,0,0,0,0,998,9.8,998,998,998,99.8,99.8,99.8,88.60388911,4,8
2300256,12,137,1-12-2023-137-03,3,1,KL79MRSL9PB0,17,467,4548,7,0,20,498,2023,14,3,14,0,1,F,2,1463,5,0,1,1,24,2,105,1,0,0,995,0,0,0,73165,1,2,0,4,2,1,2,1,1,1,1,2,2,3,1,1,0,0,1,0,1,6,87,1,1,1,1,C,13,0,0,0,0,0,0,0,0,0,0,998,998,0,0,0,1,10,999,999,999,9999999,999,6,33,3,0,1,3,0,1,4,0,998,9.8,998,998,998,99.8,99.8,99.8,486.7651219,9,8
2300257,20,138,1-20-2023-138-02,2,1,3VVRX7B21NM0,17,482,28652,7,0,30,498,2022,14,3,14,0,1,F,3,1440,5,0,1,1,26,2,56,1,0,1,0,2,0,0,93905,9,1,0,4,2,1,2,1,1,1,1,2,0,0,1,8,0,0,9,1,1,2,10,8,1,2,3,G,50,0,0,0,0,0,0,0,0,0,0,85,270,0,1,0,1,1,56,-55,10,155735,998,14,51,0,4,2,12,0,1,3,0,995,9.8,998,998,998,99.8,99.8,99.8,47.00637779,11,8
2300257,20,138,1-20-2023-138-02,2,2,1J4GL48K22W1,17,483,1944,7,0,2,405,2002,14,3,14,0,1,F,3,1867,5,0,1,1,25,2,56,1,0,1,0,2,7,1,95076,9,1,0,4,2,1,2,1,1,1,1,2,0,0,1,8,0,0,9,0,1,4,62,99,1,1,3,G,51,0,0,0,0,0,0,0,0,0,0,270,85,0,1,0,1,1,42,-39,14,209670,998,74,45,0,4,3,9,1,1,4,0,995,9.8,998,998,998,99.8,99.8,99.8,47.00637779,11,8
2300257,20,138,1-20-2023-138-02,2,3,1GKKRNED9GJ1,17,472,1855,7,0,23,423,2016,15,3,15,0,1,F,9,2112,5,9999,9,0,998,5,56,1,0,0,995,0,0,0,95019,9,9,0,4,2,1,2,1,1,1,1,2,0,0,1,8,0,0,9,0,1,4,62,99,1,1,6,M,98,0,0,0,0,0,0,0,0,0,0,998,998,0,0,0,2,0,999,999,999,9999999,999,999,999,9,0,95,95,95,95,95,0,998,9.8,998,998,998,99.8,99.8,99.8,47.00637779,11,8
2300258,30,183,1-30-2023-183-07,7,1,2B3KA43R78H1,17,476,1895,13,0,7,24,2008,4,1,5,0,1,L,1,1733,5,9999,9,0,998,2,80,1,0,0,995,0,0,0,85353,9,9,2,5,6,2,2,1,1,1,3,2,0,0,3,1,0,0,2,1,15,2,10,99,1,2,2,F,47,0,0,0,0,0,0,0,0,0,0,250,270,0,0,0,1,3,11,4,10,5385,998,21,9,0,4,0,0,0,0,0,0,995,9.8,998,998,998,99.8,99.8,99.8,1307.633638,10,8
2300258,30,183,1-30-2023-183-07,7,2,JA4AR4AW1GZ0,17,481,13867,7,0,52,47,2016,6,1,3,0,1,R,1,1595,5,0,1,1,39,2,80,1,0,0,995,0,0,0,85353,9,9,2,5,6,3,2,1,1,1,4,4,0,0,3,1,0,0,1,0,1,4,61,7,1,1,2,F,45,0,0,0,0,0,0,0,0,0,0,270,250,0,0,0,1,3,12,-8,-9,13000,998,-45,14,0,4,0,0,0,0,5,0,995,9.8,998,998,998,99.8,99.8,99.8,1307.633638,10,8
2300259,11,113,1-11-2023-113-08,8,1,JTHDL5EF4B50,17,515,2182,13,0,59,32,2011,4,1,5,0,1,F,9,2150,5,9999,9,0,998,2,72,1,9,1,0,2,9,2,23237,2,2,2,1,5,2,2,1,3,9,1,1,0,0,2,1,1,2,9,1,14,2,13,99,1,4,1,A,1,0,0,0,0,0,0,0,0,0,0,998,998,0,0,9,1,0,999,999,999,9999999,999,999,999,9,0,3,17,1,1,3,0,998,0.0,999,999,120,99.9,99.9,99.9,1136.723442,8,8
2300260,14,103,1-14-2023-103-03,3,1,KL7CJLSB6KB8,17,467,10988,7,0,20,406,2019,14,3,14,0,1,F,2,1382,5,0,1,1,38,2,113,1,8,0,995,0,7,0,78660,2,9,1,2,3,1,2,2,2,9,1,3,2,3,3,2,0,0,9,0,14,3,51,2,1,1,2,D,24,0,0,0,0,0,0,0,0,0,0,10,20,0,0,0,1,3,35,-34,-6,56230,998,0,32,0,4,9,97,0,1,5,0,995,9.8,998,998,998,99.8,99.8,99.8,199.0647173,8,8
2300260,14,103,1-14-2023-103-03,3,2,5N1AR1NN4AC6,17,478,1911,7,0,35,401,2010,14,3,14,0,1,B,1,2236,5,9999,9,0,998,2,113,1,8,0,995,0,7,0,99999,9,1,1,2,3,1,2,2,2,9,1,3,2,3,3,2,0,0,9,0,14,3,53,1,1,1,2,D,25,0,0,0,0,0,0,0,0,0,0,20,10,0,0,0,1,3,22,22,0,54908,998,0,25,0,4,0,0,0,0,0,0,995,9.8,998,998,998,99.8,99.8,99.8,199.0647173,8,8
2300264,31,128,1-31-2023-128-09,9,1,2G1WT57N6911,17,467,1833,13,0,20,2,2009,4,1,4,0,1,F,1,1630,5,9999,9,1,42,2,89,1,0,0,995,0,0,0,62984,9,9,0,4,2,1,2,1,3,2,0,0,0,0,2,1,0,0,9,1,14,2,12,2,1,4,1,B,6,0,0,0,0,0,0,0,0,0,0,998,998,0,0,0,1,12,999,999,999,9999999,999,999,999,6,0,9,97,0,1,0,0,998,0.0,76,33,999,7.1,1.9,7.3,251.9862351,6,8
2300265,25,131,1-25-2023-131-06,6,1,KNDJT2A1XB72,17,499,2460,7,0,63,37,2011,6,1,2,0,1,F,9,1190,5,9999,9,0,998,5,40,1,0,0,995,0,0,0,04092,9,9,0,4,2,1,2,1,1,1,2,1,0,0,2,5,0,0,9,1,6,2,11,99,1,2,2,F,48,0,0,0,0,0,0,0,0,0,0,280,275,0,0,0,1,0,999,999,999,9999999,999,999,999,9,0,95,95,95,95,95,0,995,9.8,998,998,998,99.8,99.8,99.8,25.43913257,2,8
2300265,25,131,1-25-2023-131-06,6,2,JN1FV7AR0HM8,17,480,1901,13,0,58,41,2017,4,1,4,0,1,R,2,1718,5,0,1,1,29,2,40,1,0,0,995,0,0,0,04092,9,9,0,4,2,1,2,1,1,1,1,2,0,0,2,5,0,0,1,0,1,4,60,99,1,3,2,F,48,0,0,0,0,0,0,0,0,0,0,125,90,0,0,0,2,1,32,25,-21,119320,998,-17,41,0,3,1,1,0,2,4,0,995,9.8,998,998,998,99.8,99.8,99.8,25.43913257,2,8
2300265,25,131,1-25-2023-131-06,6,3,2C4RC1BG2GR2,17,477,1936,2,0,6,441,2016,20,4,20,0,1,F,2,2115,5,0,1,5,29,2,40,1,0,0,995,0,0,0,04103,9,9,0,1,1,1,2,1,1,1,1,2,0,0,2,5,0,0,1,0,1,4,62,99,1,1,6,M,98,0,0,0,0,0,0,0,0,0,0,90,125,0,0,0,2,1,26,-26,4,14108,998,9,13,0,3,1,1,0,1,4,0,995,9.9,999,999,999,99.9,99.9,99.9,25.43913257,2,8
2300266,32,216,1-32-2023-216-08,8,1,999999999999,99,99999,99999,999,0,99,399,9999,9,1,9,99,1,R,9,9999,9,9999,9,0,998,5,97,1,9,0,995,0,9,0,99999,9,9,0,2,5,5,1,1,1,9,3,2,0,0,1,1,0,0,9,1,15,2,11,99,1,2,2,F,46,0,0,0,0,0,0,0,0,0,0,95,90,0,0,0,1,0,999,999,999,9999999,999,999,999,9,0,95,95,95,95,95,0,995,9.8,998,998,998,99.8,99.8,99.8,270.9661117,7,8
2300266,32,216,1-32-2023-216-08,8,2,JF2SH6CC1AH7,17,523,2234,7,0,48,401,2010,14,3,14,0,1,F,2,1483,5,0,1,5,26,2,97,1,0,0,995,0,0,0,65265,1,9,0,2,5,4,1,1,1,9,3,3,0,0,1,1,0,0,9,0,1,4,60,99,1,1,2,F,45,1,4,2,3,1,1,61,1,1,999,998,998,0,0,0,2,12,999,999,999,9999999,999,999,999,7,0,2,5,0,2,4,3,998,4.1,999,999,999,1.7,4.1,4.3,270.9661117,7,8
2300267,52,128,1-52-2023-128-09,9,1,1GCCS1952Y82,17,467,11483,60,0,20,471,2000,34,5,31,0,1,R,2,1425,5,136,1,1,31,2,72,1,0,1,3,2,0,2,59088,9,9,2,4,2,1,2,5,1,1,1,2,0,0,2,8,0,0,3,1,1,1,5,2,4,4,1,B,7,0,0,0,0,0,0,0,0,0,0,998,998,0,1,1,1,1,39,13,-36,96277,998,-12,39,0,1,3,11,1,1,3,0,998,0.6,50,50,120,4.6,7.3,8.3,970.7930746,12,8
2300268,10,179,1-10-2023-179-04,4,1,3N1CN8EV7PL8,17,478,1894,13,0,35,50,2023,4,1,2,0,1,F,9,1194,5,0,1,4,104,2,56,1,0,0,995,0,0,0,45419,9,9,2,4,3,1,2,1,2,1,0,1,0,0,3,1,1,2,1,0,14,2,17,99,1,1,5,L,86,0,0,0,0,0,0,0,0,0,0,255,355,0,0,0,1,12,999,999,999,9999999,999,999,999,9,0,99,99,0,0,0,0,995,9.8,998,998,998,99.8,99.8,99.8,24.04926766,4,8
2300268,10,179,1-10-2023-179-04,4,2,1N4BL4BV9NN3,17,478,1904,13,0,35,47,2022,4,1,4,0,1,R,9,1558,5,0,1,4,104,2,56,1,0,0,995,0,0,0,43119,9,9,2,4,3,1,2,1,1,1,1,1,0,0,3,1,1,2,1,0,1,2,17,99,1,1,5,L,87,0,0,0,0,0,0,0,0,0,0,355,255,0,0,0,1,12,999,999,999,9999999,999,999,999,9,0,99,99,0,0,0,0,995,9.8,998,998,998,99.8,99.8,99.8,24.04926766,4,8
2300269,16,155,1-16-2023-155-07,7,1,KL79MUSL3RB0,17,467,4548,7,0,20,498,2024,14,3,14,0,1,F,9,1475,8,9999,9,0,998,5,64,1,8,0,995,0,7,0,45150,9,9,2,2,5,3,2,1,1,1,1,2,0,0,1,1,1,2,2,0,11,2,15,99,1,1,4,J,68,0,0,0,0,0,0,0,0,0,0,0,230,0,0,0,1,0,999,999,999,9999999,999,999,999,9,0,95,95,95,95,95,0,995,9.8,998,998,998,99.8,99.8,99.8,66.13273694,5,8
2300269,16,155,1-16-2023-155-07,7,2,1FADP3J21FL2,17,460,1779,13,0,12,37,2015,4,1,3,0,1,F,1,1340,5,0,1,4,34,2,64,1,8,0,995,0,7,0,45140,9,9,2,1,6,2,2,1,1,1,1,3,0,0,1,1,1,2,1,0,1,4,62,99,1,1,4,J,69,0,0,0,0,0,0,0,0,0,0,230,0,0,0,0,1,12,999,999,999,9999999,999,999,999,6,0,0,0,0,0,0,0,995,9.8,998,998,998,99.8,99.8,99.8,66.13273694,5,8
2300270,26,154,1-26-2023-154-02,2,1,3MVDMBBM0PM5,17,473,26914,7,0,41,498,2023,14,3,14,0,1,F,3,1516,5,9999,9,4,25,2,72,1,1,9,998,8,9,9,95660,9,9,2,1,6,3,2,1,1,1,3,3,0,0,3,1,1,2,9,0,1,3,50,99,9,1,2,D,20,0,0,0,0,0,0,0,0,0,0,175,180,0,0,0,1,3,70,-66,-24,287543,998,-73,60,0,4,1,1,0,1,4,0,995,9.8,998,998,998,99.8,99.8,99.8,132.7639302,10,8
2300270,26,154,1-26-2023-154-02,2,2,2HGFE2F55PH5,17,474,1863,13,0,37,31,2023,4,1,3,0,1,B,3,1313,5,0,1,1,25,2,72,1,0,0,995,0,0,0,95826,2,9,2,1,6,3,2,1,1,1,3,3,0,0,3,1,1,2,9,0,5,3,53,1,1,1,2,D,21,0,0,0,0,0,0,0,0,0,0,180,175,0,0,0,1,3,78,77,14,454885,998,-35,89,0,4,9,97,0,1,8,0,995,9.8,998,998,998,99.8,99.8,99.8,132.7639302,10,8
2300270,26,154,1-26-2023-154-02,2,3,JM1BM1M37E11,17,473,2074,5,0,41,51,2014,5,1,3,0,1,R,9,1375,5,9999,9,0,998,5,72,1,0,0,995,0,0,0,95747,9,9,2,1,6,4,2,1,1,1,3,1,0,0,3,1,1,2,1,0,5,4,61,1,1,1,6,M,98,0,0,0,0,0,0,0,0,0,0,180,190,0,0,0,2,0,999,999,999,9999999,999,999,999,9,0,95,95,95,95,95,0,995,9.8,998,998,998,99.8,99.8,99.8,132.7639302,10,8
2300271,15,259,1-15-2023-259-02,2,1,JTHGZ1E25M50,17,515,2184,13,0,59,35,2021,4,1,4,0,1,F,2,1745,5,0,1,1,48,2,32,1,8,0,995,0,7,0,11590,9,9,2,1,2,2,2,1,1,1,1,0,0,0,3,1,2,2,9,0,11,2,17,2,1,1,4,K,82,0,0,0,0,0,0,0,0,0,0,30,165,0,0,0,1,3,29,-27,10,59517,998,68,26,0,4,9,97,0,1,8,0,995,9.8,998,998,998,99.8,99.8,99.8,23.08628165,1,8
2300271,15,259,1-15-2023-259-02,2,2,1FMDE5BH2NLB,17,460,6825,7,0,12,498,2022,19,3,19,0,1,R,2,2026,5,9999,9,0,998,5,32,1,8,9,998,8,7,9,15332,9,9,2,4,4,1,2,1,3,1,1,3,0,0,3,1,0,0,9,0,14,4,66,99,9,1,4,K,83,0,0,0,0,0,0,0,0,0,0,165,30,0,0,0,1,3,27,-25,-9,96219,998,99,29,0,4,95,95,95,95,95,0,995,9.8,998,998,998,99.8,99.8,99.8,23.08628165,1,8
2300272,21,139,1-21-2023-139-02,2,1,2HGFE1F98RH3,17,474,1863,13,0,37,31,2024,4,1,3,0,1,F,2,1360,5,0,1,1,25,2,105,1,0,1,0,2,0,0,92543,1,1,0,2,4,3,2,1,1,1,3,2,0,0,2,1,0,0,9,1,1,2,12,1,9,4,1,B,6,0,0,0,0,0,0,0,0,0,0,998,998,0,0,9,3,1,31,-30,-5,58098,998,-32,31,0,4,3,27,1,1,3,0,998,2.5,999,999,999,0.0,0.0,0.0,38.56671192,11,8
2300273,22,119,1-22-2023-119-04,4,1,4S3GTAB64L37,17,523,2235,5,0,48,38,2020,5,1,3,0,1,R,9,1382,5,9999,9,0,998,2,40,1,9,1,0,1,1,0,99403,1,2,0,4,2,1,2,1,1,1,0,0,0,0,3,8,0,0,3,1,1,2,13,99,1,4,1,C,11,0,0,0,0,0,0,0,0,0,0,345,345,0,0,0,1,0,999,999,999,9999999,999,999,999,9,0,0,0,0,0,0,0,995,9.8,998,998,998,99.8,99.8,99.8,90.7322524,12,8
2300273,22,119,1-22-2023-119-04,4,2,4S3BNBC68G30,17,523,2232,13,0,48,34,2016,4,1,3,0,2,L,9,1543,5,9999,9,0,998,,,,,,,,,,,,,,,,,,,,,,,,,,,,,,,,,,,,,,,,,,,,,,,,,,,,,,,,,,,,,,,,,,95,95,95,95,95,,,,,,,,,,90.7322524,12,8
2300273,22,119,1-22-2023-119-04,4,3,JA32W5FV0AU0,17,481,5809,13,0,52,46,2010,4,1,2,0,2,L,9,1325,5,9999,9,0,998,,,,,,,,,,,,,,,,,,,,,,,,,,,,,,,,,,,,,,,,,,,,,,,,,,,,,,,,,,,,,,,,,,95,95,95,95,95,,,,,,,,,,90.7322524,12,8
2300274,28,132,1-28-2023-132-07,7,1,1G1JC5242172,17,467,8834,13,0,20,16,2001,4,1,2,0,1,L,1,1214,5,0,2,5,68,2,89,1,0,0,995,0,0,0,14877,1,2,2,4,2,1,2,1,1,1,0,2,0,0,5,1,2,2,2,0,11,2,15,1,1,1,4,K,82,0,0,0,0,0,0,0,0,0,0,235,355,0,0,0,1,12,999,999,999,9999999,999,999,999,6,0,0,0,0,0,0,0,995,9.8,998,998,998,99.8,99.8,99.8,44.13141895,3,8
2300274,28,132,1-28-2023-132-07,7,2,1FMCU9G91JUC,17,460,1798,7,0,12,402,2018,14,3,14,0,1,F,1,1611,5,9999,9,4,68,2,89,1,0,0,995,0,0,0,16929,9,9,2,4,2,1,2,1,1,1,1,2,2,2,5,1,0,0,1,0,1,4,67,99,1,1,4,K,83,0,0,0,0,0,0,0,0,0,0,355,235,0,0,0,1,12,999,999,999,9999999,999,999,999,6,0,0,0,0,0,0,0,995,9.8,998,998,998,99.8,99.8,99.8,44.13141895,3,8
2300275,66,118,1-66-2023-118-06,6,1,1FMJU2AT0HEA,17,460,1799,7,0,12,422,2017,15,3,15,0,1,B,1,2652,5,0,1,1,30,2,56,1,0,9,998,8,7,9,65712,1,2,0,5,3,1,2,2,1,1,1,2,0,0,1,4,0,0,1,0,2,3,53,1,1,1,2,D,30,0,0,0,0,0,0,0,0,0,0,180,175,0,0,0,1,5,999,999,999,9999999,999,999,12,2,0,1,1,0,1,0,0,995,9.8,998,998,998,99.8,99.8,99.8,128.0272373,6,8
2300275,66,118,1-66-2023-118-06,6,2,3C6UR5DL5MG5,17,496,13621,60,0,7,482,2021,34,5,31,0,1,F,9,3022,5,9999,9,0,998,5,56,1,0,0,995,0,0,0,65604,9,9,0,5,3,1,2,2,1,1,1,2,0,0,1,4,0,0,1,0,1,3,52,3,1,1,2,D,28,0,0,0,0,0,0,0,0,0,0,175,180,0,0,0,1,0,999,999,999,9999999,999,999,999,9,0,95,95,95,95,95,0,995,9.8,998,998,998,99.8,99.8,99.8,128.0272373,6,8
2300276,66,119,1-66-2023-119-04,4,1,1FTRW07603KD,17,460,1801,60,0,12,481,2003,34,5,31,0,1,F,1,2107,5,0,1,1,27,2,56,1,0,9,998,8,7,9,65610,9,9,0,4,2,1,2,1,1,1,1,4,0,0,1,1,0,0,9,0,1,4,62,1,1,1,3,G,51,0,0,0,0,0,0,0,0,0,0,275,90,0,0,0,1,8,999,999,999,9999999,999,999,999,6,0,99,99,0,0,0,0,995,9.8,998,998,998,99.8,99.8,99.8,114.3320496,6,8
2300276,66,119,1-66-2023-119-04,4,2,1GCGSBEN7K11,17,467,4086,60,0,20,473,2019,34,5,30,0,1,F,1,1833,5,0,2,1,27,2,56,1,0,9,998,8,7,9,65738,1,2,0,4,2,1,2,1,1,1,1,4,0,0,1,1,0,0,1,1,1,2,10,1,1,2,3,G,50,0,0,0,0,0,0,0,0,0,0,90,275,0,0,0,1,8,999,999,999,9999999,999,999,999,6,0,0,0,0,0,0,0,995,9.8,998,998,998,99.8,99.8,99.8,114.3320496,6,8
2300277,66,120,1-66-2023-120-07,7,1,JF2GPAKC8G82,17,523,13580,7,0,48,403,2016,14,3,14,0,1,F,1,1481,5,0,1,1,28,2,40,1,0,1,0,2,7,0,65705,1,2,2,4,2,1,2,1,1,1,0,0,0,0,1,1,2,2,9,0,11,2,15,1,1,1,4,K,76,0,0,0,0,0,0,0,0,0,0,330,270,0,1,0,1,1,17,-13,-11,39596,998,-88,21,0,4,1,1,0,1,4,0,995,9.8,998,998,998,99.8,99.8,99.8,178.3967164,6,8
2300277,66,120,1-66-2023-120-07,7,2,1J8GN58K09W5,17,483,1944,7,0,2,405,2009,14,3,14,0,1,L,1,1872,5,0,1,1,28,2,56,1,0,0,995,0,7,0,65605,9,9,2,4,2,1,2,1,1,2,1,2,0,0,1,1,0,0,9,0,1,4,65,99,1,1,4,K,77,0,0,0,0,0,0,0,0,0,0,270,330,0,1,0,1,1,14,-2,14,5213,998,86,7,0,4,0,0,0,0,0,0,995,9.8,998,998,998,99.8,99.8,99.8,178.3967164,6,8
2300278,73,195,1-73-2023-195-07,7,1,5N1AR2MM6FC6,17,478,1911,8,0,35,401,2015,14,3,14,0,1,F,9,1939,5,9999,9,0,998,2,56,1,8,0,995,0,7,0,04426,9,9,0,4,2,1,2,1,2,1,1,2,0,0,1,1,0,0,1,0,14,3,51,99,1,1,2,D,24,0,0,0,0,0,0,0,0,0,0,295,290,0,0,0,1,0,999,999,999,9999999,999,999,999,9,0,0,0,0,0,0,0,995,9.8,998,998,998,99.8,99.8,99.8,44.24668488,3,8
2300278,73,195,1-73-2023-195-07,7,2,5TFUM5F15CX0,17,448,2467,60,0,49,482,2012,34,5,31,0,1,B,9,2551,5,9999,9,0,998,5,56,1,8,0,995,0,7,0,04040,9,9,0,4,2,1,2,1,2,1,1,2,0,0,1,1,0,0,1,0,14,3,53,99,1,1,2,D,25,0,0,0,0,0,0,0,0,0,0,290,295,0,0,0,1,0,999,999,999,9999999,999,999,999,9,0,95,95,95,95,95,0,995,9.8,998,998,998,99.8,99.8,99.8,44.24668488,3,8